Price,Close,High,Low,Open,Volume
Ticker,AAPL,AAPL,AAPL,AAPL,AAPL
Date,,,,,
2013-01-02,16.567119598388672,16.747266368807843,16.343824045671422,16.711659558541694,560518000
2013-01-03,16.358001708984375,16.586428327756288,16.32480898213796,16.53241460606326,352965200
2013-01-04,15.902353286743164,16.253291750454373,15.867047846235717,16.203200504914253,594333600
2013-01-07,15.80881118774414,15.971756408643602,15.54628618314127,15.751477714724716,484156400
2013-01-08,15.851359367370605,16.049913025360517,15.728849078801266,15.969043117032731,458707200
2013-01-09,15.603620529174805,15.842306154648766,15.570124835232583,15.766565759190962,407604400
2013-01-10,15.797038078308105,15.954249411690398,15.555936866801401,15.949119907270735,601146000
2013-01-11,15.700175285339355,15.851654400720742,15.66155010115836,15.721297627172646,350506800
2013-01-14,15.14042854309082,15.313935728842006,15.04266013017353,15.168490146804949,734207600
2013-01-15,14.662753105163574,15.057143254665707,14.586107046648186,15.036322265283255,876772400
2013-01-16,15.27138614654541,15.372474302324953,14.86130614003161,14.925880212249542,690804800
2013-01-17,15.168489456176758,15.412004796495502,15.148877114727734,15.398727386372371,453678400
2013-01-18,15.087621688842773,15.154609843056585,14.978989941166704,15.04296130783509,472922800
2013-01-22,15.231558799743652,15.325403141008284,14.985932319794609,15.225222256033856,461546400
2013-01-23,15.510377883911133,15.539949495349777,15.231558682109661,15.353466240175008,861509600
2013-01-24,13.593952178955078,14.053520915619465,13.586406984512848,13.880616387192376,1460852400
2013-01-25,13.273486137390137,13.766850977034203,13.126230801832433,13.629856264851302,1208026400
2013-01-28,13.57373046875,13.675722713634196,13.15218272109563,13.211628105493642,785517600
2013-01-29,13.828408241271973,13.88664739116056,13.642830678401662,13.835349108992999,571158000
2013-01-30,13.784957885742188,13.959069416833623,13.714649966725728,13.790087392165342,417155200
2013-01-31,13.74452018737793,13.858884145918374,13.72913167118563,13.789481921775788,319334400
2013-02-01,13.688094139099121,13.86492108868927,13.529071393973474,13.853756395665187,539484400
2013-02-04,13.347110748291016,13.758097208009618,13.337454451576594,13.696841284376125,477117200
2013-02-05,13.815434455871582,13.87276792758388,13.344096818086795,13.399317571430068,573347600
2013-02-06,13.800646781921387,14.076748899725118,13.656709603417596,13.774091962263478,593706400
2013-02-07,14.210996627807617,14.265020407367384,13.783045107869096,14.060151809492892,704580800
2013-02-08,14.416170120239258,14.532414693864332,14.211906124777906,14.38642616254533,633158400
2013-02-11,14.56640338897705,14.718463863394387,14.363659871909265,14.462299563525308,517490400
2013-02-12,14.201287269592285,14.640771764170397,14.196430979867149,14.553663282919096,609053200
2013-02-13,14.174266815185547,14.37549475313194,14.059236351817976,14.180337174023744,475207600
2013-02-14,14.161524772644043,14.314797739270158,14.083522660735268,14.098697752620268,355275200
2013-02-15,13.966364860534668,14.269876374547316,13.95908042858967,14.230115111616572,391745200
2013-02-19,13.961209297180176,14.044372450603895,13.774854846963477,13.994900213328618,435783600
2013-02-20,13.623091697692871,13.891395084447506,13.62157289223515,13.891395084447506,476302400
2013-02-21,13.538414001464844,13.632806887260761,13.440076597216056,13.536592893397534,447182400
2013-02-22,13.682581901550293,13.706558608185224,13.554803658419894,13.635234713826774,330654800
2013-02-25,13.439469337463379,13.813394583428291,13.432488018511593,13.774849014662692,372579200
2013-02-26,13.626740455627441,13.704742580843616,13.283469185363211,13.470431471403051,501499600
2013-02-27,13.493193626403809,13.732057079130895,13.374217784991183,13.610348359399172,587350400
2013-02-28,13.396976470947266,13.59334732410781,13.396976470947266,13.477406704619659,322515200
2013-03-01,13.065238952636719,13.2992460315029,13.050366977846188,13.293781897767873,552448400
2013-03-04,12.748984336853027,12.996345469287228,12.717115346814765,12.984204747279874,582755600
2013-03-05,13.085575103759766,13.208497056416633,12.770227603011584,12.792384011649695,638433600
2013-03-06,12.919252395629883,13.210320102286238,12.881920083895363,13.1878597685021,460250000
2013-03-07,13.06857967376709,13.111982344828458,12.77963700620197,12.884044772330494,468473600
2013-03-08,13.103180885314941,13.21578324096538,13.008788801509883,13.044907042855263,391482000
2013-03-11,13.289839744567871,13.324440800231175,12.90346979951235,13.043388775709113,474236000
2013-03-12,13.00332260131836,13.320491992441204,12.97722086624512,13.220940529227784,465911600
2013-03-13,13.000895500183105,13.187554609985538,12.91014645609162,13.003931490601842,405549200
2013-03-14,13.126853942871094,13.19180436503786,13.064633156614706,13.136868821417572,303875600
2013-03-15,13.465569496154785,13.482869614204853,13.271018135810053,13.291657356566308,643960800
2013-03-18,13.8316068649292,13.884416568021605,13.390908433791502,13.398495978916596,606197200
2013-03-19,13.794275283813477,13.99095009311565,13.612470830966886,13.946332540053042,526775200
2013-03-20,13.721126556396484,13.889576200837745,13.645552604563099,13.883202728407046,308660800
2013-03-21,13.740852355957031,13.900195621844546,13.661029977125745,13.664672192279241,383255600
2013-03-22,14.019481658935547,14.025247286171505,13.752392259601171,13.797008197096186,395105200
2013-03-25,14.07016658782959,14.263503919079513,14.015534965269751,14.103855872284957,501135600
2013-03-26,13.996111869812012,14.138761307571764,13.977597673140325,14.126620585012585,294294000
2013-03-27,13.721126556396484,13.864383802944074,13.680152844264443,13.854065001953781,331237200
2013-03-28,13.435220718383789,13.713236724663608,13.403655656621455,13.652534745156196,442839600
2013-04-01,13.01789379119873,13.466786820285241,12.98238339789661,13.41215438613934,389732000
2013-04-02,13.044602394104004,13.298033863655665,12.941711810944453,12.978133973533682,529519200
2013-04-03,13.11137580871582,13.271933208163482,13.060385587388604,13.0925576898412,363216000
2013-04-04,12.98177433013916,13.202730569217342,12.906807411023536,13.165095958507463,358447600
2013-04-05,12.844586372375488,12.897700798410593,12.737749673937993,12.884042085306808,383695200
2013-04-08,12.935943603515625,12.975096207248104,12.82303815678786,12.89466596869191,300829200
2013-04-09,12.959317207336426,13.005450330501947,12.830931907440949,12.940499898498768,306614000
2013-04-10,13.223668098449707,13.265249643697546,12.929869267811894,12.993303290440886,375928000
2013-04-11,13.182395935058594,13.293480278915972,13.087396018714063,13.163880932210109,328364400
2013-04-12,13.04490852355957,13.176935238195336,13.023359145614105,13.176935238195336,238613200
2013-04-15,12.742916107177734,12.98693898710523,12.733810564149262,12.959926281351875,317520000
2013-04-16,12.936857223510742,12.94808617538897,12.764766140510567,12.795117134295323,305771200
2013-04-17,12.225422859191895,12.765673474905858,12.083076584774501,12.75565697711768,945056000
2013-04-18,11.899148941040039,12.316172865523647,11.829037512514532,12.291892240758358,666299200
2013-04-19,11.853015899658203,12.128300613405587,11.688208482503217,11.775316922118746,609274400
2013-04-22,12.100074768066406,12.20721540854536,11.875477927209134,11.917057867897139,429920400
2013-04-23,12.326496124267578,12.394785654903682,12.104324978483756,12.261544076270441,664238400
2013-04-24,12.30616283416748,12.60330016495559,11.912812291894186,11.944378174274739,969651200
2013-04-25,12.394786834716797,12.563538823251273,12.352902153026726,12.48128745539755,384837600
2013-04-26,12.662481307983398,12.710132420147078,12.39083876586416,12.438186765247004,764097600
2013-04-29,13.054617881774902,13.160846749703671,12.747464151452238,12.761122056133143,640326400
2013-04-30,13.438864707946777,13.513832453201182,13.113804564523676,13.205768510704893,691538400
2013-05-01,13.332937240600586,13.504117342313279,13.184217471153254,13.489852401375718,506909200
2013-05-02,13.522026062011719,13.615202447217374,13.373608586618289,13.408511943279478,421828400
2013-05-03,13.657391548156738,13.756032876422124,13.632199147796857,13.697757417810719,361300800
2013-05-06,13.98305892944336,14.028281085509116,13.78881065034346,13.831301549626867,496641600
2013-05-07,13.920841217041016,14.136030259585695,13.77029949692611,14.112356660706803,483753200
2013-05-08,14.078060150146484,14.124498011456787,13.834341208790958,13.932374712649631,472598000
2013-05-09,13.95523452758789,14.145573333724771,13.918878043640989,14.04811309036096,398487600
2013-05-10,13.839139938354492,14.045061062696893,13.763065752898088,13.991900179110004,334852000
2013-05-13,13.893218040466309,13.989762956314046,13.794230539879276,13.794535659015047,316948800
2013-05-14,13.560811996459961,13.907271471231084,13.508567285105888,13.86602654818081,447118000
2013-05-15,13.102224349975586,13.473431892923962,12.903942636097268,13.417216558348745,741613600
2013-05-16,13.277292251586914,13.377197572539913,12.79823718602013,12.930832682546885,603204000
2013-05-17,13.236963272094727,13.44563378843672,13.16822171610877,13.413859786763505,427904400
2013-05-20,13.53239917755127,13.62008339587959,13.140416562967372,13.19571573183709,451578400
2013-05-21,13.432490348815918,13.610302955003133,13.265676712854605,13.386357002996734,456022000
2013-05-22,13.484128952026367,13.697993829949636,13.388501015080577,13.566619632380581,443038400
2013-05-23,13.50826358795166,13.631083012730983,13.314258401155781,13.319146833882508,353021200
2013-05-24,13.600227355957031,13.615808829842761,13.453883549103473,13.468853968801005,276166800
2013-05-28,13.486876487731934,13.782314201592373,13.468851616068669,13.745347469230383,386145200
2013-05-29,13.59411334991455,13.672021515316706,13.42454952711904,13.4428811480936,330576400
2013-05-30,13.796671867370605,13.885884115360804,13.580668775965112,13.615498036437693,353519600
2013-05-31,13.740151405334473,13.965319490312503,13.733123876769254,13.824778708924839,384302800
2013-06-03,13.770398139953613,13.82050293668264,13.518649600819838,13.77070325904272,372352400
2013-06-04,13.72731876373291,13.883745320186119,13.668659212976165,13.846776962101625,292728800
2013-06-05,13.599004745483398,13.770401767724858,13.556231769715406,13.615502392128965,290589600
2013-06-06,13.395829200744629,13.656743530614758,13.261095473920294,13.609999126461842,416934000
2013-06-07,13.49818229675293,13.541871442752472,13.221991544291187,13.335951098520574,404535600
2013-06-10,13.408967018127441,13.720291273202264,13.345113916246978,13.58739070265449,450153200
2013-06-11,13.36955738067627,13.527206080163346,13.238795062440792,13.312731795056088,286112400
2013-06-12,13.20427131652832,13.481073113174869,13.18319035798151,13.427607103139122,265227200
2013-06-13,13.319454193115234,13.355505574711497,13.099174459192538,13.213745080927575,285832400
2013-06-14,13.138888359069824,13.329533133104809,13.091532080699515,13.302341637281037,271866000
2013-06-17,13.198464393615723,13.311506941833937,13.148359594743232,13.181355696579852,259414400
2013-06-18,13.191439628601074,13.287067558979395,13.143779038812124,13.185023968243314,195025600
2013-06-19,12.923498153686523,13.188078037385944,12.923498153686523,13.180134334535943,310940000
2013-06-20,12.735294342041016,13.014538636470133,12.684272564296226,12.810452341317296,357310800
2013-06-21,12.633255004882812,12.831843525632829,12.468274462574572,12.785709344957894,481118400
2013-06-24,12.298402786254883,12.485381237027356,12.161224014315396,12.446885649638128,480746000
2013-06-25,12.301154136657715,12.458802009875132,12.185056309150815,12.394948898198896,314162800
2013-06-26,12.161837577819824,12.367146861936128,12.088206781980436,12.339955362203966,367724000
2013-06-27,12.03076457977295,12.263265287629219,12.023432748743206,12.197884967308358,337246000
2013-06-28,12.114785194396973,12.229049029435226,11.880756406651038,11.95683140614041,578516400
2013-07-01,12.50248908996582,12.595673597879978,12.258073209527666,12.302985269001688,391053600
2013-07-02,12.785707473754883,12.881641330159004,12.51012943330325,12.525099849959421,469865200
2013-07-03,12.856282234191895,12.92288630740928,12.75393353990706,12.85811539627567,240928800
2013-07-05,12.753016471862793,12.932357156727544,12.689774419930906,12.843756770707257,274024800
2013-07-08,12.680611610412598,12.862396566088384,12.54618294794762,12.835205877570061,298138400
2013-07-09,12.903640747070312,12.938775136018092,12.537933414230833,12.636310682276552,352584400
2013-07-10,12.854142189025879,12.978489634970305,12.778373942631422,12.819618862734337,281405600
2013-07-11,13.054564476013184,13.083895068672389,12.867586842769468,12.921969018338839,326292400
2013-07-12,13.030734062194824,13.130944472021001,12.936023138440289,13.065563324822124,279563200
2013-07-15,13.059149742126465,13.181969177448858,12.978493042691419,12.98490951910933,241917200
2013-07-16,13.143473625183105,13.159054281180978,12.959244483032963,13.031041301081592,216538000
2013-07-17,13.146833419799805,13.20518868011954,13.082980304074644,13.12819749295218,198990400
2013-07-18,13.19113540649414,13.286151473386214,13.156001015884229,13.240629162011986,218878800
2013-07-19,12.983075141906738,13.258959127264731,12.964743519323106,13.232073563301952,268721600
2013-07-22,13.024625778198242,13.129724638292984,12.99896232124501,13.120864761556103,207796400
2013-07-23,12.800985336303711,13.044484275354572,12.792430578942351,13.015154494513622,369395600
2013-07-24,13.458463668823242,13.583115437876927,13.2980656439914,13.41019121231435,591936800
2013-07-25,13.397053718566895,13.485654926961935,13.314868985812739,13.464268850363059,229493600
2013-07-26,13.473134994506836,13.47466222247732,13.26996390899095,13.299293702135671,200152400
2013-07-29,13.680882453918457,13.748096771061627,13.448992733443909,13.467323540016345,248057600
2013-07-30,13.849834442138672,13.966848436353713,13.724875929512796,13.747178994240194,309422400
2013-07-31,13.825697898864746,13.972652730764135,13.730986965955935,13.900856733281907,322957600
2013-08-01,13.952491760253906,13.956158085443796,13.848003939822174,13.924079779599019,206250800
2013-08-02,14.131526947021484,14.140998695267296,13.951881902772769,13.993126838544967,274783600
2013-08-05,14.342638969421387,14.379912453635995,14.119609934059339,14.197211357157167,318855600
2013-08-06,14.21431827545166,14.41718330431547,14.120217593042335,14.298947213142817,334857600
2013-08-07,14.206067085266113,14.267782715420132,14.107994970576037,14.17001571977719,298858000
2013-08-08,14.17778205871582,14.272811236294835,14.083674282623553,14.265430169839485,255777200
2013-08-09,13.976033210754395,14.160863681663177,13.951431303581135,14.1048914275369,266865200
2013-08-12,14.373063087463379,14.412734252354188,14.043075007061097,14.050148937142438,364434000
2013-08-13,15.05610179901123,15.212638143743415,14.394279640795618,14.483159528057781,881941200
2013-08-14,15.330731391906738,15.50756483268093,15.173887918324256,15.311664468142991,756372400
2013-08-15,15.312586784362793,15.450672118528088,15.041031333447863,15.2667647378576,490294000
2013-08-16,15.448527336120605,15.467287137585211,15.341812282683257,15.381483465013508,362306000
2013-08-19,15.614897727966309,15.799419388575172,15.499878618489076,15.51033430392292,510518400
2013-08-20,15.409774780273438,15.70193621634178,15.40208658076007,15.675488218742172,358688400
2013-08-21,15.449444770812988,15.59675399708372,15.413769626384104,15.487271493861725,335879600
2013-08-22,15.467899322509766,15.548782272827445,15.32151146402655,15.53002247388888,244207600
2013-08-23,15.408231735229492,15.479887501850795,15.35687307055891,15.477427147527912,222731600
2013-08-26,15.468206405639648,15.690556479402296,15.39224417433699,15.399932373358132,330965600
2013-08-27,15.025968551635742,15.454062178804968,14.955542931393081,15.31536087504619,424188800
2013-08-28,15.09700870513916,15.24770299590163,14.946316056803376,14.946316056803376,307608000
2013-08-29,15.121611595153809,15.269229614275748,15.104081975913411,15.120074283844055,239657600
2013-08-30,14.98383617401123,15.160053781595616,14.961692976674524,15.130838294707516,272297200
2013-09-03,15.025655746459961,15.395314972180248,14.987829028308798,15.16466248914259,331928800
2013-09-04,15.336570739746094,15.445747705473527,15.262454636133857,15.363327497356938,345032800
2013-09-05,15.231399536132812,15.397778975793344,15.181271039100412,15.384554158188912,236367600
2013-09-06,15.322125434875488,15.357798940511648,15.067792391838159,15.328892232445515,359525600
2013-09-09,15.566615104675293,15.62043413257687,15.483887729908007,15.530632827353891,340687200
2013-09-10,15.212023735046387,15.605979378069044,15.053950063906012,15.567536749471817,743195600
2013-09-11,14.383824348449707,14.567730065374942,14.294637335263607,14.362295429278344,898696400
2013-09-12,14.536979675292969,14.620321308292324,14.331543362950528,14.40812148483128,404051200
2013-09-13,14.297409057617188,14.510531952644415,14.29125981309085,14.433955463115593,298835600
2013-09-16,13.84287166595459,14.196231561916079,13.753686252811804,14.177473406384804,543706800
2013-09-17,14.002791404724121,14.137800522628226,13.76229743143637,13.776443652680735,399380800
2013-09-18,14.290645599365234,14.34200427969681,14.167015220580494,14.2445147629574,456862000
2013-09-19,14.52499008178711,14.63355120689556,14.43119108855065,14.475784617973924,404541200
2013-09-20,14.374605178833008,14.717200637458935,14.331241825195308,14.700286925779476,699302800
2013-09-23,15.089008331298828,15.281834086964588,14.841747646201705,15.25692340975717,762106800
2013-09-24,15.041651725769043,15.237552160395532,15.00228768706275,15.219408273568295,364344400
2013-09-25,14.808843612670898,15.058255909254568,14.805768990534107,15.044725600941058,316957200
2013-09-26,14.953079223632812,15.025042139259186,14.881730575504884,14.946314069017612,237221600
2013-09-27,14.846367835998535,14.905414724328553,14.78393754832052,14.878043680574004,228040400
2013-09-30,14.661840438842773,14.812840179451076,14.58987589100574,14.677216833238663,260156400
2013-10-01,15.006589889526367,15.042879299325627,14.711968169290532,14.714121390211412,353883600
2013-10-02,15.055801391601562,15.124689706922025,14.877123401581821,14.934940116550015,289184000
2013-10-03,14.866662979125977,15.1416019155712,14.784551501159438,15.08501374775388,322753200
2013-10-04,14.854972839355469,14.903255241708996,14.718733587893588,14.880497784587165,258868400
2013-10-07,15.000134468078613,15.150827110122192,14.926325458369663,14.96353791821469,312292400
2013-10-08,14.79069995880127,15.089010577470027,14.778398185210035,15.067481652472175,290917200
2013-10-09,14.964454650878906,15.001358323006725,14.708891506690874,14.904484746548357,301725200
2013-10-10,15.058259963989258,15.142524670828822,14.978300057785624,15.109927426181226,278602800
2013-10-11,15.155743598937988,15.187419429836877,14.920477548670979,14.976756923428903,267738800
2013-10-14,15.25507926940918,15.302440275515538,15.049337448354764,15.064099576350463,261898000
2013-10-15,15.336272239685059,15.438375335260819,15.239091496801132,15.300289956477618,320073600
2013-10-16,15.411003112792969,15.454673591832991,15.353186414039092,15.401161693017581,251101200
2013-10-17,15.51525592803955,15.523867169315539,15.367023666425897,15.376249175151287,253593200
2013-10-18,15.650267601013184,15.661646332544183,15.552470951145711,15.561082193844474,290542000
2013-10-21,16.033763885498047,16.124179449000888,15.731146854155659,15.738835051299288,398106800
2013-10-22,15.987936973571777,16.25180418991736,15.623812795997194,16.18906680573884,534063600
2013-10-23,16.144474029541016,16.166310082746033,15.96118093427011,15.96118093427011,313723200
2013-10-24,16.358217239379883,16.375439722749473,16.067287679091063,16.14570861304564,384764800
2013-10-25,16.175228118896484,16.39880663358165,16.149087267781503,16.34006691259169,337792000
2013-10-28,16.2957820892334,16.330227045658074,16.09065458862558,16.26994837191489,550440800
2013-10-29,15.889842987060547,16.58395566033843,15.824030934411452,16.492309872323283,635807200
2013-10-30,16.142637252807617,16.223211424071945,15.900297186558452,15.979949956418743,354163600
2013-10-31,16.074974060058594,16.222284925891067,16.030996450894573,16.14570843763056,275696400
2013-11-01,15.992862701416016,16.13955765832772,15.864004495277532,16.115570020662627,274890000
2013-11-04,16.199527740478516,16.20168096151944,15.955343276849774,16.02576887945372,244627600
2013-11-05,16.1595516204834,16.265345258721354,16.084205290485322,16.132796487716778,265213200
2013-11-06,16.113773345947266,16.235650846571346,16.029634505089458,16.21368729020676,223375600
2013-11-07,15.853004455566406,16.183990876865987,15.849602954009375,16.072322835220767,262620400
2013-11-08,16.102628707885742,16.120260668385757,15.856090187767702,15.917647586076669,279316800
2013-11-11,16.055919647216797,16.13696421945092,15.912389243921815,16.084996770538027,227452400
2013-11-12,16.085615158081055,16.206564154258878,15.992505923743188,16.01323045568493,204276800
2013-11-13,16.10478973388672,16.154901954585636,15.991263268322351,16.02343460694867,197220800
2013-11-14,16.33772850036621,16.3723729292323,16.14315735244814,16.172234487180482,282419200
2013-11-15,16.239660263061523,16.366485461904645,16.22419409774214,16.288844056469852,317920400
2013-11-18,16.042926788330078,16.307716779109096,16.02962641202216,16.239663655071297,244944000
2013-11-19,16.07139015197754,16.18986446943885,16.022515262734103,16.05530447354038,208938800
2013-11-20,15.93063735961914,16.098297082190513,15.909912828446412,16.06148522662081,193916800
2013-11-21,16.120567321777344,16.122733113677985,15.889496654556647,16.01106349558823,262026800
2013-11-22,16.079124450683594,16.152127037079662,16.039839510550113,16.070462930871994,223725600
2013-11-25,16.201007843017578,16.266895220611843,16.116251131950865,16.11686898615492,229311600
2013-11-26,16.49981117248535,16.584569475060697,16.209039940343178,16.21275036695184,401382800
2013-11-27,16.888341903686523,16.889579263821002,16.499819081541727,16.589835792312783,363448400
2013-11-29,17.201072692871094,17.270981038914158,16.945563693160572,16.99722222237499,318127600
2013-12-02,17.05135726928711,17.456581881563284,17.038674743844087,17.260775054591868,472544800
2013-12-03,17.51814079284668,17.51999765878608,17.2508776507856,17.270055904068993,450968000
2013-12-04,17.47730827331543,17.606918827909325,17.34800664568326,17.492774445591714,377809600
2013-12-05,17.567018508911133,17.79097574058917,17.520928908225226,17.71395213607361,447580000
2013-12-06,17.323261260986328,17.531443362638445,17.30934302609406,17.501746722825576,344352400
2013-12-09,17.521547317504883,17.618986541627496,17.35048598794291,17.35048598794291,320493600
2013-12-10,17.494321823120117,17.56639762661419,17.359761820685975,17.433383911100915,278269600
2013-12-11,17.364715576171875,17.661986006558312,17.31305867687124,17.539180067023587,359718800
2013-12-12,17.339338302612305,17.487818123673577,17.32356320958271,17.388832677642853,262290000
2013-12-13,17.150341033935547,17.411727906674535,17.12683285118667,17.410799473877287,332822000
2013-12-16,17.245309829711914,17.404308116182985,17.168287884570443,17.168596811575174,282592800
2013-12-17,17.167665481567383,17.305318045194625,17.117862161567498,17.193030531996225,229902400
2013-12-18,17.037128448486328,17.058163567939708,16.66685715119235,17.004030308358438,565863200
2013-12-19,16.841938018798828,17.01330822967558,16.81935661431742,16.99784205740585,320308800
2013-12-20,16.982995986938477,17.06311380960926,16.853076488241687,16.871945815634014,436413600
2013-12-23,17.63475799560547,17.654245173765112,17.408017177566347,17.570106357992913,501306400
2013-12-24,17.55990219116211,17.690130609958516,17.509170432785616,17.62857319094048,167554800
2013-12-26,17.443283081054688,17.61651017149039,17.427197401568407,17.57320257287348,204008000
2013-12-27,17.325428009033203,17.459059591525477,17.307178187154207,17.44080976964648,225884400
2013-12-30,17.153118133544922,17.32541669237868,17.085065026689453,17.24406321257343,253629600
2013-12-31,17.35419273376465,17.362234746534927,17.137040216793675,17.142300235006612,223084400
2014-01-02,17.110126495361328,17.23076658219725,17.075791004374587,17.18900693337302,234684800
2014-01-03,16.73429298400879,17.127763554398385,16.717278870897296,17.10178064625026,392467600
2014-01-06,16.825544357299805,16.914322041364944,16.50600317602923,16.625097004426777,412610800
2014-01-07,16.705217361450195,16.88834170312951,16.639638927117886,16.837611590234594,317209200
2014-01-08,16.810998916625977,16.87595780525637,16.663447529405097,16.667157955484388,258529600
2014-01-09,16.596323013305664,16.916173010050883,16.560130660927225,16.914316144792835,279148800
2014-01-10,16.485586166381836,16.72872159028717,16.428978193318883,16.69871602749191,304976000
2014-01-13,16.571887969970703,16.781305716149877,16.390927842974133,16.39185627569099,378492800
2014-01-14,16.901636123657227,16.91215285392977,16.631587768217237,16.648910802090604,332561600
2014-01-15,17.240970611572266,17.32882147473343,17.06465103157318,17.122187416209254,391638800
2014-01-16,17.144775390625,17.225202128436123,17.065275433684636,17.16488207507778,229278000
2014-01-17,16.724700927734375,17.07734022553599,16.700882163583227,17.059090406727716,426739600
2014-01-21,16.984542846679688,17.015475193347736,16.716969127114925,16.734601093360816,328526800
2014-01-22,17.06001853942871,17.238811252872043,16.945565233136684,17.041458141972107,379985200
2014-01-23,17.204479217529297,17.21437809816413,16.852768288057632,17.01145600119848,403239200
2014-01-24,16.891742706298828,17.187154550216896,16.850909827543646,17.137042297752615,429354800
2014-01-27,17.028776168823242,17.161789889788547,16.881844212983715,17.015475787936317,554878800
2014-01-28,15.667706489562988,15.930637940553254,15.53067016847895,15.737614820979287,1065523200
2014-01-29,15.489842414855957,15.694621320994843,15.423955073975353,15.588829541657477,502810000
2014-01-30,15.45984172821045,15.667714925230111,15.364568302593973,15.545217924840633,678501600
2014-01-31,15.485200881958008,15.513969080901246,15.267121612054545,15.3175427789287,464797200
2014-02-03,15.513971328735352,15.705758798806686,15.44499140907759,15.54738004422425,401464000
2014-02-04,15.738550186157227,15.759276381406112,15.552022688998262,15.647606694331056,376681200
2014-02-05,15.856097221374512,15.93930762260937,15.659979776672511,15.669569730397388,328344800
2014-02-06,15.948517799377441,15.979326187718316,15.802260219038297,15.87227792370921,257765200
2014-02-07,16.171642303466797,16.272777545112508,16.10007069362842,16.2245440701592,370280400
2014-02-10,16.46135139465332,16.554707234203555,16.119359641704165,16.13989746107188,345559200
2014-02-11,16.678255081176758,16.733955504857594,16.477227671901147,16.511770377063048,282256800
2014-02-12,16.677000045776367,16.790272140240553,16.59360401050087,16.70905320000523,308100800
2014-02-13,16.94182014465332,16.954889362963968,16.62347731974748,16.637791304654602,307398000
2014-02-14,16.928117752075195,16.990045275369283,16.8416106707874,16.88081830649988,272924400
2014-02-18,16.990367889404297,17.152182594655113,16.978541773342748,16.99067866564144,260251600
2014-02-19,16.722118377685547,17.01836609822539,16.628141018458543,16.95177193465488,313768000
2014-02-20,16.528560638427734,16.710603955440153,16.461655701772425,16.58581822158103,305858000
2014-02-21,16.3449649810791,16.634988914155308,16.32473794189308,16.579597638494295,278784800
2014-02-24,16.416534423828125,16.49028641037587,16.2568985497502,16.27961511886375,288909600
2014-02-25,16.245697021484375,16.47939567788626,16.212711543268004,16.47348428399188,231952000
2014-02-26,16.099132537841797,16.337188764464123,16.04467524196025,16.293934368714947,276217200
2014-02-27,16.420278549194336,16.454819584179926,16.05868124395161,16.09260072644083,301882000
2014-02-28,16.37577247619629,16.57835363318347,16.24756320166998,16.464147564878598,371968800
2014-03-03,16.42306900024414,16.513001277242424,16.269032097443755,16.288014365763864,238781200
2014-03-04,16.5313663482666,16.57493317939292,16.423385753736692,16.523899410549625,259140000
2014-03-05,16.566213607788086,16.6405854761623,16.46569998862559,16.521403688747753,200062800
2014-03-06,16.51612091064453,16.630948570090553,16.433657187865254,16.579602355278205,185488800
2014-03-07,16.5064697265625,16.554392401280015,16.369859524576974,16.526696764778162,220729600
2014-03-10,16.521406173706055,16.59640126738086,16.441119576723608,16.441742790838045,178584000
2014-03-11,16.682287216186523,16.76475090976732,16.573372653056513,16.662372616424758,279224400
2014-03-12,16.698469161987305,16.721496508563398,16.555013579102752,16.633121421317664,199326400
2014-03-13,16.513004302978516,16.79338086667553,16.466637170849946,16.724298825517096,257742800
2014-03-14,16.327539443969727,16.520473251032055,16.274948478834425,16.45512384572157,237199200
2014-03-17,16.391334533691406,16.49184653027719,16.363638891775036,16.421208932676628,199544800
2014-03-18,16.536344528198242,16.55408203587263,16.34341070069568,16.36519328413878,209647200
2014-03-19,16.531982421875,16.686951642326914,16.461653970100333,16.56310157352396,224756000
2014-03-20,16.452320098876953,16.575861061377687,16.410310487914803,16.489350645259528,208398400
2014-03-21,16.58208465576172,16.609469513303686,16.378571190239565,16.552833479793996,374046400
2014-03-24,16.77875518798828,16.81952003822515,16.650235143821465,16.754793851989454,355700800
2014-03-25,16.95924186706543,16.982892427729432,16.791201733524606,16.850639742248386,282293200
2014-03-26,16.79711151123047,17.084024282419488,16.76848355265457,17.006850445638513,299768000
2014-03-27,16.72492027282715,16.85064001437756,16.652103932989593,16.804583658656504,222031600
2014-03-28,16.70625114440918,16.770977342959657,16.625032204584283,16.751684292430156,200564000
2014-03-31,16.702516555786133,16.8291686288388,16.677308789720932,16.780001186919037,168669200
2014-04-01,16.85530662536621,16.86215367135132,16.703448452080956,16.73425517330085,200760000
2014-04-02,16.88330841064453,16.912248805330687,16.812047632894007,16.878018570499474,180420800
2014-04-03,16.766311645507812,16.881760840837174,16.730525851717474,16.847219813663145,162344000
2014-04-04,16.549413681030273,16.80396262015856,16.510827580442804,16.79805122555999,275251200
2014-04-07,16.289573669433594,16.520784465054323,16.240407887989388,16.43116294342298,289850400
2014-04-08,16.288639068603516,16.372036746410053,16.141136759135595,16.343096346240213,243888400
2014-04-09,16.50273323059082,16.50802307152993,16.244450057574564,16.263743102960085,206169600
2014-04-10,16.289886474609375,16.56248368305668,16.280239119021353,16.513937790880668,239652000
2014-04-11,16.169458389282227,16.269659597946106,16.092595305662165,16.150474454056454,271717600
2014-04-14,16.233871459960938,16.248806993638276,16.094771734439668,16.240716843650375,205674000
2014-04-15,16.118112564086914,16.232627758976903,15.911797085689923,16.189996583472333,266490000
2014-04-16,16.150789260864258,16.215515465335734,15.999241828210922,16.120914860998305,214765600
2014-04-17,16.33531379699707,16.42306897954934,16.156694009376146,16.18158933235609,284334400
2014-04-21,16.52918815612793,16.559371666881383,16.304822730003615,16.347766344025704,182548800
2014-04-22,16.545677185058594,16.549722259868183,16.38386089744143,16.440184492499696,202563200
2014-04-23,16.32940673828125,16.527942836980518,16.32007015873367,16.46352741810117,394940000
2014-04-24,17.668123245239258,17.73751773358524,17.44904931937817,17.681815677212686,759911600
2014-04-25,17.797889709472656,17.799443590412977,17.54956457806681,17.567300425548193,390275200
2014-04-28,18.487159729003906,18.53881670505942,17.81686713052501,17.82464816716536,669485600
2014-04-29,18.43238639831543,18.545969235799713,18.344632874755803,18.476263991047304,337377600
2014-04-30,18.3626766204834,18.653323637502677,18.353652483307524,18.442029199097348,456640800
2014-05-01,18.40593910217285,18.5092513828688,18.24661233710697,18.422119402419867,244048000
2014-05-02,18.440168380737305,18.49058224952968,18.35085930227897,18.43270144444312,191514400
2014-05-05,18.70094108581543,18.70218751408408,18.359883411520904,18.36424092474811,287067200
2014-05-06,18.497114181518555,18.808297418584335,18.497114181518555,18.72707850230544,374564400
2014-05-07,18.43238639831543,18.58673408210379,18.289241610239728,18.523252668302856,282864400
2014-05-08,18.39952850341797,18.600425146931713,18.349773945880525,18.407663838165124,230297200
2014-05-09,18.32286834716797,18.34508510408532,18.15983405065607,18.291575374903985,291597600
2014-05-12,18.550983428955078,18.57695533518743,18.381065562268585,18.383883182364315,213208800
2014-05-13,18.580089569091797,18.604497252534614,18.484337249301333,18.525015607581487,159737200
2014-05-14,18.583532333374023,18.69399444022596,18.516880389176382,18.538472122973577,166404000
2014-05-15,18.425500869750977,18.668954277636033,18.40109319371316,18.609500153519537,230846000
2014-05-16,18.697437286376953,18.69806231025676,18.318487313475128,18.419560693824412,276256400
2014-05-19,18.918983459472656,19.00472368662564,18.691800685485653,18.708073029151738,317755200
2014-05-20,18.922746658325195,18.975629708733326,18.798203097188313,18.916488061947415,234836000
2014-05-21,18.972808837890625,18.985011844272194,18.83981745952321,18.895203934118932,196859600
2014-05-22,19.002853393554688,19.083588451421203,18.903658400908757,18.98188834903108,200760000
2014-05-23,19.217517852783203,19.23629364076895,18.977819475320334,19.002227164108213,232209600
2014-05-27,19.577377319335938,19.584573450500976,19.26445424081084,19.272277067095917,348866000
2014-05-28,19.526683807373047,19.708804754186904,19.519486004919983,19.58958060169007,315481600
2014-05-29,19.882476806640625,19.9291029256968,19.644342677293288,19.646846115513583,376474000
2014-05-30,19.807992935180664,20.157526562532972,19.679694292055945,19.963827714903395,564020800
2014-06-02,19.671878814697266,19.86526522270208,19.47943161374147,19.83804158777581,369350800
2014-06-03,19.9500732421875,19.987624825420497,19.659368504538953,19.665939613807854,292709200
2014-06-04,20.177867889404297,20.27393603990303,19.905312427405708,19.94693165363899,335482000
2014-06-05,20.257043838500977,20.320254814418384,20.108719310249768,20.221058169496388,303805600
2014-06-06,20.201337814331055,20.37939271149661,20.16691805665327,20.336834275439976,349938400
2014-06-09,20.52458953857422,20.564017847014735,20.0974509231242,20.30554375194616,301660000
2014-06-10,20.645063400268555,20.820300681159253,20.49611221286743,20.750206103040288,251108000
2014-06-11,20.559640884399414,20.75678245745669,20.47421314793909,20.6187825207231,182724000
2014-06-12,20.215744018554688,20.616598371172465,20.13031626093941,20.599074300075127,218996000
2014-06-13,19.9945011138916,20.24859505368496,19.906882456335726,20.196022856439296,218100000
2014-06-16,20.196022033691406,20.31649789182114,20.031737684161854,20.04488156853126,142244000
2014-06-17,20.169736862182617,20.30554418321693,20.10840430801399,20.22011645831252,118904000
2014-06-18,20.19163703918457,20.215732205066043,20.00982866796488,20.211350354258634,134056000
2014-06-19,20.12154197692871,20.21792263810747,20.007637255319924,20.215731712757123,142112000
2014-06-20,19.9134578704834,20.272692909949075,19.911266944178077,20.119359821131653,403592000
2014-06-23,19.89594078063965,20.068987253337276,19.845559485069373,20.003272810626083,174776000
2014-06-24,19.77545738220215,20.09526409535492,19.755744059555113,19.878409190302182,156144000
2014-06-25,19.79297637939453,19.86745114078778,19.63745407955571,19.76011917887948,147476000
2014-06-26,19.91126251220703,19.944119714724856,19.670312479054207,19.795168511672554,130516000
2014-06-27,20.147836685180664,20.152216866568462,19.88278975357354,19.893742713823688,256116000
2014-06-30,20.355920791625977,20.53115805301802,20.171921500045688,20.174112425389342,197929200
2014-07-01,20.485164642333984,20.605640513521692,20.399736905014336,20.485164642333984,152892000
2014-07-02,20.476398468017578,20.603443739261163,20.390969083759266,20.561826181089355,113860000
2014-07-03,20.596872329711914,20.61220546590388,20.415063949731117,20.518015723242808,91567200
2014-07-07,21.021827697753906,21.026207878849338,20.612211411071048,20.620973444448897,225872000
2014-07-08,20.886014938354492,21.203632324341367,20.57277940386354,21.08753665631305,260888000
2014-07-09,20.894777297973633,21.017442402796927,20.756779055047424,20.90573025569859,145744000
2014-07-10,20.818113327026367,20.929827154538934,20.48516277045197,20.537734966450152,158744000
2014-07-11,20.857547760009766,21.0043080900743,20.778691114055345,20.888214047749003,136072000
2014-07-14,21.126970291137695,21.223350994110724,20.951734624407866,20.997734049593966,171240000
2014-07-15,20.87944793701172,21.214587781307745,20.81592444732619,21.203636492788387,181911600
2014-07-16,20.76115608215332,21.269342159333505,20.752394051541504,21.240866813234945,213585200
2014-07-17,20.390968322753906,20.87067905608962,20.277065266637987,20.81591761789829,229192000
2014-07-18,20.684492111206055,20.752395765071384,20.375636773586464,20.50706557242937,199952000
2014-07-21,20.577159881591797,20.80934785977378,20.528969545474048,20.807156934172088,156316000
2014-07-22,20.74802017211914,20.785257560136927,20.616593015405968,20.739258138846665,220788000
2014-07-23,21.289058685302734,21.44019912852196,20.846585298938646,20.90134674083216,371672000
2014-07-24,21.25401496887207,21.31753845518711,21.120396889241636,21.256205894934503,182916000
2014-07-25,21.394197463989258,21.4314348394691,21.168580614546624,21.214580020348738,173876000
2014-07-28,21.689905166625977,21.738095489544218,21.367909381209394,21.427050986763344,221272000
2014-07-29,21.54972267150879,21.781912328646783,21.521247322480278,21.757817159781645,172572000
2014-07-30,21.499345779418945,21.6198199676885,21.394203059240013,21.562869262478966,132040000
2014-07-31,20.940776824951172,21.34601119515419,20.881635198003654,21.282489387805153,227372000
2014-08-01,21.05687141418457,21.164205055676305,20.767731035168403,20.787446025494408,194044000
2014-08-04,20.93858528137207,21.15544180655038,20.846586454974002,21.109442393351348,159832000
2014-08-05,20.835634231567383,20.958299327914318,20.66915897853469,20.888204748403698,223732000
2014-08-06,20.80058479309082,20.914489522096467,20.745823354080624,20.754585384864633,154232000
2014-08-07,20.798385620117188,21.121983127365723,20.71473312425091,20.897445841591345,186844000
2014-08-08,20.855621337890625,20.87323256791423,20.534223947706884,20.74995731674768,167460000
2014-08-11,21.130786895751953,21.150599946015525,20.87763096582242,20.97228921163958,146340000
2014-08-12,21.12639045715332,21.326712758466858,21.0471415943591,21.14179986494667,135180000
2014-08-13,21.405956268310547,21.405956268310547,21.141794578054594,21.166009595602947,127664000
2014-08-14,21.463193893432617,21.478603298791523,21.309099839843558,21.425771291775163,112464000
2014-08-15,21.5688533782959,21.615081581065667,21.322301284025052,21.551242154526822,195804000
2014-08-18,21.828617095947266,21.874845307284097,21.568857375460027,21.681125168921312,190288000
2014-08-19,22.130197525024414,22.163218150082244,21.8638340606891,21.8836471075233,277596000
2014-08-20,22.139013290405273,22.25348293967192,22.002528761337764,22.110396297963494,210796000
2014-08-21,22.141210556030273,22.220459404399577,22.037746688464843,22.13900873260358,133912000
2014-08-22,22.304109573364258,22.33713020581049,22.05535727733437,22.077370472465482,176736000
2014-08-25,22.352540969848633,22.491225619158733,22.29530531542733,22.40757480077317,161080000
2014-08-26,22.209449768066406,22.343732432315118,22.20284597793926,22.326121205643382,132608000
2014-08-27,22.482425689697266,22.579285794056766,22.167632030028553,22.238075284244648,209476000
2014-08-28,22.508838653564453,22.625510115762786,22.3569447305896,22.363548522110356,273840000
2014-08-29,22.563867568969727,22.651922022211846,22.497826309163383,22.643116408937736,178380000
2014-09-02,22.7399845123291,22.836842933578506,22.61230559397808,22.687150814011687,214256000
2014-09-03,21.780187606811523,22.71796279655665,21.70093876267826,22.69594960196388,501684000
2014-09-04,21.599674224853516,22.033339314602987,21.527029179553264,21.7603720383371,342872000
2014-09-05,21.78679847717285,21.879254932207015,21.64150832254805,21.74937586625421,233828000
2014-09-08,21.65250587463379,21.861633714965798,21.58426447653576,21.859433571445706,185426800
2014-09-09,21.571060180664062,22.691549866262097,21.163810162403195,21.81100855996864,759385200
2014-09-10,22.233667373657227,22.2578823932756,21.520429405395724,21.575463235528538,403478400
2014-09-11,22.32832908630371,22.330530910109765,21.929884631881034,22.103791763570904,249412400
2014-09-12,22.37896156311035,22.49563303549985,22.251282650891856,22.279899643147925,250504400
2014-09-15,22.37235450744629,22.684947973761865,22.330529933956413,22.63211428172297,245266000
2014-09-16,22.20284652709961,22.290900983137195,21.769179716701224,21.969503646174207,267632400
2014-09-17,22.361345291137695,22.409775328270364,22.14341012404069,22.29310220267842,243706000
2014-09-18,22.40757179260254,22.53084701988429,22.356939935969528,22.438390599422977,149197600
2014-09-19,22.224863052368164,22.530851031349467,22.12360100057213,22.517643448788903,283609600
2014-09-22,22.246877670288086,22.484624248554432,22.14121364405821,22.409779036599886,211153600
2014-09-23,22.59469223022461,22.660733507143007,22.132408330294144,22.145615913878046,253608800
2014-09-24,22.398775100708008,22.640923684815725,22.277699968904308,22.48903141341616,240687200
2014-09-25,21.544641494750977,22.16982491386962,21.511620865262547,22.125798527551034,400368000
2014-09-26,22.17863655090332,22.17863655090332,21.661318813407448,21.689935804337203,249482000
2014-09-29,22.037748336791992,22.110393399813915,21.711947304738683,21.716350951921452,199065200
2014-09-30,22.17863655090332,22.35254367924438,22.130206505099554,22.19184413448637,221056400
2014-10-01,21.833017349243164,22.1654220955254,21.727351674839255,22.143407223712853,205965200
2014-10-02,21.991518020629883,22.061961253340943,21.582066205653355,21.85283169908997,191031200
2014-10-03,21.929880142211914,22.059759168688142,21.802201259591836,21.89025571931255,173878400
2014-10-06,21.929880142211914,22.15661924233084,21.885852072601992,22.00252351794481,148204800
2014-10-07,21.73836326599121,22.03994926478216,21.733961298486626,21.88805535363573,168376800
2014-10-08,22.189640045166016,22.25788145421184,21.641501910929787,21.740563808688943,229618800
2014-10-09,22.238075256347656,22.537459506265392,22.147820624261975,22.352546593992493,309506000
2014-10-10,22.174240112304688,22.460415131461936,22.079581820856554,22.165434494553715,265326400
2014-10-13,21.97170639038086,22.405373252105516,21.97170639038086,22.306313027025954,214333600
2014-10-14,21.73836326599121,22.128002050867796,21.69873884045298,22.099385063339888,254754400
2014-10-15,21.472002029418945,21.826420073794125,20.95248247416711,21.56666029616821,403734400
2014-10-16,21.19022560119629,21.511622955143274,21.0031109219154,21.03392973123229,288618000
2014-10-17,21.5006103515625,21.793390649222662,21.31129389439117,21.46318776059808,272718800
2014-10-20,21.960702896118164,22.004729294137675,21.621694256969754,21.64370745597951,310069200
2014-10-21,22.55727195739746,22.678345404940913,22.29310850189431,22.678345404940913,378495600
2014-10-22,22.671728134155273,22.918280210150098,22.585875524018398,22.638707511910642,273052400
2014-10-23,23.076793670654297,23.12522372587494,22.81263019113254,22.91169212576561,284298800
2014-10-24,23.162643432617188,23.22207924233775,23.01074949294307,23.153837816454967,188215600
2014-10-27,23.138427734375,23.219878421879475,23.04817143096468,23.081192070736737,136750800
2014-10-28,23.497243881225586,23.497243881225586,23.19125591694804,23.202263354885773,192243600
2014-10-29,23.62932586669922,23.63593133747664,23.413594180617363,23.47743362880465,210751600
2014-10-30,23.550077438354492,23.63152643244834,23.312330888001124,23.54567379140394,162619200
2014-10-31,23.774620056152344,23.783425672527905,23.600712911609055,23.776821880121133,178557200
2014-11-03,24.082807540893555,24.28092969109412,23.77681953983357,23.823047761630466,209130400
2014-11-04,23.906696319580078,24.102616627424347,23.7129778352788,24.07399963936257,166297600
2014-11-05,23.963939666748047,24.060799779736865,23.803240086516585,24.016771692242035,149743600
2014-11-06,24.032474517822266,24.052373488484733,23.83349493189132,24.010365862361304,139874000
2014-11-07,24.101011276245117,24.16954860776392,23.999310121262265,24.04352742802624,134766000
2014-11-10,24.06121063232422,24.171755565832886,24.02583544394617,24.103216560045873,108782000
2014-11-11,24.253555297851562,24.264610464803315,23.966139511704206,24.032465453069754,109769200
2014-11-12,24.596248626708984,24.63604487173359,24.180600268393494,24.182809952663497,187769600
2014-11-13,24.943359375,25.082645387584417,24.6736294603727,24.717848446989723,238091600
2014-11-14,25.244043350219727,25.246254721387373,24.587406116332485,25.016321036629357,176254400
2014-11-17,25.202035903930664,25.92942183910874,25.049485027961467,25.26394080279144,186986800
2014-11-18,25.529253005981445,25.577893057644907,25.1799305320186,25.190985702590186,176896000
2014-11-19,25.352373123168945,25.588939199196034,25.16002602995825,25.52261325514403,167476800
2014-11-20,25.7149658203125,25.83656594045604,25.39217476758302,25.40544130864182,173582000
2014-11-21,25.750337600708008,25.99353612197536,25.653057517488325,25.98027126945699,228717200
2014-11-24,26.227893829345703,26.258846279930598,25.783504351613146,25.83435408323888,189803200
2014-11-25,26.000173568725586,26.475517221541857,25.967009744244045,26.325176012436764,275361600
2014-11-26,26.30970001220703,26.331808666457487,26.051025215234066,26.075345240944227,163073200
2014-11-28,26.29422378540039,26.398136315837352,26.099665266502424,26.36939354720795,99257600
2014-12-01,25.440814971923828,26.36497083034559,24.600672669074193,26.267690733633167,335256000
2014-12-02,25.343528747558594,25.591149985327576,24.92788043927157,25.093697825785572,237395600
2014-12-03,25.63094711303711,25.723804447872546,25.449653498309086,25.59115087142453,172253600
2014-12-04,25.53367042541504,25.911733927521862,25.489453122990906,25.59557532352161,168178000
2014-12-05,25.42533302307129,25.664110468463395,25.34574054127392,25.644211504623197,153275600
2014-12-08,24.850502014160156,25.34795422744137,24.6780521834411,25.226354122815437,230659600
2014-12-09,25.23077964782715,25.270575896750458,24.176179894750465,24.36189628531993,240832000
2014-12-10,24.751007080078125,25.39216795775507,24.660361122193727,25.294889574511036,178261200
2014-12-11,24.678056716918945,25.160032795132903,24.6161501243302,24.819554126414587,165606800
2014-12-12,24.26018714904785,24.733319237842586,24.22702333806511,24.421581776098904,224112400
2014-12-15,23.928564071655273,24.673636062615536,23.512913920143735,24.47465478654962,268872400
2014-12-16,23.601346969604492,24.355264342879106,23.493013390239717,23.51733341433129,243162800
2014-12-17,24.18944549560547,24.284512528291458,23.616821807615015,23.68314944883713,213647200
2014-12-18,24.905771255493164,24.905771255493164,24.465802938381533,24.73332144711683,236024800
2014-12-19,24.713428497314453,25.036219545572564,24.686898789128506,24.819552390404407,353719200
2014-12-22,24.969894409179688,25.091492844854134,24.755436931455634,24.797444553173737,180670000
2014-12-23,24.881446838378906,25.056107986611153,24.8637592491647,25.03399934348407,104113600
2014-12-24,24.764280319213867,24.91904257542542,24.764280319213867,24.890301495495297,57918400
2014-12-26,25.202035903930664,25.319213274885985,24.764278869539766,24.784176149838448,134884000
2014-12-29,25.18434715270996,25.374482883418572,25.137916797022154,25.157815761857183,110395600
2014-12-30,24.877033233642578,25.186559411437624,24.786387257497882,25.124654513235008,119526000
2014-12-31,24.403898239135742,25.011895356616602,24.366313367610005,24.943358039507107,165613600
2015-01-02,24.171756744384766,24.638256521479203,23.733998044162465,24.627201352876586,212818400
2015-01-05,23.49079704284668,24.02141303105321,23.305082374704345,23.941820548483143,257142000
2015-01-06,23.49301528930664,23.75169008997391,23.13263764142683,23.554920196804904,263188400
2015-01-07,23.822437286376953,23.921927069008603,23.590292211193614,23.70083716379861,160423600
2015-01-08,24.737749099731445,24.79523294678256,24.03247176973318,24.14965083516332,237458000
2015-01-09,24.764280319213867,25.038431324552366,24.366317822124042,24.910198776958747,214798000
2015-01-12,24.154069900512695,24.901353103465542,24.05458012712268,24.894720676810472,198603200
2015-01-13,24.368532180786133,24.938944600947984,24.078904914320937,24.636050791765385,268367600
2015-01-14,24.27566909790039,24.428219965569937,23.988251583933135,24.10764031957575,195826400
2015-01-15,23.6168155670166,24.33314614373238,23.581442071352157,24.319881293705908,240056000
2015-01-16,23.43331527709961,23.784849053948268,23.258654074194936,23.663248948514042,314053200
2015-01-20,24.036893844604492,24.092166318792128,23.54607400393315,23.8423336559235,199599600
2015-01-21,24.220396041870117,24.554240532584878,23.93739959010379,24.087740769849525,194303600
2015-01-22,24.850502014160156,24.86597823776874,24.25798108820281,24.377369821804127,215185600
2015-01-23,24.978734970092773,25.14897343268383,24.658153637343272,24.828393786716223,185859200
2015-01-26,25.005266189575195,25.283839922916894,24.938940234729454,25.14676358405117,222460000
2015-01-27,24.129751205444336,24.86819233799424,24.105431181850108,24.85492579717245,382274800
2015-01-28,25.493877410888672,26.115141215444147,25.493877410888672,26.006805943239854,585908400
2015-01-29,26.28758430480957,26.351700565680584,25.549143306141485,25.717172069569596,337745600
2015-01-30,25.902889251708984,26.530783655227438,25.83435024692136,26.1770402105141,334982000
2015-02-02,26.227893829345703,26.347282575936884,25.66411560502197,26.09966297125774,250956400
2015-02-03,26.23231315612793,26.32959155096424,26.002379491164405,26.199149338596126,207662800
2015-02-04,26.433507919311523,26.643544336500607,26.157145544153845,26.199153164948076,280598800
2015-02-05,26.622177124023438,26.68654643853191,26.469022489729515,26.639932833229228,168984800
2015-02-06,26.39799690246582,26.690987298209635,26.291454170632036,26.639935184459446,174826400
2015-02-09,26.573339462280273,26.599973867144346,26.287007755920143,26.31364385422298,155559200
2015-02-10,27.083860397338867,27.112716602829234,26.67101175267262,26.673230158141653,248034000
2015-02-11,27.718673706054688,27.7275524084076,27.19040361685116,27.250332740934187,294247200
2015-02-12,28.069368362426758,28.29577098667342,27.87182193753955,27.980583052789616,297898000
2015-02-13,28.206987380981445,28.2513791917622,27.889581022925857,28.2513791917622,217088800
2015-02-17,28.373456954956055,28.60651817661666,28.171470337058345,28.2979888505041,252609600
2015-02-18,28.571002960205078,28.58432016349851,28.289109738609003,28.329063041928176,179566800
2015-02-19,28.51107406616211,28.63981268474202,28.484439657793157,28.51773266825435,149449600
2015-02-20,28.744142532348633,28.744142532348633,28.42229759835833,28.548814456821795,195793600
2015-02-23,29.52100372314453,29.52100372314453,28.7796500064065,28.859556618124714,283896400
2015-02-24,29.336774826049805,29.654182871424286,29.114812389547758,29.507686850482216,276912400
2015-02-25,28.5865421295166,29.21025945210493,28.44448629856083,29.20137905755122,298846800
2015-02-26,28.948341369628906,29.04822379146525,28.1026650048681,28.58654150423791,365150000
2015-02-27,28.513294219970703,28.98163506585965,28.464462216181126,28.85511485961998,248059200
2015-03-02,28.653125762939453,28.91726156415653,28.477776954963716,28.68864056023599,192386800
2015-03-03,28.713064193725586,28.748579000464154,28.431170918915576,28.62428056375755,151265200
2015-03-04,28.53105354309082,28.75745620398861,28.4822249170917,28.65535536751989,126665200
2015-03-05,28.058269500732422,28.577660735422672,27.9139935932833,28.539927531556557,226068400
2015-03-06,28.100444793701172,28.715280012385133,28.024978376338545,28.499976172884985,291368400
2015-03-09,28.220304489135742,28.759674979569876,27.75862220746112,28.4023136222176,354114000
2015-03-10,27.636545181274414,28.238063218815654,27.478952044658584,28.058274175841376,275426400
2015-03-11,27.132688522338867,27.69425323143729,27.103834014425015,27.68981472769633,275756000
2015-03-12,27.62322235107422,27.72310645562932,26.997288397596602,27.148222910166183,193450800
2015-03-13,27.432336807250977,27.83408997021748,27.208155964901504,27.612127532964454,207309200
2015-03-16,27.73420524597168,27.73420524597168,27.272524673677072,27.496705511084336,143497200
2015-03-17,28.198108673095703,28.260257885548853,27.889581015961117,27.94507162614272,204092400
2015-03-18,28.515514373779297,28.66866899625074,28.049393597685892,28.189229322482216,261083600
2015-03-19,28.300207138061523,28.688641353681977,28.278011235856685,28.57766014921899,183238000
2015-03-20,27.945070266723633,28.499974648106683,27.780818542739226,28.46668163836852,274780400
2015-03-23,28.2358341217041,28.377889909253515,28.08267953779297,28.215858320379294,150838800
2015-03-24,28.120426177978516,28.420073483673672,28.09156997275746,28.240286116320142,131369200
2015-03-25,27.385725021362305,28.149276350834853,27.385725021362305,28.087127139075744,206620800
2015-03-26,27.57660484313965,27.718660626877973,27.212586685630377,27.24810147828422,190291600
2015-03-27,27.35687255859375,27.678717440730964,27.281406136800143,27.649862931240314,158184800
2015-03-30,28.049392700195312,28.05605130210032,27.52334113499331,27.534439933794285,188398800
2015-03-31,27.61878776550293,28.07602987133525,27.603250461715593,27.987244552505132,168362400
2015-04-01,27.578826904296875,27.771934792862258,27.32356981760157,27.705345398615258,162485600
2015-04-02,27.81633186340332,27.86960237283021,27.565514925306033,27.751962555019634,128880400
2015-04-06,28.26691246032715,28.30242725863393,27.596586729955135,27.627661331754176,148776000
2015-04-07,27.969491958618164,28.437831223066524,27.962833355316143,28.33129018335556,140049200
2015-04-08,27.878490447998047,28.0560611303846,27.738654678690324,27.933981074563903,149316800
2015-04-09,28.09156608581543,28.096006282976266,27.669838801244122,27.933972955386533,129936000
2015-04-10,28.211421966552734,28.235837967122855,27.803011945086737,27.95616485641709,160752000
2015-04-13,28.155935287475586,28.537712650185725,28.1026647758263,28.493317452506428,145460400
2015-04-14,28.033859252929688,28.25360161320693,27.94729402938292,28.189232296875378,102098400
2015-04-15,28.14040184020996,28.218088366476408,27.96949148242378,28.058276809630833,115881600
2015-04-16,28.004995346069336,28.21142044392355,27.991678144091228,28.029411345321673,113476000
2015-04-17,27.689809799194336,27.99833740416717,27.6254404990537,27.867380399129797,207828000
2015-04-20,28.322402954101562,28.43782266127886,27.78303423431481,27.871819536302848,188217200
2015-04-21,28.169252395629883,28.455582435951143,28.11598019392641,28.43338822539975,129740400
2015-04-22,28.548809051513672,28.60429966365664,28.038296435861813,28.187010869979588,150618000
2015-04-23,28.781871795654297,28.948343640734574,28.442269502640794,28.477784309108728,183083600
2015-04-24,28.917261123657227,28.994949318200284,28.684199926905492,28.96387471775855,178103600
2015-04-27,29.443321228027344,29.549865655571534,29.110377512428638,29.367854798675836,387816800
2015-04-28,28.979413986206055,29.862823499138404,28.759673350630607,29.845069485394777,475696000
2015-04-29,28.553245544433594,29.208034005395504,28.477779134560613,28.890629370817987,253544400
2015-04-30,27.778593063354492,28.5532413195879,27.65207457054022,28.5532413195879,332781600
2015-05-01,28.62204933166504,28.88396671138071,27.811887968052254,27.98945686286331,234050400
2015-05-04,28.566564559936523,28.981636614324906,28.468900547139256,28.744135184397194,203953200
2015-05-05,27.92287826538086,28.511077432157443,27.918438067835837,28.444488016495587,197085600
2015-05-06,27.74752426147461,28.133738421260357,27.381285907835494,28.09156501703216,288564000
2015-05-07,27.919151306152344,28.10192070708128,27.64276698239626,27.809934179606117,175763600
2015-05-08,28.445161819458008,28.445161819458008,28.108598160247826,28.235645121596924,222201600
2015-05-11,28.15541648864746,28.43179913893094,28.00162210800377,28.39390831197934,168143200
2015-05-12,28.055110931396484,28.28022817387746,27.821076201495995,27.994929794902085,192640000
2015-05-13,28.086313247680664,28.349322990095366,28.055108846081662,28.117517649279666,138776800
2015-05-14,28.741605758666992,28.741605758666992,28.342634974965925,28.398357360461993,180814000
2015-05-15,28.701488494873047,28.86196924401227,28.576670890214686,28.768356040518498,152832000
2015-05-18,29.01799964904785,29.136130873437025,28.610111243675085,28.614569988281932,203531600
2015-05-19,28.991252899169922,29.17179293720011,28.89540859934834,29.129443367583054,178532800
2015-05-20,28.989013671875,29.194071645104938,28.82853292742991,28.975640843342003,145819600
2015-05-21,29.28546142578125,29.33895614870295,28.9377542293528,28.991248952274503,158921600
2015-05-22,29.541790008544922,29.63763431779926,29.287695966860774,29.332276613598143,182384000
2015-05-26,28.89094352722168,29.624252080346373,28.77949874780666,29.555156861273023,282790400
2015-05-27,29.430343627929688,29.479379615911192,28.986795465313783,29.05143195800268,183332800
2015-05-28,29.37238311767578,29.41027393110588,29.220819863955384,29.390214688882498,122933200
2015-05-29,29.03805160522461,29.298831982306186,28.953352484095202,29.24979600702335,203538000
2015-06-01,29.096004486083984,29.285461990857094,28.986790767754286,29.038054419236087,128451200
2015-06-02,28.96673583984375,29.12275789002009,28.824086622393153,28.944445517950438,134670400
2015-06-03,29.00239372253418,29.185164827397315,28.95335773835263,29.12275601135268,123934000
2015-06-04,28.83299446105957,29.10492000429588,28.732694836330577,28.882030437775946,153800400
2015-06-05,28.674741744995117,28.90654880176201,28.610105266315358,28.86419923940893,142507200
2015-06-08,28.485292434692383,28.799567596586602,28.269089243973,28.73046896160397,210699200
2015-06-09,28.40058708190918,28.54769500648522,27.999386897679972,28.240106328012548,224301600
2015-06-10,28.72601318359375,28.828540496615886,28.496435463588547,28.51203766781097,156349200
2015-06-11,28.661367416381836,29.01576099697763,28.636849428987016,28.792871439215535,141563600
2015-06-12,28.344871520996094,28.603424286898427,28.33149868845383,28.572219877291285,147544800
2015-06-15,28.28915023803711,28.36047484860761,28.01945400117639,28.106380817168155,175955600
2015-06-16,28.440711975097656,28.496434373834333,28.16655872560029,28.313664973998538,125976400
2015-06-17,28.37384796142578,28.50312264250904,28.24902862379286,28.467461189265897,131672400
2015-06-18,28.503124237060547,28.598966842500325,28.35601797086976,28.358247343232414,141628800
2015-06-19,28.21782684326172,28.489752464188214,28.17324959742682,28.46523446882514,218867600
2015-06-22,28.44293975830078,28.543239390218766,28.32480855166014,28.41619239621679,136157200
2015-06-23,28.313661575317383,28.442937932991594,28.28022779998613,28.413962901311148,121075600
2015-06-24,28.55438232421875,28.931066233444163,28.333722130888372,28.353781375503665,221123600
2015-06-25,28.418420791625977,28.797332388642655,28.418420791625977,28.72155074944432,127752400
2015-06-26,28.251258850097656,28.527641498010247,28.197765818359404,28.45631688885497,176267200
2015-06-29,27.75643539428711,28.188841665526905,27.745291937092542,27.963722743843967,196645600
2015-06-30,27.957040786743164,28.11083514495422,27.829993790985686,27.98824519268271,177482800
2015-07-01,28.21782684326172,28.29361020179656,28.081864032798475,28.284694412526996,120955200
2015-07-02,28.182165145874023,28.23788755294795,28.032827802526082,28.17993577344745,108844000
2015-07-06,28.08408546447754,28.135350813154044,27.8277621221199,27.847823067432426,112241600
2015-07-07,28.01499366760254,28.117522676977106,27.587044353914475,28.059570906282733,187787200
2015-07-08,27.319583892822266,27.780965392876677,27.312897475511964,27.74530393371738,243046400
2015-07-09,26.76235580444336,27.651684885484176,26.572899973215907,27.604878270746532,314380000
2015-07-10,27.47782325744629,27.604870232026634,27.016441960232164,27.179152078806016,245418000
2015-07-13,28.008304595947266,28.03059321317383,27.70963168347132,27.867883076446173,165762000
2015-07-14,27.997169494628906,28.166566107326407,27.870122460234057,28.093012113594362,127072400
2015-07-15,28.266860961914062,28.340414943131908,27.990478314913677,28.02168272503407,134596800
2015-07-16,28.64354133605957,28.656917568950988,28.384990283744607,28.47191709189912,144889600
2015-07-17,28.89094352722168,28.89094352722168,28.598958749318292,28.770584661904355,184658800
2015-07-20,29.437028884887695,29.637628149351997,29.131667843215197,29.191848982964544,235600800
2015-07-21,29.142812728881836,29.626482711746768,29.0469718415007,29.61088220960279,307025600
2015-07-22,27.910232543945312,27.97264135217095,27.190298476456775,27.190298476456775,461802400
2015-07-23,27.896869659423828,28.327045055273643,27.874579333814268,28.128673401042814,203998000
2015-07-24,27.749755859375,28.0261384937987,27.616022436299836,27.93252526769736,168649200
2015-07-27,27.364145278930664,27.55137335764844,27.219268453157603,27.435469856415516,177822000
2015-07-28,27.500120162963867,27.61825308767303,27.315123074389323,27.500120162963867,134472400
2015-07-29,27.413188934326172,27.526863096129816,27.25270816484163,27.448852083328312,148046800
2015-07-30,27.275007247924805,27.319584497989638,27.127899261787306,27.263862085152052,134513200
2015-07-31,27.036510467529297,27.335181729725164,26.94958365536705,27.326265941232524,171540000
2015-08-03,26.39904022216797,27.31957349946473,26.19398053309023,27.081081736554253,279904000
2015-08-04,25.55205726623535,26.234098728796525,25.242240935169182,26.171689928367694,496554400
2015-08-05,25.721460342407227,26.176155333337917,24.98592397756085,25.175379798653793,397250400
2015-08-06,25.77743148803711,26.084173021789667,25.55129525226573,25.965507100240163,211612000
2015-08-07,25.8647518157959,26.028198458805463,25.63637611641484,25.65428840489449,154681600
2015-08-10,26.805131912231445,26.86558376287846,26.090895064834488,26.090895064834488,219806400
2015-08-11,25.410240173339844,26.460324680282355,25.374417301768855,26.37748162069634,388331200
2015-08-12,25.802066802978516,25.842368607775427,24.545995879720113,25.19530197557689,404870000
2015-08-13,25.78191375732422,26.06178689470679,25.64533552962472,25.981183294483802,194143200
2015-08-14,25.9632625579834,26.041626669316997,25.52666128897513,25.596069257840675,171718000
2015-08-17,26.23194694519043,26.341656722963474,25.86027464549625,25.981180030642193,163538800
2015-08-18,26.08417320251465,26.29463832262132,25.97446342442515,26.068500377073292,138242800
2015-08-19,25.750564575195312,26.088650048930123,25.676677667077175,25.994613097621496,193146000
2015-08-20,25.222166061401367,25.602792823510995,24.99378863756761,25.542340980854984,274006400
2015-08-21,23.679500579833984,25.054236927891914,23.654871613646495,24.725105932667855,513102000
2015-08-24,23.08841323852539,24.360156748493395,20.598661378669732,21.241250669242508,648825200
2015-08-25,23.22722816467285,24.87736060051428,23.17349300701332,24.87736060051428,414406400
2015-08-26,24.55942726135254,24.604206278523865,23.5205383474457,23.977289788865253,387098400
2015-08-27,25.28261947631836,25.354266931578447,24.633313452155644,25.12813066516353,338464400
2015-08-28,25.365459442138672,25.369936660203646,24.97363709537357,25.114692525253453,212657600
2015-08-31,25.246795654296875,25.64309525264471,25.076632313868252,25.08334899563872,224917200
2015-09-01,24.118345260620117,25.0497620770223,24.037741668751384,24.662418651629118,307383600
2015-09-02,25.152753829956055,25.152753829956055,24.434039931094258,24.68032961985265,247555200
2015-09-03,24.71167755126953,25.251272036892868,24.637790637820085,25.18634126824426,212935600
2015-09-04,24.465394973754883,24.72959534368423,24.295233297550556,24.39822643047753,199985200
2015-09-08,25.14603614807129,25.20201076452285,24.700478679415603,25.020653553846913,219374400
2015-09-09,24.662425994873047,25.52891230314362,24.57734345133943,25.470699909180027,340043200
2015-09-10,25.204254150390625,25.363221880870384,24.606445563612514,24.68928691560042,251571200
2015-09-11,25.571447372436523,25.571447372436523,25.022896733028254,25.0296134146864,199662000
2015-09-14,25.817731857299805,26.171491847516478,25.716978229754055,26.102083868905392,233453600
2015-09-15,26.034923553466797,26.090898191897267,25.618472106887264,25.95655940130622,173364800
2015-09-16,26.064023971557617,26.09313016022468,25.84684216352134,26.028199393312086,148694000
2015-09-17,25.506519317626953,26.08193845312514,25.461740296333076,25.896103977366394,256450400
2015-09-18,25.401283264160156,25.5915983491532,25.047524944621284,25.123649612050556,297141200
2015-09-21,25.79534149169922,25.83116606540664,25.448299902009456,25.4505376567089,200888000
2015-09-22,25.39008903503418,25.564729583421176,25.193057271143285,25.385610108649438,201384800
2015-09-23,25.5960750579834,25.685634794748932,25.367699352030687,25.4415845547681,143026800
2015-09-24,25.748327255249023,25.86027650418489,25.15947482080196,25.356504883973493,200878000
2015-09-25,25.68340301513672,26.126722905236278,25.528912465703318,26.070748266538427,224607600
2015-09-28,25.175146102905273,25.6520492591599,25.175146102905273,25.49084207726823,208436000
2015-09-29,24.418367385864258,25.4147166346998,24.149689896408503,25.26246560181892,293461600
2015-09-30,24.696006774902344,24.973640453934493,24.344486176287496,24.666898874830924,265892000
2015-10-01,24.5347900390625,24.543746181127062,24.026539653207696,24.420601363001158,255716400
2015-10-02,24.713916778564453,24.854973932318234,24.08028529710069,24.18327840613088,232079200
2015-10-05,24.803470611572266,24.935571588504242,24.420604457890203,24.60196166010548,208258800
2015-10-06,24.92214584350586,25.01842228365852,24.577341888266332,24.769894768571657,192787200
2015-10-07,24.803470611572266,25.025129604080902,24.49673082098194,25.018412923733617,187062400
2015-10-08,24.516887664794922,24.671378188487992,24.228058372251848,24.671378188487992,247918400
2015-10-09,25.103498458862305,25.13932132777321,24.514644356961238,24.628833061271347,211064400
2015-10-12,24.9870662689209,25.244549823843702,24.951243405776886,25.240072606529296,121868800
2015-10-13,25.02960968017578,25.177381779236768,24.78108224664574,24.812427895180186,132197200
2015-10-14,24.67584991455078,24.969156360543135,24.53031556893734,24.917660669581448,177849600
2015-10-15,25.045286178588867,25.099021339929475,24.738544620691677,24.837060506657778,150694000
2015-10-16,24.86168670654297,25.076629036153395,24.747498006740315,25.02737109866167,156930400
2015-10-19,25.016176223754883,25.020653441438615,24.653460095822826,24.807950583162174,119036800
2015-10-20,25.47293472290039,25.562494475545375,24.812434750037745,24.928861232729083,195871200
2015-10-21,25.470685958862305,25.878181034474025,25.45725089143569,25.52442110394037,167180800
2015-10-22,25.860279083251953,25.860279083251953,25.546820813328083,25.59831822458685,166616400
2015-10-23,26.661832809448242,26.695417924855107,26.046111957092148,26.128953305791157,237467600
2015-10-26,25.811017990112305,26.44912835328263,25.730414396005532,26.437934453562765,265335200
2015-10-27,25.64757537841797,26.093132941527404,25.522191049403634,25.837888773055862,279537600
2015-10-28,26.704368591308594,26.71108698000944,25.985654739189908,26.180447014481953,342205600
2015-10-29,26.986480712890625,27.022305285903467,26.480469722447047,26.57674612715698,204909200
2015-10-30,26.755868911743164,27.14097457859815,26.74467330422836,27.089477175523875,197461200
2015-11-02,27.132017135620117,27.172318929250643,26.780496599924348,27.046936330493363,128813200
2015-11-03,27.44324493408203,27.649231188076772,27.024554034762204,27.044705792332536,182076000
2015-11-04,27.31561851501465,27.723113739287285,27.230537695251382,27.56862321909153,179544400
2015-11-05,27.189695358276367,27.58769302350806,27.023301736159723,27.39881233945184,158210800
2015-11-06,27.221176147460938,27.389818824830183,27.12224027662596,27.232419678827696,132169200
2015-11-09,27.110998153686523,27.38982024774243,26.994073312799244,27.198692213232512,135485600
2015-11-10,26.256540298461914,26.5488549640257,26.09689210021531,26.28577279433153,236511600
2015-11-11,26.108139038085938,26.40270107597701,25.905767452101802,26.166602321930753,180872000
2015-11-12,26.02043914794922,26.26778137968767,26.00469923453464,26.141862072371055,130102400
2015-11-13,25.260427474975586,25.986716136195962,25.244687558009065,25.90351845193162,183249600
2015-11-16,25.67416000366211,25.687650868218494,24.959115018300725,25.044560019694394,152426800
2015-11-17,25.5639705657959,25.869775956119557,25.48077293082565,25.84054347370017,110467600
2015-11-18,26.373464584350586,26.418435275716188,25.970970549197364,26.029433820390178,186698800
2015-11-19,26.708498001098633,26.92660943341436,26.254287891164125,26.452161313671542,173183200
2015-11-20,26.825429916381836,26.96484010195741,26.72424327806962,26.802942853075518,137148400
2015-11-23,26.47690200805664,26.92211945907281,26.38470984852701,26.81868376747103,129930000
2015-11-24,26.730993270874023,26.83667631056266,26.335246278899273,26.382466031957996,171212800
2015-11-25,26.53985595703125,26.80968522897599,26.515121564214937,26.80518713090661,85553200
2015-11-27,26.49039077758789,26.62530628968746,26.44317103456184,26.598322844163146,52185600
2015-11-30,26.600568771362305,26.850160037720876,26.476896804960564,26.530861974153236,156721200
2015-12-01,26.384700775146484,26.7152406043422,26.276770452667197,26.70174974291267,139409600
2015-12-02,26.1463623046875,26.557850878778513,26.101391607031257,26.38471009020546,133546400
2015-12-03,25.903512954711914,26.26103630068144,25.68315416394497,26.20707112760899,166278000
2015-12-04,26.764713287353516,26.814182073839056,25.88327475795129,25.92374906366475,231108000
2015-12-07,26.59607696533203,26.951351320571973,26.490393935499192,26.753477843037903,128336800
2015-12-08,26.5848331451416,26.66802910366028,26.276778561768936,26.42518322985652,137238000
2015-12-09,25.997949600219727,26.463403210841623,25.876526695424236,26.45215968213919,185445600
2015-12-10,26.121623992919922,26.294764755553963,25.97321934046978,26.092393215374774,116850800
2015-12-11,25.449302673339844,25.946236190364907,25.375099488513708,25.901265498936777,187544800
2015-12-14,25.291902542114258,25.336873231771957,24.687036987743678,25.22444479210586,257274800
2015-12-15,24.844438552856445,25.363859161593496,24.812958723905354,25.170482089167063,213292400
2015-12-16,25.035566329956055,25.181723657519896,24.464431315727747,24.974855722010272,224954000
2015-12-17,24.504907608032227,25.240188972948975,24.504907608032227,25.18847112712789,179091200
2015-12-18,23.84157371520996,24.626323713257054,23.792104929194526,24.489162600471232,385813200
2015-12-21,24.13388442993164,24.142878909163535,23.738135921335893,24.1226409020114,190362400
2015-12-22,24.111406326293945,24.22158572779071,23.93601650191364,24.14963158786111,131157600
2015-12-23,24.421703338623047,24.47566850387436,24.104654347288033,24.120394258633066,130629600
2015-12-24,24.291290283203125,24.50940174755016,24.27330131973653,24.50940174755016,54281600
2015-12-28,24.019214630126953,24.21484075593349,23.87530634752975,24.19235369291601,106816800
2015-12-29,24.450939178466797,24.606090990672588,24.02820881795496,24.05069416517501,123724800
2015-12-30,24.131643295288086,24.441945210706056,24.10016346541331,24.41496347968314,100855200
2015-12-31,23.668441772460938,24.066437797861447,23.569504170781183,24.06194141393159,163649200
2016-01-04,23.688671112060547,23.693169210190845,22.935400934284008,23.072563763387645,270597600
2016-01-05,23.095056533813477,23.801107201387023,23.02760047986427,23.77862185007062,223164000
2016-01-06,22.643091201782227,23.018603562708613,22.45646126161648,22.61161137016284,273829600
2016-01-07,21.687450408935547,22.514923987459305,21.68295402512456,22.18888212221191,324377600
2016-01-08,21.802125930786133,22.28556863356253,21.7571552346999,22.159649312103408,283192000
2016-01-11,22.155155181884766,22.274329091831053,21.887574860329774,22.2540927896239,198957600
2016-01-12,22.476696014404297,22.640842309858193,22.224855663255948,22.609362480404904,196616800
2016-01-13,21.898805618286133,22.7532622226691,21.878569327884904,22.557636171183574,249758400
2016-01-14,22.37775421142578,22.593618309183817,21.527795545269733,22.026978054731973,252680400
2016-01-15,21.840349197387695,21.97076660584606,21.442353255290477,21.631232220212024,319335600
2016-01-19,21.73466682434082,22.18213153478481,21.473832020329265,22.128166363980363,212350800
2016-01-20,21.763893127441406,22.0786930375486,21.00612498071098,21.383884529735315,289337600
2016-01-21,21.653715133666992,22.00898764946542,21.347909683356278,21.824605102853514,208646000
2016-01-22,22.804983139038086,22.813977619619987,22.119170721005172,22.1776322715049,263202000
2016-01-25,22.359766006469727,22.82971600568809,22.308048175461344,22.827466956812515,207178000
2016-01-26,22.483434677124023,22.6835571250423,22.05170996131301,22.469943815855405,300308000
2016-01-27,21.00613021850586,21.72792062838977,20.988141255609346,21.595255886952298,533478800
2016-01-28,21.156780242919922,21.2534687572687,20.774524283227525,21.08932421707389,222715200
2016-01-29,21.88756561279297,21.88756561279297,21.215244091450444,21.314181657388275,257666000
2016-02-01,21.68294334411621,21.745902979589633,21.451341092686953,21.691937822829757,163774000
2016-02-02,21.24448013305664,21.595256339276258,21.19950772487338,21.455844447191097,149428800
2016-02-03,21.664958953857422,21.775138339162716,21.154534616791793,21.361402524248767,183857200
2016-02-04,21.83903694152832,22.004073903550463,21.520269281773988,21.671740451478744,185886800
2016-02-05,21.255762100219727,21.911385847563288,21.181157989441367,21.82095468847609,185672400
2016-02-08,21.479576110839844,21.635568066922946,21.034204147813604,21.05455024976029,216085600
2016-02-09,21.475051879882812,21.689826046107488,21.235410832664385,21.316798683574508,177324800
2016-02-10,21.312280654907227,21.782521286759618,21.27384797413499,21.685308095798124,169374400
2016-02-11,21.18341636657715,21.414015895957743,20.93247073304399,21.20376419556052,200298800
2016-02-12,21.248981475830078,21.36428125444165,21.02742693243012,21.294197920790996,161405600
2016-02-16,21.84807777404785,21.895553729749576,21.389141810767505,21.481832469566957,196231600
2016-02-17,22.182674407958984,22.2030205087076,21.737302471158245,21.854861744532556,179452800
2016-02-18,21.762178421020508,22.356760471773796,21.72374400969727,22.345455928767354,156084000
2016-02-19,21.712438583374023,21.875214324059627,21.65818057808912,21.70339529502139,141496800
2016-02-22,21.90233612060547,21.906858625887352,21.685302437495494,21.77347231735797,137123200
2016-02-23,21.40723419189453,21.816433057926353,21.375583546170017,21.79382570024182,127770400
2016-02-24,21.726003646850586,21.789304943382405,21.097509738669007,21.24672141606341,145022800
2016-02-25,21.87520980834961,21.87520980834961,21.53383307403958,21.714695354094964,110330800
2016-02-26,21.909128189086914,22.160072132847002,21.834522347109864,21.97468901706924,115964400
2016-02-29,21.859390258789062,22.207549118665032,21.850346969915936,21.897822942876612,140865200
2016-03-01,22.727516174316406,22.78177416095578,22.024416701202163,22.076415160153026,201628400
2016-03-02,22.777254104614258,22.80890474156228,22.526308536790392,22.722996116250552,132678400
2016-03-03,22.946815490722656,22.994291453723786,22.70943395088638,22.738825064766097,147822800
2016-03-04,23.288188934326172,23.45548540753342,22.917422845147737,23.14349981293119,184220400
2016-03-07,23.03046989440918,23.247503657219692,22.824738949293295,23.148029202453237,143315600
2016-03-08,22.840566635131836,23.00560365897993,22.698138698672317,22.784047366322806,126247600
2016-03-09,22.86090660095215,22.964901812789783,22.668739773273074,22.903860057578832,108806800
2016-03-10,22.872211456298828,23.114113796134067,22.641613657275727,22.926471182400185,134054400
2016-03-11,23.118633270263672,23.123154051097146,22.94681427647251,23.11411076459966,109632800
2016-03-14,23.17742347717285,23.26559513280507,23.01012690652914,23.039518033350344,100304400
2016-03-15,23.643138885498047,23.778784773873998,23.47810187600609,23.5029704901053,160270800
2016-03-16,23.957380294799805,24.034245647936118,23.645392926626023,23.649915432593247,153214000
2016-03-17,23.918947219848633,24.070418395445465,23.729041643493137,23.855644211176386,137682800
2016-03-18,23.946083068847656,24.07720818465786,23.781047772078935,24.041035025193867,176820800
2016-03-21,23.943819046020508,24.337192594788167,23.76973876722751,23.948339827689416,142010800
2016-03-22,24.126941680908203,24.255805523092,23.785564871854984,23.794608160320802,129777600
2016-03-23,23.993555068969727,24.206068033508796,23.9415583169001,24.0726834109702,102814000
2016-03-24,23.889556884765625,24.020681962615026,23.7132170955071,23.8443421733565,104532000
2016-03-28,23.781036376953125,24.007113340780556,23.751645267764133,23.96415816570763,77645600
2016-03-29,24.34397315979004,24.368841769544584,23.710956824851877,23.713218077965223,124760400
2016-03-30,24.768991470336914,24.96341779615798,24.551957793222076,24.563262331284133,182404400
2016-03-31,24.64012908935547,24.845859965083974,24.615260484051355,24.805166040480007,103553600
2016-04-01,24.866209030151367,24.86847028312969,24.461530988564398,24.59265606401662,103496000
2016-04-04,25.121681213378906,25.363583576296314,24.929514350220664,24.963426251062174,149424800
2016-04-05,24.825517654418945,25.03350982905374,24.737347752331807,24.757695581568516,106314800
2016-04-06,25.08550262451172,25.09002513022063,24.687606638824622,24.92046738757807,105616400
2016-04-07,24.53840446472168,24.96342871944634,24.443452512841343,24.8571722245574,127207600
2016-04-08,24.56553077697754,24.816474692097593,24.454751790988905,24.622050034176734,94326800
2016-04-11,24.646921157836914,25.006384592335355,24.603967687865875,24.635618339352387,117630000
2016-04-12,24.967947006225586,24.981511075678288,24.565530180707952,24.719260900720705,108929200
2016-04-13,25.329668045043945,25.397490112175344,25.04933303960668,25.04933303960668,133029200
2016-04-14,25.343229293823242,25.408791825470598,25.16915077690684,25.234713308554195,101895600
2016-04-15,24.834566116333008,25.38845597990885,24.807437971473433,25.345500784106278,187756000
2016-04-18,24.29876136779785,24.631093172522302,24.176679557461316,24.617529101873007,243286000
2016-04-19,24.169893264770508,24.41631637059203,24.016160833443923,24.389186509241224,129539600
2016-04-20,24.21963119506836,24.436664933233505,23.977728846035568,24.108853935186644,122444000
2016-04-21,23.957380294799805,24.174414010799026,23.855644608505056,24.174414010799026,126210000
2016-04-22,23.891817092895508,24.072679380283482,23.652176028212455,23.740345918985675,134732400
2016-04-25,23.756174087524414,23.88503792216586,23.627310252882967,23.73808751165138,112126400
2016-04-26,23.591135025024414,23.805909213746393,23.49166231613834,23.49166231613834,224064800
2016-04-27,22.11484718322754,22.316055530770424,21.6310426481435,21.703387203160826,458408400
2016-04-28,21.438884735107422,22.128418627758244,21.307759646400942,22.067378589818784,328970800
2016-04-29,21.192455291748047,21.414011487618254,20.91438157658971,21.248974535866623,274126000
2016-05-02,21.16985321044922,21.269327656813207,20.889518172769012,21.24445904522221,192640400
2016-05-03,21.51800537109375,21.64460791821482,21.178889927164867,21.296449188801528,227325200
2016-05-04,21.2941951751709,21.680786674377792,21.210546056401967,21.522531724666095,164102000
2016-05-05,21.2077579498291,21.396544718750324,21.080384580596473,21.380623047596245,143562000
2016-05-06,21.08948516845703,21.25552522309774,20.891600032790514,21.23733026508152,174799600
2016-05-09,21.10540771484375,21.328311143924928,21.059915979589853,21.153172735361146,131745600
2016-05-10,21.24870491027832,21.282823281311984,20.950741389604683,21.22823492885758,134747200
2016-05-11,21.041719436645508,21.28281954167646,21.030346069855238,21.262349563852535,114876400
2016-05-12,20.54814338684082,21.103130347906575,20.35026000031779,21.089483696513835,305258800
2016-05-13,20.589092254638672,20.850664154631772,20.470817185557383,20.470817185557383,177571200
2016-05-16,21.35333251953125,21.469334282624654,20.846112220421773,21.014427313211556,245039200
2016-05-17,21.26462173461914,21.539840190266553,21.155445054615097,21.505723562347814,187667600
2016-05-18,21.50799560546875,21.655840680797656,21.355602225123974,21.417015622495832,168249600
2016-05-19,21.426116943359375,21.526197029031923,21.282821876872852,21.526197029031923,121768400
2016-05-20,21.658124923706055,21.705889955706326,21.49890641503914,21.5262014627533,128104000
2016-05-23,21.93334197998047,22.10620713301069,21.760476826950246,21.805968570027968,152074400
2016-05-24,22.267702102661133,22.31091709560278,22.02660016818201,22.113033624730924,140560800
2016-05-25,22.658916473388672,22.686209780582036,22.31546123010262,22.442834624557907,152675200
2016-05-26,22.838603973388672,22.91138901506927,22.436010355864525,22.672562175159538,225324800
2016-05-27,22.824953079223633,22.85224811760691,22.57475463437257,22.617971344646403,145364800
2016-05-31,22.71350860595703,22.836333714780267,22.476956737334422,22.65437020496822,169228800
2016-06-01,22.395063400268555,22.640713508980472,22.365495080552662,22.52243675945316,116693200
2016-06-02,22.22675132751465,22.254044630798784,21.978826165580465,22.199456288898414,160766400
2016-06-03,22.272239685058594,22.351848039335525,22.165336294173013,22.24267136356487,114019600
2016-06-06,22.433731079101562,23.175229743585774,22.188082694616856,22.288161023358054,93170000
2016-06-07,22.52472496032715,22.715786846239617,22.508803281112183,22.574765019383577,89638000
2016-06-08,22.504249572753906,22.645269630433198,22.445111177577044,22.522444533680854,83392400
2016-06-09,22.66573715209961,22.74307049388891,22.395066985172754,22.404165331618344,106405600
2016-06-10,22.47922706604004,22.597502107995926,22.399618697864703,22.410990330271307,126851600
2016-06-13,22.140321731567383,22.545190398665728,22.085733380235403,22.447385329224215,152082000
2016-06-14,22.167617797851562,22.39962133855026,22.006126021848438,22.135774446827423,127727600
2016-06-15,22.094829559326172,22.383696433074892,22.069809539227236,22.249497985695854,117780800
2016-06-16,22.18808937072754,22.233579376085263,21.851457430949985,21.937889135262647,125307200
2016-06-17,21.683141708374023,21.983380247009613,21.676318381298827,21.976556919934417,244032800
2016-06-20,21.630823135375977,21.965179990517978,21.614901463004077,21.835531591109053,137647600
2016-06-21,21.8150634765625,21.915141824877544,21.535294940608498,21.59443332961213,142185600
2016-06-22,21.733173370361328,22.03796009769666,21.6876816485213,21.89239005847206,116876400
2016-06-23,21.85828399658203,21.901500722807267,21.664948842169895,21.821892333970826,128960800
2016-06-24,21.244157791137695,21.530749694370524,21.073567661768816,21.13270605917647,301245600
2016-06-27,20.934816360473633,21.164544837606925,20.811991285630054,21.153171470640384,181958400
2016-06-28,21.287376403808594,21.303299817848355,20.957569458308065,21.13043463807821,161779600
2016-06-29,21.47161102294922,21.505729395454093,21.296470853912698,21.373805947279248,146124000
2016-06-30,21.74455451965332,21.78322119864781,21.448866007225885,21.480709358789877,143345600
2016-07-01,21.810514450073242,21.942437887322246,21.683141054292065,21.719532709372814,104106000
2016-07-05,21.605802536010742,21.69905928263454,21.485252486244054,21.696784262261932,110820800
2016-07-06,21.72863006591797,21.758200128113007,21.464784938786494,21.517098265953845,123796400
2016-07-07,21.82189178466797,21.949265203600017,21.749106725944984,21.767301689126217,100558400
2016-07-08,21.99020004272461,22.037965059912924,21.846904991159676,21.946983331078552,115648400
2016-07-11,22.058443069458008,22.210836510938176,22.001579689622186,22.00612799646269,95179600
2016-07-12,22.158519744873047,22.222206447769825,22.090284735483287,22.101656369381995,96670000
2016-07-13,22.03342056274414,22.215382316531976,22.026595500252867,22.15624565760046,103568800
2016-07-14,22.470134735107422,22.515624747577967,22.13577776391744,22.151699441815403,155676000
2016-07-15,22.467853546142578,22.586130322629735,22.404166852033615,22.499696893197058,120548000
2016-07-18,22.706680297851562,22.774915297565876,22.42691176655933,22.4496567664641,145975600
2016-07-19,22.715778350830078,22.7453466767903,22.59522655576401,22.645266596106108,95119600
2016-07-20,22.736248016357422,22.849974748173135,22.686207976705354,22.745346363142545,105104000
2016-07-21,22.615697860717773,22.972799727665222,22.547461127789845,22.706679592844274,130808000
2016-07-22,22.44055938720703,22.586129464017173,22.360949287264944,22.577031117300013,113254800
2016-07-25,22.140321731567383,22.481501964223952,22.04479168290332,22.347305239005255,161531600
2016-07-26,21.987926483154297,22.28361668767847,21.93106311577136,22.02204485065051,224959200
2016-07-27,23.416336059570312,23.73477129206841,23.370846055784476,23.716574596421108,369379200
2016-07-28,23.73249053955078,23.75751055619003,23.38676208241241,23.389037102651976,159479200
2016-07-29,23.702932357788086,23.78026746102906,23.582382263500097,23.698384050695196,110934800
2016-08-01,24.121442794799805,24.144187796248808,23.74841921797252,23.74841921797252,152671600
2016-08-02,23.764339447021484,24.12598963346021,23.655161017241863,24.12144132758002,135266400
2016-08-03,24.062305450439453,24.073677083992887,23.830301913693987,23.839400261736206,120810400
2016-08-04,24.210952758789062,24.240681268089364,24.076027304846914,24.14463370444234,109634800
2016-08-05,24.579130172729492,24.618006307760453,24.281838181325405,24.302419048789062,162213600
2016-08-08,24.78266143798828,24.78266143798828,24.505952045252684,24.58827726386482,112148800
2016-08-09,24.883285522460938,24.91301577419259,24.70033804559322,24.750649168770092,105260800
2016-08-10,24.698049545288086,24.903866973778754,24.64316547926824,24.860416143116,96034000
2016-08-11,24.68204116821289,24.9107268079648,24.663745898296824,24.81696485819469,109938000
2016-08-12,24.739208221435547,24.79866696582525,24.647733632697385,24.647733632697385,74641600
2016-08-15,25.036502838134766,25.050223417235557,24.71634261616451,24.7300631952653,103472800
2016-08-16,25.01363754272461,25.2080217547957,24.97476139820366,25.07080895927889,135177600
2016-08-17,24.977046966552734,25.011350162991647,24.77580247796874,24.949604060454995,101424000
2016-08-18,24.94503402709961,25.063949811272032,24.93131170008234,24.97933722754291,87938800
2016-08-19,25.009061813354492,25.084528493542,24.780376172592096,24.87413637804353,101472400
2016-08-22,24.814680099487305,24.949603794044457,24.66374673466097,24.894719727168077,103280800
2016-08-23,24.892423629760742,24.999906125454377,24.819244318078415,24.83296489378997,85030800
2016-08-24,24.704906463623047,24.869560383942947,24.62486684811553,24.82839690386297,94700400
2016-08-25,24.599712371826172,24.670604356571072,24.396182307137458,24.558548889937846,100344800
2016-08-26,24.455644607543945,24.686615863863906,24.31157152765486,24.563127145006252,111065200
2016-08-29,24.42819595336914,24.569981654814587,24.30699286337945,24.38245953082941,99881200
2016-08-30,24.24068260192871,24.35502544439064,24.126339759466784,24.194946162837265,99455600
2016-08-31,24.263547897338867,24.371030435457087,24.15835270431955,24.16292739451736,118649600
2016-09-01,24.407621383666992,24.423629310159114,24.153780160196813,24.272695936319277,106806000
2016-09-02,24.636302947998047,24.698047298562003,24.428198193473584,24.629440913728413,107210000
2016-09-06,24.62944221496582,24.7666549918823,24.585993130693005,24.675180388848958,107521600
2016-09-07,24.780376434326172,24.871851040543895,24.48537174525884,24.659173322599212,169457200
2016-09-08,24.130903244018555,24.531103035721326,24.066871556503333,24.52653009149851,212008000
2016-09-09,23.5843505859375,24.176647329951983,23.5843505859375,23.929666407859465,186228000
2016-09-12,24.112611770629883,24.17664346358425,23.44713579442676,23.474578696292678,181171200
2016-09-13,24.686616897583008,24.878713763901224,24.524250284414737,24.585996391162194,248704800
2016-09-14,25.560184478759766,25.848328775198556,24.8352516664745,24.86498190614194,443554800
2016-09-15,26.429203033447266,26.465793578425636,25.953536417127733,26.038150743840305,359934400
2016-09-16,26.28055191040039,26.557261310484716,26.0793091861753,26.326290082769418,319547600
2016-09-19,25.974123001098633,26.568705489923925,25.89865629910692,26.342307128682275,188092000
2016-09-20,25.971830368041992,26.09760817908843,25.729424126461364,25.85291459237974,138057200
2016-09-21,25.967252731323242,26.067873217249353,25.713411554693913,26.035857370172934,144012800
2016-09-22,26.211944580078125,26.285123903628826,26.070158877378088,26.150198489897182,124296000
2016-09-23,25.775157928466797,26.250824472007036,25.509883496894744,26.166210158240865,209924800
2016-09-26,25.81403923034668,25.930669417027655,25.50988859840866,25.530469472375913,119477600
2016-09-27,25.862056732177734,25.882639345878555,25.690542511846697,25.84147586320979,98429600
2016-09-28,26.058731079101562,26.216524747781484,25.93981529984219,25.999274061838467,118564400
2016-09-29,25.65395164489746,26.024422958967328,25.56705174172525,25.87806430902848,143548000
2016-09-30,25.8529109954834,25.926090326801813,25.56705395990633,25.71798556742992,145516400
2016-10-03,25.73171043395996,25.852915302814093,25.676826362510184,25.7751612689215,86807200
2016-10-04,25.841480255126953,26.141057919239035,25.75686593061242,25.855200836770816,118947200
2016-10-05,25.8529109954834,25.99240936842364,25.770584029658572,25.932950616498402,85812400
2016-10-06,26.04500389099121,26.147911717233303,25.871202339482174,26.001553066930768,115117200
2016-10-07,26.083887100219727,26.198229935826134,25.9581110278926,26.14105851802293,97433600
2016-10-10,26.53896141052246,26.69904061352427,26.234809180086568,26.303413805059147,144944000
2016-10-11,26.596139907836914,27.142698433019806,26.57326994867143,26.916298399358585,256164000
2016-10-12,26.83397102355957,26.980331432114724,26.69904733914617,26.83625836838792,150347200
2016-10-13,26.75164794921875,26.856843138239455,26.46350354336801,26.708197117656685,140769600
2016-10-14,26.900287628173828,27.023778066721302,26.785944823377953,26.957459030571766,142608800
2016-10-17,26.881994247436523,26.948311539203715,26.705905350070164,26.83168313390328,94499600
2016-10-18,26.86370277404785,27.032929661416194,26.859128084135385,27.02606937128049,98214000
2016-10-19,26.783660888671875,26.930019548331323,26.024424687413664,26.813389391663282,80138400
2016-10-20,26.769941329956055,26.843120667344646,26.603001784381934,26.72420489836307,96503200
2016-10-21,26.664743423461914,26.735637153357494,26.59156409353278,26.712767195159202,92770800
2016-10-24,26.904870986938477,26.92545186096177,26.756224943859266,26.77909316324069,94154800
2016-10-25,27.04207420349121,27.067229760933547,26.827109165250445,26.97346782051524,192516000
2016-10-26,26.43377113342285,26.458926692300718,25.912368176196,26.141053806189035,264536800
2016-10-27,26.179931640625,26.495517181324974,26.09302998476012,26.38803465627076,138248000
2016-10-28,26.00613784790039,26.346879049292614,25.94439173240824,26.040441051536764,151446800
2016-10-31,25.964969635009766,26.122763296228115,25.887215604578586,25.990125196790462,105677600
2016-11-01,25.496166229248047,26.017569305696814,25.276628183624002,25.94667730250362,175303200
2016-11-02,25.519025802612305,25.69282735078854,25.436700590036935,25.475576724117772,113326800
2016-11-03,25.245494842529297,25.620165575193028,25.181134398016813,25.50983388565465,107730400
2016-11-04,25.017940521240234,25.3420436904821,24.850143844404315,24.946684542339323,123348000
2016-11-07,25.378816604614258,25.401802229569288,25.160448783314564,25.302962463940972,130240000
2016-11-08,25.528226852416992,25.67993515045531,25.215617408299515,25.355832015750337,97016800
2016-11-09,25.486846923828125,25.587985768958156,24.8363452030517,25.256987187580318,236705600
2016-11-10,24.776582717895508,25.535118842363453,24.326057817339162,25.535118842363453,228538000
2016-11-11,24.923690795898438,25.024829639098517,24.49155513132728,24.622575108340758,136575600
2016-11-14,24.298473358154297,24.781178470419228,23.92380260629485,24.758192846728647,204702000
2016-11-15,24.620277404785156,24.751297389168002,24.401911348710634,24.496152932155507,129058000
2016-11-16,25.28227424621582,25.337441850694617,24.50304980828329,24.526035433304067,235362000
2016-11-17,25.273080825805664,25.365025083873647,25.01563900764434,25.240900598535497,110528000
2016-11-18,25.298362731933594,25.40869618010387,25.20642023776414,25.220211261151423,113715600
2016-11-21,25.682228088378906,25.741990354786033,25.286869077055236,25.31215378733923,117058400
2016-11-22,25.69832420349121,25.84083614527255,25.60637994040234,25.73280176766995,103862000
2016-11-23,25.567302703857422,25.631663158149788,25.360428562424204,25.597183842295777,109705600
2016-11-25,25.696022033691406,25.714411234842505,25.50293892898638,25.54431375473098,45903600
2016-11-28,25.64545249938965,25.85232662724157,25.604077673819265,25.6132722743561,108776000
2016-11-29,25.620166778564453,25.751186762101863,25.30066187566286,25.46386208296801,114115200
2016-11-30,25.40410041809082,25.790264892859526,25.34663547692697,25.652349384804452,144649200
2016-12-01,25.16734504699707,25.500642756715852,25.06160976609378,25.36962276149973,148347600
2016-12-02,25.261585235595703,25.30525739275054,25.020231812289612,25.09378685736632,106112000
2016-12-05,25.08000373840332,25.291474340432476,24.882324163643972,25.28457882679757,137298000
2016-12-06,25.273080825805664,25.367324172590333,25.09838866453644,25.16964463153597,104782000
2016-12-07,25.521326065063477,25.558104464389725,25.091489483504244,25.114475106237848,119994800
2016-12-08,25.771875381469727,25.84313134162784,25.422487585094927,25.48225161015469,108273200
2016-12-09,26.192522048950195,26.364916889343522,25.81555213825206,25.81555213825206,137610400
2016-12-12,26.043107986450195,26.433868824113034,25.8569204135273,26.040808898127786,105497600
2016-12-13,26.4775447845459,26.645341417576397,26.146546188104477,26.167232723536717,174935200
2016-12-14,26.4775447845459,26.709701866064297,26.429274448179974,26.443065471801468,136127200
2016-12-15,26.622358322143555,26.831531553286478,26.486741900476627,26.521219462804925,186098000
2016-12-16,26.656835556030273,26.77866094325025,26.583280505990434,26.771765431323193,177404400
2016-12-19,26.810842514038086,26.980938246977622,26.60626746604154,26.617761155624148,111117600
2016-12-20,26.88210105895996,27.008524641738106,26.82003968885404,26.833830714724026,85700000
2016-12-21,26.907386779785156,26.985540021244297,26.843026318401776,26.84762449632404,95132800
2016-12-22,26.730388641357422,26.780958063359915,26.58097946372022,26.744179664197883,104343600
2016-12-23,26.78325653076172,26.78325653076172,26.56948689924078,26.56948689924078,56998000
2016-12-27,26.953351974487305,27.07747643702863,26.77635900331725,26.78325451451001,73187600
2016-12-28,26.838428497314453,27.128050558465752,26.709705827556252,27.01312066806544,83623600
2016-12-29,26.83152961730957,26.918875691723734,26.755675478278704,26.767167413662005,60158000
2016-12-30,26.622358322143555,26.93956417139991,26.532713152708265,26.813142350917477,122345200
2017-01-03,26.698211669921875,26.739586497171988,26.37870674148132,26.61776110407188,115127600
2017-01-04,26.668333053588867,26.78096561752515,26.6062716796104,26.629257308724977,84472400
2017-01-05,26.80394744873047,26.861412390220124,26.620058934487233,26.645343649037947,88774400
2017-01-06,27.102764129638672,27.160229067489293,26.771765526438056,26.843021488191795,127007600
2017-01-09,27.35101890563965,27.45215778545716,27.109667152017696,27.111964487510846,134247600
2017-01-10,27.378599166870117,27.440660537275928,27.19241330196169,27.300445927950253,97848400
2017-01-11,27.525705337524414,27.567080163085443,27.261366271645112,27.293546496671386,110354400
2017-01-12,27.410776138305664,27.422269827680637,27.17172177957063,27.330325573753196,108344800
2017-01-13,27.362504959106445,27.49582403552166,27.309636444772575,27.378595071522714,104447600
2017-01-17,27.58316993713379,27.638335785974654,27.174019863656817,27.201601911231894,137759200
2017-01-18,27.580873489379883,27.698102463870374,27.51651303395479,27.583172578128174,94852000
2017-01-19,27.5325984954834,27.603854451421988,27.438356917018545,27.445252428407365,102389200
2017-01-20,27.58316993713379,27.686606122921752,27.52110857639915,27.686606122921752,130391600
2017-01-23,27.6015625,27.769359155489322,27.530304776473134,27.583173296916232,88200800
2017-01-24,27.576274871826172,27.606156008413322,27.468240507232313,27.47973419636854,92844000
2017-01-25,28.015310287475586,28.065879721349187,27.647534977973493,27.67971520794924,129510400
2017-01-26,28.029096603393555,28.14402647071442,27.950943381696252,27.96703349297355,105350400
2017-01-27,28.031396865844727,28.12334112004273,27.950946301055517,28.075070781169206,82251600
2017-01-30,27.95784568786621,27.95784568786621,27.734883164176253,27.79694453598871,121510000
2017-01-31,27.893482208251953,27.902676809319985,27.725685561410188,27.847510956602637,196804000
2017-02-01,29.594444274902344,29.994401522323454,29.19448878117204,29.199085204775255,447940000
2017-02-02,29.54387855529785,29.74155811517505,29.3714837126392,29.417456722896123,134841600
2017-02-03,29.6702938079834,29.69557851810031,29.458823281269733,29.493300837165034,98029200
2017-02-06,29.948429107666016,29.996701204576585,29.628924154671164,29.68179442923557,107383600
2017-02-07,30.23345375061035,30.362174654170975,29.985204790579903,30.005891327070383,152735200
2017-02-08,30.35068130493164,30.3920578857579,30.162198124714433,30.1920810160122,92016400
2017-02-09,30.569992065429688,30.57691747290408,30.26987815871774,30.392231720882286,113399600
2017-02-10,30.50074577331543,30.69004970801561,30.484587657415357,30.57923962476545,80262000
2017-02-13,30.770837783813477,30.89319487594774,30.646176919165736,30.722359928568,92141600
2017-02-14,31.17023277282715,31.186390889422167,30.76161594986976,30.81240464074985,132904800
2017-02-15,31.283342361450195,31.45879543989374,31.07788035321102,31.285653179380226,142492400
2017-02-16,31.246410369873047,31.373378552381876,31.12867136942429,31.3202825748279,90338400
2017-02-17,31.33183479309082,31.357229141157983,31.188704934488385,31.188704934488385,88792800
2017-02-21,31.558061599731445,31.56960512147816,31.391844749825925,31.449558835971224,98028800
2017-02-22,31.652706146240234,31.655013441014837,31.421849855631695,31.495722036880956,83347600
2017-02-23,31.51880645751953,31.738119210867477,31.465710501413366,31.715035697276043,83152800
2017-02-24,31.548828125,31.548828125,31.230245250034194,31.37568587079479,87106400
2017-02-27,31.611143112182617,31.728882048515988,31.461087965882687,31.65962447230577,81029600
2017-02-28,31.625017166137695,31.728901833939823,31.558066842437338,31.645793395180352,93931600
2017-03-01,32.27141571044922,32.35452415819691,31.765843136122427,31.832789944474264,145658400
2017-03-02,32.07979202270508,32.38452049769571,32.03361794603871,32.31988101746778,104844000
2017-03-03,32.26909637451172,32.28063989511755,31.99437678799724,32.038240052746666,84432400
2017-03-06,32.16753387451172,32.266803970429166,31.99670237202378,32.17445928555369,87000000
2017-03-07,32.20907211303711,32.315264038884955,32.040544476985474,32.102876664601666,69785200
2017-03-08,32.08903121948242,32.27371699576687,32.047478769177225,32.07748769797936,74828800
2017-03-09,32.015159606933594,32.040553948462716,31.638866120296644,32.02901394806746,88623600
2017-03-10,32.121341705322266,32.17213036722245,32.00591356874678,32.14673603627236,78451200
2017-03-13,32.13519287109375,32.188288828177306,32.047469881692045,32.054395288155675,69686800
2017-03-14,32.08673095703125,32.23909349746687,32.052100384931684,32.158295874412474,61236400
2017-03-15,32.42609405517578,32.49304086652449,32.09596754535377,32.183694111511535,102767200
2017-03-16,32.47917175292969,32.55535475075194,32.379901717250725,32.48609715976922,76928000
2017-03-17,32.317562103271484,32.550725607220535,32.29447507323897,32.550725607220535,175540000
2017-03-20,32.65694046020508,32.66617316416422,32.37298461657809,32.412229772933976,86168000
2017-03-21,32.28295135498047,32.96628770549994,32.25755701540671,32.806996259318026,158119600
2017-03-22,32.647708892822266,32.68926487303964,32.26448645594441,32.2852662073475,103440800
2017-03-23,32.53227615356445,32.68464218874113,32.460711249263134,32.61076646650214,81385200
2017-03-24,32.46764373779297,32.72158718512899,32.400696932180246,32.66618038136774,89582400
2017-03-27,32.523048400878906,32.601538725765934,32.00131072025473,32.17907112168971,94300400
2017-03-28,33.1971435546875,33.25254682376394,32.46301853612975,32.52996884971488,133499200
2017-03-29,33.27102279663086,33.35644205885118,33.05632803833963,33.169445418372575,116760000
2017-03-30,33.227149963378906,33.35873976262738,33.127883432090165,33.287174863774936,84829200
2017-03-31,33.164833068847656,33.305655621391836,33.01477428715244,33.1786838899849,78646800
2017-04-03,33.17406463623047,33.271023903450974,33.02400938227737,33.176375454733524,79942800
2017-04-04,33.42106246948242,33.44876409405383,33.051691036457456,33.07015996036741,79565600
2017-04-05,33.247928619384766,33.58036228806485,33.19944724162395,33.29409917945968,110871600
2017-04-06,33.164833068847656,33.36336972452324,33.116351672277986,33.310270213378054,84596000
2017-04-07,33.09095001220703,33.28486851044707,33.07479189864796,33.18098385228909,66688800
2017-04-10,33.051692962646484,33.21560247028275,32.98936078114117,33.15096299412437,75733600
2017-04-11,32.69618225097656,33.09325540952474,32.33373613194622,32.99860347139208,121517600
2017-04-12,32.73542785644531,32.816225457301364,32.55304938555892,32.68925729558643,81400000
2017-04-13,32.56227493286133,32.86931416963554,32.56227493286133,32.76081144977597,71291600
2017-04-17,32.74233627319336,32.75387978806471,32.520712764456434,32.66153519168009,66328400
2017-04-18,32.596920013427734,32.79083852638514,32.576143784737035,32.645401402961475,58790000
2017-04-19,32.47686767578125,32.78159973031379,32.423771704796266,32.75389809720652,69313600
2017-04-20,32.8831901550293,32.99400025410074,32.58769420911243,32.60154503117267,93278400
2017-04-21,32.843929290771484,32.93857770381926,32.74697006009152,32.88317444205234,69283600
2017-04-24,33.16020584106445,33.23177074566537,33.05401037054841,33.12788609309667,68537200
2017-04-25,33.365657806396484,33.451073502614456,33.21329181645043,33.22252804028264,75486000
2017-04-26,33.16944122314453,33.381832181324775,33.10018713089948,33.35181972629284,80164800
2017-04-27,33.194847106933594,33.28026638805199,33.084036998222246,33.2248595724014,56985200
2017-04-28,33.16251754760742,33.31257630802334,33.07479451864811,33.264094918328645,83441600
2017-05-01,33.838924407958984,33.98205421858617,33.46493824595202,33.49725799424165,134411600
2017-05-02,34.053619384765625,34.187516492302215,33.898946050866904,34.060544793553,181408800
2017-05-03,33.949737548828125,34.0490076206691,33.30564982001212,33.61037839972,182788000
2017-05-04,33.827369689941406,33.96819215857823,33.66115289015409,33.82506239532307,93487600
2017-05-05,34.388370513916016,34.39298510560086,33.880483621457344,33.880483621457344,109310800
2017-05-08,35.323326110839844,35.48261754362255,34.40451889529334,34.40451889529334,195009600
2017-05-09,35.54957580566406,35.75503784632037,35.42491138577573,35.52187064425062,156521600
2017-05-10,35.381046295166016,35.53803045983033,35.11556287647219,35.466465548143574,103222800
2017-05-11,35.68702697753906,35.71484648783434,35.30686001669652,35.3393131644345,109020400
2017-05-12,36.185420989990234,36.259598101766585,35.85393196303185,35.860885956725625,130108000
2017-05-15,36.09269714355469,36.312915209144016,35.942022555816784,36.16455744038748,104038800
2017-05-16,36.039390563964844,36.176157196019886,35.86553359663516,36.14834121312843,80194000
2017-05-17,34.829322814941406,35.83073998404707,34.70414743736656,35.60588483831159,203070800
2017-05-18,35.36017990112305,35.54562800048504,35.03333156105277,35.065784713156496,134272800
2017-05-19,35.480716705322266,35.6939807515945,35.381040443999204,35.55489734948363,107843200
2017-05-22,35.696311950683594,35.833078575632115,35.445957506282014,35.69862877009448,91865600
2017-05-23,35.65226364135742,35.90725169611106,35.53867583458658,35.90725169611106,79675600
2017-05-24,35.54561996459961,35.73802201469214,35.39030823342003,35.66152455835698,76712000
2017-05-25,35.66847610473633,35.77974705384383,35.47375724948908,35.63602296219512,76942400
2017-05-26,35.60820770263672,35.754248615544256,35.538664242341355,35.6986131398825,87710400
2017-05-30,35.62212371826172,35.798297458551254,35.54330942948441,35.56417141113815,80507600
2017-05-31,35.41116714477539,35.73801891977638,35.32308206639466,35.69165779371381,97804800
2017-06-01,35.508544921875,35.54331843723868,35.28600998691513,35.50622810236903,65616400
2017-06-02,36.034732818603516,36.034732818603516,35.44130194146482,35.60125082604754,111082800
2017-06-05,35.68238830566406,35.80293007954459,35.573441236287195,35.77743092616847,101326800
2017-06-06,35.80293655395508,36.11819726310274,35.647624786988494,35.67544076401883,106499600
2017-06-07,36.01618957519531,36.157593310239754,35.80987955558561,35.93505848805235,84278400
2017-06-08,35.9281120300293,36.05560427043574,35.79134190296804,35.98838115344194,85003200
2017-06-09,34.534942626953125,35.97447969049698,33.84878919690239,35.97447969049698,259530800
2017-06-12,33.70970916748047,33.86502097948897,33.03514323183766,33.78388984391223,289229200
2017-06-13,33.98091125488281,34.180267317025965,33.64710542644517,34.113044202442644,136661600
2017-06-14,33.64943313598633,34.19186595717574,33.34344321400546,34.19186595717574,126124800
2017-06-15,33.447757720947266,33.491802047804654,32.965597556215656,33.222905985162065,128661600
2017-06-16,32.979496002197266,33.49642952980472,32.963267660313086,33.32952662218773,201444400
2017-06-19,33.92295455932617,34.01568035362184,33.30170765461845,33.30170765461845,130165600
2017-06-20,33.614646911621094,34.045812114992096,33.59842210881329,34.045812114992096,99600400
2017-06-21,33.814002990722656,33.860367655102756,33.52192470561531,33.732871902312034,85063200
2017-06-22,33.75838088989258,34.00641493839107,33.64015591325134,33.79083404213897,76425200
2017-06-23,33.909053802490234,34.11304705629635,33.637837428477,33.642474603462084,141757600
2017-06-26,33.80241775512695,34.37266638125484,33.70042114567253,34.11535803908664,102769600
2017-06-27,33.31792068481445,33.88121863259259,33.292421542534356,33.614636047459534,99047600
2017-06-28,33.80473709106445,33.869643386073044,33.18580693265038,33.49411360250508,88329600
2017-06-29,33.30634689331055,33.642473090615525,32.98181540151095,33.545113643075645,125997600
2017-06-30,33.38515853881836,33.60305973033516,33.32952306317769,33.484834786739654,92096400
2017-07-03,33.26462173461914,33.681879021294286,33.171899465192595,33.584519577258064,57111200
2017-07-05,33.401390075683594,33.563655824273084,33.08381257222072,33.30866780138332,86278400
2017-07-06,33.08613586425781,33.26462999119196,33.01195873773074,33.15336253283698,96515200
2017-07-07,33.422264099121094,33.55439710159192,33.125548469897744,33.125548469897744,76806800
2017-07-10,33.626251220703125,33.83256132387614,33.23449299917569,33.40603312765104,84362400
2017-07-11,33.735198974609375,33.809379630463184,33.468619759032514,33.54975087210322,79127200
2017-07-12,33.78387451171875,33.885867589830724,33.57061046945743,33.814007302855764,99538000
2017-07-13,34.25444793701172,34.42135085110845,33.714332053494225,33.72824004014765,100797600
2017-07-14,34.54884338378906,34.616070036028844,34.15245161224831,34.30080936637297,80528400
2017-07-17,34.66938400268555,34.980007487299616,34.4398951543656,34.49784745539633,95174000
2017-07-18,34.78992462158203,34.80151578882803,34.46307280573411,34.58593139686089,71475200
2017-07-19,35.0078239440918,35.100546202803784,34.7597864194897,34.88264500399043,83692000
2017-07-20,34.85019302368164,35.17472801426754,34.81542305978523,35.119092534905725,68974800
2017-07-21,34.83396911621094,34.87337625535041,34.511754473009255,34.76906282384856,105010400
2017-07-24,35.25586700439453,35.33700165449248,34.74820419505378,34.905836319982505,85972800
2017-07-25,35.406551361083984,35.6615394515635,35.188650067878356,35.188650067878356,75415600
2017-07-26,35.57343673706055,35.6823837926581,35.48071094690796,35.54793758690949,63124000
2017-07-27,34.901206970214844,35.696314693216294,34.14550994012845,35.64067918892076,129905200
2017-07-28,34.65548324584961,34.82470300976447,34.58362294352118,34.7458887128319,68854800
2017-07-31,34.47697448730469,34.84787054859077,34.33789111716764,34.748190773055256,79383600
2017-08-01,34.78297424316406,34.82238138619338,34.402807263032315,34.56275619111648,141474400
2017-08-02,36.426490783691406,37.0315128248501,36.19931880026317,36.92256223810729,279747200
2017-08-03,36.06257247924805,36.44273956847278,35.935076663962214,36.405649233638904,108389200
2017-08-04,36.252647399902344,36.48677346215096,36.090381637099924,36.178470281390524,82239600
2017-08-07,36.81361770629883,36.83911685924383,36.31754617029138,36.40795161489137,87481200
2017-08-08,37.1080207824707,37.5136869220667,36.68844665545762,36.76494412337966,144823600
2017-08-09,37.33518600463867,37.38386748882659,36.883158810582536,36.917928772768626,104526000
2017-08-10,36.145992279052734,37.23511776931683,35.98541526550975,37.21184440030399,163217200
2017-08-11,36.64866256713867,36.90232949808078,36.32053080044579,36.443871840263014,105028400
2017-08-14,37.200225830078125,37.28400501989793,36.94423287479012,37.076884738262706,88490800
2017-08-15,37.607479095458984,37.74710868888899,37.26770700451105,37.388722159631754,117862000
2017-08-16,37.45620346069336,37.81924531879083,37.27002714727937,37.686597048032674,110686400
2017-08-17,36.73710250854492,37.400354541802336,36.73244712399428,37.356137266116114,111762400
2017-08-18,36.65333557128906,37.1187747531467,36.471814574446114,36.7371147660642,109712400
2017-08-21,36.58583450317383,36.744082060180695,36.09712212814853,36.653321596363746,105474000
2017-08-22,37.18391799926758,37.23511656863084,36.77433299537892,36.82320209730548,86418400
2017-08-23,37.230472564697266,37.34450642241073,36.974483190652286,37.01870047325585,77596400
2017-08-24,37.06523132324219,37.40732923138063,36.89767301921449,37.335183212160295,79275600
2017-08-25,37.20254135131836,37.365444299606544,37.06523769140532,37.153668691322935,101920400
2017-08-28,37.57722854614258,37.70056963184427,37.21883842650392,37.26771109773419,103864000
2017-08-29,37.91233825683594,37.961207367983214,37.23512359422168,37.25839696687532,118067600
2017-08-30,38.014732360839844,38.1403993304265,37.84251864968543,38.11945542733169,109078400
2017-08-31,38.1660041809082,38.28701933479134,38.04498902702507,38.08222500529962,107140400
2017-09-01,38.177635192871094,38.38475540858457,38.0798934276935,38.35217482019203,66364400
2017-09-05,37.71918487548828,38.224185869992446,37.365450167215954,38.107826095654566,117874000
2017-09-06,37.67961883544922,37.93095634650661,37.35613884039739,37.86579516412337,86606800
2017-09-07,37.528358459472656,37.75642620622918,37.3189122563899,37.72151613836938,87714000
2017-09-08,36.916297912597656,37.5027485354411,36.89302454061996,37.43526143833459,114446000
2017-09-11,37.584197998046875,37.712194428986784,37.20951947348694,37.35147850579891,126323200
2017-09-12,37.43527603149414,38.156708231818,36.94889290631148,37.8425353427371,286856000
2017-09-13,37.153663635253906,37.225809657051606,36.748734011902265,37.204862205036804,179629600
2017-09-14,36.8348388671875,37.09548354744911,36.79062159799653,37.00007125979313,95042800
2017-09-15,37.20719909667969,37.460862528753474,36.76968524978679,36.879063711510014,196458400
2017-09-18,36.92560958862305,37.35148677989925,36.769687920399264,37.260726299857986,113077600
2017-09-19,36.9395751953125,37.181605529105575,36.87208808457367,37.12109617014794,83242400
2017-09-20,36.3205451965332,36.830198074813886,35.79925207846514,36.746418887106856,211805600
2017-09-21,35.69684600830078,36.25770088768065,35.547905661807576,36.25770088768065,150046800
2017-09-22,35.3477668762207,35.43620142795852,35.0382494961563,35.26631362582871,186581600
2017-09-25,35.03592300415039,35.33380369340839,34.712443026705316,34.905600646477254,177549200
2017-09-26,35.638671875,35.820192840580866,35.30122923647242,35.3221731438044,146640000
2017-09-27,35.89232635498047,36.00636018473851,35.73174933689874,35.79225867763542,102016800
2017-09-28,35.67124938964844,35.90396892040085,35.53627163568985,35.81320844544814,88022000
2017-09-29,35.86672592163086,35.86905538913401,35.373361749347154,35.65495388887849,105199200
2017-10-02,35.794586181640625,35.94352652149234,35.54092277566186,35.899309247767675,74795200
2017-10-03,35.95051956176758,36.09247864696727,35.81787124829647,35.84114107558,64921200
2017-10-04,35.717796325683594,35.80623089295552,35.480424936193586,35.7527063895629,80655200
2017-10-05,36.162296295166016,36.17393298465975,35.85045290244079,35.880704033901615,85135200
2017-10-06,36.14134979248047,36.18556707877376,35.9691360329747,36.064551908552986,69630400
2017-10-09,36.26700973510742,36.47412996923933,36.185560032391976,36.260028433475185,65051600
2017-10-10,36.280982971191406,36.7696955347829,36.0948101384129,36.31821895815477,62468000
2017-10-11,36.4322395324707,36.53230721599602,36.24606321665989,36.29726179228331,67622400
2017-10-12,36.30425262451172,36.623077296490706,36.24141734683788,36.38570589375628,64500400
2017-10-13,36.5346565246582,36.60214365589332,36.39967871116817,36.47414714732348,65576800
2017-10-16,37.20719909667969,37.23512430358156,36.688231994965435,36.746411876689784,96486000
2017-10-17,37.34450912475586,37.43759553095936,37.05593558389495,37.18393205568885,75989200
2017-10-18,37.17926025390625,37.40034658530376,37.14202783847575,37.33285595224014,65496800
2017-10-19,36.29959487915039,36.555587807833106,36.07618609686236,36.47878992922829,170336800
2017-10-20,36.362430572509766,36.71150990600586,36.29494346381537,36.446209754589574,95896400
2017-10-23,36.34380340576172,36.69753803534452,36.18788176895651,36.5113617276158,87937200
2017-10-24,36.56023025512695,36.634698639197,36.350780600956746,36.37172450106857,71028800
2017-10-25,36.399658203125,36.66495829367814,36.13435811257186,36.51601795426265,84828400
2017-10-26,36.63237380981445,36.73011556425382,36.485759402646686,36.59048245733048,68002000
2017-10-27,37.944923400878906,38.07291986379571,36.932591936286045,37.069895618770204,177816800
2017-10-30,38.79899978637695,39.11317256791725,38.10084120608133,38.140403099509236,178803200
2017-10-31,39.33890151977539,39.48086055249378,38.850192715266076,39.073601439893864,144187200
2017-11-01,38.83856964111328,39.548365053447924,38.5406888698743,39.532072978746015,134551200
2017-11-02,39.12247848510742,39.21323895548593,38.46388182014831,38.7710732897482,165573600
2017-11-03,40.144126892089844,40.553712067810444,39.82297274062707,40.493206256368886,237594400
2017-11-06,40.551368713378906,40.72358240407171,39.96258872288441,40.11385496195347,140105200
2017-11-07,40.681697845458984,40.78409500021298,40.40010922090348,40.47225170238434,97446000
2017-11-08,41.014495849609375,41.014495849609375,40.57000064516862,40.64679852481168,97638000
2017-11-09,40.93071365356445,40.981912236223316,40.293060838370266,40.75151861425842,117930400
2017-11-10,40.795249938964844,40.96107636396165,40.70182890986884,40.89801520924075,100582000
2017-11-13,40.63176345825195,40.75554793191091,40.498634742929674,40.521991783303974,67928400
2017-11-14,40.01750946044922,40.51731947358667,39.98013962153816,40.41455419847325,99130000
2017-11-15,39.48967361450195,39.77928451865942,39.32618502497111,39.69753844200202,116632400
2017-11-16,39.961456298828125,40.1412919576405,39.774610677253996,39.98013765358011,94550000
2017-11-17,39.73957061767578,40.029181476503545,39.62045828475755,39.94743541264098,87598000
2017-11-20,39.699859619140625,39.83532256684315,39.601766497793854,39.77226143034066,65049600
2017-11-21,40.43790054321289,40.568691381024394,39.88670803830507,39.88670803830507,100525200
2017-11-22,40.86297607421875,40.87231674998271,40.41688307609669,40.489284895562776,102355600
2017-11-24,40.86532211303711,40.98910659428749,40.79058243028295,40.89568555462902,56106800
2017-11-27,40.6597785949707,40.89100040556646,40.484611528581425,40.88399400801354,82867200
2017-11-28,40.421566009521484,40.84196424324617,40.13896149003983,40.708839086242456,105715200
2017-11-29,39.58308792114258,40.386521497492396,39.041239607375275,40.31879179469024,166665600
2017-11-30,40.13661575317383,40.204345451649964,39.340188625783696,39.804962967086695,166108800
2017-12-01,39.949771881103516,40.094575523647414,39.35420310942091,39.69285874389665,159037200
2017-12-04,39.657840728759766,40.31646731402012,39.61813660516114,40.28376959083393,130169600
2017-12-05,39.620460510253906,40.05954716131824,39.33084963515859,39.48499753144079,109400800
2017-12-06,39.473323822021484,39.75125621208925,38.877758487629464,39.120655316755084,114240000
2017-12-07,39.545711517333984,39.80729314909183,39.449952682928895,39.47797826810797,102693200
2017-12-08,39.55739974975586,39.9380973739062,39.428946732036295,39.81898503312158,93420800
2017-12-11,40.3281364440918,40.379519077673,39.42193752142367,39.517696389805344,141095200
2017-12-12,40.10158157348633,40.262735852355064,40.04553039042469,40.206681105510164,77636800
2017-12-13,40.234703063964844,40.531316691365525,40.17164193051711,40.28841995938489,95273600
2017-12-14,40.22303009033203,40.435566987462984,40.089901408464364,40.265068475900904,81906000
2017-12-15,40.63176345825195,40.67847397521654,40.279094956817715,40.55235522303376,160677200
2017-12-18,41.20396423339844,41.38613769523844,40.83961730971844,40.84428942929417,117684400
2017-12-19,40.764892578125,40.963416749280206,40.659793013777566,40.879336385045384,109745600
2017-12-20,40.720516204833984,40.970419432330885,40.463603014151154,40.841962836989474,93902400
2017-12-21,40.87465286254883,41.110546810628996,40.66211951438505,40.67846658865148,83799600
2017-12-22,40.87465286254883,40.97041172139755,40.75554053135045,40.79757891984987,65397600
2017-12-26,39.83766174316406,40.047860786838285,39.62979341351382,39.89137864298607,132742000
2017-12-27,39.84468460083008,39.88672300141848,39.63681974909053,39.72790651414979,85992800
2017-12-28,39.956787109375,40.13662634516373,39.8166519919685,39.93810218946852,65920800
2017-12-29,39.52471160888672,39.84234815837053,39.522377330033464,39.82600107882872,103999600
2018-01-02,40.23237609863281,40.24172033918654,39.5317077360136,39.741910383069516,102223600
2018-01-03,40.225372314453125,40.767224260711025,40.16231472364331,40.29543986802562,118071600
2018-01-04,40.41220474243164,40.51496997894973,40.1903271983763,40.29776099016692,89738400
2018-01-05,40.8723258972168,40.95874053156003,40.41689212140461,40.50797887656705,94640000
2018-01-08,40.720516204833984,41.014795671065556,40.622419485639426,40.720516204833984,82271200
2018-01-09,40.7158317565918,40.88632669672445,40.500960591160094,40.767214379171435,86336000
2018-01-10,40.70649719238281,40.70883503455394,40.405211346362094,40.44258118326222,95839600
2018-01-11,40.93771743774414,40.98676579221811,40.7532096664602,40.776563140765795,74670800
2018-01-12,41.36045455932617,41.42351571282372,41.024133159050905,41.147917623904476,101672400
2018-01-16,41.15025329589844,41.897632166104536,41.13857477715793,41.54963226482539,118263600
2018-01-17,41.829898834228516,41.86493082363039,40.88866803861023,41.1409054898702,137547200
2018-01-18,41.86726379394531,42.063453619817594,41.63137342384646,41.89295510663197,124773600
2018-01-19,41.68042755126953,41.942009270329734,41.43519290775877,41.71545954443522,129700400
2018-01-22,41.33944320678711,41.52161673920579,41.24602216177707,41.40951077243685,108434400
2018-01-23,41.34877014160156,41.909306916694824,41.29739107857335,41.4094970080787,130756400
2018-01-24,40.69014358520508,41.40949679304685,40.45191536793294,41.39781827541702,204420400
2018-01-25,39.96379852294922,40.860653408279866,39.828335509469404,40.757888117792795,166116000
2018-01-26,40.05720901489258,40.171652797102226,39.71855335232489,40.171652797102226,156572000
2018-01-29,39.228092193603516,39.74191500654441,39.02022736439535,39.74191500654441,202561600
2018-01-30,38.99686813354492,39.09028916200144,38.4666947094055,38.66054672904738,184192800
2018-01-31,39.104305267333984,39.34019926438187,38.88709975409863,38.97351439091905,129915600
2018-02-01,39.18605041503906,39.38223672499564,38.947822145072344,39.04358102152163,188923200
2018-02-02,37.48575973510742,38.95716410101793,37.392338706452456,38.770318479924185,346375200
2018-02-05,36.5491943359375,38.275173723461506,36.43475056721955,37.15877588220961,290954000
2018-02-06,38.07666015625,38.23781447548652,35.96764833446802,36.161500373275416,272975200
2018-02-07,37.26153564453125,38.163062260948806,37.15176756499472,38.090660445947215,206434400
2018-02-08,36.236236572265625,37.602541525249535,36.208210973651525,37.43671508461974,217562000
2018-02-09,36.679466247558594,37.02653773955902,35.23254959078114,36.834242677970956,282690400
2018-02-12,38.1568489074707,38.43356699722462,36.937402826016,37.16956734240408,243278000
2018-02-13,38.53909683227539,38.63524610322422,37.90826887268811,37.97862208504854,130196800
2018-02-14,39.249671936035156,39.28953793684467,38.196731451859186,38.234250078417645,162579600
2018-02-15,40.56760025024414,40.591048937964494,39.63191065718639,39.8171706769248,204588800
2018-02-16,40.43626403808594,40.99674230453712,40.2814912811856,40.419850317976305,160704400
2018-02-20,40.300254821777344,40.865417133804456,40.19941438696158,40.34715576848364,135722000
2018-02-21,40.11735534667969,40.83260313328711,40.10328183632004,40.53008885937035,149886400
2018-02-22,40.45268630981445,40.79272266748071,40.26742630638958,40.28853119697347,123967600
2018-02-23,41.156211853027344,41.191386671149125,40.696573952461684,40.727061180375976,135249600
2018-02-26,41.9699592590332,42.068452335634156,41.32271750780691,41.35554853334056,152648800
2018-02-27,41.83393096923828,42.32405240443321,41.77999506799937,42.00043341868747,155712400
2018-02-28,41.770633697509766,42.3569046783453,41.7542199707697,42.03797312163821,151128400
2018-03-01,41.038963317871094,42.15991300108843,40.490214610015975,41.869121344243176,195208000
2018-03-02,41.322715759277344,41.3438206508745,40.44096211943254,40.52304146895027,153816000
2018-03-05,41.46576690673828,41.681514152796034,40.92639700243722,41.088208331558874,113605600
2018-03-06,41.43058395385742,41.80110752428369,41.303951037077454,41.72137555526249,95154000
2018-03-07,41.04600143432617,41.23830002337251,40.86777635385295,41.02489653893735,126814000
2018-03-08,41.49391174316406,41.53612153235945,41.05538223439218,41.15152794699737,95096400
2018-03-09,42.20679473876953,42.21148590579753,41.59941921703099,41.73309063998911,128740800
2018-03-12,42.6148567199707,42.77197688165048,42.26075040737717,42.27950792605273,128828400
2018-03-13,42.2044677734375,43.03228195752703,42.03327768092932,42.818878501558245,126774000
2018-03-14,41.84567642211914,42.33345428800608,41.697934995814336,42.28655332708337,117473600
2018-03-15,41.894920349121094,42.267791390111284,41.75890863863255,41.859745523704035,90975200
2018-03-16,41.747169494628906,42.00512648336741,41.65336402555901,41.894907293655756,157618800
2018-03-19,41.10931396484375,41.61819664868472,40.72472041870842,41.5830218279429,133787200
2018-03-20,41.095237731933594,41.46107012477809,41.02488452292977,41.095237731933594,78597600
2018-03-21,40.16423797607422,41.06005783101249,40.161890602928786,41.04833170022349,148219600
2018-03-22,39.59674835205078,40.49491245635506,39.53812124674914,39.866431605112496,165963200
2018-03-23,38.6798210144043,39.84767199380596,38.6798210144043,39.48887438219271,164115200
2018-03-26,40.51601028442383,40.59339847247877,39.031571938963225,39.413821710118775,150164800
2018-03-27,39.47714614868164,41.07414789954992,39.144144625182754,40.7294202395115,163690400
2018-03-28,39.040958404541016,39.87112016511795,38.73844413544846,39.22153087897611,166674000
2018-03-29,39.34580993652344,40.27680835477367,39.13944144734554,39.35284490062601,153594000
2018-04-02,39.087852478027344,39.61784367192837,38.569590996327946,39.078473717905176,150347200
2018-04-03,39.48886489868164,39.57328805633437,38.66574179530286,39.31298361843127,121112000
2018-04-04,40.24397659301758,40.33777849821083,38.639940397345,38.66573645802015,138422000
2018-04-05,40.52303695678711,40.85838212475716,40.35419068618406,40.47144484197435,107732800
2018-04-06,39.48652267456055,40.4480048978712,39.44430930489733,40.09389852773458,140021200
2018-04-09,39.87813949584961,40.59104319567461,39.83123854873043,39.83827351188267,116070800
2018-04-10,40.62857437133789,40.80445564567269,40.22521969593166,40.56994727989296,113634400
2018-04-11,40.43861770629883,40.78568903885256,40.26508025086536,40.389369381678115,89726400
2018-04-12,40.83728790283203,41.03896524660504,40.579327261385,40.66609779258834,91557200
2018-04-13,40.975643157958984,41.235947570635815,40.76927824238423,40.98736929116872,100497200
2018-04-16,41.23124694824219,41.31801386560598,40.99908246599705,41.04598340569876,86313600
2018-04-17,41.798763275146484,41.96291837967504,41.3696126301064,41.38837372466865,106421600
2018-04-18,41.7049674987793,41.93478827686572,41.479841468316096,41.69793253397193,83018000
2018-04-19,40.52303695678711,41.13041262498573,40.49020593629834,40.74816293204926,139235200
2018-04-20,38.86272048950195,40.15251629639191,38.79471107037423,40.00712227776633,261964400
2018-04-23,38.75015640258789,39.14412866582664,38.48046968538976,39.12302377564878,146062000
2018-04-24,38.21080017089844,39.00578352253982,37.807445427107865,38.851007116089285,134768000
2018-04-25,38.37730026245117,38.79238115437606,38.086512121162166,38.135756883915896,113528400
2018-04-26,38.510963439941406,38.86506977787231,38.311629901195275,38.48751117244882,111852000
2018-04-27,38.06540298461914,38.53676355292393,37.66908323921262,38.45937535604153,142623200
2018-04-30,38.754852294921875,39.22386903924131,37.9528340915333,38.020843523315335,169709600
2018-05-01,39.655372619628906,39.678821313082864,38.757205001282635,39.024544439194806,214277600
2018-05-02,41.40715026855469,41.68386846538951,40.75756099293259,41.09290629028131,266157600
2018-05-03,41.4821891784668,41.62523944023905,40.9076443356587,41.24533699153512,136272800
2018-05-04,43.10966491699219,43.20815798204488,41.78234696631987,41.801108061327,224805200
2018-05-07,43.421566009521484,44.010180667150244,43.32541672929725,43.42625360003483,169805600
2018-05-08,43.63028335571289,43.67014934958215,43.072152284915745,43.38170505375531,113611200
2018-05-09,43.93749237060547,43.946871131806425,43.43564455597334,43.74754114603787,92844800
2018-05-10,44.565975189208984,44.643363391349325,44.00550025096308,44.026608726684444,111957200
2018-05-11,44.3964729309082,44.74252983037608,44.12810264072007,44.60834648133808,104848800
2018-05-14,44.29290008544922,44.61777077572134,44.22463197986959,44.49535516035443,83115200
2018-05-15,43.89033508300781,44.03864620212648,43.574882993810874,43.97037452197802,94780800
2018-05-16,44.299949645996094,44.365868491092186,43.786751806031575,43.80323241533357,76732400
2018-05-17,44.01981735229492,44.471809256839805,43.87150621770076,44.2575828606732,69176000
2018-05-18,43.859718322753906,44.21283720175255,43.81734578148735,44.06688254790863,73190800
2018-05-21,44.17047882080078,44.556555441924544,44.00098141717452,44.25758035606822,73603200
2018-05-22,44.059837341308594,44.46474743175638,43.97037937487337,44.347041093652074,60962800
2018-05-23,44.34233474731445,44.375292380464245,43.73026031211818,43.86915653021116,80233600
2018-05-24,44.29290008544922,44.45533543058528,43.83620244402389,44.438858408733466,92936000
2018-05-25,44.39411544799805,44.64600510130118,44.17517982802782,44.311719588330504,69844000
2018-05-29,44.234031677246094,44.43413384930617,43.99155695605987,44.16341076203586,90056400
2018-05-30,44.13986587524414,44.25757218424479,43.97036850291428,44.191656938573345,74762000
2018-05-31,43.99156951904297,44.31173093050286,43.81971925610215,44.07396539980083,109931200
2018-06-01,44.784908294677734,44.78961396182632,44.198729444569345,44.25522977936332,93770000
2018-06-04,45.159210205078125,45.53351546579196,45.0462131360557,45.1144812257264,105064800
2018-06-05,45.50762176513672,45.6559328937866,45.283980451471415,45.451125024403204,86264000
2018-06-06,45.66533660888672,45.688879306487344,45.18038721204892,45.58294435150717,83734400
2018-06-07,45.542930603027344,45.717133656482744,45.27926600539702,45.703009472917365,85388800
2018-06-08,45.128604888916016,45.199229403281045,44.674260192565555,45.00383647011967,106627200
2018-06-11,45.017967224121094,45.19217390602885,44.77784886919592,45.04621918925717,73234000
2018-06-12,45.26514434814453,45.34283095420171,44.99912690244376,45.05562723197043,67644400
2018-06-13,44.8931770324707,45.40637831042048,44.8319710565418,45.298086946119255,86553600
2018-06-14,44.91672134399414,45.097990037844376,44.780181615441705,45.09328078041541,86440400
2018-06-15,44.455326080322266,44.766072517330024,44.31878630576844,44.73546772189716,246876800
2018-06-18,44.43178939819336,44.544786475958205,44.06925186853399,44.22933435480383,73939600
2018-06-19,43.713775634765625,43.86443958736214,43.18645000462183,43.58429795860175,134314000
2018-06-20,43.90446472167969,44.06925287888817,43.72319595269414,43.86915425660373,82514800
2018-06-21,43.659629821777344,44.33997220811124,43.53721424311076,44.08101686710727,102847600
2018-06-22,43.532501220703125,43.822057737254866,43.48071015698018,43.814995646030056,108801600
2018-06-25,42.8851203918457,43.532505154775784,42.546125613973516,43.174676934564935,126652400
2018-06-26,43.41715621948242,43.911524254395744,42.972226424905315,43.07816499818118,98276800
2018-06-27,43.35359573364258,44.0880820733022,43.32299093878607,43.60548540849269,101141200
2018-06-28,43.669044494628906,43.836189048695495,43.26884372711666,43.33946823717454,69460800
2018-06-29,43.57723617553711,44.06689492297677,43.05932905932024,43.855021380811685,90950800
2018-07-02,44.06454849243164,44.0928004597291,43.17939801288904,43.2735652503592,70925200
2018-07-03,43.29709243774414,44.24580509220455,43.20763448482043,44.208138207593315,55819200
2018-07-05,43.64551544189453,43.8832845803696,43.381854353483995,43.61255780584322,66416800
2018-07-06,44.250526428222656,44.35881426089544,43.598432229846274,43.65022331229424,69940800
2018-07-09,44.86494445800781,44.88848356836496,44.56361654538464,44.610698358210996,79026400
2018-07-10,44.8108024597168,45.0297345151261,44.7707791453936,44.89555116325542,63756400
2018-07-11,44.22932815551758,44.67661073672415,44.16576573663476,44.375282843511165,75326000
2018-07-12,44.97087097167969,45.06032891369283,44.56596099177262,44.617752053768506,72164400
2018-07-13,45.04150390625,45.1615630676569,44.940274596265624,44.98265074224645,50055600
2018-07-16,44.942623138427734,45.352238789090364,44.8272696640545,45.086224977091796,60172400
2018-07-17,45.06975555419922,45.16862844586447,44.54007703963458,44.669554728283956,62138000
2018-07-18,44.822566986083984,45.152146850343286,44.71192275355339,45.14743759156633,65573600
2018-07-19,45.17097091674805,45.32869692797151,44.65541674710549,44.65541674710549,81147200
2018-07-20,45.06739807128906,45.30045429470257,44.76842300145352,45.14743750979245,82704800
2018-07-23,45.1074104309082,45.18980628140824,44.624813861075204,44.88847483529713,63957600
2018-07-24,45.43464279174805,45.59001600744331,45.211001486066,45.305165112002,74791600
2018-07-25,45.86308670043945,45.87014879141613,45.30044711048095,45.44875820521387,66839600
2018-07-26,45.71949005126953,46.13146216817286,45.578241031486534,45.813653669717006,76304000
2018-07-27,44.9591064453125,45.95019527251233,44.751945758003224,45.903113461401674,96096000
2018-07-30,44.70722579956055,45.24631929094277,44.50947999773488,45.17569476397284,84118000
2018-07-31,44.79667663574219,45.23219152416159,44.57303531146427,44.799033061459376,157492000
2018-08-01,47.43565368652344,47.496859688442385,46.449274010313836,46.877726800083444,271742800
2018-08-02,48.82221984863281,49.05527961998562,47.16491669534667,47.21906058852959,249616000
2018-08-03,48.96348190307617,49.14004140332828,48.372593809947276,48.737484162224085,133789600
2018-08-06,49.21772384643555,49.26009639869382,48.74689855230227,48.965830589860516,101701600
2018-08-07,48.756317138671875,49.318953263723905,48.67392126916684,49.27658070828396,102349600
2018-08-08,48.78926086425781,48.921091344207525,48.14658547844738,48.50676646549255,90102000
2018-08-09,49.173004150390625,49.384874135897284,48.7775089607689,49.32602096302181,93970400
2018-08-10,49.026527404785156,49.397423215315094,48.823362350385615,48.98636733184349,98444800
2018-08-13,49.34307861328125,49.83445457088549,49.06668031301187,49.447024012639176,103563600
2018-08-14,49.55097961425781,49.742332045788096,49.198983276632525,49.64783817493935,82992000
2018-08-15,49.66673278808594,49.78485191739147,49.21551684900846,49.42576875498392,115230400
2018-08-16,50.394344329833984,50.51009876327454,49.95730213317231,50.02344855362679,114001600
2018-08-17,51.400718688964844,51.488125687654055,50.356546060158145,50.42269248155154,141708000
2018-08-20,50.89989471435547,51.77869768428093,50.81720988532367,51.523563547511685,121150800
2018-08-21,50.800682067871094,51.30859657191745,50.56208268434248,51.21646377979151,104639200
2018-08-22,50.803035736083984,51.11250726288701,50.5171858711542,50.578610122385655,76072400
2018-08-23,50.906986236572266,51.27551736200739,50.696734319896585,50.708543349660324,75532800
2018-08-24,51.065269470214844,51.24008349724806,50.81721854555639,51.16921489424012,73905600
2018-08-27,51.48577117919922,51.67476252362456,51.105427405250616,51.29914091987179,82100400
2018-08-28,51.901554107666016,52.09999341575368,51.717288520911694,51.73854910291171,91107200
2018-08-29,52.67641067504883,52.796894504886076,51.83304188973848,52.00785590995711,109019200
2018-08-30,53.16069412231445,53.923742675038724,52.53938635946585,52.74019031767683,195175200
2018-08-31,53.77492141723633,54.06785458062129,53.389851863123376,53.510332089543624,173360400
2018-09-04,53.947383880615234,54.141097432089055,53.538692588900716,53.95919651777223,109560400
2018-09-05,53.595375061035156,54.25684293673854,53.177235919309275,54.09620264370011,133332000
2018-09-06,52.70476150512695,53.70877419122638,52.279531881836945,53.44418486745145,137160000
2018-09-07,52.279518127441406,53.241005795895745,52.14013844458319,52.409449867694455,150479200
2018-09-10,51.57789611816406,52.40945574431646,51.13849284121695,52.19683916241394,158066000
2018-09-11,52.88195037841797,52.988256903495206,51.15977097426585,51.502315823830614,142996000
2018-09-12,52.225196838378906,53.15361152271487,51.93462116666355,53.13943780306241,197114800
2018-09-13,53.48670196533203,53.94500473781186,52.57954796881852,52.80397358083536,166825600
2018-09-14,52.87957000732422,53.58828477062552,52.56773738592069,53.33078593842304,127997200
2018-09-17,51.47159194946289,52.66931802312977,51.32748647029409,52.48032669893483,148780400
2018-09-18,51.55662536621094,52.40944540082882,51.292036134598675,51.450315293886185,126286800
2018-09-19,51.587345123291016,51.88264293364041,50.86209557552189,51.618057249074425,108495200
2018-09-20,51.97950744628906,52.51104356592274,51.77161661043625,52.02911907019395,106435200
2018-09-21,51.41962814331055,52.293709113672655,51.33221752297712,52.156690470038114,384986800
2018-09-24,52.159034729003906,52.270066980187316,51.17628647863442,51.22117231694803,110773600
2018-09-25,52.48978042602539,52.63861168577063,51.901545851293584,51.91335848542905,98217600
2018-09-26,52.07164001464844,52.85831390102555,51.91572188840217,52.20865864637607,95938800
2018-09-27,53.14179992675781,53.493796258750265,52.80870308957469,52.87485312376238,120724800
2018-09-28,53.32841491699219,53.35203657520837,52.92208490670003,53.10398573332982,91717600
2018-10-01,53.687522888183594,54.197798558565914,53.47254874221805,53.85052791661497,94403200
2018-10-02,54.164710998535156,54.33480284363987,53.53868101635113,53.685147592248526,99152800
2018-10-03,54.82381057739258,55.15454267446678,54.2828229843168,54.34660831900594,114619200
2018-10-04,53.85996627807617,54.88996531394605,53.56230374089691,54.51906948736873,128168000
2018-10-05,52.985870361328125,53.959174308019705,52.10942855757086,53.85286782678433,134322000
2018-10-08,52.86302947998047,53.10635456732336,52.01965727271119,52.4944984197217,118655600
2018-10-09,53.595375061035156,53.689872531684166,52.50395540918603,52.83232645968275,107564000
2018-10-10,51.11250686645508,53.47252823327348,51.03927358720979,53.26227633927173,167962400
2018-10-11,50.661293029785156,51.854296937675905,50.15810799817568,50.677831437884706,212497600
2018-10-12,52.47088623046875,52.652790721334746,51.22590944484672,52.071642947462294,161351600
2018-10-15,51.3487548828125,52.40474032798749,51.32749430183293,52.246461106178046,123164000
2018-10-16,52.48033142089844,52.678774311748526,51.20700726110125,51.719643885984794,116736000
2018-10-17,52.25354766845703,52.59609246622275,51.81650539235959,52.51577231317345,91541600
2018-10-18,51.03219223022461,51.9109988853349,50.31875164361143,51.46686978304842,130325200
2018-10-19,51.809417724609375,52.27008165957751,51.36528859514771,51.51411986825671,132314800
2018-10-22,52.12596893310547,52.76617618297206,51.722003540271174,51.92280389191962,115168400
2018-10-23,52.61734390258789,52.74018880071451,50.72035106187289,50.98730143528951,155071200
2018-10-24,50.81248474121094,52.971702219608254,50.682552981710785,52.58663632017464,163702000
2018-10-25,51.9251708984375,52.298427786327714,51.20464347576049,51.431433794182205,119423200
2018-10-26,51.09833908081055,52.01730581697299,50.240792997824286,51.003841608951056,189033600
2018-10-29,50.13920974731445,51.89918406854014,48.68634228122267,51.78106493819332,183742000
2018-10-30,50.38962936401367,50.83375491022731,49.43758931750265,49.88171486371628,146640000
2018-10-31,51.70310974121094,52.07872773863771,51.17393470003853,51.23535895942081,153435600
2018-11-01,52.49687194824219,52.52994516393309,51.21882196206112,51.747997017825796,233292800
2018-11-02,49.014713287353516,50.47230292231517,48.53042413230621,49.50372821693035,365314800
2018-11-05,47.62327194213867,48.28473981849687,46.81533749201692,48.26347923934601,264654800
2018-11-06,48.138275146484375,48.36270079071048,47.64689909334055,47.701232888220325,127531600
2018-11-07,49.59823226928711,49.624218627473745,48.22332718492194,48.658004808488826,133697600
2018-11-08,49.4251708984375,49.81158038382015,49.01268077134279,49.77839177248752,101450400
2018-11-09,48.47217559814453,48.83725030122931,47.9458964943367,48.72820356356081,137463200
2018-11-12,46.03043746948242,47.37695470965315,45.940352537920646,47.175450083987386,204542000
2018-11-13,45.570526123046875,46.74398484568346,45.38561765122714,45.42829078480157,187531600
2018-11-14,44.283294677734375,46.1039337207125,44.07704775470096,45.9664369777863,243204000
2018-11-15,45.37614059448242,45.5088950350297,44.30698624887807,44.66021072748847,185915200
2018-11-16,45.87872314453125,46.22009385580825,44.91388027599369,45.16042378008925,147713200
2018-11-19,44.06044006347656,45.20782179086691,43.85419682883502,45.04187875050665,167701200
2018-11-20,41.9553337097168,43.019745978740524,41.60685143343039,42.28485054583868,271300800
2018-11-21,41.90791320800781,42.7352627289544,41.85338983967159,42.60724693877204,124496800
2018-11-23,40.84349822998047,41.86524068594316,40.79845939163042,41.47171605144784,94496000
2018-11-26,41.3958625793457,41.47409365729359,40.36226968529681,41.30578126736825,179994000
2018-11-27,41.30577087402344,41.43141370833802,40.509240737589266,40.658587651286105,165549600
2018-11-28,42.894100189208984,42.97706991484424,41.46935188841063,41.89606521990837,184250000
2018-11-29,42.564579010009766,43.335032251064035,42.12601187203321,43.30184364075627,167080000
2018-11-30,42.33462905883789,42.749488506107106,41.967181396370556,42.74000397877434,158126000
2018-12-03,43.813907623291016,43.842353975262405,42.95811156770217,43.72856495008896,163210000
2018-12-04,41.88657760620117,43.2378332586359,41.78701178099935,42.89646264806565,165377200
2018-12-06,41.4195671081543,41.43379028172995,40.40019746688139,40.71786040102842,172393600
2018-12-07,39.94266891479492,41.36504416362529,39.89762645314932,41.12798162215356,169126400
2018-12-10,40.205810546875,40.32196888310216,38.71942732261499,39.11532135314505,248104000
2018-12-11,39.97586441040039,40.72497942132242,39.589451243722934,40.69416374537951,189126800
2018-12-12,40.087284088134766,40.75579868880228,40.068318647488375,40.39546255109676,142510800
2018-12-13,40.525840759277344,40.909884536388844,40.19395464798327,40.41679401583242,127594400
2018-12-14,39.22909927368164,40.08252567244225,39.18168749981416,40.06356023943796,162814800
2018-12-17,38.864044189453125,39.90949114960628,38.5771968447114,39.22200742213319,177151600
2018-12-18,39.368980407714844,39.71508971376303,38.97071343268076,39.205406665323395,135366000
2018-12-19,38.140995025634766,39.69612483606224,37.71428169538635,39.352384848493756,196189200
2018-12-20,37.17851257324219,38.430202292752995,36.815807235047956,38.02482382326648,259092000
2018-12-21,35.732444763183594,37.49382176601955,35.47167807298712,37.18563966188898,382978400
2018-12-24,34.80790710449219,35.92684303021916,34.75101076991177,35.12082790146262,148676800
2018-12-26,37.25912857055664,37.27335174785261,34.78182511320118,35.156384456910665,234330000
2018-12-27,37.017311096191406,37.16429231852565,35.575974156047664,36.94382229366778,212468400
2018-12-28,37.03628158569336,37.57915685691389,36.6380182335606,37.337352040383294,169165600
2018-12-31,37.39424133300781,37.778281438629776,37.095540257713566,37.5815191228161,140014000
2019-01-02,37.43690490722656,37.65737488578006,36.562143812317146,36.7186059109956,148158800
2019-01-03,33.707916259765625,34.544746565740525,33.66287380759525,34.13225652812852,365248800
2019-01-04,35.14688491821289,35.2156350688356,34.08958819478278,34.26264280679694,234428400
2019-01-07,35.06865310668945,35.282011522303684,34.58741653180372,35.2511922404592,219111200
2019-01-08,35.7371711730957,35.99082977941127,35.208522821319015,35.455066224870585,164101200
2019-01-09,36.34404754638672,36.63326405592934,35.471659372694184,35.86518033295423,180396400
2019-01-10,36.46021270751953,36.50051289787485,35.7632483886162,36.152030738423186,143122800
2019-01-11,36.10226058959961,36.43651971289026,35.91735205698948,36.242130268194934,108092800
2019-01-14,35.559383392333984,35.860453851229586,35.37447488807685,35.760888011805555,129756800
2019-01-15,36.287166595458984,36.363024731160756,35.5712366750947,35.623390725952945,114843600
2019-01-16,36.730464935302734,36.95330426774839,36.270563098942425,36.28952853333001,122278800
2019-01-17,36.94857406616211,37.3752874359603,36.332209907866066,36.55504931305445,119284800
2019-01-18,37.17615509033203,37.42744084338128,36.97701977635849,37.33735590651915,135004000
2019-01-22,36.34169387817383,37.15481678323688,36.18048944437783,37.078958639376545,121576000
2019-01-23,36.48866271972656,36.777879284107165,35.96238363485609,36.54318608659887,92522400
2019-01-24,36.19945526123047,36.62142636446528,35.97187720999421,36.53371436735213,101766000
2019-01-25,37.39898681640625,37.48670242020263,36.58349467789878,36.85848448845611,134142000
2019-01-28,37.05287170410156,37.059983290146754,36.42702681111613,36.93196750675945,104768400
2019-01-29,36.66884231567383,37.48671120368152,36.53371851066929,37.041032344974525,166348800
2019-01-30,39.174591064453125,39.387945938010034,37.98453590853503,38.700465907848546,244439200
2019-01-31,39.456695556640625,40.06357516979574,39.01101675816641,39.378464472826245,162958400
2019-02-01,39.47565841674805,40.058830287377425,39.33578875751876,39.5799665216834,130672400
2019-02-04,40.59695816040039,40.69415466560486,39.655819629284345,39.68663891563872,125982000
2019-02-05,41.29155731201172,41.50491579851415,40.857735985761174,40.978636596011086,144406400
2019-02-06,41.30577087402344,41.621064429829325,40.976254147130874,41.402963748878,112958400
2019-02-07,40.52347946166992,41.23466722725265,40.381240461638164,40.869588815238885,126966800
2019-02-08,40.57109069824219,40.630610517833716,40.09731162648508,40.23301855889848,95280000
2019-02-11,40.3377571105957,40.76154142875453,40.29490459834161,40.72344788488403,83973600
2019-02-12,40.685367584228516,40.71155645006401,40.402052662772235,40.497286553447424,89134000
2019-02-13,40.516326904296875,41.06390993130662,40.454427604228414,40.80440440861806,89960800
2019-02-14,40.66393280029297,40.773447210619636,40.325860733039946,40.40442731408336,87342800
2019-02-15,40.573463439941406,40.87820457497819,40.41395078588315,40.771069644079475,98507200
2019-02-19,40.69489288330078,40.816315650930065,40.352061743881706,40.404439480348884,75891200
2019-02-20,40.95677185058594,41.26389610818391,40.70917103649229,40.756786158494805,104457600
2019-02-21,40.725833892822266,41.037717113521,40.54489497965377,40.902013836844844,68998800
2019-02-22,41.18056869506836,41.18771078203653,40.80202355455081,40.84963867860566,75652800
2019-02-25,41.48054885864258,41.870998703552395,41.413886955814164,41.4638851993361,87493600
2019-02-26,41.50436782836914,41.73530505681617,41.22819494837858,41.35675981411305,68280800
2019-02-27,41.6329231262207,41.66387459555962,41.123433605049925,41.237714276700586,111341600
2019-02-28,41.22342300415039,41.64244483272273,41.16866579075333,41.501978939190536,112861600
2019-03-01,41.65673065185547,41.699583177214194,41.16152532850225,41.49245537237755,103544800
2019-03-04,41.86625671386719,42.318606042636446,41.418666356657766,41.828163144572194,109744800
2019-03-05,41.7900505065918,41.90194804483561,41.554350741031215,41.8876638710685,78949600
2019-03-06,41.549591064453125,41.780528223893675,41.41150466571953,41.58530149826311,83241600
2019-03-07,41.06867980957031,41.53055423911175,40.95440276119777,41.39484729251784,99185600
2019-03-08,41.166297912597656,41.20439147735388,40.35444652364181,40.549673318415735,95997600
2019-03-11,42.592376708984375,42.64475443502301,41.747198271035906,41.78052922098767,128044000
2019-03-12,43.070926666259766,43.48994492286504,42.70428251302859,42.854273633241505,129870400
2019-03-13,43.261375427246094,43.63992050434659,43.073290814457465,43.389936603936654,124130000
2019-03-14,43.742313385009766,43.83040520560543,43.46376101056902,43.78278643434196,94318000
2019-03-15,44.31129837036133,44.599375793179604,43.74467235964139,44.00894040996882,156171600
2019-03-18,44.763675689697266,44.85176387742304,44.23275617949558,44.23513929773824,104879200
2019-03-19,44.408935546875,44.994612276172944,44.263707015454116,44.842241655731534,126585600
2019-03-20,44.7969970703125,45.11364294068705,43.98038327138836,44.33750218240909,124140800
2019-03-21,46.44689178466797,46.742111437312964,45.18983331663441,45.239831570241165,204136800
2019-03-22,45.48503494262695,47.06588079152945,45.42075253712384,46.50639318081825,169630800
2019-03-25,44.93507766723633,45.706452090174984,44.42558823212463,45.59455455525224,175381200
2019-03-26,44.470829010009766,45.9207346479957,43.94467581313153,45.63027762337992,199202000
2019-03-27,44.87078857421875,45.177909153776895,44.41367693128547,44.93745046176316,119393600
2019-03-28,44.93031311035156,45.1302987940568,44.64699824203542,44.9850703167183,83121600
2019-03-29,45.2231559753418,45.2541074425039,44.887463337480106,45.19458762583912,94256000
2019-04-01,45.5302848815918,45.635036717993124,44.84937796457391,45.62551514479362,111448000
2019-04-02,46.192142486572266,46.29689795003126,45.485046741025556,45.49456831370297,91062800
2019-04-03,46.5087890625,46.782578782918094,45.98501173731516,46.00882111856958,93087200
2019-04-04,46.58972930908203,46.751621456363765,45.98262649117338,46.37545580304311,76457200
2019-04-05,46.901607513427734,46.925416889143655,46.64686099790996,46.77066321259153,74106400
2019-04-08,47.63966369628906,47.67061153128953,46.744483310155175,46.76353008781775,103526800
2019-04-09,47.49680709838867,48.2943739839882,47.432524688138955,47.69203381366528,143072800
2019-04-10,47.76346206665039,47.792034049404215,47.182548065607946,47.30158770081168,86781200
2019-04-11,47.36586380004883,47.85392696581256,47.24444469615284,47.81821653313754,83603200
2019-04-12,47.34682846069336,47.649190183974554,46.71354029389259,47.425395064355484,111042800
2019-04-15,47.432518005371094,47.580129579695694,47.14206109070693,47.277767978469825,70146400
2019-04-16,47.437294006347656,47.94202089049343,47.27301873067345,47.48729225090989,102785600
2019-04-17,48.361026763916016,48.42054656109198,47.284907813790426,47.506319715540975,115627200
2019-04-18,48.53483200073242,48.603873379039385,48.21580670422305,48.35865206262389,96783200
2019-04-22,48.69435501098633,48.79196838798587,48.17296080479051,48.28962096019007,77758000
2019-04-23,49.396690368652344,49.46097279452284,48.54436606939777,48.67054780323138,93292000
2019-04-24,49.320499420166016,49.63476214823507,49.294310556760166,49.36811454468543,70162400
2019-04-25,48.87290954589844,49.46334508558559,48.83481599293768,49.24193312050334,74172800
2019-04-26,48.639583587646484,48.80623830897068,48.120569018036306,48.782428934724166,74596400
2019-04-29,48.71340560913086,49.03719360171723,48.534846134531065,48.66340735781012,88818800
2019-04-30,47.775367736816406,48.4253231411779,47.403964648609836,48.34437705945112,186139600
2019-05-01,50.12044906616211,51.260847173955064,49.813324772705464,49.96807847828328,259309200
2019-05-02,49.794281005859375,50.62755850337996,49.55144275077052,49.95855629376169,127985200
2019-05-03,50.41328430175781,50.43471056370915,50.05140280221845,50.208535988797536,83569600
2019-05-06,49.634769439697266,49.72047812954347,48.44913559082613,48.63721663178776,129772400
2019-05-07,48.29676055908203,49.38240144232554,47.8134599345925,49.01576096722364,155054800
2019-05-08,48.306278228759766,48.88719217828683,48.03248854519136,48.06819897946514,105358000
2019-05-09,47.78727340698242,48.01582748157981,46.8206721107276,47.71108629358228,139634400
2019-05-10,47.125247955322266,47.524374640553994,46.07127795478432,47.18260833059418,164834800
2019-05-13,44.386356353759766,45.28498038440615,43.70043870801492,44.861959909569315,229722400
2019-05-14,45.08900833129883,45.3375626885166,44.31227095065522,44.55126706777633,146118800
2019-05-15,45.6291389465332,45.827506164416576,44.458059413303786,44.51780844350511,106178800
2019-05-16,45.42837905883789,45.99957959112661,45.132022582428725,45.38775015951254,132125600
2019-05-17,45.170265197753906,45.624356352136516,44.63491259367641,44.67554149512822,131516400
2019-05-20,43.75779724121094,44.05893467607337,43.08621875043243,43.860567465632776,154449200
2019-05-21,44.5966682434082,44.93126128361247,44.14257352108455,44.26685249892783,113459200
2019-05-22,43.68370819091797,44.38396868148397,43.62874010735263,44.13302203951607,118994400
2019-05-23,42.938045501708984,43.14835961585324,42.49590120341213,42.97150481396772,146118800
2019-05-24,42.77313232421875,43.53074952387793,42.68948223047205,43.067096506223606,94858800
2019-05-28,42.596275329589844,43.16030629063083,42.519798471322034,42.76118322768103,111792800
2019-05-29,42.393123626708984,42.86394617150037,42.06330788653476,42.16368579728549,113924800
2019-05-30,42.61301040649414,42.835275055359716,42.22344555038047,42.529360302870096,84873600
2019-05-31,41.84104537963867,42.53891349401557,41.821925255667836,42.118278060238815,108174400
2019-06-03,41.418025970458984,42.522186815106615,40.693868059775646,41.96771774456351,161584400
2019-06-04,42.93326187133789,42.978671716588416,41.70960293183085,41.92947891959907,123872000
2019-06-05,43.626346588134766,44.21188995189266,43.29175350609404,44.0422011159206,119093600
2019-06-06,44.2668571472168,44.326606171155184,43.5331373827937,43.75540564817583,90105200
2019-06-07,45.44510269165039,45.86812677005471,44.39830235170156,44.575157115158966,122737600
2019-06-10,46.02587127685547,46.692668818811526,45.79643340678976,45.84184325115213,104883600
2019-06-11,46.558815002441406,46.843220855407054,46.26963185466906,46.57076553303802,107731600
2019-06-12,46.410648345947266,46.836061067320955,46.21945075676128,46.35328797515427,73012800
2019-06-13,46.40110397338867,47.032053703081026,46.26965900007981,46.53255259348959,86698400
2019-06-14,46.064117431640625,46.26726196298543,45.48096626534882,45.7797114409662,75046000
2019-06-17,46.33895492553711,46.59468250985322,45.927881330772394,46.102347467348565,58676400
2019-06-18,47.428775787353516,47.86852774049729,46.65443074959841,46.85518660036521,106204000
2019-06-19,47.290164947509766,47.77054952176629,47.156327692900156,47.722747376441426,84496800
2019-06-20,47.67017364501953,47.94501775858043,47.32840725446429,47.88765736978177,86056000
2019-06-21,47.50764083862305,48.002364478306184,47.35707214014717,47.51242178135948,191202400
2019-06-24,47.45984649658203,47.837460776342034,47.361857219276544,47.45028461027407,72881600
2019-06-25,46.740478515625,47.622371240341856,46.673556238992205,47.42400399945902,84281200
2019-06-26,47.75141906738281,48.03582499532506,47.16587938168513,47.26625730093694,104270000
2019-06-27,47.737083435058594,48.17444674582689,47.69645453473033,47.86852837567722,83598800
2019-06-28,47.302120208740234,47.67973458441733,47.094194713616226,47.48375598002621,124442400
2019-07-01,48.169673919677734,48.87232317187957,47.95457520036334,48.556846508935166,109012000
2019-07-02,48.45167922973633,48.54727985958251,48.12425573364212,48.13620626822179,67740800
2019-07-03,48.85319900512695,48.860368597165724,48.44212537654384,48.58313221569498,45448000
2019-07-05,48.810184478759766,49.01333267240719,48.492319150017984,48.599870338885424,69062000
2019-07-08,47.80400466918945,48.13381683307876,47.419220772325794,47.99280999831783,101354400
2019-07-09,48.0955810546875,48.16010738213968,47.51481858007789,47.608026922078025,82312000
2019-07-10,48.57118225097656,48.69068031541606,48.17205915336362,48.24137007294178,71588400
2019-07-11,48.21746063232422,48.848410157180396,48.20790239341633,48.59029394517684,80767200
2019-07-12,48.58790588378906,48.755202417628624,48.32500872576195,48.384757748332575,70380800
2019-07-15,49.04438781738281,49.20212246066729,48.75520095224477,48.77670972449391,67789600
2019-07-16,48.87470245361328,49.25948632051337,48.63570635359561,48.89621122738501,67467200
2019-07-17,48.599849700927734,49.01570050660049,48.580729578732715,48.76714621164611,56430000
2019-07-18,49.15194320678711,49.20452264524316,48.68350920421264,48.75520876999739,74162400
2019-07-19,48.418216705322266,49.35269228680589,48.36324862605585,49.18300345934316,83717200
2019-07-22,49.524776458740234,49.52716510710405,48.66200031652238,48.67155855676903,89111600
2019-07-23,49.91195297241211,49.928684452662075,49.54150822627612,49.821136919084964,73420800
2019-07-24,49.871315002441406,49.98603210762174,49.51282085781072,49.63231890602095,59966400
2019-07-25,49.47697067260742,50.0075422744963,49.407659765565704,49.923892185802046,55638400
2019-07-26,49.649051666259766,50.12465157648066,49.50565254598537,49.58691034563834,70475600
2019-07-29,50.11269760131836,50.34213544864626,49.816344788392115,49.8211257312173,86693600
2019-07-30,49.897605895996094,50.22742168380975,49.546281334227054,49.89282495285342,135742800
2019-07-31,50.91572570800781,52.90656358701365,50.49987484291198,51.723533663924655,277125600
2019-08-01,49.8139533996582,52.10831732750633,49.41005306995918,51.1212623066255,216071600
2019-08-02,48.75998306274414,49.33596086524618,48.18878255632911,49.12086584402196,163448400
2019-08-05,46.207515716552734,47.47658471567887,46.02587995166039,47.31885002499506,209572000
2019-08-06,47.08222579956055,47.33795334497197,46.37479582762902,46.91731792774056,143299200
2019-08-07,47.56977844238281,47.6940574258256,46.3222222523882,46.70222514662527,133457600
2019-08-08,48.61898422241211,48.64288529572493,47.653441397317536,47.84702769205936,108038000
2019-08-09,48.21834182739258,48.64296958479051,47.810501798191915,48.29271153651943,98478800
2019-08-12,48.095985412597656,48.47263670436005,47.776912437595854,47.889667686680966,89927600
2019-08-13,50.13276290893555,50.893258509725875,48.09597566675704,48.22552593805543,188874000
2019-08-14,48.640567779541016,49.525814703624334,48.60218223590696,48.7389293623607,146189600
2019-08-15,48.39826583862305,49.213938506270125,47.90166247767573,48.81090128055658,108909600
2019-08-16,49.54019546508789,49.6985330458558,48.90204969579613,49.007608082974734,110481600
2019-08-19,50.46384048461914,51.03480988446153,50.387069397884126,50.52861197082405,97654400
2019-08-20,50.46623992919922,51.18355469517102,50.45664537335362,50.590991119074104,107537200
2019-08-21,51.013221740722656,51.25552363068702,50.763723018625974,51.097189663129065,86141600
2019-08-22,50.970027923583984,51.445037028037035,50.559790292024886,51.145156895818616,89014800
2019-08-23,48.61418151855469,50.87168066728109,48.22073882087,50.24312924415703,187272000
2019-08-26,49.537803649902344,49.70573580378424,49.19473885065766,49.38666288108543,104174400
2019-08-27,48.97882843017578,50.03200742242358,48.8276876557246,49.86647298576687,103493200
2019-08-28,49.30750274658203,49.35308512364201,48.77731659181928,48.96444154769402,63755200
2019-08-29,50.142372131347656,50.21674550325925,49.578599495883154,50.02002231545943,83962000
2019-08-30,50.077598571777344,50.48783265913524,49.708144094052756,50.418262059397264,84573600
2019-09-03,49.3482780456543,49.65535503445335,48.99322096372661,49.523407032864746,80092000
2019-09-04,50.1855583190918,50.255128923822014,49.7369386531672,49.9936342340931,76752400
2019-09-05,51.16676330566406,51.3322977758527,50.742131881351554,50.85968624758702,95654800
2019-09-06,51.16196060180664,51.44025031008519,50.98203247914074,51.35148694097706,77449200
2019-09-09,51.38026809692383,51.92485150775339,50.636567475633186,51.5410034279187,109237600
2019-09-10,51.98722839355469,52.00642116476611,50.790109031997794,51.30590148845998,127111600
2019-09-11,53.64016342163086,53.668954406402584,52.234325076720765,52.31589526281973,177158400
2019-09-12,53.52022933959961,54.319110798315485,53.46505239627143,53.93046714945555,128906800
2019-09-13,52.47903060913086,52.968433443898334,52.06399747203743,52.77891078404018,159053200
2019-09-16,52.75492477416992,52.810105368157046,52.19354990284835,52.234333171895095,84632400
2019-09-17,52.94683837890625,52.97562936245172,52.567789431266945,52.76931167349986,73274800
2019-09-18,53.44344711303711,53.46263988380928,52.64456587529819,53.0332094166562,101360000
2019-09-19,53.00922775268555,53.68095650952987,52.86768150832097,53.26112420617858,88242400
2019-09-20,52.234344482421875,53.39308229735184,52.17197070342911,53.109997076560205,221652400
2019-09-23,52.47184371948242,52.740535235702495,52.21514448401354,52.5270206571389,76662000
2019-09-24,52.222347259521484,53.37628959746636,52.104796538121846,53.02602783626552,124763200
2019-09-25,53.0260124206543,53.13876766068672,52.092785451052755,52.43105117115003,87613600
2019-09-26,52.75252151489258,53.00442159553428,52.49822371066928,52.778911116876884,75334000
2019-09-27,52.495826721191406,53.009221444627215,52.12637228824465,52.90845848244411,101408000
2019-09-30,53.7313346862793,53.877676369428805,52.96843755851151,52.99482716237936,103909600
2019-10-01,53.88008117675781,54.750934558240175,53.7865186890434,53.99523782367357,139223200
2019-10-02,52.52942657470703,53.6377828354051,52.28232187464526,53.51303162326038,138449200
2019-10-03,52.97563171386719,53.009218145622405,51.61057662923273,52.40225732926954,114426000
2019-10-04,54.46062469482422,54.575781290605825,53.71212512547281,54.13195727173134,138478800
2019-10-07,54.4726448059082,55.161168659930105,54.17996140120154,54.28312210645755,122306000
2019-10-08,53.83449172973633,54.71254182883536,53.817700342169445,54.17515885634394,111820000
2019-10-09,54.46543884277344,54.64776467881045,54.13197222093732,54.46543884277344,74770400
2019-10-10,55.199554443359375,55.28352237449075,54.530223360975704,54.681360512105755,113013600
2019-10-11,56.667762756347656,57.01082394508319,55.73213434401569,55.88567285866777,166795600
2019-10-14,56.58619689941406,57.128382680732784,56.2983126199482,56.35348955552275,96427600
2019-10-15,56.454246520996094,57.01321997096741,56.34868810894503,56.71094205880496,87360000
2019-10-16,56.22634506225586,56.43506420133738,55.9456575931264,55.986440867036066,73903200
2019-10-17,56.44465255737305,56.653368012877294,56.02242253800609,56.39907017958543,67585200
2019-10-18,56.715736389160156,56.9964237826621,56.20713714308924,56.27910911439278,97433600
2019-10-21,57.699337005615234,57.81449361573173,56.93404595868458,56.98202604924332,87247200
2019-10-22,57.56740188598633,58.10478484329185,57.48583169226944,57.85528613606384,82293600
2019-10-23,58.33989334106445,58.35429066597053,57.869683225583834,58.08080006310815,75828800
2019-10-24,58.43585205078125,58.72853540039477,58.011220689350694,58.65896114841544,69275200
2019-10-25,59.15557098388672,59.19155514531401,58.2679262824244,58.33509915752011,73477200
2019-10-28,59.74814224243164,59.79612235070389,59.189165012473325,59.357097221749996,96572800
2019-10-29,58.36627197265625,59.916054204609026,58.193544373374564,59.72892928312802,142839600
2019-10-30,58.35908889770508,58.84849546974143,57.86728826237409,58.718945163935885,124522000
2019-10-31,59.67856216430664,59.776923756110406,56.919664109777756,59.313910448417545,139162000
2019-11-01,61.372291564941406,61.39867751158636,59.774528783015874,59.86568988585981,151125200
2019-11-04,61.77531814575195,61.859286061859265,61.266722523104576,61.73453121919917,103272000
2019-11-05,61.68655014038086,61.94084793256841,61.492228380714764,61.667353710049895,79897600
2019-11-06,61.712947845458984,61.772923889414315,61.26432820808025,61.60019258997119,75864400
2019-11-07,62.425193786621094,62.64657149210632,62.107567778293316,62.25916234332588,94940400
2019-11-08,62.596038818359375,62.66822320552135,61.804382437202555,62.24713047943625,69986400
2019-11-11,63.09172821044922,63.15669416268931,62.14847721788769,62.15328706288794,81821200
2019-11-12,63.03396987915039,63.23369225641029,62.78372577398594,62.93531298752282,87388800
2019-11-13,63.63793182373047,63.7125247961215,62.81981037786936,62.834247253604815,102734400
2019-11-14,63.19759750366211,63.73659382314395,63.06765826833198,63.46468706949581,89182800
2019-11-15,63.948360443115234,63.95317028885658,63.286643161521,63.44785744152943,100206400
2019-11-18,64.27078247070312,64.35018529631039,63.580191577203664,63.95796632642828,86703200
2019-11-19,64.07587432861328,64.48734000161132,63.859313834576106,64.46327609265741,76167200
2019-11-20,63.3299560546875,64.0253569677477,62.6586117144653,63.8954250386282,106234400
2019-11-21,63.045997619628906,63.52724639081918,62.84627526735179,63.4502448250431,121395200
2019-11-22,62.99067306518555,63.32754585240353,62.76448547735147,63.185578297192954,65325200
2019-11-25,64.09512329101562,64.1119687621998,63.16871783845167,63.214437064080556,84020400
2019-11-26,63.59461212158203,64.28520283771707,63.16389247487516,64.23226518648342,105207600
2019-11-27,64.4488296508789,64.482520587069,63.84005029539335,63.905016230980486,65235600
2019-11-29,64.30685424804688,64.48732250131548,63.982009923508976,64.15044989720182,46617600
2019-12-02,63.5633430480957,64.54749597316658,63.3925017784307,64.31168141512865,94487200
2019-12-03,62.43000411987305,62.449250841018284,61.66963012734118,62.15568877645392,114430400
2019-12-04,62.981014251708984,63.35879623899096,62.72595303127878,62.81980005140597,67181600
2019-12-05,63.90505599975586,63.979656355848086,63.21928200086413,63.47434340144564,74424400
2019-12-06,65.13941192626953,65.20919503980835,64.31888205952063,64.36220002087657,106075600
2019-12-09,64.22747802734375,65.16109467560312,63.74382055858157,64.96859806309656,128042400
2019-12-10,64.60283660888672,64.98542849439848,63.97239456081009,64.631710359752,90420400
2019-12-11,65.15386962890625,65.23327979738657,64.60765485527283,64.68224783580021,78756800
2019-12-12,65.31990051269531,65.58458883328302,64.323719270287,64.4344044431603,137310400
2019-12-13,66.20779418945312,66.24388637643624,65.19235905044793,65.31988967330359,133587600
2019-12-16,67.3411636352539,67.56494998316613,66.64817129927935,66.65298114531323,128186000
2019-12-17,67.4734878540039,67.80073350823116,67.08607875742219,67.27136424228581,114158400
2019-12-18,67.3122787475586,67.83202842109593,67.16309276912453,67.3267156265506,116028400
2019-12-19,67.37964630126953,67.65877150492523,67.12218375712777,67.25452424857191,98369200
2019-12-20,67.24005889892578,68.01246089083372,67.02830832765937,67.91140279117467,275978000
2019-12-23,68.33732604980469,68.39748214667952,67.46385834825841,67.50235913145113,98572000
2019-12-24,68.40230560302734,68.55149892131642,68.07746848987897,68.50337109692963,48478800
2019-12-26,69.75940704345703,69.77625251054857,68.50575622073025,68.53462996816003,93121200
2019-12-27,69.73294830322266,70.73635528399755,69.32870107290967,70.05057427415741,146266000
2019-12-30,70.14682006835938,70.4283538378636,68.6308893370176,69.6511344086115,144114400
2019-12-31,70.65935516357422,70.66657360200388,69.66557519453796,69.76423208192604,100805600
2020-01-02,72.27154541015625,72.33170151465225,71.02992253216576,71.28257523373918,135480400
2020-01-03,71.56891632080078,72.32688174170664,71.34513738245916,71.50154177990413,146322800
2020-01-06,72.13919830322266,72.17769909168206,70.442799076604,70.69305052995288,118387200
2020-01-07,71.79993438720703,72.40389677360038,71.58096525277217,72.14883543970386,108872000
2020-01-08,72.95491790771484,73.25569843032547,71.50395296037216,71.50395296037216,132079200
2020-01-09,74.50453186035156,74.6970284371342,73.6791919560673,73.92943603722999,170108400
2020-01-10,74.67296600341797,75.2360335553344,74.17247048793807,74.73793929040194,140644800
2020-01-13,76.268310546875,76.29478305034202,74.87028331939693,74.98819427311953,121532000
2020-01-14,75.23846435546875,76.415121645485,75.11575085804331,76.20577951248254,161954400
2020-01-15,74.916015625,75.91701422144251,74.48529580198468,75.03873644474652,121923600
2020-01-16,75.85443115234375,75.96512366006613,75.09646578451866,75.45740237331857,108829200
2020-01-17,76.69419860839844,76.6965998583758,75.79666717572381,76.10225744425115,137816400
2020-01-21,76.1744613647461,76.7639866868858,76.03730370643434,76.32364730468942,110843200
2020-01-22,76.44637298583984,76.9973975614814,76.3525259473167,76.65811628441689,101832400
2020-01-23,76.81453704833984,76.89393987673444,75.95309750344295,76.49931964228543,104472000
2020-01-24,76.59314727783203,77.80107904499712,76.40305195787334,77.05995917143782,146537600
2020-01-27,74.3409194946289,75.01947479638015,73.36157631651781,74.60800908323662,161940000
2020-01-28,76.44397735595703,76.61481864871986,75.120542963226,75.21919986278621,162234000
2020-01-29,78.04411315917969,78.88870711130171,77.33186702648361,78.0705856603743,216229200
2020-01-30,77.93102264404297,77.98396030536023,76.69902690059489,77.12974662934549,126743200
2020-01-31,74.47567749023438,77.64469745347057,74.18211536111428,77.22360465680592,199588400
2020-02-03,74.2711410522461,75.43335387455234,72.72151906032097,73.22201466798846,173788400
2020-02-04,76.72310638427734,76.91320175349885,75.4670464773754,75.8712937858949,136616400
2020-02-05,77.34872436523438,78.14519062464261,76.74716330264357,77.84681134417079,118826800
2020-02-06,78.25347900390625,78.25588759836752,77.06239232642683,77.61823424457238,105425600
2020-02-07,77.18981170654297,78.00263953374633,76.70018503361815,77.7542084112417,117684000
2020-02-10,77.556396484375,77.556396484375,75.69919587638071,75.77878713871854,109348800
2020-02-11,77.08848571777344,78.12321641331339,76.87141125259707,78.05086071182195,94323200
2020-02-12,78.9191665649414,78.9239878248454,77.53711376977571,77.53711376977571,113730400
2020-02-13,78.35717010498047,78.68278545723169,77.99055564537478,78.19315895415963,94747600
2020-02-14,78.37646484375,78.62489586415948,77.86995292388279,78.32580849927255,80113600
2020-02-18,76.9413833618164,77.12228003116238,75.88253132410664,76.06342799345259,152531200
2020-02-19,78.0556869506836,78.28482562119284,77.18256041371585,77.18256041371585,93984000
2020-02-20,77.25489807128906,78.30409972893571,76.75080047464016,77.8168875800011,100566000
2020-02-21,75.50623321533203,77.29108544658935,74.89118775773731,76.84969364795695,129554000
2020-02-24,71.91967010498047,73.36684305832843,69.76097486599113,71.69777437412706,222195200
2020-02-25,69.48360443115234,72.96888275320897,69.0132775682206,72.58779705787798,230673600
2020-02-26,70.58586120605469,71.84731631381621,69.10251036153399,69.10974593206521,198054800
2020-02-27,65.97179412841797,68.98191678336323,65.83672522986622,67.80006024068396,320605600
2020-02-28,65.93317413330078,67.15121537740396,61.835266448657556,62.049933897959434,426510000
2020-03-02,72.0716323852539,72.70597777742344,66.98481977694166,68.08467075383604,341397200
2020-03-03,69.78268432617188,73.32343252495296,68.93367144924383,73.24384124809224,319475600
2020-03-04,73.01952362060547,73.17871353455695,70.70163838902825,71.49999490851802,219178400
2020-03-05,70.6509780883789,72.25009782118012,70.28677058471263,71.27808040208855,187572800
2020-03-06,69.71273803710938,70.14448006147832,67.8314160013331,68.01713389438318,226176800
2020-03-09,64.19900512695312,67.07405117029745,63.43441220501271,63.61530881776465,286744800
2020-03-10,68.82270050048828,69.08801693555726,64.97080933517347,66.84490246598337,285290000
2020-03-11,66.43246459960938,67.82898839120944,65.5713950302336,66.90521300673807,255598800
2020-03-12,59.871952056884766,65.12277860691059,59.81647812782899,61.73157079868094,418474000
2020-03-13,67.04510498046875,67.51543909047871,61.01039330045894,63.89027147674693,370732000
2020-03-16,58.419960021972656,62.4889229945198,57.88691638094368,58.35724684046864,322423600
2020-03-17,60.98869705200195,62.13437204877519,57.50100834396888,59.69829959615255,324056000
2020-03-18,59.495704650878906,60.29888625747065,57.19228645977314,57.831456862313495,300233600
2020-03-19,59.039833068847656,60.98386817289122,58.51643928547833,59.669353459047855,271857200
2020-03-20,55.29166030883789,60.740266023209095,54.99257655004273,59.61870468799079,401693200
2020-03-23,54.11703109741211,55.11316965220814,51.28057345030364,55.011867987706175,336752800
2020-03-24,59.54634475708008,59.74171251843163,56.51210499986582,57.008967128821915,287531200
2020-03-25,59.21830749511719,62.28872452137452,58.92404875377308,60.47975865918552,303602000
2020-03-26,62.33456039428711,62.39244495401999,59.42091855638433,59.45951071644022,252087200
2020-03-27,59.75375747680664,61.714673830690614,59.5873320403491,60.962145262726295,204216800
2020-03-30,61.459022521972656,61.630272940074015,60.154154031335516,60.47735878660068,167976400
2020-03-31,61.3336067199707,63.311409233664314,60.78127060250106,61.64957594039169,197002000
2020-04-01,58.10640335083008,59.990139440698485,57.6770756954336,59.45468518637688,176218400
2020-04-02,59.07600402832031,59.12906732554458,57.13920472068674,57.96891771690177,165934000
2020-04-03,58.22700119018555,59.26172817079223,57.63848363538416,58.56226275717802,129880000
2020-04-06,63.30658721923828,63.46094852152329,60.149338806047744,60.51595333958977,201820400
2020-04-07,62.57334899902344,65.53282259895241,62.46963669694467,65.31574075275601,202887200
2020-04-08,64.17488098144531,64.48843215066613,63.00749578061629,63.371695937944736,168895200
2020-04-09,64.63798522949219,65.13967603448393,63.844457266187234,64.80923934887565,161834800
2020-04-13,65.90666198730469,66.0152028927721,64.11698836636067,64.71515578008704,131022800
2020-04-14,69.23514556884766,69.52458303051418,67.06438668844999,67.53472072348299,194994800
2020-04-15,68.60322570800781,69.06149562848323,67.68668586705697,68.11359919874643,131154400
2020-04-16,69.14833068847656,69.51253820784274,68.10154321976958,69.31475615357093,157125200
2020-04-17,68.21006774902344,69.21103471741856,66.7773662410789,68.66593066550611,215250000
2020-04-20,66.79424285888672,67.93992105182684,66.7749504648714,67.04026688695538,130015200
2020-04-21,64.72962951660156,66.8714465476712,64.02051421953927,66.63748663863089,180991600
2020-04-22,66.59410095214844,67.02825005083645,65.65343966452112,65.99351895409393,116862400
2020-04-23,66.33600616455078,67.95684041674475,66.29741399655765,66.5386095259871,124814400
2020-04-24,68.25110626220703,68.2607561453716,66.81116850929337,66.85941056441207,126161200
2020-04-27,68.29932403564453,68.62976064968919,67.52267433285353,67.96888006089833,117087600
2020-04-28,67.1922378540039,68.94090519524222,67.10058974876348,68.76000857373481,112004800
2020-04-29,69.39918518066406,69.86710504839203,68.47299532638776,68.67559866694484,137280800
2020-04-30,70.86322784423828,71.03930319142114,69.54871691757756,69.93703810047037,183064000
2020-05-01,69.72236633300781,72.11743524186343,68.94571673597511,69.0421934380716,240616800
2020-05-04,70.70884704589844,70.83668031834924,69.05907133021842,69.74647971859336,133568000
2020-05-05,71.7701416015625,72.5998548168976,71.02243398346705,71.16715277417963,147751200
2020-05-06,72.51061248779297,73.14012928036907,72.08610600468356,72.46960600947763,142333600
2020-05-07,73.2607192993164,73.6056344607325,72.83380591134457,73.13530028833947,115215200
2020-05-08,75.00446319580078,75.05767015159822,73.59206909173967,73.91856598501353,133838400
2020-05-11,76.18467712402344,76.67804261253256,74.3055100788998,74.51350356888688,145946400
2020-05-12,75.31402587890625,77.31653072784458,75.19310165522488,76.86668877782286,162301200
2020-05-13,74.40467071533203,76.41201718560454,73.33086305668714,75.4929886898536,200622400
2020-05-14,74.86173248291016,74.92219456407604,72.9245250405556,73.64523570507784,158929200
2020-05-15,74.41915130615234,74.46510308161692,72.60528873978969,72.63915105039544,166348400
2020-05-18,76.17256164550781,76.54501020724649,75.05038903047435,75.73965837102512,135178400
2020-05-19,75.73241424560547,77.03355248472863,75.70097277157296,76.18950390013767,101729600
2020-05-20,77.20525360107422,77.27538431049794,76.54983924007178,76.58853586283631,111504800
2020-05-21,76.6296615600586,77.60673109306647,76.39264748790822,77.06740654244075,102688800
2020-05-22,77.12303924560547,77.20526681531915,76.26689384939174,76.3684660434856,81803200
2020-05-26,76.60064697265625,78.41692345166804,76.54501918320653,78.23795799610525,125522000
2020-05-27,76.93439483642578,77.07950535982266,75.72031846461518,76.45796054995435,112945200
2020-05-28,76.96824645996094,78.22344013486418,76.334604889172,76.61030820274443,133560800
2020-05-29,76.89329528808594,77.6696267309123,76.53777777827462,77.21011616097432,153532400
2020-06-01,77.83889770507812,77.9598218875062,76.71671774944491,76.84731793304262,80791200
2020-06-02,78.19924926757812,78.22343558014592,77.1326970947877,77.57286288939194,87642800
2020-06-03,78.6297378540039,78.8909382167243,77.94772370544388,78.51848967465142,104491200
2020-06-04,77.95258331298828,78.75068013452528,77.58013468531132,78.45321130607884,87560400
2020-06-05,80.1727294921875,80.23319158079397,78.17264625811065,78.20166687974158,137250400
2020-06-08,80.64676666259766,80.68062898183005,79.16182130122834,79.87043535299438,95654400
2020-06-09,83.19342803955078,83.58522126328481,80.29608895604107,80.32753042867137,147712400
2020-06-10,85.33377075195312,85.80053629513817,83.70129439282721,84.13903931497238,166651600
2020-06-11,81.23688507080078,84.90330810607846,81.1353128647156,84.4800733592576,201662400
2020-06-12,81.93822479248047,84.11486012218111,80.83056250550848,83.36997039015924,200146000
2020-06-15,82.95156860351562,83.60214129780755,80.4339262304824,80.59596788300412,138808800
2020-06-16,85.14998626708984,85.42086269022191,83.36998548456056,85.00004143146272,165428800
2020-06-17,85.0314712524414,85.95291299210936,84.9105470621372,85.89245089695726,114406400
2020-06-18,85.06535339355469,85.48133300037347,84.45831145495121,84.98796012237246,96820400
2020-06-19,84.57923126220703,86.23347359915019,83.47398219153365,85.76912875753186,264476000
2020-06-22,86.79214477539062,86.93483446322153,84.92507460309979,84.97102639518768,135445200
2020-06-23,88.64469146728516,90.05950604686922,87.61441494809407,88.03281532631361,212155600
2020-06-24,87.07992553710938,89.19126451334176,86.7074769720713,88.2746571031473,192623200
2020-06-25,88.23596954345703,88.27466617320825,86.47773432903298,87.2347210034187,137522400
2020-06-26,85.52483367919922,88.35204149727454,85.37730234693228,88.13195861184417,205256800
2020-06-29,87.49592590332031,87.5902503350082,84.95651735369147,85.43295906251363,130646000
2020-06-30,88.22631072998047,88.51169750741916,87.0654411337816,87.08478576211239,140223200
2020-07-01,88.05941772460938,88.84542502767371,88.01105247279727,88.30368697136247,110737200
2020-07-02,88.05941772460938,89.59757739253234,87.94575606156859,88.96393576296241,114041600
2020-07-06,90.41503143310547,90.88179710275243,89.45247208428117,89.48391355913485,118655600
2020-07-07,90.13447570800781,91.56863486785247,90.02322751685155,90.79230361416894,112424400
2020-07-08,92.23372650146484,92.26516797551552,91.02206361133545,91.10913287644715,117092000
2020-07-09,92.63035583496094,93.17692818708905,91.58556900054663,93.12372124513385,125642800
2020-07-10,92.79237365722656,92.85042228036532,91.6169942125863,92.22644940084874,90257200
2020-07-13,92.36434173583984,96.69584832868833,92.15151392052759,94.09355666430854,191649200
2020-07-14,93.89282989501953,94.08388486357734,90.8165172013005,91.7476278639513,170989200
2020-07-15,94.53855895996094,96.01141515552303,93.343827009689,95.76231154374084,153198000
2020-07-16,93.37525177001953,94.22897636244912,92.77788590184623,93.41394840131093,110577600
2020-07-17,93.18660736083984,93.97986982567868,92.71500002379474,93.82509068603153,92186800
2020-07-20,95.15040588378906,95.28826123103211,92.9302395381322,93.27366748344572,90318000
2020-07-21,93.8371810913086,96.01381673517915,93.58807752951296,95.93884432011826,103433200
2020-07-22,94.10079956054688,94.78039302096889,93.4526475751938,93.53970946249737,89001600
2020-07-23,89.8176498413086,93.91214102009206,89.00987716210209,93.83474776947158,197004400
2020-07-24,89.59516906738281,89.93859709219083,86.23831161228436,88.02074077604965,185438800
2020-07-27,91.71857452392578,91.81047808647506,90.43194679011566,90.6544431599045,121214000
2020-07-28,90.2118911743164,91.46708519909006,90.20704948179555,91.29053317654228,103625600
2020-07-29,91.94107818603516,92.12488531095718,90.65686391835999,90.69313969811391,90329200
2020-07-30,93.0535888671875,93.15758190350233,90.71007737841838,91.11638090213245,158130000
2020-07-31,102.79525756835938,102.9452024123297,97.537467741964,99.53030380101023,374336800
2020-08-03,105.38542938232422,107.99738887948055,104.37450494640413,104.67197372398552,308151200
2020-08-04,106.0892105102539,107.17752821259879,104.85336145922079,105.57407228357705,173071600
2020-08-05,106.47373962402344,106.79298122797726,105.34672538991457,105.81107748481342,121776800
2020-08-06,110.18852996826172,110.68190269913852,106.21738395051588,106.80507370575988,202428800
2020-08-07,107.683349609375,110.1667657488304,106.88865674050672,109.71126970314928,198045600
2020-08-10,109.24848175048828,110.26365418298434,106.60515752548201,109.12491431547922,212403600
2020-08-11,105.99944305419922,109.01103688460056,105.74019692749955,108.51435673757749,187902400
2020-08-12,109.52227783203125,109.77909878796228,106.89348975910477,107.08731438450859,165598000
2020-08-13,111.46057891845703,112.46121522535203,110.41148274726245,110.89847702590559,210082000
2020-08-14,111.3612060546875,111.45085012066804,109.55618389407232,111.28609846459923,165565200
2020-08-17,111.07046508789062,112.50479236850128,110.44537442392807,112.48056244330753,119561600
2020-08-18,111.99597930908203,112.41997706741819,110.48896983798126,110.82332353901295,105633600
2020-08-19,112.13650512695312,113.54660235506186,112.04201803934366,112.40301949215254,145538000
2020-08-20,114.6247787475586,114.73865273876372,112.16074255230501,112.17770423893735,126907200
2020-08-21,120.53166198730469,121.01380564130231,115.56967415425338,115.58178541828921,338054800
2020-08-24,121.9732666015625,124.81042301409434,120.11252368244841,124.72561457851019,345937600
2020-08-25,120.97264862060547,121.31669586600833,119.25485239253774,120.84908855273831,211495600
2020-08-26,122.61772918701172,123.07322510919757,121.22216847119705,122.28580069310276,163022400
2020-08-27,121.15190124511719,123.55051548073467,120.01073632402604,123.218587014397,155552400
2020-08-28,120.9556884765625,122.54022371585246,120.73278349266653,122.12349409773587,187630000
2020-08-31,125.05753326416016,126.9570498293378,122.11136090455392,123.64260037932992,225702700
2020-09-01,130.0389404296875,130.63981609482647,126.50159235410271,128.66276613112478,151948100
2020-09-02,127.34471130371094,133.72164031798212,123.08051055399626,133.34367713692956,200119000
2020-09-03,117.14937591552734,124.86371200273943,116.7811062092152,122.99328312594758,257599600
2020-09-04,117.22691345214844,119.88234909092412,107.46769559812107,116.36438135713807,332607200
2020-09-08,109.33811950683594,115.3176975867679,109.20244081478072,110.4332424909772,231366600
2020-09-09,113.6992416381836,115.4630720645518,111.70282021985868,113.641095738678,176940500
2020-09-10,109.98745727539062,116.78111596753853,109.02801283276419,116.6454372541948,182274400
2020-09-11,108.54342651367188,111.67374465663826,106.60515104021346,111.0341102013086,180860300
2020-09-14,111.79975128173828,112.35215960156188,109.3187605672934,111.17950360312706,140150100
2020-09-15,111.97416687011719,115.16263068004423,110.10373087809108,114.67806184681399,184642000
2020-09-16,108.6694107055664,112.41997637221431,108.58219185919356,111.67374357548836,154679000
2020-09-17,106.93464660644531,108.73724325822185,105.35495487136528,106.33378598514221,178011000
2020-09-18,103.54267120361328,107.45798850796619,102.81581790836313,106.99280653960918,287104900
2020-09-21,106.68270111083984,106.78930687065947,99.91811535962182,101.31367629258035,195713800
2020-09-22,108.35929870605469,109.37689638794417,105.79108936459673,109.20245128230411,183055400
2020-09-23,103.81404876708984,108.65004455027305,103.47484460570544,108.17516907584385,150718700
2020-09-24,104.88008880615234,106.84743726159023,101.75946405865736,101.92421570211286,167743300
2020-09-25,108.8147964477539,108.96986205260443,104.3470703746047,105.08361720977464,149981400
2020-09-28,111.412109375,111.76099966462225,109.29938812959263,111.46056923508952,137672400
2020-09-29,110.56892395019531,111.75127320535319,110.06497556622581,111.0147338283158,99382200
2020-09-30,112.23585510253906,113.64110945971419,110.11344818104769,110.27819984549522,142675200
2020-10-01,113.18559265136719,114.0868910063814,112.25522134843862,114.00935821598722,116120400
2020-10-02,109.5319595336914,111.80943945830253,108.75665366895876,109.40597427158033,144712000
2020-10-05,112.904541015625,113.04991314807994,110.04558778439085,110.3944779447092,106243800
2020-10-06,109.6676254272461,112.53627212533412,108.78570657319916,112.12922867288654,161498200
2020-10-07,111.52837371826172,111.98386964245861,110.60768842209468,111.08257124183804,96849000
2020-10-08,111.4217758178711,112.80764318962937,111.05349871590646,112.66227103853464,83477200
2020-10-09,113.36004638671875,113.38911933685253,111.37331099631979,111.72220118579409,100506900
2020-10-12,120.56072998046875,121.31665619479716,115.59874235138079,116.3546685657092,240226800
2020-10-13,117.36260223388672,121.5202048546633,115.9573551882952,121.40390564086033,262330500
2020-10-14,117.4498062133789,119.23301612314903,115.92826024261022,117.26566767493782,150712000
2020-10-15,116.984619140625,117.45949457685697,114.50362881948811,115.0560370517392,112559200
2020-10-16,115.3467788696289,117.79870373934006,115.14326081684207,117.53703239008934,115393800
2020-10-19,112.4006118774414,116.70357893346838,112.09048805904365,116.25777640664253,120639300
2020-10-20,113.8833999633789,115.3080339002408,112.06141592703932,112.6138242501148,124423700
2020-10-21,113.26313018798828,115.04634007817563,112.85608671832885,113.06929820388042,89946000
2020-10-22,112.17768859863281,114.39701481541562,111.05348531931205,113.825219728469,101988000
2020-10-23,111.48960876464844,112.95300885211658,110.75306199696499,112.79794326147403,82572600
2020-10-26,111.49932098388672,112.95302786819327,109.39628607186555,110.49141665682858,111850700
2020-10-27,113.00148010253906,113.66049418453407,111.00505835146696,111.92573641878347,92276800
2020-10-28,107.76813507080078,111.86759177611111,107.67122275639692,111.49932202380221,143937800
2020-10-29,111.76097106933594,113.32128352260756,108.7372584642391,108.90201751002611,146129200
2020-10-30,105.50035095214844,108.53374987611883,104.39553435267372,107.63245134560678,190272600
2020-11-02,105.41313171386719,107.26418875001484,104.00788464199921,105.74264246216923,122866900
2020-11-03,107.03157806396484,108.0491682897085,105.37435335866708,106.27565178371685,107624400
2020-11-04,111.40238189697266,112.02262946819745,108.88262521463015,110.6173826820644,138235500
2020-11-05,115.35647583007812,115.92827100011738,113.26314194201399,114.30980518907859,126387100
2020-11-06,115.22541809082031,115.72052575840337,112.74013995422038,114.86621579666993,114457900
2020-11-09,112.92459869384766,118.42908863111414,112.66248329970261,116.982584063866,154515300
2020-11-10,112.5848159790039,114.15752314668202,110.79852205922379,112.17707763232374,138023400
2020-11-11,116.0020751953125,116.13798799149323,113.04110938515558,113.76921682470609,112295000
2020-11-12,115.73023986816406,117.011708557713,115.10892216454586,116.12827545684921,103162300
2020-11-13,115.77877044677734,116.17679858450585,114.42934551492606,115.95351649440437,81581900
2020-11-16,116.78842163085938,117.45827535475047,114.70117908437909,115.44869936969526,91183000
2020-11-17,115.90497589111328,117.14761119066519,115.48752740079281,116.06030900690259,74271000
2020-11-18,114.58470153808594,116.3224523029752,114.55557842355752,115.14777310794351,76322100
2020-11-19,115.17686462402344,115.58460292894434,113.40028105826617,114.15751145503081,74113000
2020-11-20,113.91482543945312,115.30308383579212,113.8662893904585,115.17688122037637,73604300
2020-11-23,110.52668762207031,114.18664449638574,110.42960812922888,113.75948583985478,127959300
2020-11-24,111.80818176269531,112.46833283440283,109.30349027827336,110.58496654102227,113874200
2020-11-25,112.64305877685547,113.34204301090116,111.80816176471099,112.17707422528561,76499200
2020-11-27,113.18670654296875,114.06043680969468,112.82751167148025,113.16729360668182,46691300
2020-11-30,115.57492065429688,117.43887387012144,113.40030116247651,113.5556343004744,169410200
2020-12-01,119.13778686523438,119.86589425816237,116.50689304092421,117.47770289816154,127728200
2020-12-02,119.48728942871094,119.76882520066982,117.36121328577195,118.45822585372865,89004200
2020-12-03,119.35135650634766,120.16683316485343,118.64266210929217,119.91442054863892,78967600
2020-12-04,118.68148803710938,119.27368255768253,117.9727936839563,119.02126995710454,78260400
2020-12-07,120.1377182006836,120.93378197653361,118.68150343461471,118.73974965511624,86712000
2020-12-08,120.74932861328125,121.33182045894168,119.4969829958177,120.73962584742733,82225500
2020-12-09,118.22521209716797,122.27348704305484,117.46798166489454,120.8949389531883,115089200
2020-12-10,119.64260864257812,120.2542236129108,116.64280964087811,116.98259162067868,81312200
2020-12-11,118.8368148803711,119.1765967824479,117.03110830740295,118.8562278147655,86939800
2020-12-14,118.22521209716797,119.7493831332465,117.99221982724323,119.0212758088773,79184500
2020-12-15,124.14715576171875,124.16657610565406,120.50661897640848,120.71048814758292,157243700
2020-12-16,124.07919311523438,124.62284421095526,122.86568091464977,123.69087513639985,98208600
2020-12-17,124.94322967529297,125.79754711737371,124.30249159373241,125.13738869029768,94359800
2020-12-18,122.9627914428711,125.33157008370488,122.43855318268531,125.19565728365953,192541500
2020-12-21,124.48695373535156,124.56462030770652,119.84648343417716,121.3706547348561,121251600
2020-12-22,128.0303955078125,130.48654300822767,125.86547908382497,127.76827272564631,168904800
2020-12-23,127.13726806640625,128.56434495791908,126.96251458550923,128.30223695664824,88223700
2020-12-24,128.1177520751953,129.56426380208862,127.2731524108818,127.48673172125208,54930100
2020-12-28,132.69996643066406,133.33098674453512,129.61278420351022,130.07878347656896,124486200
2020-12-29,130.93316650390625,134.73874069780726,130.41863828466632,134.02035063273385,121047300
2020-12-30,129.81674194335938,132.02048525893122,129.5060755669844,131.62244951922136,96452100
2020-12-31,128.8167724609375,130.80693578751612,127.87508564026446,130.16619767612093,99116600
2021-01-04,125.63249969482422,129.70989788960378,123.05985224509121,129.62252856286995,143301900
2021-01-05,127.18579864501953,127.89450053196555,124.68110734552344,125.12768641382664,97664900
2021-01-06,122.90452575683594,127.2246340413711,122.6909464043688,123.99183545726343,155088000
2021-01-07,127.09843444824219,127.78771601746288,124.12775842813694,124.61316339386353,109578200
2021-01-08,128.19546508789062,128.75853667263522,126.42858375506596,128.56436281946557,105158200
2021-01-11,125.21504974365234,126.37031583011212,124.7490651654895,125.41892632912634,100384500
2021-01-12,125.0403060913086,125.90432622691371,123.15693269578279,124.74906018656239,91951100
2021-01-13,127.06934356689453,127.61299489626569,124.73940506576454,125.00151314810496,88636800
2021-01-14,125.14710235595703,127.17609140406186,125.00147198922038,126.98193239512918,90221800
2021-01-15,123.42877197265625,126.41886828778621,123.29285917712234,125.02089964036091,111598500
2021-01-19,124.0986328125,124.95295027523217,123.2346125834672,124.05008935422954,90757300
2021-01-20,128.17599487304688,128.62257382285637,124.79758149233558,124.90437114467832,104319500
2021-01-21,132.87474060058594,135.59301116722563,129.69048544958548,129.89436203777117,120150900
2021-01-22,135.01051330566406,135.76774369341513,131.07873102256855,132.3019459227709,114459400
2021-01-25,138.74813842773438,140.8547939706266,132.55436700322258,138.89376878953092,157611700
2021-01-26,138.9811248779297,140.08784738058793,137.24336716103608,139.40828353042602,98390600
2021-01-27,137.91322326660156,140.08784232197448,136.31139319096383,139.24322781199024,140843800
2021-01-28,133.08831787109375,137.8452949915903,132.7097026247184,135.44739349341899,142621100
2021-01-29,128.10806274414062,132.7485322226158,126.40914566020653,131.86509178375854,177523800
2021-02-01,130.22442626953125,131.42823575703017,127.1081202867018,129.84581103922318,106239800
2021-02-02,131.0496368408203,132.33109823624255,130.68072432979122,131.7680267032869,83305400
2021-02-03,130.03024291992188,131.80682630276928,129.70987396760063,131.79710872600307,89880900
2021-02-04,133.3795623779297,133.38926514344305,130.66129188255576,132.3213832150557,84183100
2021-02-05,132.96636962890625,133.60806525933478,132.09134092233725,133.54001472396752,75693800
2021-02-08,133.11219787597656,133.1608138714623,131.1773940055882,132.25660382908822,71297200
2021-02-09,132.23712158203125,134.0552584795755,132.08157120488215,132.83020097423812,76774200
2021-02-10,131.6343536376953,133.18997643259982,130.6718103643523,132.6941140635208,73046600
2021-02-11,131.3815460205078,132.6065887223786,130.0592713492993,132.13017580944882,64280000
2021-02-12,131.6149139404297,131.7704791984505,129.98152323777,130.62321880046613,60145100
2021-02-16,129.495361328125,132.2371278628611,129.10644827799214,131.73156315096224,80576300
2021-02-17,127.21055603027344,128.55228022303262,125.87856393692216,127.60918638254499,97918500
2021-02-18,126.1119155883789,126.39386460486962,123.8757134782661,125.61605324019762,96856700
2021-02-19,126.2674789428711,127.08418911907316,125.22716781889845,126.62722545179416,87668800
2021-02-22,122.50481414794922,126.12162413344431,122.11590849249929,124.45905227095189,103916400
2021-02-23,122.36872863769531,123.19514872444068,115.10594023894575,120.32698271227726,158273000
2021-02-24,121.87284851074219,122.07702231944482,118.83940058972168,121.47422557501572,111039900
2021-02-25,117.63378143310547,122.95204690459941,117.19626722871075,121.2214246130711,148199500
2021-02-26,117.89632415771484,121.38673620225251,117.83798347678476,119.18942513713463,164560400
2021-03-01,124.24519348144531,124.38130938354671,119.3838900699376,120.31725943481584,116307900
2021-03-02,121.64923858642578,125.14937496490815,121.54228933610958,124.84797657824923,102260900
2021-03-03,118.6740951538086,122.2228468911316,118.46019669139757,121.34781109843091,112966300
2021-03-04,116.79765319824219,120.1713983779594,115.3295451588436,118.37271790565526,178155000
2021-03-05,118.0518569946289,118.55743656088569,114.30865590625393,117.62406745905575,153766600
2021-03-08,113.13224792480469,117.6435366715147,112.98640734620537,117.57547872386968,154376600
2021-03-09,117.73102569580078,118.67411961018901,115.4948308955723,115.72817134912674,129525800
2021-03-10,116.65182495117188,118.78107052799325,116.13652062478559,118.31438961434448,111943300
2021-03-11,118.57688903808594,119.79221465640565,117.89630965893046,119.14080190524842,103026500
2021-03-12,117.67267608642578,117.80879195023273,115.85455386939371,117.06015469929451,88105100
2021-03-15,120.55059051513672,120.56031519817381,117.07962044686742,118.04216378802697,92403800
2021-03-16,122.08673858642578,123.69096973595795,121.26031872689654,122.21312976850402,115227900
2021-03-17,121.29922485351562,122.36870994462072,118.94634875177347,120.60892077273179,111932600
2021-03-18,117.18655395507812,119.76304569936237,116.98238014530207,119.47136458953443,121229700
2021-03-19,116.66154479980469,118.06160240727854,116.3601463939911,116.57404490821733,185549500
2021-03-22,119.96723175048828,120.43392009028169,116.92405882126718,116.99211676480378,111912300
2021-03-23,119.14081573486328,120.7936558005327,118.75191000830584,119.9089025049303,95467100
2021-03-24,116.75875854492188,119.49081556265351,116.73931659895885,119.41303294328375,88530500
2021-03-25,117.244873046875,118.28519875130355,115.69898263770175,116.22400412131469,98844700
2021-03-26,117.84769439697266,118.11020888610055,115.62121696029041,117.0115497729694,94071200
2021-03-29,118.02268981933594,119.17968207349621,117.38100181008681,118.27547960128655,80819200
2021-03-30,116.57402801513672,117.06015823420087,115.56287626935224,116.77820181701264,85671900
2021-03-31,118.76160430908203,120.0935962532518,117.7893439502975,118.27547412968977,118323800
2021-04-01,119.58804321289062,120.7353109160336,119.09218827381586,120.22973871260609,75089100
2021-04-05,122.40760040283203,122.6603902138714,119.65610136330406,120.433912742921,88651200
2021-04-06,122.70896911621094,123.60344679404155,122.16450573279359,122.99092548769701,80171300
2021-04-07,124.35212707519531,124.37156902257611,121.66868585332091,122.33954801322936,83466700
2021-04-08,126.743896484375,126.77306311647119,124.95494048338279,125.37300543377471,88844600
2021-04-09,129.31065368652344,129.34953758105655,125.87857511762488,126.19942288071834,106686700
2021-04-12,127.59945678710938,129.16479658221076,127.00637736572274,128.843948878623,91420000
2021-04-13,130.70098876953125,130.9246193949784,128.27033720569543,128.7661996194506,91266500
2021-04-14,128.3675079345703,131.25512180103408,128.00777642218338,131.19678856502676,87222800
2021-04-15,130.76902770996094,131.2551579244961,129.93288314753977,130.10789773924117,89347100
2021-04-16,130.43846130371094,130.9343087763494,129.5828673880838,130.57457716887737,84922400
2021-04-19,131.09957885742188,131.71210761044756,129.64118836775324,129.80647084298718,94264200
2021-04-20,129.41758728027344,131.77045575605666,128.15364574587304,131.27460827428777,94812300
2021-04-21,129.79678344726562,130.03984858480732,127.65781320400242,128.68840701349623,68847100
2021-04-22,128.28005981445312,130.42874732999832,127.7647629078915,129.3495375220918,84566500
2021-04-23,130.59400939941406,131.3718057637502,128.49392361047128,128.49392361047128,78657500
2021-04-26,130.98291015625,131.31347510114207,129.85508463607295,131.08985938377566,66905100
2021-04-27,130.66207885742188,131.6537886519638,130.38984712331498,131.26487557787047,66015800
2021-04-28,129.8745574951172,131.27461496858584,129.38842725213598,130.5843034959248,107760100
2021-04-29,129.77732849121094,133.26775499092827,128.77590135452442,132.6843927517533,151101000
2021-04-30,127.81336975097656,129.8551078660134,127.43418875564703,128.12448539137938,109839500
2021-05-03,128.86343383789062,130.3510064405411,128.1731370102802,128.3773034607761,75135100
2021-05-04,124.30352020263672,127.8425557241814,123.18541899331925,127.55087456774729,137564700
2021-05-05,124.54658508300781,126.83138852361431,124.42018646140798,125.61606280982821,84000900
2021-05-06,126.1410903930664,126.15080765787947,123.60348232032891,124.34240242288911,78128300
2021-05-07,126.81309509277344,127.83569086092047,126.1021285936208,127.43639821291805,78973300
2021-05-10,123.54073333740234,126.16055151436144,123.50177596650869,126.03395306208488,88071200
2021-05-11,122.6252670288086,122.97586852300613,119.56717642454035,120.2781354744355,126142800
2021-05-12,119.5671615600586,121.38837950118456,119.06073063774643,120.18073081693389,112172300
2021-05-13,121.70977783203125,122.85899423262195,121.01830123774441,121.32995276517451,105861300
2021-05-14,124.12509155273438,124.55361524540388,122.56683371169913,122.95640002954782,81918000
2021-05-17,122.97586822509766,123.61865372868071,121.90456648281831,123.51152281141687,74244600
2021-05-18,121.59288024902344,123.67705079526851,121.52470672387923,123.25826844642356,63342900
2021-05-19,121.43709564208984,121.66109125212728,119.65483481097455,119.94701139751646,92612000
2021-05-20,123.98873901367188,124.38804651528841,121.83639430422342,121.96300762442338,76857100
2021-05-21,122.15776824951172,124.66072150118845,121.94350644557427,124.48541706436308,79295400
2021-05-24,123.78421020507812,124.60230012567476,122.65447618088876,122.72264972174192,63092900
2021-05-25,123.5894546508789,124.972415565833,123.02458381451456,124.48545205523331,72009500
2021-05-26,123.54073333740234,124.06664669892854,123.12195088824402,123.64786424977021,56575900
2021-05-27,122.01170349121094,124.3101365812093,121.81692404847594,123.1414450640804,94625600
2021-05-28,121.3591537475586,122.51811120313376,121.30072141546492,122.29410821284534,71311100
2021-06-01,121.03778839111328,122.07987398745031,120.7066618606694,121.81692100329542,67637100
2021-06-02,121.79744720458984,121.97275168319568,120.81380131441908,121.03779694075112,59278900
2021-06-03,120.31707000732422,121.59289214427336,119.91776258501811,121.42732891420592,76229200
2021-06-04,122.60578155517578,122.86874195718396,120.61900017592295,120.83326200560104,75169300
2021-06-07,122.6155014038086,123.02454259085992,121.57341603849724,122.87845432966799,71057600
2021-06-08,123.43359375,125.10873085926178,122.91742162506401,123.2972466766342,74403800
2021-06-09,123.81342315673828,124.41725123885395,123.21933627459374,123.89133789579034,56877900
2021-06-10,122.82003021240234,124.84576874618693,122.654466972811,123.70628617695928,71186400
2021-06-11,124.02767944335938,124.11533537847384,122.81028956380078,123.22907197958327,53522400
2021-06-14,127.0760269165039,127.13445925571631,123.75499103493249,124.48542499652146,96906500
2021-06-15,126.25797271728516,127.19293493618757,126.01449467557019,126.55014933948718,62746300
2021-06-16,126.75463104248047,127.47533121654288,125.10873237290743,126.96889285474992,91815000
2021-06-17,128.35183715820312,129.09201968074376,126.26766637763058,126.41376207268152,96721700
2021-06-18,127.05655670166016,128.0791523377771,126.842294888582,127.30003468372927,108953300
2021-06-21,128.8485870361328,128.95571797256497,125.83920190461266,126.90076263607253,79663300
2021-06-22,130.48471069335938,130.5821078265205,128.18627804148716,128.68298261560656,74783600
2021-06-23,130.2120361328125,130.815871699919,129.75429628741554,130.2802171084206,60214200
2021-06-24,129.92959594726562,131.12750347675475,129.46210751467535,130.94245782977737,68711000
2021-06-25,129.63743591308594,130.3970861369589,129.34525932066123,129.97831108103458,70783700
2021-06-28,131.2638702392578,131.72161011019884,129.87118308436172,129.929615432019,62111300
2021-06-29,132.77337646484375,132.92920589475403,130.84503556701915,131.2832928355185,64556100
2021-06-30,133.3870086669922,133.8252661428457,132.32543317658508,132.6176097807272,63261400
2021-07-01,133.6889190673828,133.7473514160783,132.218302275189,133.03639973908412,52485800
2021-07-02,136.30868530273438,136.34763523122962,134.1563339507277,134.30241475847603,78852600
2021-07-06,138.3150177001953,139.4155284039409,136.4158918425872,136.4158918425872,108181800
2021-07-07,140.79847717285156,141.11012131228122,138.93830152510142,139.79533405407227,104911600
2021-07-08,139.503173828125,140.30177401839643,137.00021261100082,137.88647618396286,105575500
2021-07-09,141.32435607910156,141.8502619651795,138.92852627188464,139.02592340594762,99890800
2021-07-12,140.73025512695312,142.50278173643568,140.24329922685985,142.39565084398657,76299700
2021-07-13,141.84054565429688,143.61307265954179,139.882987848704,140.2725467114718,100827100
2021-07-14,145.25894165039062,145.6679976912108,143.827290089665,144.23634613048517,127050800
2021-07-15,144.60643005371094,146.08678025462487,143.25269315111336,145.3466125845258,106820300
2021-07-16,142.5709686279297,145.85304711779946,142.0742788872529,144.58697348148013,93251400
2021-07-19,138.73374938964844,140.31149679803218,137.97409928442224,139.99983785193092,121434600
2021-07-20,142.3372344970703,143.26246279631377,139.23046766424767,139.71742366986297,96350000
2021-07-21,141.6068115234375,142.31777804675525,140.85690991607032,141.73342485019364,74993500
2021-07-22,142.97027587890625,144.33374665171397,142.00609770767423,142.13271101540525,77338200
2021-07-23,144.68431091308594,144.84014034211333,143.08709641733597,143.7006655061861,71447400
2021-07-26,145.10316467285156,145.92124724515625,143.84680978043045,144.40194679352788,72434100
2021-07-27,142.94107055664062,145.31741825019225,141.7528967098648,145.22975487472473,104818600
2021-07-28,141.19778442382812,143.135875021886,138.82143631465343,141.03222113566045,118931200
2021-07-29,141.84054565429688,142.72680915691933,140.80820129331602,140.91533220968486,56699500
2021-07-30,142.05477905273438,142.51251879825827,140.35043336301797,140.61339371614585,70440600
2021-08-02,141.72366333007812,143.11635020883497,141.4607029570404,142.5417457565108,62880000
2021-08-03,143.515625,144.17787780575435,141.39248982126114,142.00605893184334,64786600
2021-08-04,143.11636352539062,143.9344460279435,142.4638442773508,143.42802249439222,56368300
2021-08-05,143.22348022460938,143.9831303102646,142.35669923658142,143.1455654900914,46397700
2021-08-06,142.540771484375,143.48688290436453,142.04333744331302,142.7456060206864,54126800
2021-08-09,142.491943359375,143.08692025442784,141.9359896381178,142.59923476284288,48908700
2021-08-10,142.0140380859375,144.0720717018618,141.72142377939727,142.83334623786462,69023100
2021-08-11,142.2676239013672,143.10644361120174,141.94574966449076,142.45294678468827,48493500
2021-08-12,145.2230224609375,145.37908543032157,142.24813722010816,142.58952310526286,72282600
2021-08-13,145.4278564453125,145.75947909182239,144.61829653790267,145.30105342277125,59375000
2021-08-16,147.39808654785156,147.46636967362969,142.86261655746753,144.88162714158625,103296000
2021-08-17,146.49098205566406,147.9442754116722,145.41806793520456,146.52999034959836,92229700
2021-08-18,142.7552947998047,147.00791279558547,142.55046034897777,146.1105732952071,86326000
2021-08-19,143.0869140625,144.35489926234624,140.94110096897992,141.45804637705135,86960300
2021-08-20,144.54025268554688,144.84261535990314,143.16497579607238,143.80872432514332,60549600
2021-08-23,146.02279663085938,146.49097053616202,144.2476142953258,144.65726832283815,60131800
2021-08-24,145.93502807617188,147.14449367144724,145.4766024407117,145.7692167650667,48606400
2021-08-25,144.70608520507812,146.61781948232644,144.15987966385998,146.120370599229,58991300
2021-08-26,143.90626525878906,145.4473535938561,143.87700531241939,144.69632845972228,48597200
2021-08-27,144.940185546875,145.0864852931361,143.213774126067,143.84775953717897,55802400
2021-08-30,149.3488006591797,149.7096980445359,144.94988286885493,145.3302769581914,90956700
2021-08-31,148.0906219482422,149.03673327230263,147.56391312712373,148.90018188960238,86453100
2021-09-01,148.75384521484375,151.1630130890743,148.58803390921838,149.06597111930256,80313700
2021-09-02,149.86578369140625,150.9094380524186,148.64656965264444,150.08036655286702,71115500
2021-09-03,150.49977111816406,150.82164538297303,149.3195654805312,149.97306236375573,57808700
2021-09-07,152.8309326171875,153.38688652354213,150.58757563240493,151.15329277694906,82278300
2021-09-08,151.28982543945312,153.1722846868866,150.1876512353804,153.11376479693286,74420200
2021-09-09,150.27545166015625,152.2652024090621,150.15839699282031,151.6604770125975,57305700
2021-09-10,145.30104064941406,151.65070144497142,145.03768627305047,151.1825274626448,140893200
2021-09-13,145.86676025390625,147.6906995642944,145.08646034770857,146.92016289482572,102404300
2021-09-14,144.47198486328125,147.34934195867896,143.29179398463287,146.6470734676716,109296300
2021-09-15,145.35952758789062,145.75943323857632,142.76503735858526,144.90110206305175,83281300
2021-09-16,145.12545776367188,145.301032298818,143.59413289330473,144.78408681235823,68034100
2021-09-17,142.46270751953125,145.15474141357228,142.17009319848557,145.15474141357228,129868800
2021-09-20,139.41957092285156,141.27277037212733,137.79070269716544,140.2583908056045,123478900
2021-09-21,139.89747619628906,141.03867353306788,139.2634909051742,140.38516176883357,75834000
2021-09-22,142.25787353515625,142.82357564689215,140.16081684875996,140.89234513594866,76404300
2021-09-23,143.2137451171875,143.457587900221,142.0530510886709,143.03817057425258,64838200
2021-09-24,143.30154418945312,143.83800136075783,141.97503867631073,142.07258175581498,53477900
2021-09-27,141.7897491455078,142.3652296373295,140.277935238061,141.88729224798277,74150700
2021-09-28,138.4149169921875,141.18496735666514,138.2003341585889,139.7219107001194,108972300
2021-09-29,139.31227111816406,140.89236770909372,138.53197117688373,138.9611368887371,74602000
2021-09-30,138.0150146484375,140.82408826037346,137.80043180958225,140.12181985738948,89056700
2021-10-01,139.13668823242188,139.40004260947205,135.68388091891475,138.40515987182454,94639600
2021-10-04,135.71311950683594,138.70751560218017,134.8645515046284,138.26858674850567,98322000
2021-10-05,137.63462829589844,138.73680249578317,135.92772872481194,136.0545317412187,80861100
2021-10-06,138.50267028808594,138.64896997252256,134.96206909492875,136.0349830573943,83221100
2021-10-07,139.76092529296875,140.66802820004892,139.20497147758243,139.53659409609236,61732700
2021-10-08,139.3805389404297,140.62901288949595,139.04891630336158,140.48271316225515,58773200
2021-10-11,139.29275512695312,141.2434974770439,138.31738395190774,138.76606124094116,64452200
2021-10-12,138.02476501464844,139.72191616043952,137.56633938704366,139.7024045703548,73035900
2021-10-13,137.4395294189453,137.91745167770748,135.7716384818284,137.7614036307742,78762700
2021-10-14,140.21934509277344,140.3363997461316,138.024760100328,138.60998871817293,69907100
2021-10-15,141.272705078125,141.331224945668,139.97546011000426,140.22906604666062,67940300
2021-10-18,142.94065856933594,143.2235096811566,139.63415065247935,139.9170017643,85589200
2021-10-19,145.09620666503906,145.49611240776287,142.94064476173952,143.38930715549284,76378900
2021-10-20,145.58384704589844,146.06178411808008,144.47192487731363,145.03764175367826,58418800
2021-10-21,145.79843139648438,145.9544943053686,144.22808372291004,145.14493470888215,61421000
2021-10-22,145.02792358398438,146.48121692115393,144.97915205496275,146.00329463249273,58883400
2021-10-25,144.97915649414062,145.69117321411855,143.98427382696465,145.0181647887637,50720600
2021-10-26,145.64242553710938,147.12497895180522,145.34004798248478,145.6521738906202,60893400
2021-10-27,145.1840057373047,146.04232225315448,144.83287151805337,145.68143968000115,56094900
2021-10-28,148.8123779296875,149.39759166799496,146.03256430303534,146.1301073675776,100077900
2021-10-29,146.11058044433594,146.24713179057537,142.80407331191392,143.59412144965486,124953200
2021-11-01,145.291259765625,146.0130247261565,144.1598259189258,145.3205197027828,74588300
2021-11-02,146.32518005371094,147.8370082711022,144.98891149464504,144.9986747309846,69122000
2021-11-03,147.75900268554688,148.2271767394299,146.1301344105293,146.68608830895576,54511500
2021-11-04,147.24205017089844,148.6758322133497,146.92992422765454,147.84677558220335,60394600
2021-11-05,147.76950073242188,148.66815006608644,146.57781000839395,148.36534609443586,65463900
2021-11-08,146.94895935058594,148.0527418478978,146.67545809713351,147.8964511588677,55020900
2021-11-09,147.31040954589844,147.9160175036458,146.57781350486675,146.71456416967115,56787900
2021-11-10,144.48748779296875,146.64621090035791,144.4191199061072,146.53876287411308,65187100
2021-11-11,144.43861389160156,145.96241109507744,144.25302053135974,145.50333134171993,41000000
2021-11-12,146.5094451904297,146.9099196974308,144.0576809080353,144.9856329096499,63804000
2021-11-15,146.5192108154297,148.35558969382197,145.96243066007273,146.88062009926887,59222800
2021-11-16,147.4960174560547,147.97465228236786,145.87453448172622,146.46061733416252,59256200
2021-11-17,149.92823791503906,151.40319268452978,147.48625093625634,147.4960135184774,88807000
2021-11-18,154.20657348632812,154.98801222203343,149.49843081431837,150.14311888912806,137827700
2021-11-19,156.8243865966797,157.28348128204507,152.89766786630707,153.9916731226482,117305600
2021-11-22,157.2835235595703,161.85491667066682,157.26398348768225,157.92819688479906,117467900
2021-11-23,157.6644287109375,158.04537802988585,155.36895531169498,157.3811499145866,96041900
2021-11-24,158.18214416503906,158.37750013405517,155.9355132595911,157.01975602804134,69463600
2021-11-26,153.17120361328125,156.7267364003775,152.73164889573968,155.8671670363227,76959800
2021-11-29,156.5215606689453,157.4495124904144,155.1051966783485,155.67173929364688,88748200
2021-11-30,161.46412658691406,161.67902255964896,156.20896764318036,156.277350409369,174048100
2021-12-01,160.9464874267578,166.34816161455686,160.71205130315363,163.59359305485575,152052500
2021-12-02,159.95989990234375,160.38969196905754,154.13821164787007,155.05640108044867,136739200
2021-12-03,158.08444213867188,161.13205157338396,156.01364225594332,160.21386222018816,118023100
2021-12-06,161.4836883544922,163.98428011365826,160.46781363689186,160.47757621707362,107497000
2021-12-07,167.20770263671875,167.598429443289,164.4336093812365,165.15644279486372,120405400
2021-12-08,171.01718139648438,171.87676531869016,166.73881675330688,168.13564062689133,116998900
2021-12-09,170.50926208496094,172.64844463234323,169.8841141404718,170.85114615502485,108923700
2021-12-10,175.28579711914062,175.46162790674452,170.63625994665398,171.14419733842757,115402700
2021-12-13,171.6619110107422,177.90362873179458,171.45677755961725,176.91705651666257,153237000
2021-12-14,170.2845916748047,173.61546458889217,168.21379204713816,171.18324085105056,139380400
2021-12-15,175.1392822265625,175.33463817394934,168.31148231582245,171.0465102933484,131063300
2021-12-16,168.26260375976562,176.93654309930375,166.7876495307785,175.11970485668968,150185800
2021-12-17,167.16864013671875,169.44457351876034,165.75229083845704,165.98671202152144,195432700
2021-12-20,165.8109130859375,166.6216545378973,163.5740596088574,164.37502357405398,107499100
2021-12-21,168.9757080078125,169.1808265329912,165.1955026634982,167.57888393978646,91185900
2021-12-22,171.56419372558594,171.7790897184107,168.15517538914062,169.02452194022183,92135300
2021-12-23,172.18934631347656,172.74612637491737,171.20278915942293,171.76933180091095,68356600
2021-12-27,176.1453857421875,176.2332936859138,172.96104046356876,172.9805656257053,74919600
2021-12-28,175.1295166015625,177.12218615208815,174.38715798933583,175.9793381325386,79144300
2021-12-29,175.21743774414062,176.4384311169709,174.00620695259946,175.16859502828655,62348900
2021-12-30,174.06480407714844,176.3798175385403,173.95735606919604,175.30533745901636,59773000
2021-12-31,173.44943237304688,175.0709001571645,173.14661351296067,173.9573548573712,64062300
2022-01-03,177.78639221191406,178.6362137085352,173.58618706197944,173.70339765267045,104487900
2022-01-04,175.5299835205078,178.69480333397306,174.96344087400894,178.39199939810527,99310400
2022-01-05,170.8609161376953,175.9890879826122,170.587414831676,175.4420853705736,94537600
2022-01-06,168.00868225097656,171.23210762394186,167.65703557565845,168.69243553501073,96904000
2022-01-07,168.1747283935547,170.09901499255682,167.06118311991872,168.8780217142409,86709100
2022-01-10,168.1942596435547,168.4970635759533,164.26754129298973,165.15642793014217,106765600
2022-01-11,171.01718139648438,171.11485190283432,166.8560422275084,168.32123396506768,76138300
2022-01-12,171.45675659179688,173.06846173538992,170.7632407657719,172.0330618342014,74805200
2022-01-13,168.1942596435547,172.52145244084235,167.80353287215138,171.70094857794888,84505800
2022-01-14,169.05386352539062,169.74737940608347,167.11979931497876,167.36399798657283,80440800
2022-01-18,165.8597412109375,168.53614912039677,165.47879187832885,167.53005178287384,90956700
2022-01-19,162.37257385253906,167.1100339648471,162.08930995625335,166.05509393247632,94815000
2022-01-20,160.69247436523438,165.74250066133902,160.3701303584997,163.10515822088573,91420500
2022-01-21,158.6412353515625,162.4702688967568,158.53378733529433,160.60458738914824,122848900
2022-01-24,157.8695831298828,158.53381139617989,151.11016437480347,156.30672027070835,162294600
2022-01-25,156.07223510742188,158.98307875093712,153.3762874615523,155.29079647095608,115798400
2022-01-26,155.9843292236328,160.575260779249,154.15772812433738,159.70591419723806,108275300
2022-01-27,155.52525329589844,160.0380400395087,154.6070638933257,158.68029600296296,121954600
2022-01-28,166.37741088867188,166.39695095221313,159.02214941138433,161.8646250162313,179935700
2022-01-31,170.72418212890625,170.93907816240107,165.57646971606974,166.2113952349244,115541600
2022-02-01,170.55812072753906,170.78277933201363,168.31148996868112,169.9720379540269,86213900
2022-02-02,171.7595672607422,171.79864739328102,169.30781806090394,170.69486467196293,84914300
2022-02-03,168.8878173828125,172.1503233892282,168.1259186202505,170.43115497753465,89418100
2022-02-04,168.60418701171875,170.27664070855118,166.93173331488632,167.90977257243412,82465400
2022-02-07,167.89019775390625,170.12990075671365,167.19578341710826,169.0638417050099,77251200
2022-02-08,170.99058532714844,171.49916986063508,167.66524328351184,167.95865801143464,74829200
2022-02-09,172.40872192382812,172.77059159545334,171.05902326407136,172.18377712176584,71285000
2022-02-10,168.34010314941406,171.6263154743887,167.78262856301606,170.31574652168356,90865900
2022-02-11,164.93655395507812,169.2790510191681,164.3497243806945,168.54552151303656,98670700
2022-02-14,165.17124938964844,165.85587378073802,162.90219149496014,163.69440078491326,86185500
2022-02-15,168.99537658691406,169.1518664311418,166.5111637354937,167.2153531108256,62527400
2022-02-16,168.76065063476562,169.53329496166765,166.31555287107355,168.0760262456703,61177400
2022-02-17,165.17124938964844,168.13470669398032,164.77024977354867,167.274027503072,69589300
2022-02-18,163.62596130371094,166.79479876362558,162.54033719370844,166.0906242687398,82772700
2022-02-22,160.71141052246094,163.02935867994262,158.58905229899906,161.35690506054718,91162800
2022-02-23,156.55474853515625,162.50121399005073,156.24176881453315,161.90460945584556,90009200
2022-02-24,159.1660919189453,159.27367681919955,148.66194638721413,149.22921086821898,141147500
2022-02-25,161.22976684570312,161.4938266826065,157.3371601146723,160.24193771015948,91974200
2022-02-28,161.49380493164062,161.78721963459702,158.86287747049465,159.47904685433394,95056600
2022-03-01,159.6160125732422,162.94135518491746,158.41302839932598,161.08307153976776,83474400
2022-03-02,162.9021759033203,163.6846100998314,159.3714544632476,160.77983303222933,79724800
2022-03-03,162.57943725585938,165.20058983386846,161.91437782369874,164.77025023720336,76678400
2022-03-04,159.5866241455078,161.9143617747294,158.54013016070306,160.87764280753723,83737200
2022-03-07,155.80165100097656,161.39603654297554,155.5473512521712,159.7724878532729,96418800
2022-03-08,153.98245239257812,159.302986589477,152.37846913530916,155.33215089914594,131148300
2022-03-09,159.37149047851562,159.82139509337992,155.90923815043413,157.9337716080875,91454900
2022-03-10,155.0387420654297,156.8676701680238,152.55451471855633,156.681840375499,105342000
2022-03-11,151.33197021484375,155.78205064733166,151.10702542359093,155.43973102802846,96970100
2022-03-14,147.31224060058594,150.73537736075448,146.80367102699051,148.1240148231261,108732100
2022-03-15,151.68408203125,152.1535515492418,147.0775261791108,147.58609577139651,92964300
2022-03-16,156.0852813720703,156.48628104894496,151.06795013405093,153.60106822684398,102300200
2022-03-17,157.0926513671875,157.46431103838808,154.16832371335292,155.12679794973494,75615400
2022-03-18,160.3788299560547,160.86784945274542,156.25150421008976,156.98503345512586,123511700
2022-03-21,161.7481231689453,162.69682236043158,159.4301601813594,159.9191797677464,95811400
2022-03-22,165.11257934570312,165.6993938917205,161.28844262082922,161.87525716684658,81532000
2022-03-23,166.4720001220703,168.8486273770079,163.9682081166786,164.30075266947398,98062700
2022-03-24,170.2472686767578,170.31572365157868,166.47203725633872,167.30336151454603,90131400
2022-03-25,170.88299560546875,171.43069512284325,168.95625735233114,170.061446329407,80546200
2022-03-28,171.74366760253906,171.87080253422522,168.22272096176943,168.38898581373743,90371900
2022-03-29,175.0299072265625,175.07879724912362,172.46743429498167,172.80975399507543,100589400
2022-03-30,173.86599731445312,175.6655854938626,172.8194884204446,174.62886654102215,92633200
2022-03-31,170.77542114257812,174.1203133341303,170.5700263491638,173.93448350287292,103049300
2022-04-01,170.48199462890625,171.0394840841696,168.16404671715162,170.20814487239906,78751300
2022-04-04,174.5213165283203,174.57022147286082,170.60915974417932,170.73630961524591,76468400
2022-04-05,171.21556091308594,174.38441368133695,170.58961634544698,173.60197924086432,73401800
2022-04-06,168.05648803710938,169.8169616919483,166.393824277865,168.57484765163213,89058800
2022-04-07,168.3596649169922,169.55287391806212,166.11996174699982,167.401190693142,77594700
2022-04-08,166.3546905517578,168.00757925318007,165.48423622614246,168.00757925318007,76575500
2022-04-11,162.10997009277344,165.31793693449984,161.8654603339608,165.00497220353915,72246700
2022-04-12,163.97801208496094,166.13946978275985,162.98040818860537,164.3301066999282,79265200
2022-04-13,166.65785217285156,167.28379658301122,163.10758048377514,163.71395993382896,70618900
2022-04-14,161.66006469726562,167.50874884154206,161.41555493977322,166.87301451784703,75329400
2022-04-18,161.4449005126953,162.94129894819648,159.97784205250275,160.3201467390001,69023900
2022-04-19,163.7237548828125,164.1345444765827,160.31040765157212,161.39603175237912,67723800
2022-04-20,163.5574951171875,165.17126878968486,162.45232094308298,165.05389393478876,67929800
2022-04-21,162.76528930664062,167.76307044383682,162.26649466439048,165.2006123983915,87227800
2022-04-22,158.23692321777344,164.18340212764667,157.95329847424364,162.80437847987656,84882400
2022-04-25,159.30300903320312,159.58663379803306,154.9800781201004,157.58165071304833,96046400
2022-04-26,153.3565216064453,158.7748512209157,153.2782766938566,158.6868312906376,95623200
2022-04-27,153.13160705566406,156.2808795981602,151.967738002025,152.48609759207858,88063200
2022-04-28,160.04632568359375,160.9070049099631,155.43975472715812,155.7527344180899,130216800
2022-04-29,154.18788146972656,162.55012002443183,153.7966717400247,158.2858683064252,131747600
2022-05-02,154.49107360839844,154.7551334388098,149.9040675207667,153.2685246478865,123055300
2022-05-03,155.97767639160156,157.18067526746918,152.88708408047324,154.67688255687574,88966500
2022-05-04,162.37408447265625,162.82397418149506,155.76252942825218,156.16352911233957,108256500
2022-05-05,153.3272247314453,160.47668960295778,151.5471860479713,160.25174474333807,130525300
2022-05-06,154.05198669433594,156.16765847712838,151.01560506464577,152.80804796848787,116124600
2022-05-09,148.9391326904297,152.63176175523802,148.38083908771665,151.75022430191655,131577900
2022-05-10,151.33885192871094,153.52309446613708,149.79127784510368,152.328132388233,115366700
2022-05-11,143.49327087402344,152.2595803376125,142.81742986905113,150.34960463592216,142689800
2022-05-12,139.63414001464844,143.1994331763469,135.95131447864176,139.83983661531016,182602000
2022-05-13,144.09075927734375,145.06044619602298,140.1728540722722,141.62247481337442,113990900
2022-05-16,142.55296325683594,144.4923369438145,141.22087499257742,142.56276758428663,86643800
2022-05-17,146.17701721191406,146.69613834453236,143.66954586445135,145.80481151470883,78336300
2022-05-18,137.92982482910156,144.33559163369299,137.02869370903522,143.8360642275501,109742900
2022-05-19,134.5310516357422,138.7525913397019,133.7964445425997,137.00912503429328,136095600
2022-05-20,134.76611328125,137.81228455615957,129.88832647827988,136.2353274341848,137426100
2022-05-23,140.17288208007812,140.31979757637444,134.82493383051337,134.96205994226503,117726300
2022-05-24,137.4792938232422,139.05625126128453,134.51148183512868,137.92005516834,104132700
2022-05-25,137.6360321044922,138.8799564095269,135.50076571573808,135.58891500747296,92482700
2022-05-26,140.82908630371094,141.37759058232152,134.3253649583187,134.57023400738558,90601500
2022-05-27,146.56881713867188,146.6079896103765,142.27870662441157,142.4060433122878,90978500
2022-05-31,145.7852020263672,147.5678554930359,143.8262500562877,146.01049226377089,103718400
2022-06-01,145.6579132080078,148.62572491730577,144.6490389655957,146.8234773391278,74286600
2022-06-02,148.10658264160156,148.16534881431244,143.84585577263883,144.7959487531145,72348100
2022-06-03,142.39627075195312,144.93311080828775,141.4951543400914,143.88506398253034,88570300
2022-06-06,143.1406707763672,145.52080603843785,141.92611474243267,144.01240411533595,71598400
2022-06-07,145.6579132080078,145.94195473174813,141.14252729935507,141.3873963509184,67808200
2022-06-08,144.9232940673828,146.79408210793065,144.4335560047601,145.5305644824367,53950200
2022-06-09,139.71250915527344,144.91352630119295,139.60476615648915,144.06138663984123,69473000
2022-06-10,134.31558227539062,137.87107088214006,134.24701176433422,137.40092646925825,91437900
2022-06-13,129.17330932617188,132.4251621177248,128.74233746263164,130.1429810735186,122207100
2022-06-14,130.03526306152344,131.14207601932122,128.7815346427886,130.3976794412042,84784300
2022-06-15,132.6504669189453,134.5212702217429,129.4475902081577,131.53386454500733,91533000
2022-06-16,127.39065551757812,129.67283655853572,126.39158573948599,129.36920136755154,108123900
2022-06-17,128.85987854003906,130.34868645706888,127.14579529566508,127.40046865716874,134520300
2022-06-21,133.0814208984375,134.24699991857628,130.58376865027734,130.68170729877417,81000500
2022-06-22,132.5721435546875,134.93267044174033,131.16169507465415,132.02362418807766,73409200
2022-06-23,135.43218994140625,135.74561458048865,132.84637315008302,134.01195231906672,72433800
2022-06-24,138.75259399414062,138.99746302987265,136.90138468183136,137.0287064173905,89116800
2022-06-27,138.75259399414062,140.5450371291734,138.0767530642211,139.7712426067131,70207900
2022-06-28,134.61923217773438,140.47649657650823,134.50169979812208,139.2129786588069,67083400
2022-06-29,136.3724822998047,137.78293057588337,133.86502534038587,134.63881999394516,66242400
2022-06-30,133.9139404296875,135.53006961627574,131.02448963925815,134.43306143850023,98964500
2022-07-01,136.07861328125,136.1863562547321,132.87573705664798,133.2479278277153,71051600
2022-07-05,138.6546173095703,138.70359409768392,134.1196387404863,134.94240992218974,73353800
2022-07-06,139.9867706298828,141.16213936555525,138.18453757214348,138.44900039499768,74064300
2022-07-07,143.34634399414062,143.5422362397496,140.3393449670909,140.34913434840425,66253700
2022-07-08,144.0221710205078,144.5217134378149,142.02404618814074,142.27870461467543,64547800
2022-07-11,141.89669799804688,143.63037488194183,140.82907263468897,142.6802818681296,63141600
2022-07-12,142.8664093017578,145.40324925342907,142.0730359145698,142.7684556965353,77588800
2022-07-13,142.50401306152344,143.4443019452147,139.20316774910646,140.05532229787818,71185600
2022-07-14,145.42282104492188,145.8929653987599,140.30995449187216,141.12292146669557,78140700
2022-07-15,147.0879364013672,147.76377735798872,145.1583671279135,146.7059412883577,76259900
2022-07-18,144.0515594482422,148.45920196700573,143.6891431225671,147.64623499784832,81420900
2022-07-19,147.9009246826172,148.1262000519952,143.89487011094474,144.88413581614606,82982400
2022-07-20,149.8990020751953,150.5650535340759,147.2838029205586,148.0184099284549,64823400
2022-07-21,152.16163635253906,152.37712231601844,148.82161886422966,151.3290755894941,65086600
2022-07-22,150.92747497558594,153.07253011561605,150.2614383736218,152.20079694797485,66675400
2022-07-25,149.8108673095703,151.85796878260385,149.15462011252404,150.84910958984113,53623900
2022-07-26,148.48855590820312,149.9479654683096,147.70497218066316,149.13499865872834,55138700
2022-07-27,153.57205200195312,154.1009774684585,149.03708779660727,149.44846596743406,78620700
2022-07-28,154.12059020996094,154.40463173955777,151.2409277129022,153.75817384315252,81378700
2022-07-29,159.17466735839844,160.27169083424704,156.22644946059978,157.93074338059327,101786900
2022-08-01,158.19517517089844,160.23248719622674,157.58790478823227,157.70543713439505,67829400
2022-08-02,156.72596740722656,159.07671904499605,156.35377664743476,156.81413161603723,59907000
2022-08-03,162.72036743164062,163.1709180629882,157.45078129075776,157.53893055181024,82507500
2022-08-04,162.40695190429688,163.7586338892835,161.05526991931026,162.6028441618955,55474100
2022-08-05,162.18136596679688,162.67178435198056,159.876393569881,160.08237587686597,56697000
2022-08-08,161.71051025390625,164.59417198149717,161.05335158963675,163.18176501562593,60276900
2022-08-09,161.7595977783203,162.64235984823435,160.12160217379457,160.87685067478762,63135500
2022-08-10,165.99679565429688,166.0948703368816,163.70162657940335,164.46667794890814,70170500
2022-08-11,165.26121520996094,167.71330746798904,164.9669611457209,166.80112136548323,57149200
2022-08-12,168.80197143554688,168.8706222095757,166.15370085284405,166.56566536252754,68039400
2022-08-15,169.8711395263672,170.06730390664768,168.06640328157403,168.2331437531316,54091700
2022-08-16,169.7141571044922,170.38113378052608,168.37041574061854,169.4689479524639,56377100
2022-08-17,171.20506286621094,172.77439273368478,169.26301023326062,169.45917459589717,79542000
2022-08-18,170.8126983642578,171.54832585930868,169.80243780169835,170.42036968678258,62290100
2022-08-19,168.23312377929688,170.4105825645676,168.02714147630917,169.71418188591318,70346300
2022-08-22,164.35879516601562,166.6049043800519,163.9370276482697,166.43816395511286,69026800
2022-08-23,164.0253143310547,165.47696339789675,163.4564272588674,163.87819481513557,54147100
2022-08-24,164.319580078125,164.88846719098774,163.06411023124903,164.11361274111158,53841500
2022-08-25,166.77163696289062,166.87952958176348,165.12383874706296,165.54559127859812,51218200
2022-08-26,160.48446655273438,167.77208967610682,160.42561875617696,167.30129233726979,78961000
2022-08-29,158.28741455078125,159.77827539995786,156.7573118566176,158.06181135805244,73314000
2022-08-30,155.86476135253906,159.44480926961938,154.6975633016655,159.02305667853338,77906200
2022-08-31,154.2071075439453,157.502718607711,154.12863883214416,157.2378885761792,87991100
2022-09-01,154.9329833984375,155.38415993328115,151.70602203096658,153.6382716729597,74229900
2022-09-02,152.82412719726562,157.2869361057138,152.00022815870258,156.68862526348613,76957800
2022-09-06,151.5686492919922,154.07958810783353,150.7447502992397,153.47147432266516,73714800
2022-09-07,152.97128295898438,153.6676685648947,150.66631095885003,151.85312983190147,87449600
2022-09-08,151.5000762939453,153.3636604436511,149.75417281827168,151.67661975456892,84923800
2022-09-09,154.35427856445312,154.79566708651402,151.7844910019974,152.49069467763707,68028800
2022-09-12,160.2981414794922,161.11223777090294,156.24729591423596,156.53173198406338,104956000
2022-09-13,150.89190673828125,157.46350930410847,150.43091231518306,156.8357744463717,122656600
2022-09-14,152.333740234375,154.08944624806267,150.66632089509483,151.82370097735972,87965400
2022-09-15,149.45010375976562,152.26511565335673,148.47908487159995,151.6864105462559,90481100
2022-09-16,147.81210327148438,148.44965617349064,145.52675172371437,148.312339619677,162278800
2022-09-19,151.51963806152344,151.59810678770754,146.2427471814607,146.44871449211215,81474200
2022-09-20,153.89328002929688,155.05067517637016,150.14649142825516,150.46035140561636,107689800
2022-09-21,150.77420043945312,155.69800426701255,150.65650483896582,154.3248240736869,101696800
2022-09-22,149.81297302246094,151.50981598394938,148.01804042401267,149.45987128233378,86652500
2022-09-23,147.5472412109375,148.5673196468233,145.71308157487604,148.29268659863374,96029900
2022-09-26,147.8807373046875,150.82324708343862,146.77238716545008,146.79200808789446,93339400
2022-09-27,148.85177612304688,151.75505941669135,147.07646404392761,149.81300689014782,84442700
2022-09-28,146.9685516357422,147.75322390412563,142.06436866631904,144.81071412247172,146691400
2022-09-29,139.74960327148438,143.9083561021041,137.98409428837317,143.3002421615135,128138200
2022-09-30,135.55160522460938,140.35771319334796,135.35544091221504,138.5725835278908,124925300
2022-10-03,139.7201690673828,140.32829792951577,135.05139229305564,135.5614315097669,114311700
2022-10-04,143.3002471923828,143.41794280659562,141.49549629829846,142.2507447443845,87830100
2022-10-05,143.59445190429688,144.55568241187106,140.26941690015158,141.30911612057122,79471000
2022-10-06,142.64305114746094,144.7126168501461,142.43708385477177,143.01577382273572,68402200
2022-10-07,137.40545654296875,140.35778559469443,136.77772143967303,139.80850428372344,85925600
2022-10-10,137.7290496826172,139.17088043179677,135.91451126723297,137.7290496826172,74899000
2022-10-11,136.31668090820312,138.64127407342733,135.57125040118655,137.21904887976436,77033700
2022-10-12,135.68893432617188,137.67022848780448,135.51239091855444,136.4638036366148,70433700
2022-10-13,140.24986267089844,140.83835578471064,131.79503908177543,132.40316808901153,113224000
2022-10-14,135.72817993164062,141.75051634248345,135.5418185741853,141.54453406151188,88598000
2022-10-17,139.68096923828125,140.16156968133146,137.5819791306435,138.36665154683308,85250900
2022-10-18,140.99526977539062,143.88873492707052,137.91544326382163,142.7019309504816,99136600
2022-10-19,141.10317993164062,142.1722884311379,138.78840452952474,138.97476591255997,61758300
2022-10-20,140.6421661376953,143.09425775385319,139.91634163141597,140.2792613677454,64522000
2022-10-21,144.44781494140625,145.0167019837592,139.916339525803,140.13212478208789,86548600
2022-10-24,146.5860137939453,147.3510650763543,143.2021308192321,144.36932866368048,75981900
2022-10-25,149.420654296875,149.56778877679034,146.4977652190575,147.21377179556336,74732300
2022-10-26,146.4879608154297,149.07736899312695,145.20305222207165,148.06710843299678,88194300
2022-10-27,142.025146484375,146.1937021462339,141.36798774070627,145.23248644302674,109180200
2022-10-28,152.7554931640625,154.48176014348397,144.98726930709842,145.35997702745019,164762400
2022-10-31,150.4014892578125,151.28425122815005,149.00870300208484,150.22494584357278,97943200
2022-11-01,147.76309204101562,152.47111276102575,146.2722305366809,152.10820785050004,80379300
2022-11-02,142.2507781982422,149.2539532521018,142.2213542877692,146.09565715267652,93604600
2022-11-03,136.21861267089844,140.0634909361085,136.09109910411752,139.33766635298934,97918500
2022-11-04,135.9533233642578,140.16808578570755,132.02346880241154,139.59825507529519,140814800
2022-11-07,136.48385620117188,136.70981865595215,133.29084915754692,134.70559929239224,83374600
2022-11-08,137.05368041992188,138.94982808586678,135.07893386231837,137.94772594743225,89908500
2022-11-09,132.50485229492188,136.12032590260378,132.22976370415523,136.07119972756607,74917800
2022-11-10,144.29443359375,144.29443359375,137.05368118428237,138.7631733571785,118854000
2022-11-11,147.07481384277344,147.37937519314977,141.83828048896822,143.26286485614494,93979700
2022-11-14,145.6796875,147.64461451239947,144.84458752324886,146.35758971787035,73374100
2022-11-15,147.4088592529297,150.89660867721872,145.95481705312972,149.5506380930854,89868300
2022-11-16,146.18077087402344,147.24183349471545,144.70707528826344,146.51481993344615,64218300
2022-11-17,148.0769500732422,148.8236171893066,143.5870831617381,143.8621718356149,80389400
2022-11-18,148.63694763183594,150.0222252429551,147.3401031595605,149.6390649453273,74829600
2022-11-21,145.41444396972656,147.73305885560603,145.12953609848137,147.52674987775407,58724100
2022-11-22,147.54637145996094,147.78216811313607,144.35336486366882,145.53233313834016,51804100
2022-11-23,148.42079162597656,149.1674586072914,146.72111870836432,146.82919031011303,58301400
2022-11-25,145.5126953125,146.2691965387926,144.5400508786952,145.70918504900035,35195900
2022-11-28,141.69091796875,144.06847835661756,140.86565204725017,142.59478278627932,69246000
2022-11-29,138.6943817138672,142.27054854346483,137.88876937413374,141.75966328460675,83763800
2022-11-30,145.43409729003906,146.1119996275474,138.08527316426236,138.9203582971881,111380900
2022-12-01,145.70921325683594,146.51484082101652,144.0390276864429,145.61097586517099,71250400
2022-12-02,145.21795654296875,145.4046270438478,143.09583136119605,143.40040769964443,65447400
2022-12-05,144.05865478515625,148.2734173934748,143.21373541725012,145.17866278529172,68826400
2022-12-06,140.4038848876953,144.71689974436399,139.43124046996064,144.49093730068225,64727200
2022-12-07,138.4684600830078,140.85584008868295,137.5449416476374,139.69653991914743,69721100
2022-12-08,140.1484375,141.00319109284194,138.62563079391435,139.86352962985669,62128300
2022-12-09,139.6670379638672,143.0172426533997,138.42912415381502,139.84387422747133,76097000
2022-12-12,141.9561767578125,141.96599599737974,138.58631867677312,140.19755844692216,70462700
2022-12-13,142.9189910888672,147.34007759813417,141.71056497387187,146.87831847453648,93886200
2022-12-14,140.6986541748047,144.08815144991274,138.68460028950005,142.80112620848055,82291200
2022-12-15,134.1063232421875,139.31338494507114,133.64456400681874,138.63548245096763,98931900
2022-12-16,132.15118408203125,135.23611943482993,131.38486361161162,134.29296269794702,160156900
2022-12-19,130.04873657226562,132.82911109974094,129.01716151047765,132.74069295008061,79592600
2022-12-20,129.97998046875,130.91331820064397,127.61223880809378,129.08593469778208,77432800
2022-12-21,133.07470703125,134.41085828161889,130.42205800232537,130.64802045895354,85928000
2022-12-22,129.9112091064453,132.20035200043924,128.01506080289434,131.9940429577661,77852100
2022-12-23,129.54766845703125,130.0978457490201,127.3665977700706,128.62415014924704,63814900
2022-12-27,127.74976348876953,129.1055682957193,126.46273834186272,129.07609558176017,69007800
2022-12-28,123.82972717285156,128.73221899747332,123.66271014073895,127.39606774936588,85438400
2022-12-29,127.33710479736328,128.19184331205201,125.49007597127037,125.74551110442214,75703700
2022-12-30,127.65149688720703,127.67115035805845,125.19534521858718,126.1581629090278,77034200
2023-01-03,122.8767318725586,128.60448941700523,121.9925130634904,127.99536673400503,112117500
2023-01-04,124.14412689208984,126.4037966398773,122.886574422074,124.66483150899292,89113600
2023-01-05,122.82762145996094,125.52939692056383,122.57218626779334,124.90062068574457,80962700
2023-01-06,127.3469467163086,128.0051956310965,122.69989736764362,123.80025946812165,87754700
2023-01-09,127.86764526367188,131.07048653770673,127.6122100970975,128.18204084518473,70790800
2023-01-10,128.43748474121094,128.95818934117645,125.87325369613974,127.97572556898378,63896200
2023-01-11,131.14907836914062,131.1687168485226,128.17221470136022,128.94835439070522,69458900
2023-01-12,131.0705108642578,131.90559617413024,129.13505580606935,131.53227009080283,71379600
2023-01-13,132.3968048095703,132.55400260182785,129.35117628841525,129.71468306570503,57809700
2023-01-17,133.55615234375,134.88246968730516,131.77789498509242,132.46561675484807,63646600
2023-01-18,132.83892822265625,136.1792989256054,132.6620769549058,134.42069543585905,69672800
2023-01-19,132.8978729248047,133.86068318245066,131.4241773301355,131.72873868777404,58280400
2023-01-20,135.45230102539062,135.59967961374403,131.8663135769454,132.90772297331753,80223600
2023-01-23,138.63546752929688,140.80671912517695,135.4817521326256,135.6978953680963,81760300
2023-01-24,140.03054809570312,140.64950501564115,137.83965827143598,137.84947751147084,66435100
2023-01-25,139.372314453125,139.93231102042415,136.37579688239575,138.41932337339787,65799300
2023-01-26,141.4355010986328,141.72040901629467,139.41161299424252,140.65934626942868,54105100
2023-01-27,143.37094116210938,144.64814715401417,140.57092820918845,140.64952711543583,70555800
2023-01-30,140.49229431152344,142.9975794810538,140.34493076851774,142.41792955695834,64015300
2023-01-31,141.7596893310547,141.80881551729502,139.78494257033407,140.19757555057984,65874500
2023-02-01,142.8797149658203,144.03903014040526,138.84180280794712,141.44532609516176,77663600
2023-02-02,148.17520141601562,148.52887400177488,145.57166328269082,146.28885767804982,118339000
2023-02-03,151.7906494140625,154.62014981197694,145.23761799882098,145.43410775063012,154357300
2023-02-06,149.06919860839844,150.4151839414419,148.1358611817687,149.89447943002094,69858300
2023-02-07,151.93800354003906,152.50783427872634,147.99832954313612,147.99832954313612,83322600
2023-02-08,149.25588989257812,151.8692470443083,148.51904208604415,151.18152542311802,64120100
2023-02-09,148.2242889404297,151.62361983119905,147.78218328763404,151.08326181502397,56007100
2023-02-10,148.58837890625,148.913088785703,146.82709018156558,147.06324691592152,57450700
2023-02-13,151.3828582763672,151.78627208132363,148.49983612289876,148.52935383999073,62199000
2023-02-14,150.74322509765625,151.30409157346335,148.44075380707582,149.68054257567448,61707600
2023-02-15,152.83909606933594,153.00636811059493,150.42838780610393,150.6546952720313,65573800
2023-02-16,151.24505615234375,153.8230360580732,150.89082864502956,151.0482514150965,68167900
2023-02-17,150.10366821289062,150.5464488832577,148.4309328947845,149.90687847207133,59144100
2023-02-21,146.09896850585938,148.87375415444836,146.0300988341385,147.79138776370112,58867200
2023-02-22,146.52203369140625,147.5453493019233,144.80009726904348,146.4826667367167,51011300
2023-02-23,147.0041961669922,147.92912460701393,144.87884561858363,147.68313363952294,48394200
2023-02-24,144.35733032226562,144.82962872471046,143.38320079150859,144.75090982195374,55469600
2023-02-27,145.5478973388672,146.77785186784027,145.08543323484585,145.341273385892,44998500
2023-02-28,145.04612731933594,146.68934528974674,144.47542643511753,144.69189970203135,50547000
2023-03-01,142.9797821044922,144.86899086128216,142.68458995191014,144.4754113339038,55479000
2023-03-02,143.57017517089844,144.35734928778834,141.59239813777418,142.0647116163666,52238100
2023-03-03,148.60806274414062,148.68678165578146,144.96739941181147,145.66600535471582,70732300
2023-03-06,151.36317443847656,153.7935665673354,150.9991125857975,151.32380747304748,87558000
2023-03-07,149.16893005371094,151.55995507278075,148.70646582947896,151.2352451910372,56182000
2023-03-08,150.41856384277344,151.00894821688513,149.39524794362458,150.35952840818192,47204800
2023-03-09,148.17510986328125,152.06176399701366,147.82088228318355,151.09748364556307,53833600
2023-03-10,146.1186065673828,148.51948035027368,145.24287949222287,147.8011910673905,68572400
2023-03-13,148.05706787109375,150.6842500131036,145.33148332105827,145.43971996424668,84457100
2023-03-14,150.1430206298828,150.94002884188114,147.6929605728649,148.85403055723415,73695900
2023-03-15,150.53665161132812,150.79247683579462,147.51587504804607,148.7655134809102,77167900
2023-03-16,153.35076904296875,153.9509875803486,149.20827470890512,149.71994010489203,76161100
2023-03-17,152.514404296875,154.2265068856699,151.80594908869074,153.5770871091514,98944600
2023-03-20,154.87591552734375,155.28919358755078,151.6780327765039,152.5832927983786,73641400
2023-03-21,156.7257537841797,156.84382463636302,154.02968755125636,154.7971931327365,73938300
2023-03-22,155.2990264892578,159.5399085601911,155.27934300701256,156.7454546452784,75701800
2023-03-23,156.38136291503906,158.9593583364734,155.15140813839363,156.28297554136526,67622100
2023-03-24,157.68020629882812,157.76875944157217,155.31869907440637,156.31249715364865,59196500
2023-03-27,155.7417755126953,158.19185056660328,155.33834678641222,157.37515888196728,52390300
2023-03-28,155.1219024658203,155.94844355059743,153.47868455836303,155.4367781198492,45992200
2023-03-29,158.1918487548828,158.46735739062942,156.79462209814082,156.81429056205513,51305700
2023-03-30,159.75636291503906,159.86459953343115,158.68384597812414,158.93967116064357,49501700
2023-03-31,162.255615234375,162.3540176143248,159.31357325147573,159.8350728342002,68749800
2023-04-03,163.50526428222656,163.62333513475417,161.58653785817188,161.63573905142377,56976200
2023-04-04,162.97389221191406,164.1644797332799,162.46222694746066,163.92833808360348,46278300
2023-04-05,161.13392639160156,162.40324825832465,159.20536551321473,162.09822184489292,51511700
2023-04-06,162.01951599121094,162.3147081943001,159.40216814543908,159.82526545905753,45390100
2023-04-10,159.431640625,159.431640625,157.5129143705151,158.8314221542027,47716900
2023-04-11,158.22137451171875,159.7563555644006,157.93601661540757,159.74652133194326,47644200
2023-04-12,157.53262329101562,159.46118408911326,157.2177476424543,158.6346580327857,50133100
2023-04-13,162.905029296875,163.14118599216286,158.8314201412513,159.03805912639,68445600
2023-04-14,162.56063842773438,163.65283866101953,161.19292957831368,161.95057076563972,49386500
2023-04-17,162.580322265625,162.73776006518966,161.39956879707992,162.44256794452966,41516200
2023-04-18,163.80044555664062,164.72537387764507,162.99358808032773,163.4363837761115,49923000
2023-04-19,164.94186401367188,165.46336364998885,162.8853681685066,163.1412083770297,47720200
2023-04-20,163.97756958007812,165.17800667808302,162.90505258707114,163.42655222639002,52456400
2023-04-21,162.3737030029297,163.78076396537094,161.85220341407148,162.40322071444277,58337300
2023-04-24,162.67872619628906,162.94440060882783,161.26181601487568,162.3540163618739,41949600
2023-04-25,161.1437530517578,163.64301445601814,161.1043860925183,162.54097982284455,48714100
2023-04-26,161.13392639160156,162.62955575633885,160.18932943478703,160.44515464932056,45498800
2023-04-27,165.7093505859375,165.85693915334915,162.5409858833323,162.5409858833323,64902300
2023-04-28,166.958984375,167.12627144742981,165.18786139778672,165.7880799666726,55275900
2023-05-01,166.87042236328125,167.71663185783257,165.9356597273935,166.56539597816914,52472900
2023-05-02,165.83726501464844,167.6182522416185,164.8533011388869,167.36241202489828,48425700
2023-05-03,164.76473999023438,168.17909567440717,164.47939708632646,166.78186884038578,65136000
2023-05-04,163.13134765625,164.36130237503923,161.67508547315035,162.24578626436005,81235400
2023-05-05,170.78660583496094,171.504895212846,168.02165491497223,168.23812815446027,113453200
2023-05-08,170.7176971435547,171.06209043449635,169.34998823962542,169.71404999386525,55962800
2023-05-09,169.01547241210938,170.7570775926942,168.84820036158354,170.27494492179522,45326900
2023-05-10,170.77676391601562,171.23922812803062,169.14338031673282,170.24543004162442,53724500
2023-05-11,170.96368408203125,171.79020994413887,169.4090197142991,171.06208645260807,49514700
2023-05-12,170.03749084472656,171.50561502670146,168.4905238476374,171.0720697527437,45533100
2023-05-15,169.54483032226562,170.66809989196608,168.95362948142878,170.61883064941935,37266700
2023-05-16,169.54483032226562,170.5991199454283,169.27878844040285,169.46600254116325,42110300
2023-05-17,170.15574645996094,170.39221479568312,167.91905489711874,169.19013234108013,57951600
2023-05-18,172.4810791015625,172.66829318642024,170.04732606813303,170.46116060762145,65496700
2023-05-19,172.5895233154297,173.80146880445517,172.37275062180032,173.80146880445517,55809500
2023-05-22,171.64358520507812,172.14611049896482,170.90459157041087,171.42681253611994,43570900
2023-05-23,169.0423583984375,170.83565715552854,168.76646859501835,170.58932589998525,50747300
2023-05-24,169.31822204589844,169.8897122746601,168.0176010356781,168.57922839342694,45143500
2023-05-25,170.45132446289062,171.34795850917342,169.17039935195018,169.87983433539839,56058300
2023-05-26,172.8555145263672,173.1905363695113,170.56956891324683,170.7764937271046,54835000
2023-05-30,174.6980743408203,176.36327550868927,173.97879151124883,174.36306754730614,55964400
2023-05-31,174.64881896972656,176.71800704198733,174.16600441023556,174.72764675708407,99625300
2023-06-01,177.44717407226562,177.47673261921489,174.33354349143505,175.09224794448755,68901800
2023-06-02,178.29454040527344,179.11236188910445,176.62933889294345,178.37336820267623,61996900
2023-06-05,176.9446258544922,182.23581511366768,175.42721727327233,179.9498694414483,121946500
2023-06-06,176.58006286621094,177.4766970018392,174.82617090162998,177.328904296753,64848400
2023-06-07,175.21046447753906,178.5507149734009,174.71780207381394,175.82136104700194,61944600
2023-06-08,177.92010498046875,178.18613184931536,174.85574427470908,175.28927455408018,50214900
2023-06-09,178.3043975830078,179.5557493602978,177.97923856717878,178.83646640490514,48900000
2023-06-12,181.09283447265625,181.19137296447727,178.31422641468646,178.60982685528654,54274900
2023-06-13,180.619873046875,181.44754220802452,179.76264534674598,180.1173628493618,54929100
2023-06-14,181.25047302246094,181.6840182899738,179.3488035947976,180.67898290027227,57462900
2023-06-15,183.2802734375,183.78279874291368,181.08300318978328,181.26036948430115,65433200
2023-06-16,182.20623779296875,184.245867094745,181.56578276571634,183.98967305595488,101256200
2023-06-20,182.29493713378906,183.36895259993452,181.7037512704965,181.7037512704965,49799100
2023-06-21,181.26034545898438,182.68906332243637,179.91044034391143,182.18653808363035,49515700
2023-06-22,184.2557373046875,184.3050065515812,180.97460392176268,181.0435838743865,51245300
2023-06-23,183.9404296875,184.8075203379306,182.29493904669715,182.8270228675936,53117000
2023-06-26,182.5511016845703,185.29030300231886,182.51168027914116,184.08820572936608,48088700
2023-06-27,185.30018615722656,185.6253451571229,182.94526040179295,183.1620330683905,50730800
2023-06-28,186.47271728515625,187.11317238738192,184.84693738882143,185.17208134019785,51216800
2023-06-29,186.80772399902344,187.2806907250245,186.16726889716722,186.3052137668684,46347300
2023-06-30,191.1234588623047,191.62596911406445,188.45322195229386,188.81780236383452,85213200
2023-07-03,189.6356201171875,191.0347795474039,188.9458807202263,190.93624105216273,31458200
2023-07-05,188.52220153808594,190.1479814937267,187.82261429340878,188.75868490984942,46920300
2023-07-06,188.99513244628906,189.20205725316632,186.42343432149448,187.0540415419299,45094300
2023-07-07,187.88172912597656,189.84253092683244,187.4481988352347,188.60102706839623,46815000
2023-07-10,185.84213256835938,187.20188576037833,184.29516523716504,186.4825877482977,59922200
2023-07-11,185.31993103027344,186.52202875398913,183.86165421465003,186.3840838529824,46638100
2023-07-12,186.98509216308594,188.88676181703667,185.70416691161034,186.89640150427806,60750200
2023-07-13,187.74378967285156,188.38425984411805,186.99494820191867,187.70438329432415,41342300
2023-07-14,187.89157104492188,188.37437052971225,186.8471292596261,187.4383150637318,41616200
2023-07-17,191.1431884765625,191.46834750746484,188.9951723122315,189.08384794751433,50520200
2023-07-18,190.886962890625,191.4781637647375,189.5961898515042,190.51254970289233,48288200
2023-07-19,192.2368621826172,195.3209183853995,189.82280454932882,190.26621270882248,80507300
2023-07-20,190.2957763671875,193.58675746858663,189.6750169550875,192.22700448393437,59581200
2023-07-21,189.1232452392578,192.10877819186132,188.4236580132484,191.25155042374644,71951700
2023-07-24,189.92135620117188,192.04966138875844,189.4286937985748,190.57167418096722,45377800
2023-07-25,190.77859497070312,191.58656857428397,190.08887057427083,190.49285737606127,37283200
2023-07-26,191.64564514160156,192.76891464540725,190.48296926698734,190.82782387486023,47471900
2023-07-27,190.38446044921875,194.30604897209747,189.72429463258098,193.1433729163405,47460200
2023-07-28,192.95614624023438,193.7444090416655,191.29094501886246,191.8131659299023,48291400
2023-07-31,193.5670928955078,193.6065143149622,192.3945537420343,193.18281674759237,38824100
2023-08-01,192.73939514160156,193.842954166062,192.41423613585215,193.3601546102926,35175100
2023-08-02,189.7538604736328,192.31569604997566,189.03457754647138,192.17775117305615,50389300
2023-08-03,188.36453247070312,189.54691917513858,187.89158079590146,188.7586713954234,61235200
2023-08-04,179.31927490234375,184.6301752435833,179.25029494609427,182.79747042079737,115956800
2023-08-07,176.22535705566406,180.44254624962392,174.74736976708382,179.4572213905704,97576100
2023-08-08,177.161376953125,177.6244807463182,174.97395500417116,177.05299063908274,67823000
2023-08-09,175.57504272460938,178.2748232727554,174.41235154839882,178.21570618554995,60378500
2023-08-10,175.35826110839844,178.09746293161143,174.99369573264087,176.8460961883882,54686900
2023-08-11,175.41744995117188,176.2363757071569,174.1940069392339,174.95373578240464,52036700
2023-08-14,177.065185546875,177.29211207450308,174.9438673937282,175.59506357405235,43675600
2023-08-15,175.08201599121094,177.0849254578291,174.68735981208974,176.49294118914725,43622600
2023-08-16,174.2137451171875,176.15744233651847,174.14467201512105,174.76626971305478,46964900
2023-08-17,171.6780548095703,175.1412101505236,171.1649897406694,174.77615243783515,66062900
2023-08-18,172.16151428222656,172.76337470680727,169.6652772069575,170.0007364455324,61172200
2023-08-21,173.49346923828125,173.77960771425435,171.4215020828672,172.7337554755455,46311900
2023-08-22,174.8649444580078,175.30893640777694,173.89802631437342,174.69721483499137,42038900
2023-08-23,178.70298767089844,179.12725724190958,175.95022624612537,176.13769314574677,52722800
2023-08-24,174.02630615234375,178.68332143034684,173.6612333709249,178.25905172631101,54945800
2023-08-25,176.2265167236328,176.7593040006282,173.4737548580186,175.0129348306344,51449600
2023-08-28,177.78543090820312,178.1800870283186,176.1673167274641,177.6867593505913,43820700
2023-08-29,181.66297912597656,182.4325690983829,177.1046362040057,177.30196426395187,53003900
2023-08-30,185.14588928222656,185.34323241647965,182.27473336292013,182.4720614420058,60813900
2023-08-31,185.3629150390625,186.59623408851635,184.97812009783948,185.33331658628876,60794500
2023-09-01,186.9317169189453,187.3855699191495,185.76745585396847,186.96131537308187,45766500
2023-09-05,187.1685333251953,187.44479564304942,185.1064270757959,185.7674844117445,45280000
2023-09-06,180.46908569335938,186.32981932276323,179.04829995833276,185.885812489196,81755800
2023-09-07,175.19052124023438,175.83185624974686,171.22416252451072,172.84227669356144,112488800
2023-09-08,175.80226135253906,177.83478423163749,175.41746632815568,175.97000602806156,65551300
2023-09-11,176.9665069580078,177.89396541040293,174.97345890425444,177.6670388917848,58953100
2023-09-12,173.9473419189453,177.72623373133553,172.487096210491,177.09477490699047,90370200
2023-09-13,171.88523864746094,174.93400012779577,171.65829707262085,174.15453395453247,84267900
2023-09-14,173.39479064941406,173.74998712440222,171.26361179948515,171.6780051777774,60895800
2023-09-15,172.67453002929688,174.14465177290464,171.50042292713772,174.12491445244186,109259500
2023-09-18,175.59507751464844,176.98626535892447,173.81909463420754,174.12495542511192,67257600
2023-09-19,176.6803741455078,177.23289871202428,174.7662604292434,175.1510553991506,51826900
2023-09-20,173.1481475830078,177.30195805066697,173.0593371622532,176.86782730089922,58436200
2023-09-21,171.60897827148438,173.9473619674597,171.53992021743218,172.22071489897561,63149100
2023-09-22,172.45750427246094,174.71695374662696,171.7273888544839,172.33911043282527,56725400
2023-09-25,173.73028564453125,174.60840835340898,171.82603288281885,171.87536866413782,46172700
2023-09-26,169.66526794433594,172.8620217812148,169.3692683155077,172.4871029695211,64588900
2023-09-27,168.1556854248047,170.7308568174817,166.79411110643792,170.31646332448594,66921800
2023-09-28,168.41221618652344,169.7343308371659,165.38317681816312,167.08022534636603,56294400
2023-09-29,168.92527770996094,170.76045735672912,168.06687727418498,169.7244661753788,51861100
2023-10-02,171.43136596679688,171.9740294168616,168.6489906711008,168.93512915166482,52164500
2023-10-03,170.09938049316406,171.31297744317223,168.54047825044546,169.96124934298015,49594600
2023-10-04,171.34259033203125,171.88525384459265,168.68848474300435,168.80687858022958,53020300
2023-10-05,172.57591247558594,173.10869980697885,170.3756599300563,171.47084810780015,48527900
2023-10-06,175.1214599609375,175.61478762599208,170.86896284182788,171.48069938400815,57266700
2023-10-09,176.60145568847656,176.66065260372454,173.45402254968238,174.45053908507856,42390800
2023-10-10,176.0094757080078,177.32172934204314,175.57534487507363,175.7233522345748,43698000
2023-10-11,177.400634765625,177.4499705441094,175.22999600880442,175.82198018511957,47551100
2023-10-12,178.2985076904297,179.90674578858014,176.6507798893927,177.6670488234186,56743100
2023-10-13,176.4633331298828,179.5022186651883,175.76280113660414,178.99902980590412,51427100
2023-10-16,176.33502197265625,176.69021845376034,174.15450731404093,174.3913099864983,52517000
2023-10-17,174.7860107421875,176.03906740635364,172.46737941742194,174.2926830064713,57549400
2023-10-18,173.49346923828125,175.21025492862336,172.77321506438722,173.23694427289632,54764400
2023-10-19,173.1185760498047,175.466805839834,172.85217485644313,173.69082297603654,59302900
2023-10-20,170.57298278808594,173.07908076842247,170.33618008275127,172.97054807703984,64244000
2023-10-23,170.69139099121094,171.68790756499885,167.6623515662161,168.62928473640696,55980100
2023-10-24,171.12550354003906,171.35243005141567,169.1620540054936,170.74070856198063,43816600
2023-10-25,168.81675720214844,170.7505934954682,168.37275019582236,169.58634726553433,57157000
2023-10-26,164.66290283203125,169.09299056011605,163.45918215856796,168.0964590692853,70625300
2023-10-27,165.9751739501953,166.70530437202822,164.60372353518264,164.6826577744484,58499100
2023-10-30,168.0175323486328,168.8857938712959,166.61648356307745,166.76449089816728,51131000
2023-10-31,168.4911651611328,168.61942013954004,165.65945361827133,167.09011614768582,44846000
2023-11-01,171.64845275878906,171.9049777602895,167.84982318964867,168.71808481806195,56934900
2023-11-02,175.2003936767578,175.40758286457637,173.11855033416663,173.17774724497193,77334800
2023-11-03,174.29269409179688,174.46043878115682,171.03674287311975,171.91486569633807,79829200
2023-11-06,176.8382568359375,177.035584920202,173.85856813665714,174.02629776104038,63841300
2023-11-07,179.3936767578125,180.00539823599848,176.58170308551922,176.78889227095914,70530000
2023-11-08,180.4494171142578,181.00194176498167,179.16676200069597,179.91662978825056,49340300
2023-11-09,179.9757843017578,181.6629563158929,179.38378514108624,180.51844768984608,53763500
2023-11-10,184.1548309326172,184.32279657138264,181.31940452226758,181.75410719319203,66133400
2023-11-13,182.57412719726562,183.78930789371245,181.99123723697815,183.58184574005094,43627500
2023-11-14,185.1823272705078,185.84425545326624,184.0560589323069,185.4391901985185,60108400
2023-11-15,185.7454376220703,187.21749618530262,185.51821216432265,185.5873762590713,53790500
2023-11-16,187.4250030517578,188.65994715340477,186.37775779056014,187.28668991537342,54412900
2023-11-17,187.40524291992188,188.08693448765234,186.29873780998344,187.9584954748911,50922700
2023-11-20,189.14404296875,189.59850904887813,187.592960955599,187.6028350817968,46505100
2023-11-21,188.34378051757812,189.21318592585277,187.45462685911554,189.10451024981845,38134500
2023-11-22,189.00572204589844,190.60620477415247,188.53150773289747,189.18356183514956,39617700
2023-11-24,187.681884765625,188.6006760331266,186.9705556859451,188.5710385777235,24048300
2023-11-27,187.50401306152344,188.37341847212542,186.62473352580105,187.6324520630897,40552600
2023-11-28,188.106689453125,188.77850691885152,187.11873411970524,187.4941619704054,38415400
2023-11-29,187.08908081054688,189.77632029571453,186.69390474066958,188.6006511365786,43014200
2023-11-30,187.66209411621094,188.02764780463457,185.92329832735996,187.55341843722022,48794400
2023-12-01,188.93658447265625,189.25272234216075,186.95078459310412,188.03754149609296,45704800
2023-12-04,187.1483612060547,187.76090372984268,185.1922139752508,187.69173962433385,43389500
2023-12-05,191.09031677246094,192.05850876803487,187.88933609882633,187.91898862751913,66628400
2023-12-06,190.00355529785156,192.4141533735728,189.79607806848605,192.10788966712872,41089700
2023-12-07,191.93008422851562,192.65128739108172,191.25826677194576,191.29779342674496,47477700
2023-12-08,193.3527374267578,193.629363703371,191.33730018286,191.86091528323507,53406400
2023-12-11,190.85317993164062,191.15945870925907,189.11438419177532,190.78403090604945,60943700
2023-12-12,192.36476135253906,192.3746354774224,189.41076991243543,190.75438957156285,52696900
2023-12-13,195.57562255859375,195.61513413450965,192.50308121236986,192.74018081786602,70404200
2023-12-14,195.7238311767578,197.21563829918102,193.79732129680679,195.6349188149913,66831600
2023-12-15,195.19032287597656,196.01031245444227,194.62718115642724,195.1507962246044,128538400
2023-12-18,193.53054809570312,194.26164038796966,192.0486152607036,193.72813612536964,55751900
2023-12-19,194.56790161132812,194.57777573643529,193.5305456250714,193.79729775296602,40714100
2023-12-20,192.4833221435547,195.2989855460905,192.4833221435547,194.5283816611859,52242800
2023-12-21,192.33514404296875,194.7062459740887,191.1693639432951,193.73805393325773,46482500
2023-12-22,191.2681427001953,193.0563392932213,190.64572606781581,192.82909873139974,37149600
2023-12-26,190.7247772216797,191.55465607108982,190.50742584564344,191.2780297879531,28919300
2023-12-27,190.8235626220703,191.16935301152336,188.7883770898652,190.1715235726757,48087700
2023-12-28,191.24838256835938,192.31537606668746,190.84331729052167,191.80163510638113,34049900
2023-12-29,190.2110137939453,192.05848519728596,189.42064661751613,191.56450759639273,42672100
2024-01-02,183.40403747558594,186.17031557472808,181.67511554799748,184.895844683247,82488700
2024-01-03,182.03076171875,183.6411336613478,181.22063114701328,182.00112426612563,58414500
2024-01-04,179.71896362304688,180.88474371487789,178.70137080560033,179.956063262062,71983600
2024-01-05,178.99774169921875,180.5587129492039,177.99991223040004,179.79799818956093,62379700
2024-01-08,183.32496643066406,183.36449308108033,179.3138706884217,179.89676064456035,59144500
2024-01-09,182.9100341796875,182.9199083051763,180.52905841182087,181.7047275700206,42841800
2024-01-10,183.94737243652344,184.15483457675245,181.70471001714742,182.129538572139,46792900
2024-01-11,183.35462951660156,184.7970509584636,181.40835627398752,184.2931840827093,49128400
2024-01-12,183.6806640625,184.49079471725477,182.95946084973255,183.8189772139212,40477800
2024-01-16,181.41822814941406,182.04062970854807,178.7507369031224,179.96593271976667,65603000
2024-01-17,180.4796600341797,180.72664884969066,178.12833676151584,179.08665457169852,47317400
2024-01-18,186.35801696777344,186.86186875433015,183.59173905481111,183.84860201119264,78005800
2024-01-19,189.25271606445312,189.63801803091337,186.5457281731689,187.04957995238564,68903000
2024-01-22,191.5546417236328,192.97729968749402,189.94426985134535,189.98379650311966,60133900
2024-01-23,192.82913208007812,193.39227390676612,191.4954013050335,192.67107066951962,42355600
2024-01-24,192.1572723388672,194.0146328029546,191.99919590043444,193.06618924735707,53631300
2024-01-25,191.83128356933594,193.90599578100486,190.78405333725613,192.86863967517039,54822100
2024-01-26,190.10235595703125,192.41416772814074,189.6281416366758,191.93007928184088,44594000
2024-01-29,189.420654296875,189.88499446653958,187.29655655692048,189.69728055859,47145600
2024-01-30,185.77513122558594,189.48985326642097,185.21200447312103,188.6402109991027,55859400
2024-01-31,182.17893981933594,184.846431021382,182.12955411744667,184.7871410441138,55467800
2024-02-01,184.60931396484375,184.6982263171025,181.6059367135455,181.77388729281213,64885400
2024-02-02,183.6114959716797,185.07366557426653,177.0909850527091,177.6936383802958,102551700
2024-02-05,185.41943359375,186.97053056814926,183.60159955655655,185.88377376602236,69668800
2024-02-06,187.0199432373047,187.02981736340615,184.5204175084795,184.6093298683978,43490800
2024-02-07,187.1286163330078,188.74886241631054,186.33824908078662,188.3437971267345,53439000
2024-02-08,186.05174255371094,187.25703410679802,185.09342474162452,187.1088468471974,40962000
2024-02-09,186.81346130371094,187.94116702243676,185.97262160450546,186.61560601384656,45155200
2024-02-12,185.13174438476562,186.63535673641036,184.77562606711913,186.3880527684402,41781900
2024-02-13,183.04452514648438,184.20192116931864,181.5310258479947,183.76666370675508,56529500
2024-02-14,182.16412353515625,183.52924646908957,180.47257259846702,183.32151955824494,54630500
2024-02-15,181.87722778320312,182.50043860227981,179.3943014199978,181.57057328309747,65434500
2024-02-16,180.3439483642578,182.8565652037317,179.7108507918506,181.44197861733377,49752500
2024-02-20,179.60203552246094,180.46264852115328,178.0588611409836,179.82955095197704,53665600
2024-02-21,180.3538360595703,180.91768122956833,178.71173417109264,179.97792921674792,41371400
2024-02-22,182.38174438476562,182.96539328132977,180.49235334512917,181.50134277124772,52292200
2024-02-23,180.5516815185547,183.04449459753943,180.26480046872615,183.01481932952075,45119700
2024-02-26,179.20635986328125,180.78909628027105,178.7018500832812,180.27471486922383,40867400
2024-02-27,180.66053771972656,181.936619822868,177.62363710554357,179.14703832319717,54318900
2024-02-28,179.46353149414062,181.14519536218177,178.18744973320082,180.5417731107642,48953900
2024-02-29,178.80078125,180.6011615069905,177.59393659501978,179.31517776545977,136682600
2024-03-01,177.72254943847656,178.58316252471684,175.46713817545924,177.61373507516265,73563100
2024-03-04,173.21170043945312,174.9922768844708,171.91581500377694,174.25036500096815,81510100
2024-03-05,168.285400390625,170.1846930657021,167.7907924514621,168.91849794898403,95132400
2024-03-06,167.2962188720703,169.39336722891997,166.86096138113473,169.21530048524656,68587700
2024-03-07,167.17747497558594,168.88881413208614,166.67298033709926,167.32585131213037,71765100
2024-03-08,168.8888397216797,171.82681238429842,167.11814976227143,167.17750030588184,76267000
2024-03-11,170.88706970214844,172.49949666610803,170.19462149789052,171.07502316349817,60139500
2024-03-12,171.3618621826172,172.15323790323208,169.16580172767317,171.28272310113206,59825400
2024-03-13,169.2845001220703,171.32228220007605,168.91848002185432,170.90681338658084,52488700
2024-03-14,171.1343536376953,172.43022407386235,170.19460153541087,171.04532782778392,72913500
2024-03-15,170.75845336914062,170.75845336914062,168.45357838204507,169.3240932528417,121752700
2024-03-18,171.84658813476562,175.79356502758816,171.64874797271588,173.67664359575858,75604200
2024-03-19,174.18113708496094,174.70542030322298,171.16402557801365,172.45989598897214,55215200
2024-03-20,176.74319458007812,176.74319458007812,173.20180001631465,173.82501083363408,53423100
2024-03-21,169.52191162109375,175.57592275278003,168.9976284397713,175.1406653733646,106181300
2024-03-22,170.422119140625,171.18381963278856,168.22605856941686,169.90772263085663,71160100
2024-03-25,169.0075225830078,170.0857641639875,167.62261143010488,168.73054337127422,54288300
2024-03-26,167.87985229492188,169.57140318495337,167.75124938607289,168.16671829054096,57388400
2024-03-27,171.4409942626953,171.72787530814264,168.27550660374618,168.57227437363676,60273300
2024-03-28,169.6307373046875,170.37264922530974,168.67119667981044,169.89782982249778,65672700
2024-04-01,168.19638061523438,169.40322523760474,167.65230884379906,169.3438746978549,46240500
2024-04-02,167.01919555664062,167.51380346702695,166.41577330219988,167.25661278755086,49329500
2024-04-03,167.82044982910156,168.83934086761522,166.76199680113655,166.969723660667,47691700
2024-04-04,166.99942016601562,170.06598011820813,166.99942016601562,168.45355351894443,53704400
2024-04-05,167.75123596191406,168.5524984345705,167.12802510796487,167.7611226870966,42104800
2024-04-08,166.63343811035156,167.37535013675048,166.4257111957336,167.2071852220754,37425500
2024-04-09,167.8402862548828,168.24586846008486,166.53452891117558,166.8807454739117,42373800
2024-04-10,165.9706573486328,167.26652787853376,165.30788444762385,166.97966188332379,49709300
2024-04-11,173.15237426757812,173.56785829994772,166.34657796942244,166.52462961680425,91070300
2024-04-12,174.6460723876953,176.43655077441642,172.33131077483722,172.38075949507746,101670900
2024-04-15,170.82769775390625,174.72521085075485,170.63974431610336,173.46890241983837,73531800
2024-04-16,167.55340576171875,171.88616144450353,166.45537543168857,169.89784277952464,73711200
2024-04-17,166.1882781982422,168.80969440593617,166.1882781982422,167.78091646807817,50901200
2024-04-18,165.2386016845703,166.8213530127437,164.75389559967167,166.21793076697907,43122900
2024-04-19,163.2206268310547,164.60552308162337,162.31054999578998,164.41758473594675,68149400
2024-04-22,164.05157470703125,165.4562595890904,162.993121456103,163.73503344203667,48116400
2024-04-23,165.10011291503906,165.24850434331734,163.1414698344962,163.5668404824781,49537800
2024-04-24,167.197265625,167.4742448528629,164.41757152765254,164.7439994721628,48251800
2024-04-25,168.05787658691406,168.77011319134087,166.33663561051003,167.70175828470067,50558300
2024-04-26,167.47425842285156,169.49225225997063,167.35554224826544,168.04800546826704,44838400
2024-04-29,171.6289520263672,174.1316669492416,171.2332717193323,171.50034913417457,68169400
2024-04-30,168.49314880371094,173.10289859543835,168.1667057400835,171.46079655206535,65934800
2024-05-01,167.47425842285156,170.84748833564953,167.28630498280754,167.75123767315736,50383100
2024-05-02,171.16403198242188,171.54982559320527,169.04711048582428,170.64963546996492,94214900
2024-05-03,181.4024200439453,184.98337684032407,180.69018337477516,184.637145231003,163224100
2024-05-06,179.7504119873047,182.21354970089277,178.474315136007,180.38350950373416,78569700
2024-05-07,180.43296813964844,182.9060078076493,179.36462828599997,181.47164781905605,77305800
2024-05-08,180.76934814453125,181.09579125547057,179.4932509750194,180.87816251484435,45057100
2024-05-09,182.57958984375,182.66861565405213,180.14611203583203,180.5912561815798,48983000
2024-05-10,181.32159423828125,183.34232534295325,180.41028294678514,183.15411695720846,50759500
2024-05-13,184.52108764648438,185.33335221774516,182.8767582325011,183.68902280376187,72044800
2024-05-14,185.6602325439453,186.52202806777518,184.5309973091758,185.73947897801656,52393600
2024-05-15,187.92861938476562,188.8498308462509,185.60080260352015,186.13571225801192,70400000
2024-05-16,188.0474395751953,189.2955517477419,187.86914647323638,188.6714956614686,52845200
2024-05-17,188.07717895507812,189.00830557822601,187.39369174809892,187.72057759120682,41282900
2024-05-20,189.23609924316406,190.10779468490833,187.2252687157197,187.54225437261144,44361300
2024-05-21,190.53378295898438,190.91018461353585,189.11727756366656,189.28567056183377,42309400
2024-05-22,189.09744262695312,190.99932654838926,188.47340160760692,190.45451683728567,34648500
2024-05-23,185.1154327392578,189.19652573516206,184.86779330766728,189.1767103485156,51005900
2024-05-24,188.18612670898438,188.7804673088457,186.26444256610336,187.0370913918068,36327000
2024-05-28,188.196044921875,191.1776178733189,187.31444925751387,189.70168159973719,52280100
2024-05-29,188.49319458007812,190.4346940804733,187.72056087959155,187.81962268312432,53068000
2024-05-30,189.48373413085938,190.3653296854816,188.82997767974624,188.9587398744387,49889100
2024-05-31,190.43472290039062,190.7517086279001,188.11682144814546,189.6323735603605,75158300
2024-06-03,192.19789123535156,193.14883318833753,190.7021546904014,191.07855630297723,50080500
2024-06-04,192.514892578125,193.47573474401025,191.20734917579057,192.80214765697744,47471400
2024-06-05,194.02052307128906,195.04079624688396,193.02996541617088,193.5549597642067,54156800
2024-06-06,192.64364624023438,194.64457691185422,192.33657578915964,193.8422276391208,41181800
2024-06-07,195.03091430664062,195.08044521695948,192.30688050093246,192.81205951087668,53103900
2024-06-10,191.2965087890625,195.43704806418344,190.33566655763516,195.04081589339742,97010200
2024-06-11,205.19400024414062,205.20391549352811,191.8016724106265,191.82147267998263,172373300
2024-06-12,211.05810546875,218.12077055688877,204.94635205432962,205.4119153142898,198134300
2024-06-13,212.21707153320312,214.70336573665497,209.60200000148347,212.71235034689784,97862700
2024-06-14,210.4835968017578,213.13828400218216,209.3048308005582,211.83075578674166,70122700
2024-06-17,214.62413024902344,216.88260054537645,210.71143044440285,211.35528688913016,93728300
2024-06-18,212.2666015625,216.56563344094587,210.9887887879192,215.53544497511416,79943300
2024-06-20,207.70013427734375,212.21709015086526,206.8779846754286,211.91000456307782,86172500
2024-06-21,205.5308074951172,209.88925500861833,205.1543907600995,208.40341856791886,241805100
2024-06-24,206.17466735839844,210.69160779538842,204.63929998769706,205.75863496180304,80727000
2024-06-25,207.0959014892578,209.3840873125504,206.64023830581658,207.1751328027417,55549700
2024-06-26,211.2364044189453,212.8312027309874,208.65104852463386,209.5029286499739,66213200
2024-06-27,212.07839965820312,213.70291360533915,210.34492376459474,212.66282504623206,49772700
2024-06-28,208.63125610351562,214.02980761283354,208.3142855019514,213.73263728250333,82542700
2024-07-01,214.703369140625,215.4561875080808,209.91897391071575,210.0873668962765,60402900
2024-07-02,218.19009399414062,218.29905591835401,213.0689137855254,214.10898701745387,58046200
2024-07-03,219.45802307128906,219.45802307128906,216.96181387179615,217.92265588190668,37369800
2024-07-05,224.20281982421875,224.3117817727132,219.55710192478037,219.55710192478037,60412400
2024-07-08,225.66885375976562,225.69856928044194,221.14199799041046,224.9457357840812,59085900
2024-07-09,226.52072143554688,227.23392416937492,224.23253562897796,225.77780318070188,48076100
2024-07-10,230.78009033203125,230.87915213144032,227.08531495764143,227.13484585734597,62627700
2024-07-11,225.42120361328125,230.19568345608255,223.63819688403007,229.2051258414663,64710600
2024-07-12,228.3631591796875,230.44333633793113,226.52072130415218,226.75846058686048,53046500
2024-07-15,232.1866912841797,234.98997105632398,230.88906326950251,234.24705286947437,62631300
2024-07-16,232.60276794433594,234.03907359612094,230.13627381333595,232.78106107648213,43234300
2024-07-17,226.7188262939453,229.27446669281912,224.49997184852458,227.28343626123907,57345900
2024-07-18,222.06320190429688,228.26410233218343,220.17124832102243,228.10560948409145,66034600
2024-07-19,222.1919708251953,224.65846466815103,221.17169771561296,222.6971648700337,49151500
2024-07-22,221.84527587890625,225.6291978658938,220.98348053112068,224.86646431913928,48201800
2024-07-23,222.88536071777344,224.7971447504236,220.57735968997056,222.25140445670337,39960300
2024-07-24,216.47647094726562,222.67737176080064,215.07979609138368,221.88492258576645,61777600
2024-07-25,215.43638610839844,218.76466037633443,212.59347540961954,216.86277641061952,51391200
2024-07-26,215.90194702148438,217.41749898154802,213.9703475571551,216.6349499920164,41601300
2024-07-29,216.17930603027344,217.22929471632008,213.71281205128278,214.91139345300462,36311800
2024-07-30,216.7340087890625,218.24956072806748,214.07930652606245,217.1203256536185,41643800
2024-07-31,219.9830322265625,221.70660788092644,218.5467267386139,219.34907597117163,50036300
2024-08-01,216.2981719970703,222.36038006072013,214.97082835556836,222.25141811315143,62501000
2024-08-02,217.78399658203125,223.46980270062375,215.65430376795194,217.08069402896655,105568600
2024-08-05,207.29400634765625,211.4840610296135,194.14930192882554,197.21012147966275,119548600
2024-08-06,205.2732696533203,208.00721860156926,199.17144565753833,203.36150053141452,69660500
2024-08-07,207.8388214111328,211.62274392073394,204.4412006806638,204.94637966039352,63516400
2024-08-08,211.29583740234375,212.1774330540979,206.85814362500793,211.0977289070064,47161100
2024-08-09,214.1981964111328,214.7330909034816,209.96851092003678,210.09728825409005,42201600
2024-08-12,215.7253875732422,217.68895741700473,213.81140595998042,214.27750808872153,38028100
2024-08-13,219.4343719482422,220.04922365215182,217.19311098226797,217.19311098226797,44155300
2024-08-14,219.8806610107422,221.17979111862692,217.8774142480331,218.7402072098891,41960600
2024-08-15,222.8557586669922,223.48053712623224,220.9120118672479,222.7367590108339,46414000
2024-08-16,224.1747589111328,224.94828705065606,221.79465952380943,222.06242392047724,44340200
2024-08-19,224.01605224609375,224.11522871504155,221.18968933533225,223.84746435464618,40687800
2024-08-20,224.63092041015625,225.28544883578485,223.57971634413767,223.8970689622142,30299000
2024-08-21,224.52182006835938,226.08871448701353,223.1830285060583,224.64083485973637,34765500
2024-08-22,222.6673583984375,226.44574924370923,222.04257986640772,225.90030886909642,43695300
2024-08-23,224.95814514160156,226.32670158550764,222.46897340077524,223.78794161528415,38677300
2024-08-26,225.29534912109375,225.39452559231563,222.0326490158817,224.87883517993083,30602200
2024-08-27,226.1383056640625,226.95151036486342,223.02435510684418,224.12514736512034,35934600
2024-08-28,224.611083984375,227.95312221094204,223.80779089178384,226.02921369079436,38052200
2024-08-29,227.88369750976562,230.98773644426686,226.98125820388418,228.19113851748892,51906300
2024-08-30,227.1002655029297,228.4886453526855,225.59287085733376,228.28039594132485,52990800
2024-09-03,220.9219512939453,227.10026429068756,219.335218503661,226.65400042223428,50190600
2024-09-04,219.0178680419922,219.94014563997789,215.67581475954933,219.82114598403248,43840200
2024-09-05,220.53518676757812,223.60946073514918,219.6823205428289,219.79140861107143,36615400
2024-09-06,218.9881591796875,223.37149053776395,217.94686659835045,222.0921834677133,48423000
2024-09-09,219.07737731933594,219.4343914347755,214.91222272734436,218.98812757352732,67180000
2024-09-10,218.28399658203125,219.6426263973432,214.93203178151688,217.1038662465979,51591000
2024-09-11,220.8128662109375,221.2392917639212,216.08243282408242,219.6228241682371,44587100
2024-09-12,220.9219512939453,221.69547936785247,217.9964268983011,220.6541869199912,37455600
2024-09-13,220.65419006347656,222.18140791181287,220.06908820245332,221.72523244234597,36766600
2024-09-16,214.5254669189453,215.4179946756504,212.14536768072225,214.74362792854853,59357400
2024-09-17,214.99154663085938,215.1006346980314,212.72055067344832,213.96018092212807,45519300
2024-09-18,218.8592071533203,220.86245391858552,215.7353297749969,215.7452565018275,59894900
2024-09-19,226.97132873535156,227.91345980340301,222.7665127356472,223.12352684243388,66781300
2024-09-20,226.306884765625,231.1563174701668,225.73169454082358,228.0622053540531,318679900
2024-09-23,224.59124755859375,227.54652178723228,223.9367191660146,225.4540253555904,54146000
2024-09-24,225.48377990722656,227.44736512534206,223.85738561877668,226.75316007712865,43556100
2024-09-25,224.4920654296875,225.40443143928672,222.16156973744518,223.06400902085235,42308700
2024-09-26,225.63255310058594,226.60441901953834,223.54005654723983,225.4143769570366,36636700
2024-09-27,225.90028381347656,227.61594290444046,225.41435845997736,226.56473891662026,34026000
2024-09-30,231.06707763671875,231.06707763671875,227.74486252768645,228.13162655878588,54541900
2024-10-01,224.3334197998047,227.74486962890148,221.88390914906273,227.6159583693189,63285000
2024-10-02,224.898681640625,225.48378349827837,221.16987922367838,224.0160654907427,32880600
2024-10-03,223.79786682128906,224.92840891217833,221.4673712198949,223.27226484855484,34044200
2024-10-04,224.9185333251953,226.10857543260985,222.27068471823083,226.00939895190598,37245100
2024-10-07,219.85092163085938,223.81773870352313,219.4939074890314,222.63760820325265,39505400
2024-10-08,223.89706420898438,224.10531361949606,221.3979653574062,222.43925780658088,31855700
2024-10-09,227.6357879638672,227.84405251552317,222.96486939830248,223.36154504729694,33591100
2024-10-10,227.1399383544922,227.59612897487835,225.28545621996582,225.89039642732237,28183500
2024-10-11,225.6623077392578,227.5068782710055,225.45404318616428,227.39779019694814,31759200
2024-10-14,229.3811798095703,229.8076053434174,226.70358155060512,226.80274288926017,39882100
2024-10-15,231.9100341796875,235.51983687729248,230.44230106244424,231.67201972311165,64751400
2024-10-16,229.85720825195312,230.19438406287304,227.9332995992129,229.67870875165642,34082200
2024-10-17,230.22412109375,231.91003031839952,228.60765355789445,231.49350124327563,32993800
2024-10-18,233.05047607421875,234.2206797118992,232.0686835146529,234.2206797118992,46431500
2024-10-21,234.51820373535156,234.88514457730523,232.5050454306036,232.5050454306036,36254500
2024-10-22,233.90333557128906,234.26034966164363,230.67038557078126,231.9496772340994,38846600
2024-10-23,228.8456573486328,233.18932661738793,225.87054472777703,232.13812257917175,52287000
2024-10-24,228.65724182128906,228.90516786821388,226.51515714412935,228.07212485007065,31109500
2024-10-25,229.49024963378906,231.2852316353655,227.66551771976023,227.83410560105818,38802300
2024-10-28,231.46376037597656,232.78272881287972,230.62082086290692,231.38443735420992,36087100
2024-10-29,231.7315216064453,232.38605001867157,230.3927299983884,231.1662580738538,35417200
2024-10-30,228.1911163330078,231.5331542618632,227.64567605904836,230.68028814227299,47070900
2024-10-31,224.03590393066406,227.92338265648337,223.50037517792762,227.43744214117888,64370100
2024-11-01,221.06076049804688,223.48052087870693,218.44266232747447,219.13685215826953,65276700
2024-11-04,220.16822814941406,220.94175615916865,217.88732075932978,219.15670083339904,44944500
2024-11-05,221.59628295898438,222.0921350198155,219.30544885909725,219.9599772111233,28111300
2024-11-06,220.87237548828125,224.19459083458287,219.35506917081855,220.76328741365683,54561100
2024-11-07,225.59288024902344,225.9895710313294,222.70703236030374,222.7665321945981,42137700
2024-11-08,225.32481384277344,227.01256271730918,224.77877343219782,225.53329235935942,38328800
2024-11-11,222.61447143554688,224.07388164377818,219.90414468405433,223.37892800863307,42005600
2024-11-12,222.61447143554688,223.96467356190874,221.75074442821315,222.9321731823864,40398300
2024-11-13,223.49806213378906,225.01703765642938,221.15506473467502,222.39605879884869,48566200
2024-11-14,226.57574462890625,227.22105551450989,223.3789425502784,223.398802697962,44923900
2024-11-15,223.3789520263672,225.2851172657963,222.65421566813873,224.76885944610046,47923700
2024-11-18,226.37718200683594,228.08479108540536,223.54770942404784,223.62713486361545,44633700
2024-11-19,226.63528442382812,228.5017442258817,225.02696106605572,225.34464764897942,36211800
2024-11-20,227.35009765625,228.2733899080337,224.2625040209905,226.4168677573381,35169600
2024-11-21,226.8735809326172,228.50176458087773,224.0838286281757,227.230987838277,42108300
2024-11-22,228.21383666992188,229.05771868234922,226.4168797117104,226.4168797117104,38168300
2024-11-25,231.1922149658203,231.56948199204686,228.0847762696763,229.79238523732437,90152800
2024-11-26,233.36647033691406,233.87280565588551,231.64893863936055,231.64893863936055,45986200
2024-11-27,233.23739624023438,233.99193037541463,232.125470334311,232.78071887838198,33498400
2024-11-29,235.62010192871094,236.0966394139658,232.28430923421996,233.11825362062933,28481400
2024-12-02,237.86380004882812,239.05515126765505,235.45131496686756,235.56052304560976,48137100
2024-12-03,240.90176391601562,241.01097200063165,237.17878168890522,238.08222901174219,38861000
2024-12-04,241.25918579101562,242.35126670496282,239.5118714775545,241.12019505186365,44383900
2024-12-05,241.28895568847656,242.77814859306412,240.38552350615552,242.2321233137982,40033900
2024-12-06,241.09039306640625,242.86750503393802,240.33587413565135,241.15989600483465,36870600
2024-12-09,244.9722442626953,245.4587194212017,240.00826768189094,240.08769312504634,44649200
2024-12-10,245.98487854003906,246.4217108653419,243.57237825215392,245.11121388943334,36914800
2024-12-11,244.71412658691406,248.99307203962232,244.48577275361333,246.17353693536344,45205800
2024-12-12,246.17352294921875,246.9479020514793,243.9099357862414,245.11122473397327,32777500
2024-12-13,246.34230041503906,247.4939314395242,244.46591792091505,246.03453629863122,33155300
2024-12-16,249.23130798339844,249.56886987487528,245.86573275817128,246.20329464964811,51694800
2024-12-17,251.65374755859375,252.00123197197036,247.98040799068028,248.27824960945253,51356400
2024-12-18,246.2628631591797,252.44797328398425,245.95509905753715,250.34325221557475,56774100
2024-12-19,247.99032592773438,250.184410158509,245.3097817058068,245.71683140567848,60882300
2024-12-20,252.65647888183594,253.16279902630112,243.919877297432,246.2529371403228,147495300
2024-12-23,253.43084716796875,253.80809906094288,251.62395254537785,252.93444954402884,40858800
2024-12-24,256.3397521972656,256.34965954757746,253.45069916161225,253.64927033575188,23234700
2024-12-26,257.1537780761719,258.2260137599804,255.77380863027113,256.329771467171,27237100
2024-12-27,253.74853515625,256.836144148833,251.2367643772991,255.97238682838486,42355300
2024-12-30,250.38296508789062,251.67360197393796,248.9434149702759,250.4127477342041,35557500
2024-12-31,248.61578369140625,251.45517870098834,247.63291094425557,250.62123433005314,39480700
2025-01-02,242.0931396484375,247.3053149666319,240.07776640397734,247.1365264348607,55740700
2025-01-03,241.6066436767578,242.42072787413275,240.14723350152744,241.6066436767578,40244100
2025-01-06,243.23484802246094,245.54806288478193,241.4478134561986,242.5498168429892,45045600
2025-01-07,240.46493530273438,243.78086767976055,239.6111308132576,241.22937670987722,40856000
2025-01-08,240.95138549804688,241.95411831821167,238.32048434869313,240.17700647488417,37628900
2025-01-10,235.14356994628906,238.4297199246896,231.32130202918376,238.28079154222544,61710900
2025-01-13,232.71121215820312,232.9792711307645,228.06493742769467,231.84748509521594,49630700
2025-01-14,231.59927368164062,234.41880854341963,230.7951119565212,233.05868390458076,39435300
2025-01-15,236.15621948242188,237.2383779015073,232.74100113522098,232.94949481929564,39832000
2025-01-16,226.61544799804688,236.29520209930612,226.3871093224655,235.6399687194268,71759100
2025-01-17,228.3230438232422,230.61639839146835,226.83385097126646,230.44762501944012,68488300
2025-01-21,221.03594970703125,222.80312416686704,217.79944241349193,222.38615194982364,98070400
2025-01-22,222.21734619140625,222.50525012711904,218.20644519467228,218.20644519467228,64126500
2025-01-23,222.04859924316406,225.394314538592,220.69839703644928,223.1208199792776,60234800
2025-01-24,221.1749267578125,224.00439930767484,219.81480209957203,223.160517277336,54697900
2025-01-27,228.20391845703125,230.47741293083342,222.36627749626697,222.4059977899183,94863400
2025-01-28,236.54339599609375,238.4594987479956,229.147074251248,229.18679454547646,75707600
2025-01-29,237.63548278808594,238.13188043636077,232.32402189200354,232.43322998057818,45486100
2025-01-30,235.8782501220703,239.0551923005359,235.50099817981376,236.9504709477128,55658300
2025-01-31,234.29969787597656,245.4090800423025,231.7581442550369,245.4090800423025,100959800
2025-02-03,226.36724853515625,230.15973381299622,224.0738938399255,228.33299411580026,73063300
2025-02-04,231.1227569580078,231.45038123633566,225.01705656002386,225.61273982041166,45067300
2025-02-05,230.7951202392578,230.99367626573292,226.625383087866,226.88350440739822,39620300
2025-02-06,231.53968811035156,232.11551112022605,228.76978113438386,229.6235855767699,29925300
2025-02-07,225.99000549316406,232.31410688860944,225.622660920367,230.92419948813392,39707200
2025-02-10,226.25833129882812,229.1803610121675,225.81108525741098,228.16660736242451,33115600
2025-02-11,231.19793701171875,233.7919821040532,226.7353950927951,226.8049592810601,53718400
2025-02-12,235.42196655273438,235.51142789245534,229.26980470124647,229.78663009476247,45243300
2025-02-13,240.05349731445312,240.85854326211725,234.12993999243653,235.46174477414044,53614100
2025-02-14,243.10470581054688,244.04889519264196,239.51677402617887,239.77517912233392,40896200
2025-02-18,242.97552490234375,243.6811760890431,240.3615975750387,242.65747382373942,48822500
2025-02-19,243.37306213378906,244.50609250836237,241.6735241546838,243.16435439309654,32204200
2025-02-20,244.32720947265625,245.2713989598738,242.7966152101895,243.44265077076676,32316900
2025-02-21,244.04891967773438,247.16972378813352,243.72093519653038,244.44646835255205,53197400
2025-02-24,245.5894317626953,247.33866705271078,242.92580728065096,243.43268408373555,51326400
2025-02-25,245.52980041503906,248.47171215983582,243.41283173998391,246.48393846255715,48013300
2025-02-26,238.89065551757812,243.48240813544444,237.66817887883008,242.8363877176575,44433600
2025-02-27,235.84933471679688,240.97779411500133,235.61079643123784,237.94643641845556,41153600
2025-02-28,240.36158752441406,240.61005923211764,228.7927454203557,235.5014815283524,56833400
2025-03-03,236.5748748779297,242.5381957053339,234.66661403302143,240.31188380351972,47184000
2025-03-04,234.48770141601562,238.60240725621293,233.24534293735957,236.25683384188991,53798100
2025-03-05,234.29888916015625,235.1039350742086,227.82867612475383,233.98083809185871,47227600
2025-03-06,233.89138793945312,236.4059203890797,231.73465535282332,233.00682927336524,45170400
2025-03-07,237.60853576660156,239.89446338205195,233.32487071745646,233.67273718007357,46273600
2025-03-10,226.08937072753906,234.71631625547707,222.84930513729455,234.10009611136832,72071200
2025-03-11,219.48997497558594,224.45940937640347,216.12069905845206,222.44182022291236,76137400
2025-03-12,215.65354919433594,220.39439337943787,213.59621144659917,218.79423505763873,62547500
2025-03-13,208.39816284179688,215.51439548794804,207.14587101812543,214.62983690242842,61368300
2025-03-14,212.1848907470703,212.64207016591416,208.29878985935505,209.95857893569573,60107600
2025-03-17,212.6917724609375,213.904315554563,208.6864099217596,212.00598815128762,48073400
2025-03-18,211.3897705078125,213.8347233648863,210.1971094678613,212.8507852105428,42432400
2025-03-19,213.9241943359375,217.42266485537363,212.44329758558237,212.91042558181826,54385400
2025-03-20,212.79116821289062,216.16044383082547,210.9226561911479,212.6818400591608,48862900
2025-03-21,216.93568420410156,217.5021918152461,209.9884097524224,210.26669685360034,94127800
2025-03-24,219.38064575195312,220.1260609084734,217.24379503613238,219.64899945464327,44299500
2025-03-25,222.38218688964844,222.73005335992565,218.73462390108503,219.4204082670252,34493600
2025-03-26,220.17575073242188,223.64442126802376,219.12223310716143,222.1436424317859,34466100
2025-03-27,222.48158264160156,223.61461307047793,219.21168633594712,220.03661426059983,37094800
2025-03-28,216.5679473876953,222.44182255065115,216.34929105853038,220.31490521146458,39818600
2025-03-31,220.77206420898438,224.24071919109113,214.90812340211858,215.6833538383521,65299300
2025-04-01,221.8256072998047,222.31260214779184,217.5618242432653,218.46626491168394,36412700
2025-04-02,222.52134704589844,223.81340310480923,219.66889637265393,219.96706548863506,35905900
2025-04-03,201.94786071777344,206.22157697816277,200.0197179050274,204.28348559152053,103419000
2025-04-04,187.22840881347656,198.65810753704542,186.19475800144227,192.70471987275084,125910900
2025-04-07,180.35072326660156,192.96313526897592,173.55252535537636,176.1167553732534,160466300
2025-04-08,171.36595153808594,189.17640027021665,168.17558356470508,185.55865310846366,120859500
2025-04-09,197.63441467285156,199.38365014436008,170.8392173737498,170.8988481608281,184395900
2025-04-10,189.2559356689453,193.5892830219747,181.88129692496375,187.9141974958541,121880000
2025-04-11,196.9386749267578,198.32017705332044,184.92258644836306,184.96235041538483,87435900
2025-04-14,201.28196716308594,211.63826622013798,199.9302804535287,210.14743595954587,101352900
2025-04-15,200.90426635742188,202.26588634734406,198.5785750100267,200.62597928160577,51343900
2025-04-16,193.08238220214844,199.4730666932086,191.19398828729797,197.1473753495745,59732400
2025-04-17,195.7758331298828,197.61452992177487,193.2314851467638,195.9944894564487,52164700
2025-04-21,191.9792022705078,192.6152892965427,188.64967500212322,192.0885304389909,46742500
2025-04-22,198.5189666748047,200.3576482646354,194.77200897005906,194.92108593270402,52976400
2025-04-23,203.34925842285156,206.72846769395255,201.56025903470575,204.7406939661261,52929200
2025-04-24,207.09620666503906,207.5534013078127,201.69940812530302,203.6374845300284,47311000
2025-04-25,208.00064086914062,208.46776890662989,204.9394675201618,205.10842646651815,38222300
2025-04-28,208.85536193847656,210.2070485309222,206.19175271644127,208.71621839949725,38743100
2025-04-29,209.91885375976562,210.94255602883885,207.096203506044,207.41425458581946,36827600
2025-04-30,211.20095825195312,212.2743578831654,205.4065960245207,208.0205233254963,52286500
2025-05-01,212.01596069335938,213.2483707428857,207.62296725165953,207.80187477964563,57365700
2025-05-02,204.09466552734375,205.72463931330321,200.92416412992952,204.83013207172814,101010600
2025-05-05,197.6741485595703,202.85230555244996,196.99831280299983,201.85841873478097,69018500
2025-05-06,197.2964630126953,199.42338015596502,195.81558138809015,196.9983091053983,51216500
2025-05-07,195.05029296875,198.2207944248892,192.0686324392914,197.9524407308952,68536700
2025-05-08,196.28271484375,198.82706269335065,193.48988012199126,196.51130456752412,50478900
2025-05-09,197.31634521484375,199.31405222350435,196.3323918231404,197.7834732241415,36453900
2025-05-12,209.77613830566406,210.25384054136518,205.75557652693038,209.95528044040137,63775800
2025-05-13,211.90585327148438,212.37359390520234,207.9947628663851,209.41787763911134,51909300
2025-05-14,211.3087158203125,212.9109724892217,209.56713314477625,211.40822571910564,49325800
2025-05-15,210.43295288085938,211.93569971673273,208.53213606160298,209.93535780893234,45029500
2025-05-16,210.24386596679688,211.54757782116647,208.7610423595207,211.33858120774948,54737900
2025-05-19,207.77578735351562,208.4724173847277,203.27752386063855,206.909976827966,46140500
2025-05-20,205.8650360107422,207.46729276724128,204.04383620537516,206.67113760639387,42496600
2025-05-21,201.11798095703125,206.04416933851562,199.74462882701684,204.1831685508297,59211800
2025-05-22,200.39149475097656,201.77480849030061,198.7394754118135,199.7446272097534,46742400
2025-05-23,194.33079528808594,196.74910019358438,192.5295034494263,192.7384848883374,78432900
2025-05-27,199.2470245361328,199.77447409530296,196.48038197740732,197.34620772495165,56288500
2025-05-28,199.45602416992188,201.75491117265972,198.93852099816252,199.6252046868552,45339700
2025-05-29,198.98825073242188,202.8296849960031,197.55517460719432,202.60079553265004,51396800
2025-05-30,199.88392639160156,200.98858794774708,195.83349562393636,198.41103419314425,70819900
2025-06-02,200.72984313964844,201.15778278546435,199.15744093584797,199.31667499872813,35423300
2025-06-03,202.29229736328125,202.78989241693247,199.99341064507593,200.38153417950807,46381600
2025-06-04,201.844482421875,205.24803106286797,201.12794426741362,201.93404589483336,43604000
2025-06-05,199.66502380371094,203.76520275563243,199.18732155240895,202.5212149488215,55126100
2025-06-06,202.93917846679688,204.7106157617459,201.07817770068002,202.0236053289331,46607700
2025-06-09,200.48104858398438,205.0091667110405,199.05793398755327,203.4069099948636,72862600
2025-06-10,201.6951904296875,203.36711781582227,199.60530017876516,199.63515466910712,54672600
2025-06-11,197.8238983154297,203.51638723180633,197.45568281643992,202.5211970741936,60989900
2025-06-12,198.24188232421875,198.71956936233477,196.4107360236097,198.12246436103902,43904600
2025-06-13,195.50511169433594,199.40625545491926,194.7587190445596,198.769334334526,51447300
2025-06-16,197.46563720703125,197.73434281232372,195.61458283187793,196.3510290449251,43020700
2025-06-17,194.69900512695312,197.4357781067605,194.27108064091922,196.25149936947125,38856200
2025-06-18,195.63446044921875,196.61970405840015,194.1317289512304,194.9975394291991,45394700
2025-06-20,200.03321838378906,200.72984844555882,195.9131318065836,197.28649906078425,96813500
2025-06-23,200.53082275390625,201.3269779408771,198.00304635957568,200.6602023375907,55814300
2025-06-24,199.33657836914062,202.4614746491071,199.23705328583006,201.61555699715424,54064000
2025-06-25,200.5905303955078,202.690382284235,199.65504919597097,200.48105886821313,39525700
2025-06-26,200.03321838378906,201.66532960796235,198.50063224789568,200.4611428555203,50799100
2025-06-27,200.1128387451172,202.24254507531293,199.03803155248616,200.91894034324127,73188600
2025-06-30,204.18316650390625,206.39248990855162,198.3015889216639,201.03836190454115,91912800
2025-07-01,206.82041931152344,209.17901505124104,205.1484920031366,205.6759415551798,78788900
2025-07-02,211.418212890625,212.31387801499196,207.13889190503232,207.90519262679368,67941800
2025-07-03,212.52285766601562,213.61755770997246,210.7912213537831,211.12958235725722,34955800
2025-07-07,208.94017028808594,215.18996325511674,207.79570768244494,211.65703516300363,50229000
2025-07-08,208.9998779296875,210.41304612040562,207.4473837253886,209.08945658408672,42848900
2025-07-09,210.12445068359375,210.31353924447487,206.22330706177223,208.52219391164948,48749400
2025-07-10,211.38833618164062,212.45318170934252,209.01977884626095,209.49746585002458,44443600
2025-07-11,210.14434814453125,211.1096837700706,208.85059795908091,209.55718962168862,39765800
2025-07-14,207.61656188964844,209.89555581124029,206.54175471753558,208.92025854176603,38840100
2025-07-15,208.10421752929688,210.87084499335577,207.9151289669034,208.21368905566166,42296300
2025-07-16,209.149169921875,211.37838618562168,207.63647661047767,209.28849593835915,47490500
2025-07-17,209.00985717773438,210.78129457926272,208.5819174807461,209.55721484346458,48068100
2025-07-18,210.1642608642578,210.77132749863404,208.6913836081342,209.85575432940058,48974600
2025-07-21,211.45799255371094,214.74212298846783,210.61209006251647,211.07983063398711,51377400
2025-07-22,213.3687744140625,213.91613206526756,211.20921348603295,212.11484021935428,46404100
2025-07-23,213.1199493408203,214.1151394198069,211.38832832203676,213.9658669821171,46989300
2025-07-24,212.73184204101562,214.65256693634578,212.50295255730364,212.87116805528336,46022600
2025-07-25,212.8512725830078,214.2047317845148,212.37357038101962,213.6673206036272,40268800
2025-07-28,213.0204620361328,213.81661722083774,212.03521828670327,213.00055398053098,37858000
2025-07-29,210.25384521484375,213.77681196541135,209.80601264614248,213.14983725799084,51411700
2025-07-30,208.0445098876953,211.36844143995228,206.72090512781878,210.88079278566187,45512500
2025-07-31,206.5716094970703,208.83068001568543,206.16357792510368,207.48718253646683,80698400
2025-08-01,201.40660095214844,212.5527283441607,200.530828701964,209.8557561748323,104434500
2025-08-04,202.37191772460938,206.88012777005082,200.70993685491413,203.5263267271778,75109300
2025-08-05,201.94398498535156,204.35234334482283,201.18764593221573,202.42167200915333,44155100
2025-08-06,212.22430419921875,214.3440641251077,204.60114383647723,204.6409599471833,108483100
2025-08-07,218.97169494628906,219.78775818606874,215.53829184895108,217.82723230897543,90224800
2025-08-08,228.2468719482422,229.88892965735022,218.19544514014734,219.76784743364436,113854000
2025-08-11,226.34388732910156,228.71513292468896,223.9327956372812,227.08116933177635,61806100
2025-08-12,228.80477905273438,229.95055565919736,226.23428798669784,227.17081559543826,55626200
2025-08-13,232.47125244140625,234.1351043372746,229.58191650034667,230.2195756343437,69878500
2025-08-14,231.92327880859375,234.25466305951576,230.0003892485326,233.1985666998313,51916300
2025-08-15,230.73765563964844,233.417757832359,228.49593650929467,233.1387895567921,56038700
2025-08-18,230.0402374267578,232.26202593201924,229.26310933608104,230.8472538899505,37476200
2025-08-19,229.71145629882812,232.0129522601839,228.50591803460907,230.42880766374827,39402600
2025-08-20,225.17819213867188,229.6217843388592,224.93908515924198,229.13358225147155,42263900
2025-08-21,224.072265625,225.6863136691638,222.95639256938466,225.43723377620466,30621200
2025-08-22,226.9217529296875,228.2468598588307,224.58041092619504,225.33760837029214,42477800
2025-08-25,226.323974609375,228.45609804536198,225.3973894325087,225.6464693442017,30983100
2025-08-26,228.46603393554688,228.64537936019502,223.8630424721864,226.03501179732243,54575100
2025-08-27,229.6417236328125,230.05020313892598,227.41991984776428,227.7686378094015,31259500
2025-08-28,231.70408630371094,232.55096405412047,228.4959359400532,229.9704999102399,38074700
2025-08-29,231.28561401367188,232.52105569809,230.5184437223928,231.65424737322112,39418400
2025-09-02,228.87454223632812,230.00038826150748,226.1346633063032,228.4062708029861,44075600
2025-09-03,237.59234619140625,237.9709525201245,233.49747185558658,236.33698891571112,66427800
2025-09-04,238.8975067138672,239.0170601981439,235.8687018920251,237.57239985348932,47549400
2025-09-05,238.80784606933594,240.43185187342493,237.61226559630578,239.1167027112504,54870400
2025-09-08,237.0045166015625,239.2661511981365,235.47017586985078,238.41928864081726,48999500
2025-09-09,233.4875030517578,237.90119155812317,232.5011411802574,236.12774389612645,66313900
2025-09-10,225.95533752441406,231.56462228661692,225.11843262708078,231.33547301291114,83440800
2025-09-11,229.18341064453125,229.60186307827533,225.81584532196928,226.04500979013486,50208600
2025-09-12,233.20852661132812,233.6468944473401,228.17710979485463,228.37637066624734,55824200
2025-09-15,235.828857421875,237.31337916896246,234.16500543557729,236.12775635652346,42699500
2025-09-16,237.2735137939453,240.33222235518573,235.45026224943368,236.30708253667353,63421100
2025-09-17,238.11044311523438,239.21635855568803,236.85507060288438,238.09051246512186,46508000
2025-09-18,237.0045166015625,240.31228984200703,235.77903252032195,239.08682096339746,44249600
2025-09-19,244.59646606445312,245.3935247988757,239.32594197772087,240.34217704154452,163741300
2025-09-22,255.13751220703125,255.69547916115815,247.2068166293636,247.38616206443075,105517400
2025-09-23,253.49359130859375,256.3928850249964,252.64672876089196,254.9382669065294,60275200
2025-09-24,251.3813934326172,254.7987775332095,250.11606329601622,254.28068708944184,42303700
2025-09-25,255.9246063232422,256.22352044118514,250.7836088309123,252.27808820484515,55202100
2025-09-26,254.51980590820312,256.6519291955366,252.84598111295833,253.16481067495934,46076300
2025-09-29,253.49359130859375,254.06150078407975,252.07881928540593,253.62311772285494,40127700
2025-09-30,253.69285583496094,254.97810138533342,252.1784458386236,253.9220050782957,37704300
2025-10-01,254.5098419189453,257.83756097799323,253.9917514638179,254.10134722927504,48713900
2025-10-02,256.18365478515625,257.229778167004,253.21461153357077,255.63566078088252,42630200
2025-10-03,257.07037353515625,258.2858846694617,253.01536064819075,253.73271197999827,49155600
2025-10-06,255.7452850341797,258.1165305885388,254.1113214696764,257.0404883747525,44664100
2025-10-07,255.53607177734375,256.45266881763376,254.48991791397023,255.86484387966763,31955800
2025-10-08,257.1102294921875,257.56852798749276,255.16739414069707,255.5758888188916,36496900
2025-10-09,253.1050262451172,257.0504585775582,252.2083446799687,256.8611554198282,38322000
2025-10-10,244.3673095703125,255.436420799504,243.10197943699816,254.00171816056968,61999100
2025-10-13,246.74851989746094,248.7710475029622,244.6562426215344,248.46219085423505,38142900
2025-10-14,246.8581085205078,247.93413549962378,243.79940008876653,245.69241642712313,35478000
2025-10-15,248.42233276367188,250.89321639065437,246.559219921403,248.57178982967116,33893600
2025-10-16,246.53929138183594,248.1234359576197,244.22783772705108,247.33635013275978,39777000
2025-10-17,251.36148071289062,252.4474806979352,246.3599669580113,247.1072067041429,49147000
2025-10-20,261.27484130859375,263.4069798400544,254.68918336894043,254.94822099113512,90483000
2025-10-21,261.80291748046875,264.3136625920602,260.86637452698056,260.91620875530236,46695900
2025-10-22,257.49884033203125,261.882640960004,254.48993535873984,261.68336485657886,45015300
2025-10-23,258.6246337890625,259.6608147081683,257.0604350924048,258.98332466328685,32754900
2025-10-24,261.85272216796875,263.15789839957887,258.22610426270086,260.2287163700197,38253700
2025-10-27,267.8207092285156,268.12956591820625,263.67601542509226,263.90517991319996,44888200
2025-10-28,268.0099792480469,268.89671830922975,267.1631014853557,268.00000632210845,41534800
2025-10-29,268.7073974609375,270.4110953948544,266.1269030442272,268.28892986747474,51086700
2025-10-30,270.4011535644531,273.131090148023,267.49191714200913,270.98897852374654,69886500
2025-10-31,269.37493896484375,276.29937269597025,268.16940070155243,275.9705701844509,86167100
2025-11-03,268.05975341796875,269.8531467885877,265.2700709373508,269.424736694289,50194600
2025-11-04,269.0461730957031,270.49081837885313,266.6350661079627,267.3424445625432,49274800
2025-11-05,269.14581298828125,270.7000692568828,265.94760492323326,267.6214146886098,43683100
2025-11-06,268.7771301269531,272.3937751745226,266.90407480138714,266.90407480138714,51204000
2025-11-07,267.4819030761719,271.28785094446636,265.78814772800683,268.8069946610708,48227400
2025-11-10,268.6986083984375,272.9869540449525,266.7339548671466,268.22988302493957,41312400
2025-11-11,274.5028381347656,275.1610502271484,269.06761990152603,269.0776024957972,46208300
2025-11-12,272.7276306152344,274.9815052844664,270.9624464716027,274.25347600982695,48398000
2025-11-13,272.2090759277344,275.9488963676571,271.3513946141157,273.36590026791555,49602800
2025-11-14,271.6705322265625,275.21088338895913,268.8681625557137,270.31420819279356,47431300
2025-11-17,266.73394775390625,269.7557213346742,265.00866346949266,268.09027174019775,45018300
2025-11-18,266.7140197753906,269.9751321987233,264.59977951795884,269.2570854665072,45677300
2025-11-19,267.8309631347656,271.47104873805114,264.77927226211665,264.80918960656476,40424500
2025-11-20,265.5272521972656,274.68232536305425,265.1981613886433,270.09480618650156,45823600
2025-11-21,270.7530212402344,272.5880228442522,264.9488429624803,265.22808167538,59030800
2025-11-24,275.1710205078125,276.24807542504453,270.164627965921,270.164627965921,65585800
2025-11-25,276.2181396484375,279.6188865292943,274.5028075356392,274.52274228722064,46914200
2025-11-26,276.79656982421875,278.7712060098946,275.8790842359358,276.2081750495132,33431400
2025-11-28,278.093017578125,278.2426042891834,275.2407657367699,276.5073375714406,20135600
2025-12-01,282.33148193359375,282.650620542313,275.390384584981,277.255303275414,46587700
2025-12-02,285.4131164550781,286.619823290159,281.86278279875575,282.231773534172,53669500
2025-12-03,283.378662109375,287.8365294074879,282.5309633672564,285.4231155973949,43538700
2025-12-04,279.93804931640625,283.9571086251454,277.8337611056945,283.32881389666403,43989100
2025-12-05,278.02325439453125,280.37686403379615,277.29522501275557,279.77848663840757,47265800
2025-12-08,277.1356506347656,278.9108174051644,275.4003533668138,277.374989388386,38211800
2025-12-09,276.4275817871094,279.2698514894354,276.16830825817004,277.40493251311347,32193300
2025-12-10,278.02325439453125,278.9906225605669,275.6896099437804,276.99605153243056,33038300
2025-12-11,277.2752380371094,278.83100071126506,273.06669274298736,278.342340640522,33248000
2025-12-12,277.52459716796875,278.4620479370953,276.0685689150702,277.14562382282355,39532900
2025-12-15,273.3658752441406,279.3894873363706,272.0993337942639,279.3894873363706,50409100
2025-12-16,273.8645324707031,274.752131096348,271.0522107383373,272.07941349564567,37648600
2025-12-17,271.10205078125,275.41033087528734,270.9026119684932,274.2634587890498,50138700
2025-12-18,271.45111083984375,272.8872042261758,266.22534517191764,272.86723904028526,51630700
2025-12-19,272.9271240234375,273.8545921928022,269.1673383776201,271.4112306527045,144632000
2025-12-22,270.2344665527344,273.1365711538121,269.775723721713,272.1193204151364,36571800
2025-12-23,271.62066650390625,271.7603010837797,268.8282792538215,270.1048034873943,29642000
2025-12-24,273.0667419433594,274.68233959340455,271.46112688748974,271.60073103225574,17910600
2025-12-26,272.6578063964844,274.6224597374741,272.11926379011726,273.4157529954652,21521800
2025-12-29,273.0168762207031,273.61522314661676,271.6107000753325,271.9497734782625,23715200
2025-12-30,272.33868408203125,273.3359694836473,271.54086793463244,272.06942798009953,22139600
2025-12-31,271.12200927734375,272.9370761103812,271.0123224859311,272.3187639976345,27293600
2026-01-02,270.2743225097656,277.0857683126949,268.2697691424855,271.52092924369913,37838100
2026-01-05,266.5345153808594,270.7729784841199,265.41756056202854,269.9053450243044,45647200
2026-01-06,261.6477966308594,266.82371056256306,261.40845786144683,266.27521573774703,52352100
2026-01-07,259.623291015625,262.964203143993,259.1047135716701,262.48552563718374,48309800
2026-01-08,258.33685302734375,258.5861744106298,255.00590778144198,256.32231677215987,50419300
2026-01-09,258.6659240722656,259.5036402038468,255.52448097015204,258.3767027680543,39997000
2026-01-12,259.54351806640625,260.5906555331263,256.1028713590674,258.45648066308013,45263800
2026-01-13,260.3413391113281,261.0992857475004,257.6885867541948,258.0176775418968,45730800
2026-01-14,259.25433349609375,261.10930037675524,256.0131555781144,258.78560808748875,40019400
2026-01-15,257.5090637207031,260.3313985459844,256.35220896361545,259.9424426175537,39388600
2026-01-16,254.8363494873047,258.1971965798445,254.23797213114116,257.1999111311508,72142800
2026-01-20,246.0303192138672,254.09835490933511,242.75922413209136,252.04394930256512,80267500
2026-01-21,246.97775268554688,250.8771427168815,244.51445623630568,248.02490552393743,54641700
2026-01-22,247.67584228515625,250.31864258405668,247.47637302553753,248.52352576906395,39708300
2026-01-23,247.36668395996094,248.7329754164565,244.01580413580567,246.6486524137701,41689000
2026-01-26,254.7166748046875,255.86354695988197,249.12190294519746,250.7973351598156,55969200
2026-01-27,257.5688781738281,261.23891141767155,257.50904348719195,258.4664593428383,49648300
2026-01-28,255.74388122558594,258.1572949521919,253.81911240916085,256.9505880888889,41288000
2026-01-29,257.5788879394531,258.94516415300217,253.7193980705993,257.29964922744847,67253000
2026-01-30,258.775634765625,261.1890484668085,251.49543285360957,254.47732177254832,92443400
2026-02-02,269.2770690917969,269.7557466562268,258.50636737104884,259.3241487899344,73913400
2026-02-03,268.7485046386719,271.1419837262723,266.88355520832346,268.4692659190308,64394700
2026-02-04,275.73944091796875,278.19278500760885,271.5508603406617,271.5508603406617,90545700
2026-02-05,275.1610107421875,278.7412615768201,272.48829324857786,277.3749854862336,52977400
2026-02-06,277.3650207519531,280.14745564173626,276.1782486476445,276.3677353153735,50453400
2026-02-09,274.13079833984375,277.70443813431814,271.2160169672847,277.41494619870406,44623400
2026-02-10,273.19244384765625,274.87943562430115,272.4537718732244,274.40031021957236,34376900
2026-02-11,275.00921630859375,279.6808719096702,273.9610989943363,274.2106536370846,51931300
2026-02-12,261.2637634277344,275.22883180172755,259.71650632997444,275.0990585104662,81077200
2026-02-13,255.32435607910156,261.7628783299504,254.9949421084194,261.5432690161623,56290700
2026-02-17,263.4099426269531,265.8156532326085,255.08478749757862,257.5903108294174,58469100
2026-02-18,263.8791198730469,266.3447212846438,261.9825104325609,263.13045584681157,34203300
2026-02-19,260.11578369140625,264.00886051677537,259.5867290635135,262.13220471573277,30845300
2026-02-20,264.1086730957031,264.2783836675007,257.7001265171608,258.50868117461044,42070500
2026-02-23,265.705810546875,268.95002088588865,262.91081074777924,263.0206001676805,37308200
2026-02-24,271.6552429199219,274.4003442568012,267.233111068832,267.38283777638213,47014600
2026-02-25,273.74151611328125,274.45024283739696,270.567157599074,271.29586819299504,33714300
2026-02-26,272.4637756347656,275.61811956353745,270.31758130113775,274.4602128097023,32345100
2026-02-27,263.70941162109375,272.3240439665745,262.4217314181026,272.3240439665745,72366500
2026-03-02,264.2484130859375,266.05518620599753,259.73647625260065,261.94253069595567,41827900
2026-03-03,263.2801818847656,265.08695529305965,259.6666350681776,263.0106738027697,38568900
2026-03-04,262.0523376464844,265.67587606267574,260.95432154975975,264.17854815272653,39803100
2026-03-05,259.8263244628906,261.09405110124777,256.79173142961054,260.3254337562426,49658600
2026-03-06,257.0013427734375,258.3090066542827,253.916851068475,258.16927189629365,41120000
2026-03-09,259.41705322265625,260.68477987096253,253.22808575123491,255.2345148744848,38218500
2026-03-10,260.3653564453125,262.01244158439727,256.4922936817907,257.19102845716964,30590800
2026-03-11,260.34539794921875,261.6630538494394,259.08763272962494,260.624897946549,26218900
2026-03-12,255.3043975830078,258.48873275942157,253.7272102811576,258.1992408199258,40794000
2026-03-13,249.6744384765625,255.87336762960538,249.07551643845036,255.024890934378,36930000
2026-03-16,252.36964416503906,253.43773019062647,249.4348789230203,251.66090222791988,32074200
2026-03-17,253.77711486816406,254.67552076289968,251.7307636559193,252.5093881906664,32361600
2026-03-18,249.49476623535156,254.48585937367065,248.55643828829037,252.1799767808244,35757900
2026-03-19,248.5165252685547,251.38140795985734,246.85947863088072,248.95572868612365,34864100
2026-03-20,247.54823303222656,248.75606899357115,245.56177255944445,247.53824109812177,88331100
2026-03-23,251.04200744628906,254.14646797882926,249.83415620831627,253.51758537106093,40546100
2026-03-24,251.1917266845703,254.37604644028636,249.10545347620703,249.90403139868116,45152300
2026-03-25,252.16998291015625,254.5457480998694,251.15181088451408,253.6473574345128,28476700
2026-03-26,252.43951416015625,256.5421934269488,250.32329549316128,251.67088153367666,41796700
2026-03-27,248.35679626464844,255.03488128462607,247.6281009352486,253.4477020992108,47900000
2026-03-30,246.19065856933594,250.4230956915925,245.07264337813007,249.62453299565456,39446200
2026-03-31,253.33790588378906,255.02489784868362,246.65983587287727,247.4683905467953,49598100
2026-04-01,255.1746368408203,255.72364490973627,252.8787309132899,253.6273948962928,40059400
2026-04-02,255.464111328125,255.6737439434535,250.20349485503914,253.74717405681358,31289400
2026-04-06,258.39886474609375,261.6930045642991,256.0031460821725,256.0530752925303,29329900
2026-04-07,253.0484161376953,255.7436185540334,245.2623079794448,255.70368128016966,62148000
2026-04-08,258.4388122558594,259.28730423338584,256.07303883918246,257.9896321241455,41032800
2026-04-09,260.0259704589844,260.6548530924392,255.61386101634736,258.5386343954405,28121600
2026-04-10,260.0159912109375,261.7229364827484,258.5585701252562,259.5168819122501,31291500
2026-04-13,258.73828125,259.71651601158027,256.2027973984465,259.2673359057164,36234700
2026-04-14,258.3689270019531,261.4634109961452,256.7318642110386,258.7881922504944,48370700
2026-04-15,265.95538330078125,266.08515659729386,257.35074355126085,257.7001261657452,49913500
2026-04-16,262.9307861328125,266.68409800240715,260.80457553569033,266.3247234477873,43323100
2026-04-17,269.7486267089844,271.8149160854778,266.24486962975914,266.4844323486072,61436200
2026-04-20,272.5635681152344,273.7913879220191,269.80850557942483,269.84841238867654,36590200
2026-04-21,265.69586181640625,272.3140256362382,264.9272139873882,271.0163536236942,50209800
2026-04-22,272.68341064453125,273.2523721409737,266.39461467279705,267.3429346055621,43249200
2026-04-23,272.9429016113281,275.2787294551341,271.1660737405759,274.56001085217736,33399600
2026-04-24,270.5771179199219,272.5735550213531,269.16962610782736,272.2741016414235,38157100
2026-04-27,267.1332702636719,267.88193422863776,264.59781690250213,265.6159889280984,41466800
2026-04-28,270.2277526855469,272.7432830913257,268.181416710472,271.8548539018017,40018900
2026-04-29,269.688720703125,270.55716597281076,266.56429174844374,267.07336249706583,30047900
2026-04-30,270.86663818359375,275.50834883767226,267.6623648300734,270.018146234023,91848200
2026-05-01,279.6409912109375,286.70836594964845,277.8741246788477,278.3632420760759,79915400
2026-05-04,276.3368225097656,280.13007120517506,274.3703307853319,279.16179801165765,46668400
2026-05-05,283.67376708984375,284.0630869835518,276.00745521106614,276.43668191704,49311700
2026-05-06,286.99786376953125,287.5169265187869,280.5693330033821,281.4178249779708,58336100
2026-05-07,286.927978515625,291.6096265406606,285.2709318587503,288.75470528792926,45224300
2026-05-08,292.7974853515625,294.2349225642168,289.48339230776435,289.49338424193445,52692800
2026-05-11,292.42779541015625,293.6267735875138,289.979924827367,291.72841688276577,42247300
2026-05-12,294.54595947265625,295.0155556946294,292.3078994315659,292.3078994315659,45748100
2026-05-13,298.6124572753906,300.6607090744109,293.24708951115105,293.24708951115105,52684300
2026-05-14,297.9530334472656,300.1911240450107,295.12548538387824,299.5616620172475,35324900
2026-05-15,299.9713134765625,302.93875555297063,296.26448829773227,297.643304079477,54862800
2026-05-18,297.5833435058594,300.4009207908792,294.6558756451712,299.98126929450746,34483000
2026-05-19,298.7123718261719,300.2510533099592,296.09463441963413,296.7140952726279,42243600
2026-05-20,301.98956298828125,302.5390768782648,297.82314269813475,297.9230626302997,38229800
2026-05-21,304.7271728515625,305.27671719779084,300.1411318265125,300.80056674721834,42965100
2026-05-22,308.55389404296875,311.13165741506583,305.57645096183757,305.85620846339293,43670200
2026-05-26,308.0643005371094,311.5513139598484,307.4048960873393,309.29325163060713,48000500
2026-05-27,310.5821533203125,312.9900803339556,308.0343323058515,308.0643052358437,50430900
2026-05-28,312.24072265625,312.5304508120942,309.30325358892543,310.412282475935,48220400
2026-05-29,311.7911071777344,314.7285763294451,309.2632884033746,311.5113496628706,70026800
2026-06-01,306.0460510253906,310.67206624496237,304.7571540774977,309.363197507879,48849900
2026-06-02,314.92840576171875,315.1781903378333,306.42572903356995,307.1950545511415,44534700
2026-06-03,309.9926452636719,316.6668815001487,308.5838566628498,313.9092501546009,50836700
2026-06-04,310.9618225097656,313.26982953176514,309.38316692864953,312.96009909963743,44869100
2026-06-05,307.0751647949219,314.8984348439246,306.8853260765596,312.5903972939029,65310500
2026-06-08,301.2801818847656,317.1265012321255,300.9105055796523,308.4739595974908,77949100
2026-06-09,290.29962158203125,300.4908444635933,287.5320194610898,300.0212482417878,70108800
2026-06-10,291.3287353515625,294.4960172141002,287.1323727394638,290.4894628291428,52793300
2026-06-11,295.375244140625,296.7440586571729,289.3404406054596,293.4668864344149,42572500
2026-06-12,290.879150390625,296.88398158337014,289.3704417369658,295.7749221682621,38742100
2026-06-15,296.1645812988281,297.5233947188816,291.4486474146935,293.8665449684006,45732600
2026-06-16,298.9821472167969,300.2210994929347,293.71669913987887,294.99559499590845,39874400
2026-06-17,295.6949768066406,301.8096980081642,294.10632015937927,300.59074812548096,42745100
2026-06-18,297.7532043457031,300.31099586682666,295.3652492546472,297.8530937792582,85962200
2026-06-22,296.75408935546875,302.1594314563154,296.5043047694293,297.05381866220307,44879900
2026-06-23,294.04638671875,301.3800886038737,293.9264950024863,297.2836155142734,52010900
2026-06-24,292.8274230957031,299.4417438827621,292.68755959702736,295.1054570720635,53081900
2026-06-25,274.91290283203125,288.55113481081804,273.5141152813601,287.1523472601469,107013700
2026-06-26,283.53546142578125,285.70360492137456,273.9737007161028,274.7630284991681,261775500
2026-06-29,281.4972229003906,288.12151489662153,279.6088673150861,286.4829438934296,66427000
2026-06-30,289.11065673828125,289.69017405322865,280.45814550695326,280.9277417485351,65100200
2026-07-01,294.1263427734375,296.33442991747245,288.95081360688545,293.1871503157195,50164200
2026-07-02,308.3640441894531,309.15337194761725,293.4269150966668,293.866538367699,75352800
2026-07-06,312.3905944824219,313.9292760509671,306.7354678654279,307.0951430290638,53590000
2026-07-07,310.3923034667969,315.20815732134815,309.88273318392555,315.0183186077797,42490000
2026-07-08,313.1199645996094,314.5487250421545,306.7854009831778,311.6412289475945,41323500
2026-07-09,315.947509765625,316.2572401947346,307.8944576262147,310.24243869469103,48124500
2026-07-10,315.0483093261719,316.6369356310425,311.9010296470402,314.4488202226986,34132300
2026-07-13,317.03656005859375,323.171283634363,315.5078797345754,316.7468014245228,43257800
2026-07-14,314.58868408203125,315.91755515351207,311.64124426456783,313.48965629761443,36336800
2026-07-15,327.2178039550781,328.44675508114506,317.0465830462295,317.34631234952286,60957600
2026-07-16,332.97283935546875,334.3915986652446,326.50841333986017,327.72736328456057,62970600
2026-07-17,333.452392578125,334.7013154010385,328.71648699084636,331.693929977533,63407100
2026-07-20,326.3085632324219,333.4224228207836,323.4010672140761,333.2226134619852,53468000
2026-07-21,327.45758056640625,329.3159936819017,321.94234806189104,322.85156758462244,41338900
2026-07-22,325.60919189453125,328.7164973399543,323.0613709608057,327.58746619388995,38755900
2026-07-23,321.3828430175781,323.0214140443725,319.0748358849152,321.4527900194849,40840800
2026-07-24,332.7330322265625,334.0818750563203,321.3428614810286,321.5127284115298,47489400
2026-07-27,336.61968994140625,339.277401491225,333.73216560461384,334.2517370375488,49604300
2026-07-28,339.78692626953125,342.59453283396704,335.31080637618777,339.73698155301014,51859000
2026-07-29,337.8985900878906,344.2730974331505,337.0593175600121,339.43727163464206,56090800
2026-07-30,333.1426696777344,334.4615395264105,329.30598233808786,332.8129674612056,74817800
2026-07-31,308.6438293457031,310.4222943774597,299.7415030462749,304.54735603914753,132489100
2026-08-03,303.1585693359375,311.5313230344714,302.29929450581176,309.313234694189,75052000
2026-08-04,309.1134033203125,310.1525156602479,301.0603512911937,302.46913991298527,68001000
2026-08-05,310.7320251464844,311.4414048335362,305.40663118634393,309.09342362565195,49438800
2026-08-06,312.14080810546875,316.0174696892129,308.96355554648414,314.06913775686996,46139900
2026-08-07,313.05999755859375,314.53873325457766,310.47223295908327,311.1816431226555,34437200
2026-08-10,308.260009765625,308.260009765625,304.6099853515625,306.8299865722656,44812500
2026-08-11,304.9100036621094,309.9700012207031,302.7900085449219,307.75,37476700
2026-08-12,302.25,305.6600036621094,300.57000732421875,305.1000061035156,41657800
2026-08-13,305.260009765625,306.0,302.04998779296875,304.2099914550781,40349300
2026-08-14,305.92999267578125,307.489990234375,304.29998779296875,306.0,28229400
2026-08-17,305.5899963378906,307.6600036621094,302.94000244140625,306.2099914550781,38169300
2026-08-18,310.0299987792969,311.489990234375,305.739990234375,307.5799865722656,53424500
2026-08-19,316.8299865722656,319.2799987792969,309.6000061035156,310.1400146484375,50505600
2026-08-20,311.29998779296875,320.2799987792969,310.6499938964844,317.4599914550781,40959200
2026-08-21,309.3500061035156,312.3800048828125,307.010009765625,312.04998779296875,46876800
2026-08-24,310.3399963378906,313.3599853515625,309.9700012207031,311.4700012207031,34673600
