Price,Close,High,Low,Open,Volume
Ticker,SPY,SPY,SPY,SPY,SPY
Date,,,,,
2013-01-02,115.9928970336914,116.06436722490628,114.93668199861817,115.23846118512465,192059000
2013-01-03,115.73081970214844,116.2390723347181,115.42110344351534,115.93730528636958,144761800
2013-01-04,116.23907470703125,116.42967399227177,115.68317527220329,115.92142134932922,116817700
2013-01-07,115.92144012451172,116.03262002948453,115.49259469268742,115.82614652530668,110002500
2013-01-08,115.58787536621094,115.87376821958505,115.13520663266104,115.71494154942125,121265100
2013-01-09,115.88172912597656,116.19939464928365,115.65936931851193,115.84201942085059,90745600
2013-01-10,116.80293273925781,116.81086983264363,115.92143066543846,116.52497694065629,130735400
2013-01-11,116.79496002197266,116.85848098508421,116.4296478367525,116.77112451368566,113917300
2013-01-14,116.71559143066406,116.79501084565729,116.28674597802286,116.65205832220975,89567200
2013-01-15,116.79496002197266,116.90613988396208,116.10404534174914,116.17551551352173,93172600
2013-01-16,116.77909851074219,116.96174858327485,116.42967255097622,116.55673873956361,104849500
2013-01-17,117.5335464477539,117.86708613895462,116.85851785418345,117.29530034898198,133833500
2013-01-18,117.79562377929688,117.92268998945316,117.08088543544339,117.50973086529564,169906000
2013-01-22,118.43089294433594,118.43089294433594,117.51761857503502,117.79557427823435,111797300
2013-01-23,118.6215591430664,118.72480197897418,118.21654913079576,118.43097189856432,104596100
2013-01-24,118.65330505371094,119.23302798808339,118.33563952154033,118.44681942837478,146426400
2013-01-25,119.32035064697266,119.32035064697266,118.62149879214246,119.02652071605432,147211600
2013-01-28,119.17740631103516,119.38387975321258,118.73267470698833,119.3521071512178,113357700
2013-01-29,119.64595794677734,119.79684752305309,118.85974957877652,118.93916897187893,105694400
2013-01-30,119.17740631103516,119.86830893320713,119.06621432175056,119.63006288903492,137447700
2013-01-31,118.88357543945312,119.4236006648168,118.80416816240144,119.03446501885912,108975800
2013-02-01,120.10658264160156,120.24952303041013,119.43155404725006,119.63802753698465,131173000
2013-02-04,118.75653839111328,120.13041912763178,118.66918188253523,119.3759831632039,159073600
2013-02-05,119.95569610595703,120.29717289974516,119.35213769059153,119.39979660577849,113912400
2013-02-06,120.04306030273438,120.12246759773593,119.44745106056804,119.53480756746048,138762800
2013-02-07,119.88420104980469,120.1939172869438,119.01063621802885,120.08273740996304,162490000
2013-02-08,120.55128479003906,120.62275497410366,120.09067896323695,120.09067896323695,103133700
2013-02-11,120.52745819091797,120.63068885925617,120.22567904262654,120.50363479686315,73775000
2013-02-12,120.72599792480469,120.94835768732487,120.40039537336504,120.53539864934528,65392700
2013-02-13,120.82923889160156,121.19455117126826,120.48776212638421,120.97219138980131,82322600
2013-02-14,120.94042205810547,121.0833745601772,120.32893870135848,120.4639419924987,80834300
2013-02-15,120.79749298095703,121.17867949266324,120.35277336434966,121.05161328286093,215226500
2013-02-19,121.70276641845703,121.7265898078835,120.83715095544053,121.00391468142583,95105400
2013-02-20,120.18595886230469,121.65513266191098,120.1224257778015,121.61542296938438,160574800
2013-02-21,119.45540618896484,120.249551965079,119.07421960938687,119.8842516939801,183257000
2013-02-22,120.62276458740234,120.62276458740234,119.51096568768529,120.03509253029522,106356600
2013-02-25,118.32769012451172,121.39309251445874,118.32769012451173,121.21044242601442,245824800
2013-02-26,119.13768005371094,119.28062038972301,118.11322584150913,118.89943404266201,186596200
2013-02-27,120.63866424560547,120.9722039524431,118.93124388910985,119.03448669754788,150781900
2013-02-28,120.40043640136719,121.40105567368197,120.24160967654456,120.63073333470467,126866000
2013-03-01,120.79749298095703,120.9801430839849,119.44744782548446,119.9874610405932,170634800
2013-03-04,121.44075012207031,121.44075012207031,120.32895107033642,120.51953826909032,99010200
2013-03-05,122.5286865234375,122.8542890406072,122.01249686856609,122.02838316927354,121431900
2013-03-06,122.69546508789062,123.0290047039088,122.42545855840409,122.96547161737716,94469900
2013-03-07,122.91785430908203,123.07668100465106,122.7113808166123,122.85432120731438,86101400
2013-03-08,123.4420166015625,123.6087804221801,122.82258388957796,123.45790290942688,123477800
2013-03-11,123.91056823730469,123.91850533293362,123.19584186419725,123.34673150506963,83746800
2013-03-12,123.63256072998047,123.96611249035293,123.25932350803643,123.82316000480785,105755800
2013-03-13,123.80725860595703,123.98197155715384,123.27518266102012,123.6960787386224,92550900
2013-03-14,124.46643829345703,124.52203430275642,123.81524519325205,124.13289859076174,126329900
2013-03-15,124.30207824707031,124.46958369514594,123.88728256584886,124.31803520408434,138601100
2013-03-18,123.61608123779297,124.1505236939401,123.00186616424193,123.1135405256519,126704300
2013-03-19,123.32889556884766,124.04680031520266,122.51526126381233,123.87929488779535,167567300
2013-03-20,124.1904067993164,124.39779855898763,123.84739915923804,124.0548030905015,113759300
2013-03-21,123.1294937133789,124.15051989260527,122.92210195470835,123.44855983004008,128605000
2013-03-22,124.11868286132812,124.11868286132812,123.4246948297977,123.52042445198033,111163600
2013-03-25,123.60013580322266,124.65307602747568,123.12153656895701,124.44567207152627,151322300
2013-03-26,124.58927917480469,124.62118092660208,123.97506395124442,124.11066769667542,86856600
2013-03-27,124.58927917480469,124.62916549324804,123.64004078519213,123.84743260086388,99950600
2013-03-28,124.97216033935547,125.11574865061094,124.23829833625922,124.5095058255696,102932800
2013-04-01,124.47759246826172,125.1635956941783,124.17447108400263,124.90833301867711,99194100
2013-04-02,125.09181213378906,125.4029059235077,124.7328474619951,124.92429447551224,101504300
2013-04-03,123.82349395751953,125.25931611262708,123.49645538264068,125.1635986928181,154167400
2013-04-04,124.32600402832031,124.57328208277667,123.71178900262471,123.98299640611934,131885000
2013-04-05,123.76768493652344,123.9192456593264,122.65891333005577,122.80248948538694,159666000
2013-04-08,124.60519409179688,124.61316648415726,123.44057971283469,123.85537537581195,86571200
2013-04-09,125.03592681884766,125.49060875873424,124.42171184046407,124.83650747782876,101922200
2013-04-10,126.56744384765625,126.7269768583606,125.33902627648537,125.37092800999083,135711100
2013-04-11,126.9822769165039,127.3970726041144,126.46377926409275,126.59141057898708,110142500
2013-04-12,126.67121887207031,126.86265372673947,125.96925861402863,126.57548927314019,116359900
2013-04-15,123.73580932617188,126.1368279321093,123.7198645294843,126.03312589563744,217259000
2013-04-16,125.56244659423828,125.6262622692624,124.36593007362598,124.66903931549618,147507800
2013-04-17,123.72783660888672,124.69303235642012,123.06576240004323,124.66909081824943,226834800
2013-04-18,122.95407104492188,123.967125386182,122.48344400500689,123.93521145407996,167583200
2013-04-19,124.02289581298828,124.07873908103764,122.93805391281991,123.2411752614471,149687600
2013-04-22,124.57330322265625,124.86844002527334,123.44060254679226,124.26220946077525,106553500
2013-04-23,125.85760498046875,125.97725178436828,124.57334320835795,125.19553093183052,166141300
2013-04-24,125.93739318847656,126.27241645237984,125.66617344680328,125.89750685838351,96781200
2013-04-25,126.4478530883789,127.04611127195354,126.11282996616839,126.30426479509217,131060600
2013-04-26,126.22452545166016,126.51168991466884,125.8177020289669,126.29631352451335,95918800
2013-04-29,127.070068359375,127.34924826968617,126.36810804253034,126.5675274805797,88572800
2013-04-30,127.37316131591797,127.40507523801274,126.51965255960526,127.04612272981403,116010700
2013-05-01,126.25643920898438,127.15781900360777,126.11286304962691,127.09400332002762,138874200
2013-05-02,127.42903900146484,127.54071341576025,126.45587103191984,126.57551784309412,96407600
2013-05-03,128.72122192382812,129.1280452628055,127.45291754469578,128.53775949597969,144202300
2013-05-06,129.04827880859375,129.23174124521262,128.7611143909497,128.81695766429988,66882100
2013-05-07,129.70236206054688,129.74223619694828,128.96051568095925,129.32745267427217,90359200
2013-05-08,130.29266357421875,130.33254989077582,129.48701353478344,129.55880160162923,97419200
2013-05-09,129.92579650878906,130.57988613942538,129.59874560767074,130.2368904418625,106738600
2013-05-10,130.3485107421875,130.46018512892348,129.63059353751743,130.01348758197958,103203000
2013-05-13,130.45217895507812,130.667555297965,129.87786232670194,130.18097151386846,81843200
2013-05-14,131.80027770996094,131.89600730683068,130.5559024950117,130.5559024950117,119000900
2013-05-15,132.5101776123047,132.77341263837482,131.54499468830647,131.58488099618236,120718500
2013-05-16,131.8879852294922,132.70161962770175,131.6885658691579,132.2389652511352,109913600
2013-05-17,133.1642608642578,133.24402129756606,132.19906589998035,132.37455589348534,129801000
2013-05-20,133.1563262939453,133.67482407727505,132.90107577129908,133.03667951326665,85071200
2013-05-21,133.3477325439453,133.85027321233582,132.81329013432608,133.27594449748707,95804200
2013-05-22,132.35865783691406,134.86337755487074,131.7524271533222,133.48338633989536,244031800
2013-05-23,131.9757537841797,132.34269082817005,130.7712650146091,130.94675505674442,211064400
2013-05-24,131.8640594482422,131.91990271301097,130.80314696196436,131.1940133005695,151573900
2013-05-28,132.6537628173828,133.83432203932463,132.2628964837895,133.24403634255773,143679800
2013-05-29,131.79226684570312,132.25492121880924,131.0903068076674,131.95179989845894,160363400
2013-05-30,132.27883911132812,132.88506952793068,131.79225543103178,131.8959573835576,107793800
2013-05-31,130.38040161132812,132.66176003988997,130.1251511079196,131.9119411465621,176850100
2013-06-03,131.09829711914062,131.18604212774179,129.75022024681,130.6835014265176,168390700
2013-06-04,130.46815490722656,131.6965853082807,129.80608099500037,131.17011513640037,157631500
2013-06-05,128.64149475097656,130.35649705284266,128.52982035231918,130.09326193352243,211737800
2013-06-06,129.8060760498047,129.81406061584704,127.82783895483715,128.58563026159214,200225500
2013-06-07,131.45730590820312,131.57695271141537,130.1331578185328,130.69951442079818,188337800
2013-06-10,131.45730590820312,131.93590529264955,131.1142981196656,131.8641172107222,105667100
2013-06-11,130.10116577148438,131.24981079995598,129.81400147146923,130.26069878891747,159505400
2013-06-12,129.0243377685547,131.13020591667697,128.904691010204,130.99460220001524,177361500
2013-06-13,130.98663330078125,131.21795443029413,128.66538875411464,128.9525531534094,163587800
2013-06-14,130.16502380371094,131.35356779924052,129.94965961711506,130.8430546265045,141197500
2013-06-17,131.17013549804688,131.79232318990816,130.19696763711576,131.05047652862928,136295600
2013-06-18,132.2070770263672,132.40649640709088,131.233909474708,131.24188186816346,114695600
2013-06-19,130.38040161132812,132.32673690764452,130.32457050841768,132.0954157585682,206149500
2013-06-20,127.14977264404297,130.39632550319848,126.81474959675859,129.1120644028128,321255900
2013-06-21,127.55796813964844,128.1112676870462,126.27492596841434,128.0150438068026,271956800
2013-06-24,125.94612121582031,127.0447177634868,124.87959521024855,126.2267904621267,222329000
2013-06-25,127.15705871582031,128.3839625162118,126.23486804339484,127.0848785470908,162262200
2013-06-26,128.416015625,128.704699552689,127.70232650321323,128.1994996202335,134848000
2013-06-27,129.16970825195312,129.7631170709889,129.06545761504395,129.18574963516767,129483700
2013-06-28,128.64051818847656,129.42637506200893,128.1914571178866,128.808922207946,160402900
2013-07-01,129.39431762695312,130.29243985914096,129.16978706890617,129.31412289793735,131954800
2013-07-02,129.27403259277344,130.1480988184549,128.70467940595506,129.20185244515054,154863700
2013-07-03,129.33018493652344,129.72311959383046,128.48017451165487,128.68866370998123,75216400
2013-07-05,130.7255096435547,130.77362160048625,129.34624311017788,130.28446297834677,122416900
2013-07-08,131.47122192382812,131.824059128451,130.7735743285036,131.39905401451804,108092500
2013-07-09,132.4174346923828,132.57781186218506,131.7278018498388,132.29714263803584,119298000
2013-07-10,132.46559143066406,132.91465255241786,132.01653030891026,132.28917281340395,121410100
2013-07-11,134.26988220214844,134.4062034741626,132.45758382313733,134.00525423788577,135592200
2013-07-12,134.3259735107422,134.66276931258315,134.0212604915507,134.2297496347866,104212700
2013-07-15,134.8391876220703,135.03164760956813,134.46229446071817,134.69485180844424,69450600
2013-07-16,134.33401489257812,135.00760656930936,133.9731630826148,134.92741183998515,88702100
2013-07-17,134.67886352539062,135.10386879221147,134.5024448596158,134.84726761035796,92873900
2013-07-18,135.41653442382812,135.73730102009256,134.87926414057904,134.96747342505245,103620100
2013-07-19,135.65721130371094,135.70532327138815,134.96757788299487,135.1359820058691,103831700
2013-07-22,135.9217987060547,136.11425875520035,135.52886402754905,135.84963077612517,79428600
2013-07-23,135.63308715820312,136.18639898043526,135.5609192429549,136.16234300868584,80829700
2013-07-24,135.1359405517578,136.2104816202709,134.86328575855282,136.1543428511992,112914000
2013-07-25,135.46475219726562,135.5850443533509,134.67088025272164,134.89541092754257,111088600
2013-07-26,135.60903930664062,135.6491366739566,134.33402378358335,134.8953502180112,107814600
2013-07-29,135.1920166015625,135.56890974001837,134.80710888594643,135.26418450399132,79695000
2013-07-30,135.1920166015625,135.74532832550815,134.87126221121505,135.60099252065052,85209600
2013-07-31,135.2882537841797,136.2024172635407,135.11183519728584,135.47268694829754,142388700
2013-08-01,136.8520050048828,136.97228488904958,136.24255429576996,136.31473446227045,110438400
2013-08-02,137.0845489501953,137.1005903466056,136.36284517973638,136.5472784124536,91116700
2013-08-05,136.8841094970703,137.0926109959831,136.60345228576966,136.77987098361737,54072700
2013-08-06,136.10618591308594,136.91611097285477,135.8014728999813,136.61940030125797,87495000
2013-08-07,135.6651611328125,135.8656357264496,135.1599734773258,135.6731879475968,84854700
2013-08-08,136.16232299804688,136.4670360074242,135.46466321184968,136.3066588073315,102181300
2013-08-09,135.76939392089844,136.4029004053531,135.29627687898696,135.98590987953455,91757700
2013-08-12,135.60903930664062,135.76941653990593,135.02365689902288,135.08781023952872,68593300
2013-08-13,136.00999450683594,136.2425396699278,135.04771882880212,135.8496172664968,80806000
2013-08-14,135.31231689453125,136.16232709298225,135.28023411195022,135.94581113654777,79829200
2013-08-15,133.4198760986328,134.26185973327472,133.1873186819031,134.24583057322442,152931800
2013-08-16,132.97879028320312,133.62031134013472,132.71416238836898,133.16322345742216,130868200
2013-08-19,132.12876892089844,133.28350427862458,132.12074210791718,132.82641643452655,96437600
2013-08-20,132.7783203125,133.27549333672852,132.20095256488122,132.34528838378748,89294400
2013-08-21,131.96038818359375,133.13917971611838,131.66368971486224,132.4094492938893,159530500
2013-08-22,133.16319274902344,133.3556526925192,132.2249734669697,132.2329880427844,101471400
2013-08-23,133.61231994628906,133.78072400982512,132.93071358435665,133.55619341577685,90888900
2013-08-26,133.1151123046875,134.15758249885124,133.02690300588912,133.74860655169667,89702100
2013-08-27,130.9740753173828,133.11514271073557,130.87785141889483,131.80002974206948,158619400
2013-08-28,131.43914794921875,131.90425041264112,130.7495149497989,130.91790673379876,108113000
2013-08-29,131.64767456054688,132.34532233623182,131.03020929282573,131.1505014087714,119200500
2013-08-30,131.2306671142578,131.93634161558617,130.84575931171437,131.9203002216473,134928900
2013-09-03,131.82408142089844,132.77834250313848,131.27076955062486,132.49767316036238,142375100
2013-09-04,132.91461181640625,133.13914230846845,131.61554079290428,131.85610043726086,97389400
2013-09-05,133.08302307128906,133.43584798094497,132.89857768588405,132.99481378487638,63090500
2013-09-06,133.1471710205078,133.90095728217025,131.89621179306604,133.52406415133905,159756500
2013-09-09,134.42222595214844,134.50240844651975,133.47597952498268,133.47597952498268,87559300
2013-09-10,135.41653442382812,135.44059038904865,134.92737607102006,135.23210127847264,105847200
2013-09-11,135.8415985107422,135.8415985107422,134.99961489000606,135.23216006689512,94545900
2013-09-12,135.48072814941406,135.9698866481108,135.29629494905248,135.79346802654817,83209000
2013-09-13,135.78543090820312,135.88968159527556,135.31231388163704,135.62505370685824,72727800
2013-09-16,136.57135009765625,137.3171221665103,136.35483404721455,137.25296880949048,106299200
2013-09-17,137.1807403564453,137.212810902807,136.69158193145432,136.69158193145432,82523300
2013-09-18,138.76852416992188,139.1454174065867,136.78783409161912,137.13264453929182,203460600
2013-09-19,138.5359649658203,139.20956892986706,138.39964370438193,139.14541558871983,146616900
2013-09-20,137.56739807128906,138.86474807876078,137.4545855617542,138.86474807876078,132867100
2013-09-23,136.93084716796875,137.5110294863483,136.49571657700676,137.3821096455436,104616500
2013-09-24,136.60848999023438,137.41429716875078,136.35063808684285,136.90663471168008,106333100
2013-09-25,136.21363830566406,136.9710990110926,136.09277214868786,136.69712752485214,117306500
2013-09-26,136.73745727539062,137.1242413778271,136.22174104026035,136.4393124772255,77146900
2013-09-27,136.10888671875,136.2942189178306,135.75432961049762,136.05247431714568,99141800
2013-09-30,135.3836669921875,135.81074383635507,134.69067228918382,134.9565901480199,143937000
2013-10-01,136.45538330078125,136.58431539901454,135.3514314118075,135.48841715531478,127160000
2013-10-02,136.326416015625,136.4553480805799,135.23858399361887,135.65760705690312,113350000
2013-10-03,135.06936645507812,136.1330376052511,134.44083797384468,136.0121591769283,176698000
2013-10-04,136.09278869628906,136.22977445606548,134.99689032243458,135.17416890464952,96878000
2013-10-07,134.91632080078125,135.73824775330755,134.77128137744137,134.90826715358833,96295000
2013-10-08,133.34494018554688,135.06936669012342,133.24824727923166,134.8920881647861,178015000
2013-10-09,133.44163513183594,133.92511192189352,132.57941579799402,133.60279406185512,168973000
2013-10-10,136.318359375,136.3908790490781,134.75509193480124,134.80343838418665,195955000
2013-10-11,137.1967315673828,137.24509032847007,135.9960866900252,136.1088992079442,105040000
2013-10-14,137.7446746826172,137.85748719055837,136.24587290817493,136.35063177113503,112106000
2013-10-15,136.74549865722656,137.9139168028044,136.56016641788094,137.39820061393206,155485000
2013-10-16,138.65524291992188,138.72776261284324,137.5029322957254,137.56739834353596,161676000
2013-10-17,139.58192443847656,139.66251007688976,138.06700296493176,138.0911761973273,129389000
2013-10-18,140.52467346191406,140.62136636127076,139.81555941159624,140.09759676223763,138316000
2013-10-21,140.53274536132812,140.81478274860845,140.2184811019551,140.57303817317387,104104000
2013-10-22,141.3466033935547,141.7656141646055,140.55690371101733,140.9436999090253,126663000
2013-10-23,140.6697540283203,140.92760591149866,140.178211196132,140.8631398667939,105484000
2013-10-24,141.1370849609375,141.31436347683763,140.62136899531123,140.95175280181954,70350000
2013-10-25,141.78175354003906,141.82204635324476,141.15322500007932,141.42719645685352,93625000
2013-10-28,142.00741577148438,142.20081394819366,141.58033888993947,141.73344424287887,84979000
2013-10-29,142.7648162841797,142.82122867275524,142.1282342018514,142.32968593995557,87401000
2013-10-30,142.0557403564453,143.03882608588577,141.54809020121345,142.9340795149937,140002000
2013-10-31,141.65286254882812,142.53925551393021,141.44335707327846,141.94295367416663,133795000
2013-11-01,141.99131774902344,142.31363576893935,141.19356405061174,141.8382123860879,142805000
2013-11-04,142.4908447265625,142.54724481944245,141.80590389944882,142.3780322451643,85677000
2013-11-05,142.03964233398438,142.4264263574085,141.47557973823203,141.93488346061523,85825000
2013-11-06,142.7648162841797,143.03073405395378,142.25715396955295,142.65200380266688,87348000
2013-11-07,140.9597930908203,143.14353516854086,140.82280739526402,143.03072269598644,157000000
2013-11-08,142.86155700683594,142.87767659405904,140.8953977131028,140.91150500468348,136713000
2013-11-11,142.8856964111328,143.05490898760402,142.5553126057425,142.7245251822137,62614000
2013-11-12,142.59561157226562,142.91792945274915,142.1201760994398,142.57949198954975,83990000
2013-11-13,143.73988342285156,143.78016394385847,141.89457816287776,141.89457816287776,103844000
2013-11-14,144.45706176757812,144.57792793064394,143.63513497180398,143.86881365227862,103435000
2013-11-15,145.0856170654297,145.14201718667618,144.5054347848243,144.69076703412634,102818000
2013-11-18,144.5779266357422,145.44819988894812,144.2556086733587,145.32733372696484,104796000
2013-11-19,144.26364135742188,144.94051635746246,144.01384312852406,144.50538594190505,93891000
2013-11-20,143.81240844726562,144.98888004490718,143.41755850250001,144.55374957764127,124909000
2013-11-21,144.97274780273438,145.08556029673085,144.1266479499409,144.21528721634095,92841000
2013-11-22,145.6979522705078,145.7140718522432,144.8599184548416,145.02913102832926,81296000
2013-11-25,145.552978515625,145.98810905346704,145.34346074556004,145.9558821711114,79486000
2013-11-26,145.59320068359375,146.02834334265256,145.3756416497032,145.6254398486701,86994000
2013-11-27,145.94778442382812,146.04448964110864,145.56905408655237,145.74633263998533,58800000
2013-11-29,145.85113525390625,146.4554907867263,145.68997623761652,146.10899951648562,55870900
2013-12-02,145.47232055664062,146.19754185777435,145.24669560537066,145.92357045918052,99726000
2013-12-03,144.8438262939453,145.35954234636517,144.376456700246,144.9969316103207,116563000
2013-12-04,144.8277587890625,145.43211433167576,143.71575295169268,144.32010849430594,123033000
2013-12-05,144.19113159179688,144.83577976289334,144.05414585348058,144.5698619312295,106934000
2013-12-06,145.80279541015625,145.9397811950153,145.16620066773703,145.58522396566465,127728000
2013-12-09,146.1734161376953,146.3909875169971,145.98003028555303,146.2298285416646,70124000
2013-12-10,145.64964294433594,146.1411857996252,145.5610036656562,145.83497514679672,80976000
2013-12-11,144.01382446289062,145.7301972650576,143.83654594362275,145.70602403930639,130591000
2013-12-12,143.53839111328125,144.12662672422988,143.2402341907693,143.9493482175378,115565000
2013-12-13,143.52230834960938,143.96550473003217,143.24833687649019,143.83657263833808,107808000
2013-12-16,144.41676330566406,144.8921865893378,144.15889910700875,144.19919192500387,96195000
2013-12-17,143.95742797851562,144.56984922025003,143.63511006912705,144.5456759918279,89886000
2013-12-18,146.41510009765625,146.43927331916055,142.88567450602696,144.17495807025676,234906000
2013-12-19,146.24591064453125,146.41512322178596,145.61738219487955,145.99610015680534,136531200
2013-12-20,147.09666442871094,147.44504917041462,146.29459203803157,146.39180993692648,197087000
2013-12-23,147.88247680664062,147.97159729542506,147.50980011710044,147.81766078185262,85598000
2013-12-24,148.20657348632812,148.27138952376308,147.8825056615485,147.89060303032971,45368800
2013-12-26,148.9600372314453,149.04106036237977,148.522544466624,148.53873920289558,63365000
2013-12-27,148.951904296875,149.21925336785458,148.79796780229267,149.15444971345363,61814000
2013-12-30,148.92758178710938,149.08961562825692,148.73313376029856,148.96808097560404,56857000
2013-12-31,149.6324462890625,149.6324462890625,149.01670034217443,149.1301376375616,86119900
2014-01-02,148.19850158691406,149.13021837747158,147.84201950095448,149.05729259632733,119636900
2014-01-03,148.1741485595703,148.74938307567257,147.96350574252648,148.44960740394913,81390600
2014-01-06,147.74473571777344,148.71695128800147,147.51788583013328,148.6602449972873,108028200
2014-01-07,148.65219116210938,148.90334560626084,148.2227956874511,148.3362206739194,86144200
2014-01-08,148.68458557128906,148.93573998200495,148.17416701893444,148.62786690440757,96582300
2014-01-09,148.7817840576172,149.1787775868771,148.10123431808,149.1625704895377,90683400
2014-01-10,149.18692016601562,149.25173621262283,148.27141050598445,149.0329836006231,102026400
2014-01-13,147.2019805908203,149.21932601008743,146.91841192460825,148.80613760958147,149892000
2014-01-14,148.80612182617188,148.8871449686092,147.4126078405416,147.68806674499515,105016100
2014-01-15,149.60818481445312,149.83503474562457,148.83851452209328,149.15448495211024,98525800
2014-01-16,149.41378784179688,149.6082360046454,148.93578334915898,149.30036283740148,72290600
2014-01-17,148.7817840576172,149.4380293323418,148.52253231215244,149.15447312206453,107848700
2014-01-21,149.2192840576172,149.69730073447315,148.30378699281854,149.64058207221814,88621200
2014-01-22,149.3165283203125,149.53528089724108,149.0005578702578,149.4704648610254,61270900
2014-01-23,148.09317016601562,148.5873817066264,147.30730495789385,148.5630772343338,132496900
2014-01-24,144.93345642089844,147.1776640058846,144.88484747923889,147.12905506422504,208677100
2014-01-27,144.22044372558594,145.44382603640358,143.49938248828744,145.07113700523726,180843100
2014-01-28,145.0792999267578,145.26563832946474,144.30961711958383,144.32582422141817,110463200
2014-01-29,143.685791015625,144.65800699978388,143.30500446444992,143.87212942500952,216597300
2014-01-30,145.20889282226562,145.6787997894586,144.42301542086977,144.8848250198401,118938100
2014-01-31,144.3582000732422,145.25750244599578,143.33737536460063,143.4102887661334,194677900
2014-02-03,141.10939025878906,144.51215201274135,140.83393135981478,144.18808417422994,254837100
2014-02-04,142.0978546142578,142.46243412934248,141.06082239417736,141.7413724706553,165012400
2014-02-05,141.91957092285156,142.2355413893563,140.73671219691906,141.6036004563468,164230500
2014-02-06,143.79107666015625,143.79107666015625,141.96007006106404,142.25173603247998,132877600
2014-02-07,145.57351684570312,145.72745342591375,143.99366419006427,144.46357130140265,170787200
2014-02-10,145.8408203125,145.88944160455856,145.1926847671033,145.5896659342998,92218800
2014-02-11,147.4369354248047,147.80962463108952,145.86518016932146,145.96241042796842,117814100
2014-02-12,147.50982666015625,148.12556046284902,147.2181606773239,147.65565347037497,94717700
2014-02-13,148.2713623046875,148.42529882003706,146.50517196779717,146.5132693350919,100542200
2014-02-14,149.08969116210938,149.3651500678559,147.9959405460508,148.13366999892406,96498400
2014-02-18,149.2679443359375,149.47048984707172,148.7899275342391,149.21932302885187,80460900
2014-02-19,148.27951049804688,149.84315579664292,148.157975782743,148.87903725558706,126524300
2014-02-20,149.1544952392578,149.49477015948366,147.93922236885342,148.48204276747998,104998100
2014-02-21,148.98435974121094,149.7945416990972,148.91144633197612,149.43805965964395,118116400
2014-02-24,149.8107147216797,150.8153322090011,149.2354802229773,149.30029624835169,114063900
2014-02-25,149.7540283203125,150.36166478138946,149.2598168374741,149.9322693378867,117085000
2014-02-26,149.76211547851562,150.3697518480053,149.34081746753256,149.97275830281035,98677200
2014-02-27,150.5479736328125,150.58847282903034,149.37320024508728,149.5433438462918,93880800
2014-02-28,150.92881774902344,151.62557484850132,149.92419985842585,150.5237266996153,150842000
2014-03-03,149.86744689941406,150.24823338775485,148.87092660726864,149.6000853844687,167748500
2014-03-04,151.97396850585938,152.2980364194614,151.30151584085664,151.33391768725747,167545900
2014-03-05,152.11167907714844,152.3709432657178,151.8686219909639,152.1035817071545,88376900
2014-03-06,152.4600067138672,152.80839131979369,152.13593893558544,152.48432354151197,82516500
2014-03-07,152.5248260498047,153.09196321768718,151.85237365101298,153.09196321768718,114513500
2014-03-10,152.44384765625,152.50055396764373,151.56884961523474,152.28991109870154,74939200
2014-03-11,151.6903533935547,152.88943150424993,151.34198111115174,152.67067893018606,99009100
2014-03-12,151.7308807373047,151.78759941004608,150.612825645166,150.95311295682245,104824400
2014-03-13,150.02944946289062,152.30607054859146,149.60816385681258,152.18453586952128,155014300
2014-03-14,149.60818481445312,150.53179163776375,149.42994381676212,149.7621213454039,153919600
2014-03-17,150.96119689941406,151.3176789180939,150.29684179871168,150.361657835053,98359500
2014-03-18,152.03880310058594,152.2413486618851,151.10708610116976,151.26913244012908,101804600
2014-03-19,151.2285614013672,152.26559327852806,150.26444293063284,152.05493806565795,176267300
2014-03-20,152.11167907714844,152.2251040690483,150.6290444500593,150.89640600862262,117241000
2014-03-21,151.52171325683594,153.8165164156202,151.383375908655,152.75049559019791,163128000
2014-03-24,150.89503479003906,152.2296088999828,150.2358932562444,152.0424357502499,121411000
2014-03-25,151.6111297607422,152.1238008642236,150.76482758093246,151.6599532149877,103852000
2014-03-26,150.5207061767578,152.44930722730808,150.48001582366322,152.2051775256929,119843000
2014-03-27,150.2034149169922,150.8218663695466,149.6500531609521,150.34175225176256,142383000
2014-03-28,150.94386291503906,151.7006513284735,150.54511732337699,150.63463113305818,101642000
2014-03-31,152.1808319091797,152.416828609481,150.96834081210383,151.90415725506446,99745000
2014-04-01,153.1898193359375,153.27933314006285,152.17262266040007,152.67714823804212,89193000
2014-04-02,153.70248413085938,153.90592345762428,153.1002992535328,153.38511927778413,78774000
2014-04-03,153.49916076660156,153.9792749604057,153.02717968190987,153.9385845809225,77435000
2014-04-04,151.6844024658203,154.36980486620476,151.44028513420295,154.33726002764072,169381000
2014-04-07,150.00807189941406,151.57048498987527,149.69885245722065,151.3182221224456,140803000
2014-04-08,150.62655639648438,150.8706737747982,149.39777431317123,149.94299048633408,112660000
2014-04-09,152.24588012695312,152.2947035878135,150.59395347742492,151.0333894590753,100254000
2014-04-10,149.0478515625,152.31101521215746,148.8606783660459,152.23778000500036,172959000
2014-04-11,147.70518493652344,149.25946543169846,147.54243584765308,148.21785636257667,167251000
2014-04-14,148.86880493164062,149.21871471035846,147.6481686333057,148.86065940946747,132382000
2014-04-15,149.89418029785156,149.9999727824702,147.7051698872428,149.17808189639138,157093000
2014-04-16,151.46469116210938,151.47282426720534,150.26032109237315,150.92760821887194,105197000
2014-04-17,151.67625427246094,152.09941163342893,151.00083408261222,151.26124243303977,105255000
2014-04-21,152.20523071289062,152.254066603841,151.52982276670323,151.71698355599767,68329000
2014-04-22,152.89691162109375,153.311923517907,152.27846032873288,152.35982863677876,85790000
2014-04-23,152.53887939453125,152.92134650942756,152.41682070550357,152.8399781890615,73869000
2014-04-24,152.84811401367188,153.30381635008726,152.11572461561227,153.28753771894173,88170000
2014-04-25,151.59494018554688,152.44125527944314,151.25316338811305,152.351741421761,100380000
2014-04-28,152.07504272460938,152.7341844739218,150.512629432954,152.21338004337002,135121000
2014-04-29,152.78298950195312,153.01897374265013,152.23777339962396,152.56327147305893,84098000
2014-04-30,153.2386932373047,153.3933091695997,152.3191431664696,152.5307280914862,101508000
2014-05-01,153.25497436523438,153.66998628214427,152.76671482549432,153.16546053018055,93019000
2014-05-02,153.0352783203125,153.91413816795452,152.8074271468821,153.2387177549438,98122000
2014-05-05,153.3282470703125,153.43403956041934,151.86348050981306,152.28663805328154,75883000
2014-05-06,151.99362182617188,153.0921993960499,151.96107699028053,152.9864069497339,85454000
2014-05-07,152.8887939453125,152.96202915503147,151.3670586695092,152.50632684972697,106500000
2014-05-08,152.72608947753906,153.84094633725778,152.23784214690477,152.7505136401839,93618000
2014-05-09,152.9539337158203,153.0190234180733,152.03438335526212,152.75049424964087,83679000
2014-05-12,154.4430694580078,154.51631708838772,152.98644862867468,153.63745727644346,86940000
2014-05-13,154.58143615722656,154.95575778932218,154.42682018950765,154.64652585388436,66454000
2014-05-14,153.84898376464844,154.51627084356383,153.62926577318197,154.44302323510604,72367000
2014-05-15,152.4981689453125,153.57233493514147,151.74951344495696,153.53977767771636,154956000
2014-05-16,153.027099609375,153.09220169909082,151.94480064963798,152.58766360803162,97458000
2014-05-19,153.58865356445312,153.7107122691974,152.59586804267053,152.73420538036694,63839000
2014-05-20,152.6202392578125,153.5316437897845,152.22963908938956,153.51536516115488,111644000
2014-05-21,153.90597534179688,153.97921054405273,153.0352487695706,153.05966050365586,89093000
2014-05-22,154.28030395507812,154.59766892970487,153.68626437015237,153.94666035132914,61549000
2014-05-23,154.89878845214844,155.0045685132304,154.2803246321731,154.41866195586297,61092800
2014-05-27,155.85089111328125,155.89971459261952,155.38704322565167,155.47655707675784,72010000
2014-05-28,155.73692321777344,156.0949785249351,155.4765148427632,155.85084877760173,66723000
2014-05-29,156.54258728027344,156.5669990214263,155.69628461406936,156.09503041449796,64377000
2014-05-30,156.79478454589844,156.89244388656584,156.2658471531775,156.3960513294316,76316000
2014-06-02,156.973876953125,157.04712459308675,156.21708814817703,157.0145673271129,64656000
2014-06-03,156.8925323486328,156.97390069195498,156.44496300099854,156.59143346915485,65047000
2014-06-04,157.20985412597656,157.29936797083704,156.46119852212394,156.62394758088195,55529000
2014-06-05,158.2351837158203,158.39793277390402,156.81110772791277,157.3888811636107,92103000
2014-06-06,158.99195861816406,159.03263656325814,158.50369910748373,158.57693430899923,78696000
2014-06-09,159.15476989746094,159.53723709979357,158.821126181901,158.96760905917904,65119000
2014-06-10,159.17095947265625,159.20350430664186,158.61759795927625,158.95937459241404,57129000
2014-06-11,158.6175994873047,158.7803484927067,158.2595442252483,158.60132086167852,68772000
2014-06-12,157.49464416503906,158.51998671213835,157.14473434890292,158.43047287734328,106350000
2014-06-13,157.9747772216797,158.12939316253255,157.2993568793498,157.8038826510117,82017000
2014-06-16,158.10499572753906,158.43863940187185,157.59233676281343,157.77949757796856,87424000
2014-06-17,158.54441833496094,158.65834391926754,157.71438198246568,157.8852765674043,84834000
2014-06-18,159.70803833007812,159.7975521494304,158.19444892272875,158.54437109545253,105267000
2014-06-19,159.8870849609375,159.98474431352915,159.33373576972406,159.8463945987706,85929000
2014-06-20,160.21168518066406,160.34251327100915,160.01544304514644,160.28527130281316,100587000
2014-06-23,160.16265869140625,160.30165888556718,159.86830166951967,160.2526014613287,70611000
2014-06-24,159.19784545898438,160.66963083212752,159.0179598869081,159.87650239427978,96237000
2014-06-25,159.9173583984375,160.08088730400664,158.82987308554198,158.8625738760735,82782000
2014-06-26,159.80288696289062,159.95824378998552,158.73175828318043,159.94188715648718,84312000
2014-06-27,160.1136474609375,160.16270489932933,159.35321973648584,159.42680589407357,71445100
2014-06-30,160.03184509277344,160.39978828439496,159.87648825095488,160.01548845772493,70201200
2014-07-01,161.10293579101562,161.59353491484333,160.36704958172808,160.42427907618404,90470000
2014-07-02,161.26649475097656,161.47090901128735,161.04573633288945,161.1193224722518,52475000
2014-07-03,162.05960083007812,162.13318695933793,161.60171494607775,161.72435849484407,52938800
2014-07-07,161.49545288085938,161.87975272442694,161.25833780628625,161.74893706765772,61696000
2014-07-08,160.45701599121094,161.2583163668906,160.0645316437118,161.20107438754272,108143000
2014-07-09,161.17652893066406,161.3237136647991,160.51422881819278,160.85764322923512,72992000
2014-07-10,160.53878784179688,160.9639730161399,159.49218777915013,159.6230159060952,99040000
2014-07-11,160.75950622558594,160.8739776801503,160.08084957479267,160.4406205681243,64243000
2014-07-14,161.56903076171875,161.7816170935777,161.43820264528745,161.57720284032473,58658000
2014-07-15,161.26649475097656,161.97786486084837,160.55513711756103,161.66715119270998,111307000
2014-07-16,161.86334228515625,162.1086293389441,161.42180063543336,161.9859858120502,79986400
2014-07-17,160.02366638183594,161.97786622784102,159.7947109300158,161.36462344173327,145398000
2014-07-18,161.6590118408203,161.82254078688322,160.45705474874663,160.54699754055008,124330000
2014-07-21,161.35646057128906,161.4872887109238,160.6123895631318,161.15204628178157,67592000
2014-07-22,162.05960083007812,162.3539578235719,161.78977254633764,161.90424401733773,67678000
2014-07-23,162.4193572998047,162.59107072912286,161.97782808741349,162.3048858390771,65612000
2014-07-24,162.42758178710938,162.7628242004315,162.26405285851195,162.57476655636734,56888000
2014-07-25,161.66709899902344,162.1086281691077,161.34821335494803,161.96962801414688,76837000
2014-07-28,161.73255920410156,161.96967424755277,160.76771744376416,161.69984593685984,69259000
2014-07-29,161.03753662109375,162.2640220675247,161.01300791028154,162.03507911564066,80466000
2014-07-30,161.0620880126953,161.82251558432273,160.39161569532038,161.60991675873854,104222000
2014-07-31,157.88140869140625,160.08090831793973,157.7832938304763,159.94190810613654,183479000
2014-08-01,157.39895629882812,158.4291995212605,156.63854135579683,157.4480137175457,189261000
2014-08-04,158.53553771972656,158.87078013163116,157.03105162065967,157.7015239680114,91340000
2014-08-05,156.99827575683594,158.29835953504363,156.42591849912478,157.88953114004244,152690000
2014-08-06,157.04739379882812,157.71786608445714,156.237908836996,156.26243755010094,94818000
2014-08-07,156.19699096679688,157.9140753853547,155.80451916238076,157.75871858373375,135733000
2014-08-08,158.00401306152344,158.11029996727902,156.13157190152958,156.54858487699323,117014000
2014-08-11,158.4619140625,159.1650995148492,158.38832793383025,158.6009142421388,74544000
2014-08-12,158.24111938476562,158.74806260791277,157.7587048674835,158.30653342588988,73632000
2014-08-13,159.31224060058594,159.49212608644018,158.59271113362107,158.86252688595036,69047000
2014-08-14,160.0645751953125,160.0645751953125,159.4268035526664,159.5739883421397,57371000
2014-08-15,160.03184509277344,160.7922601903608,158.87894561276332,160.64508790429497,139951000
2014-08-18,161.37281799316406,161.44640414339491,160.82498919179298,160.9149319786723,75424000
2014-08-19,162.21499633789062,162.33763991591258,161.4382245653506,161.76528242438084,59135000
2014-08-20,162.64830017089844,162.84454230770794,161.96147140674546,161.9941721913203,72763000
2014-08-21,163.1226348876953,163.33522129878006,162.65656422788655,162.78739239307433,67791000
2014-08-22,162.86912536621094,163.27795393032054,162.50118215380382,162.99176894486075,76107000
2014-08-25,163.69496154785156,164.01384734238377,162.83641903135464,163.64590411430171,63855000
2014-08-26,163.8011932373047,164.20184957304812,163.76030790076712,163.8011932373047,47298000
2014-08-27,163.73580932617188,163.99746554700212,163.48233766002713,163.88298159304742,47874000
2014-08-28,163.6459197998047,163.75221923365697,163.0326768687357,163.19620582172888,58330000
2014-08-29,164.1119384765625,164.12828263316752,163.38422426106558,163.899339676143,65907000
2014-09-02,164.03013610839844,164.3490217709855,163.41689348985,164.3244930643598,72426000
2014-09-03,163.94020080566406,164.6842715443179,163.71125788245573,164.659742836578,57462000
2014-09-04,163.70310974121094,164.8232958133007,163.2533959061348,164.2182251555205,85236000
2014-09-05,164.43898010253906,164.50439415189038,163.04896586407267,163.67038061822885,102177000
2014-09-08,164.0138397216797,164.5207956232088,163.5314250122434,164.2836680701248,64146000
2014-09-09,162.9754180908203,163.98113282381013,162.64017568767133,163.86666132961986,88591000
2014-09-10,163.588623046875,163.69490996058474,162.52566657459795,163.06531065003958,67251000
2014-09-11,163.7766876220703,163.80121633216064,162.81184594485,162.93450197175642,66774400
2014-09-12,162.820068359375,163.62954093349015,162.3539978063749,163.61319677393263,117409300
2014-09-15,162.69741821289062,162.97543112941503,162.20683140273684,162.84460298945743,76401000
2014-09-16,163.9238739013672,164.21823092407925,162.30491651467878,162.39485928485348,116201000
2014-09-17,164.14463806152344,164.9050530611049,163.32698108487824,164.16099469446382,151266000
2014-09-18,165.01953125,165.044059960326,164.43081724926674,164.64340356424353,94990000
2014-09-19,164.87081909179688,165.85659130292137,164.53400972144078,165.5444378325091,121649000
2014-09-22,163.5975341796875,164.6079623521423,163.25251451157166,164.58331898547505,125553000
2014-09-23,162.6610870361328,163.68793600555767,162.61180029116483,163.00610678568628,111393000
2014-09-24,163.93434143066406,164.04113770801106,162.25852984529376,162.68568988513317,107276000
2014-09-25,161.28919982910156,163.51541365493313,161.23170281148873,163.50719084186272,150300000
2014-09-26,162.5706787109375,162.9732079077673,161.35489337826505,161.5849064808038,103547000
2014-09-29,162.27499389648438,162.5625166272838,161.05099792398883,161.1742147887442,95112000
2014-09-30,161.84780883789062,162.8993010379308,161.51099941301544,162.3981983070698,131302000
2014-10-01,159.6544647216797,161.64244259745408,159.29301191976143,161.584933044978,177798000
2014-10-02,159.6791229248047,160.23772273618704,158.01152123494995,159.51481706519604,157285000
2014-10-03,161.43704223632812,161.78206188147936,160.2541105759389,160.74699041125197,121569000
2014-10-06,161.2481231689453,162.3242712934313,160.6648800413629,162.11067871028055,104778000
2014-10-07,158.7591094970703,160.77995440212672,158.72625583530495,160.4185014488011,147913000
2014-10-08,161.53562927246094,161.76564238855954,158.01970017235396,158.84938944579716,186461000
2014-10-09,158.3319091796875,161.5028194663607,158.20046949630316,161.28101656749686,210705000
2014-10-10,156.52462768554688,159.07942827749446,156.48356375692845,158.29081533332499,221909000
2014-10-13,153.953369140625,157.0256923137955,153.86300595701567,156.45888238181726,230939000
2014-10-14,154.19161987304688,155.93316403572277,153.64944067519184,154.78308580983855,215847000
2014-10-15,153.1482696533203,154.1833408485831,149.44340518942963,152.1050007182578,380715000
2014-10-16,153.0169219970703,154.09305765843254,150.24031850944425,150.37996845823096,270391000
2014-10-17,154.82415771484375,155.87564989713857,154.1258955077184,154.78308125534656,214625000
2014-10-20,156.3274688720703,156.450685718143,154.49557406339343,154.5448608018225,130011000
2014-10-21,159.42445373535156,159.53123749388763,157.29681335618127,157.46110666797045,154949000
2014-10-22,158.29080200195312,160.11448651707096,158.22508217301117,159.70374698726562,151822000
2014-10-23,160.13087463378906,161.17415633788306,159.58048527952127,159.87621818246237,154944000
2014-10-24,161.3631134033203,161.4124126723631,159.76945467796293,160.3937742033161,117927000
2014-10-27,161.1413116455078,161.3795350224625,160.21303643352377,160.7880691837367,82954000
2014-10-28,162.98965454101562,162.99786481865502,161.60956327632263,161.6835059141772,106736000
2014-10-29,162.7432403564453,163.5729298132031,161.6671046394812,163.1046932001109,142557000
2014-10-30,163.78643798828125,164.25467435999357,162.15990103028008,162.3077737240852,113330000
2014-10-31,165.65948486328125,165.7909245328237,164.92836893676946,165.75805834804967,146903000
2014-11-03,165.7498016357422,166.3084012726451,165.37191582536357,165.87301845718451,93600000
2014-11-04,165.17477416992188,165.61015699924428,164.34507242988303,165.30620127205367,93343000
2014-11-05,166.21810913085938,166.4234789442171,165.486993096697,166.3824024745898,91709000
2014-11-06,166.88345336914062,166.97381656027878,165.64302459513033,166.25913384340643,107089000
2014-11-07,167.03953552246094,167.25312808301717,166.4398593669697,166.89988559774514,89540000
2014-11-10,167.56529235839844,167.6145790956135,166.86704268989263,167.07241245147236,66319000
2014-11-11,167.72959899902344,167.83639529466578,167.29421607263362,167.63102551675448,54499400
2014-11-12,167.548828125,167.77884119522625,167.01485936322518,167.04772553598448,90120300
2014-11-13,167.73782348632812,168.26356962163666,166.93277745861934,167.71318011551497,85357900
2014-11-14,167.77891540527344,167.98428520415314,167.35174271386592,167.66390881929192,80417500
2014-11-17,167.88572692871094,168.05824310358918,167.29426080738529,167.45856670147117,80441000
2014-11-18,168.85508728027344,169.1590306365294,167.9432446767252,167.9432446767252,76068100
2014-11-19,168.5839385986328,168.85502820048956,167.8281793456274,168.65786870783663,82373000
2014-11-20,168.87962341308594,168.98641967466628,167.72954550272698,167.79526531487085,72840300
2014-11-21,169.78326416015625,170.7361827549407,169.20823139943258,170.57188947113022,142327300
2014-11-24,170.25973510742188,170.36653138985446,169.97222497477443,170.18580500486468,65880800
2014-11-25,170.13650512695312,170.69510479393398,169.8818486590781,170.48973505728972,79108300
2014-11-26,170.57192993164062,170.6705034183542,170.07082714955146,170.28440721568992,62167800
2014-11-28,170.21047973632812,170.76086927029675,169.97225629482244,170.44871571261106,57890100
2014-12-01,169.02757263183594,169.668325469317,168.7154190281779,169.55331887117373,103968400
2014-12-02,170.12005615234375,170.3254258698104,169.04392083838204,169.06856420169623,74507200
2014-12-03,170.77728271484375,170.99086275971644,170.1283197673002,170.2926130737235,68952000
2014-12-04,170.5883026123047,171.08940521693367,169.79967739354814,170.48971662572725,91316600
2014-12-05,170.86764526367188,171.25374142642474,170.49798219193158,170.76084897425383,91025500
2014-12-08,169.725830078125,170.96625924577924,169.16721766433233,170.47337921161022,108588200
2014-12-09,169.6107635498047,169.7175598267876,167.50777939699023,167.88565270285022,125180100
2014-12-10,166.8916778564453,169.20824213513163,166.7027286600397,169.1507451227983,159856400
2014-12-11,167.73782348632812,169.38078172601433,167.3435170185409,167.48316696474103,159012800
2014-12-12,165.02696228027344,167.43390294615187,164.99410862632274,166.46455093509903,202330200
2014-12-15,163.89329528808594,166.37416574884256,163.29361903813998,165.9223497243175,189965800
2014-12-16,162.5789337158203,166.26736689853817,162.53785725335305,163.12932321550753,259543800
2014-12-17,165.76620483398438,166.21802068992585,162.89102897679376,163.01425832010796,253910100
2014-12-18,169.8654327392578,174.95038993808632,167.5160022131921,168.18962103416158,257633900
2014-12-19,170.58819580078125,171.25726426516715,169.8365210008595,170.5138450572161,245084600
2014-12-22,171.37295532226562,171.37295532226562,170.53868654857624,170.77822482483685,148318900
2014-12-23,171.6042022705078,172.0006849849126,171.3150926763629,171.95112622110676,122167900
2014-12-24,171.62069702148438,172.09151780193486,171.5793938573153,171.8272002383737,42963400
2014-12-26,172.1741485595703,172.51281690827093,172.01720407583304,172.06676283828526,57326700
2014-12-29,172.40542602539062,172.61192926539766,171.9263369960994,171.99241954537655,79643900
2014-12-30,171.4803009033203,172.11632182757245,171.4059501555861,171.984169328845,73540800
2014-12-31,169.77871704101562,171.96765918962677,169.65482012488775,171.80245910013662,130333800
2015-01-02,169.6878662109375,170.88559529706598,168.65534982907482,170.47258874432092,121465900
2015-01-05,166.62335205078125,168.81228157325947,166.31773125812248,168.64708148544278,169632600
2015-01-06,165.05393981933594,167.44937271154942,164.26096171619886,166.928980437492,209151400
2015-01-07,167.11070251464844,167.44937089898684,165.92950987204858,166.37555138501293,125346700
2015-01-08,170.07606506347656,170.2908365016817,168.49838987366132,168.51490105817123,147217800
2015-01-09,168.7131805419922,170.50562750822505,168.10192629293343,170.48910371663968,158567300
2015-01-12,167.39146423339844,169.00219903941428,166.78847850728337,168.84525461388836,144396100
2015-01-13,166.92071533203125,169.72915460451395,165.62386881945937,168.60577637472915,214553300
2015-01-14,165.9129638671875,166.111211515272,164.0213997320499,164.91348263853635,192991100
2015-01-15,164.3931427001953,166.86291398308043,164.277501361906,166.54903755284403,176613900
2015-01-16,166.5490264892578,166.70597099593076,164.0049046119339,164.18662850345416,211879600
2015-01-20,166.90414428710938,167.4493157598487,165.34298059986864,167.18498561405204,130991100
2015-01-21,167.7467041015625,168.2257931041972,165.9790369696136,166.441602184859,122942700
2015-01-22,170.24131774902344,170.3734702759483,167.12724459882256,168.49842947284804,174356000
2015-01-23,169.307861328125,170.24125991747914,169.17569624213647,169.98518533689273,117516800
2015-01-26,169.70431518554688,169.7951770912514,168.38270236179068,169.09307382349303,92009700
2015-01-27,167.4658660888672,168.60575536241527,166.63985315825929,167.655845533799,134044600
2015-01-28,165.31825256347656,168.74620170511815,165.12827308965936,168.64708417164115,168514300
2015-01-29,166.8463897705078,167.1024518135914,164.1122758358799,165.51650818201227,173585400
2015-01-30,164.74832153320312,166.99507832706456,164.48400387719852,165.67346483912053,197729700
2015-02-02,166.78855895996094,166.87942090257002,163.4349478846863,165.24391853956578,163107000
2015-02-03,169.2005157470703,169.20878394437813,167.3089513455954,167.68065470962785,124212900
2015-02-04,168.55618286132812,169.6465258907375,168.1018732657409,168.4405415646292,134306700
2015-02-05,170.2578125,170.40650140888124,169.1427024012078,169.21704055366874,97953200
2015-02-06,169.78701782226562,171.1829821636841,169.26662546674098,170.6212866268706,125672000
2015-02-09,169.02713012695312,169.86139914352393,168.62237901382386,169.14277150156656,87219000
2015-02-10,170.8277587890625,171.08382082082983,169.06834693936443,170.0595726937605,96164200
2015-02-11,170.92686462402344,171.3563949145991,170.01825788329432,170.6625470171787,91087800
2015-02-12,172.57064819335938,172.6284751578654,170.9599252358515,171.71985574390754,97545900
2015-02-13,173.28091430664062,173.33047304374514,172.4383779640093,172.6944524456351,93670400
2015-02-17,173.5535888671875,173.72705713986363,172.7193202893553,172.9671141018099,76968200
2015-02-18,173.5701141357422,173.64445228011232,172.91755681349412,173.18188702097638,80652900
2015-02-19,173.4462127685547,173.80966051892923,172.83497119197804,172.9753918948121,91462500
2015-02-20,174.48699951171875,174.56133766054108,172.4136987099765,173.03320849141335,140896400
2015-02-23,174.46221923828125,174.46221923828125,173.85922064591023,174.2391921889939,74411100
2015-02-24,174.9578094482422,175.1560571033271,174.090493287688,174.38785846833633,72472300
2015-02-25,174.8091278076172,175.3129962204007,174.47045946703403,174.83390718824936,73061700
2015-02-26,174.6025848388672,174.87517056775698,173.99958643679824,174.7182261234912,72697900
2015-02-27,174.0078582763672,174.76778853466683,173.95829952534078,174.5034583905861,108076000
2015-03-02,175.10655212402344,175.1643664970403,174.05751177508782,174.10707055309138,87491400
2015-03-03,174.38787841796875,175.15607714083993,173.52883035557673,174.67698803921306,110325800
2015-03-04,173.65269470214844,173.86746613042823,172.6862610867606,173.7931153877391,114497200
2015-03-05,173.84268188476562,174.12352324808586,173.338813507535,173.9748343708267,76873000
2015-03-06,171.39767456054688,173.41314802743403,171.06727444635007,172.98361779581307,188128000
2015-03-09,172.10804748535156,172.46322698067183,171.43897905633878,171.59592352318504,89818900
2015-03-10,169.31613159179688,170.82773680839537,169.27482842335175,170.74514307546252,157121300
2015-03-11,168.91964721679688,169.74566016162228,168.83704088073142,169.57219189746775,110145700
2015-03-12,171.06729125976562,171.13336120593354,169.4978590531875,169.54741781479228,93993500
2015-03-13,170.01824951171875,171.7528691698583,168.9857333090318,170.79470371277253,162410900
2015-03-16,172.289794921875,172.3806568570192,170.0430385291803,170.74515462838175,136099200
2015-03-17,171.77764892578125,172.15760780310515,170.96814720565243,171.5546219127697,94510400
2015-03-18,173.84268188476562,174.51175032254008,170.67078274412282,171.30681621137117,228808500
2015-03-19,173.04969787597656,173.850931375652,172.66147081514595,173.42966934545456,117917300
2015-03-20,174.57717895507812,175.083296458346,173.81385647904116,173.99639149072578,177715100
2015-03-23,174.23704528808594,175.15801303387462,174.23704528808594,174.58551785943564,71784500
2015-03-24,173.25799560546875,174.56891073329592,173.1916180726312,174.112585767895,77805300
2015-03-25,170.7191162109375,173.6977496835964,170.6776413272634,173.46543463004932,159521700
2015-03-26,170.31256103515625,171.22522364528578,169.358398223387,170.0553560026632,153067200
2015-03-27,170.7025146484375,170.8767445914697,170.00555689564965,170.1963970468826,118939000
2015-03-30,172.7849884033203,173.08368084646452,171.71468120051205,171.73126608164284,96180400
2015-03-31,171.2750244140625,172.66063503633413,171.2169519772045,171.96367717248643,126768700
2015-04-01,170.66929626464844,171.26668130825644,169.6819511881236,171.24179131979093,137303600
2015-04-02,171.28321838378906,171.73125067821184,170.42032355422995,170.60285851201309,86900900
2015-04-06,172.43655395507812,172.950963908092,170.26274398824668,170.39548636758687,114368200
2015-04-07,171.98023986816406,173.20819250095542,171.94705743385904,172.461467457011,81236300
2015-04-08,172.5609588623047,173.00069873839897,171.8142341150313,172.20419402933592,89351900
2015-04-09,173.32437133789062,173.55668638726806,171.9055910477799,172.3951111403809,85548900
2015-04-10,174.27017211914062,174.31165964872955,173.3741073131458,173.5732271988262,72722900
2015-04-13,173.4820098876953,174.75975527148466,173.43222990187343,174.12917502382024,74436600
2015-04-14,173.81385803222656,173.9963930455423,172.66057553548654,173.2828505371855,75099900
2015-04-15,174.59378051757812,175.09989806919253,174.19552802686758,174.27850309836572,99529300
2015-04-16,174.54400634765625,175.05012391611444,174.06277876943213,174.26191135152382,68934900
2015-04-17,172.53614807128906,173.59816327762158,171.7562278847155,173.35755579846713,191113200
2015-04-20,174.11264038085938,174.44451548892474,173.37420750422365,173.45716995112807,92189500
2015-04-21,173.90516662597656,174.95058431814448,173.60647404818283,174.79293925483387,72559800
2015-04-22,174.75970458984375,174.94223959173425,173.3243145604123,174.24528201169025,78264600
2015-04-23,175.1995391845703,175.84670448257822,174.24537613016753,174.36153367954782,102585900
2015-04-24,175.6060028076172,175.87151288886338,175.15797037078605,175.61430791029204,61327400
2015-04-27,174.8759002685547,176.29468040375724,174.68506012294367,176.17023044811464,79358100
2015-04-28,175.43182373046875,175.4816037200731,173.68115568812917,174.85103608471604,86863500
2015-04-29,174.70994567871094,175.30731806756097,173.9051356170558,174.54399554046685,125684900
2015-04-30,172.9593048095703,174.52743764078912,172.2623470377464,174.1374775440112,161304900
2015-05-01,174.83444213867188,174.87592968427109,173.63967172265475,173.7392317039157,103399700
2015-05-04,175.3322296142578,175.9130171469318,175.14969458110048,175.25754698417074,70927200
2015-05-05,173.32437133789062,175.4484145411168,173.1833238193558,175.09163686228817,113326200
2015-05-06,172.61082458496094,174.17895746152567,171.54880933841025,173.87197243782254,135060200
2015-05-07,173.29946899414062,173.7226241798103,172.17938137022506,172.5112563713364,88244900
2015-05-08,175.58111572265625,175.78024828688288,174.8841707381896,174.96714580500512,155877300
2015-05-11,174.7431182861328,175.80513327805429,174.66844832425178,175.53963586018259,75708100
2015-05-12,174.22036743164062,174.75967991935306,173.09197515207248,173.9133825446233,119727600
2015-05-13,174.253662109375,175.24929994623557,174.02134703611495,174.62702471566996,94667900
2015-05-14,176.0706787109375,176.16194623607984,174.99206595749692,175.26586853292397,95934000
2015-05-15,176.2615509033203,176.40259844881396,175.7803231632827,176.2615509033203,76510100
2015-05-18,176.80911254882812,177.0580124734228,176.02919235784495,176.0955698911435,74549700
2015-05-19,176.7509765625,177.19902161819152,176.46888162237798,176.92521911976144,72114600
2015-05-20,176.62655639648438,177.3732814015002,176.31126631603755,176.85056630185804,76857500
2015-05-21,177.14093017578125,177.34835515256788,176.31952271002848,176.4854728196305,64764600
2015-05-22,176.7178497314453,177.1741747121736,176.65147219637822,176.7593246131695,57433500
2015-05-26,174.8178253173828,176.65146828487644,174.40297522756453,176.22831309072097,124308600
2015-05-27,176.4772491455078,176.70956421388289,174.86762855732204,175.2741862570893,93214000
2015-05-28,176.27810668945312,176.38595910443956,175.5894540174039,176.1702416142466,74974600
2015-05-29,175.18287658691406,176.25318413307215,174.91737914129027,176.21170925672558,124919600
2015-06-01,175.53970336914062,176.1785635023273,174.75147793431438,175.84668843730105,93338800
2015-06-02,175.36546325683594,176.05411605389597,174.46109293042386,175.08336818147808,91531000
2015-06-03,175.83009338378906,176.4523686347199,175.34057322484352,175.8964709297817,87820900
2015-06-04,174.3448486328125,175.78022595277886,174.02955861123456,175.1247685850004,151882800
2015-06-05,174.0461883544922,174.7182433899041,173.3907182052303,174.1955282911533,121704700
2015-06-08,172.975830078125,174.0876375560612,172.90116012623682,173.93828499206919,89063300
2015-06-09,172.95101928710938,173.49033206041878,172.32045163762882,172.95101928710938,105034700
2015-06-10,175.02525329589844,175.40692095542522,173.65625304064022,173.71432547087372,134551300
2015-06-11,175.5894317626953,175.971086709297,175.2326541454266,175.46496915471943,73876400
2015-06-12,174.24533081054688,175.46499109192928,173.97152823103042,174.7680459769165,135382400
2015-06-15,173.4985809326172,173.78067591599498,172.40337077095992,173.1086208896227,124384200
2015-06-16,174.44447326660156,174.52744835364663,173.17503292818068,173.34926288666625,85308200
2015-06-17,174.72659301757812,175.33228338618358,173.70606513573966,174.72659301757812,126708600
2015-06-18,176.54356384277344,177.0081938141268,174.7597139184238,175.32390383786228,165867900
2015-06-19,175.75987243652344,176.37684161534378,175.38469380583308,176.3018084335659,130478700
2015-06-22,176.66030883789062,177.24392145490066,176.45187485168697,176.67698711889116,70696000
2015-06-23,176.78543090820312,177.11893304516468,176.3935865702076,176.86880962289496,68476800
2015-06-24,175.50146484375,176.89380272943305,175.47645377624346,176.51862399503057,92307300
2015-06-25,174.96783447265625,176.12672698393885,174.89280128717357,176.00167167480106,97107400
2015-06-26,174.93450927734375,175.56814411418458,174.38424041488037,175.32635352834328,104174800
2015-06-29,171.2660369873047,174.94281557284336,171.19100380518373,173.45876660249095,202621300
2015-06-30,171.62457275390625,172.85016577780942,171.1493370940324,172.8001309279785,182925100
2015-07-01,173.00025939941406,173.44213856230434,172.21654534544123,173.1920151609804,135979900
2015-07-02,172.84182739257812,173.64221963939704,172.4249593461065,173.47547496516904,104373700
2015-07-06,172.34991455078125,173.12528295856598,171.35776663146783,171.55786786015534,117975400
2015-07-07,173.4337158203125,173.55877109520605,170.17380595557438,172.5499579529365,173820200
2015-07-08,170.52403259277344,172.38326041458043,170.29058751747044,172.09979321197,164020100
2015-07-09,170.83253479003906,172.87519856778974,170.72415773962516,172.61672967082305,144113100
2015-07-10,172.98355102539062,173.40041904782046,170.87419984963972,172.82513914137888,129456900
2015-07-13,174.89276123046875,175.00113823296545,174.20075899419595,174.24244832829405,106069400
2015-07-14,175.65151977539062,175.96001079082825,174.79277258894697,174.85114022385267,81709600
2015-07-15,175.59310913085938,176.15171062773106,175.11787358650312,175.6931533625977,97914100
2015-07-16,177.00205993652344,177.00205993652344,176.40176932234857,176.64354703443252,106683300
2015-07-17,177.1522216796875,177.21058930613975,176.5852873062746,176.99380980423336,89030000
2015-07-20,177.243896484375,177.73579756928322,176.92708552080313,177.37729726998376,70446800
2015-07-21,176.5436248779297,177.3690282234421,176.2434793633619,177.11055933777794,77965000
2015-07-22,176.22674560546875,176.56024758434305,175.82655595261932,175.85989978960689,88667900
2015-07-23,175.23464965820312,176.4602427588005,174.87614923703148,176.36019849648346,90509100
2015-07-24,173.4171142578125,175.3930648060229,173.08362489603817,175.33470989252405,117755000
2015-07-27,172.4082489013672,173.04189635575844,171.96636987227896,172.53331692506057,132361100
2015-07-28,174.5259246826172,174.66765824861352,172.41657402795545,173.24196436651047,123544800
2015-07-29,175.72653198242188,175.95163153209302,174.50927188232112,174.65100546901073,105791300
2015-07-30,175.76821899414062,175.9349636396938,174.6009810316665,175.21795021419427,91304400
2015-07-31,175.50146484375,176.29351166566732,175.21799759747296,176.26850059816078,103266900
2015-08-03,174.90948486328125,175.52645413611395,173.95902625052986,175.46809922643948,113965700
2015-08-04,174.56768798828125,175.29303440449476,174.08411947020403,174.83447695443837,81820800
2015-08-05,175.1428985595703,176.17672288604265,174.8594186980476,175.45970953616686,85786800
2015-08-06,173.7089080810547,175.43473505916185,173.12528267877659,175.32634530357268,116030800
2015-08-07,173.3754425048828,173.7005991182477,172.4750058705327,173.5505327067585,117858000
2015-08-10,175.5597381591797,175.64310409880983,174.48421194703076,174.48421194703076,80270700
2015-08-11,173.97564697265625,174.64263815361645,173.21694434529155,174.22577025574114,126081400
2015-08-12,174.18414306640625,174.36756602465627,171.21604461007414,172.6750827731882,172123700
2015-08-13,173.96731567382812,174.70934002948377,173.42537976890287,174.02567056469158,89383300
2015-08-14,174.60104370117188,174.67607691033228,173.63390659930786,173.77564023499053,72786500
2015-08-17,175.5764923095703,175.5764923095703,173.55051957690992,174.00907700255445,79072600
2015-08-18,175.06787109375,175.6514837139726,174.83442604566096,175.30131614183904,71692700
2015-08-19,173.6839141845703,175.09291753748343,172.87518913247618,174.3258818356443,172946000
2015-08-20,170.05709838867188,173.6588305616013,169.99873077406508,172.17478180084714,194327900
2015-08-21,164.93798828125,170.0321155609395,164.67953216633668,168.18955347177467,346588500
2015-08-24,157.9929656982422,164.64617515076566,152.07343524562975,156.31716098493249,507244300
2015-08-25,156.1337432861328,162.9536976161637,155.84193059927358,162.93701933416563,369833100
2015-08-26,162.12832641601562,162.4034481318135,157.05086393563715,160.1440304415734,339257000
2015-08-27,166.13853454589844,166.26358982576218,162.75356927173493,164.2626290171508,274143900
2015-08-28,166.14691162109375,166.61380175279606,165.0130301347587,165.49659854882236,160414400
2015-08-31,164.8046417236328,166.0219022367195,164.2543727496975,165.17148770625636,163298800
2015-09-01,159.8855438232422,162.386751628339,159.0184513266002,161.0110797024553,256000400
2015-09-02,162.9203643798828,162.96205372669115,160.42748901365306,162.26170577699753,160269300
2015-09-03,163.0370635986328,165.1214034229012,162.54516245333764,163.62900898451664,152087800
2015-09-04,160.5692138671875,161.62806215377893,159.75215614582967,160.78599337005926,207081000
2015-09-08,164.60447692871094,164.75455600996594,162.7202383253575,163.36221854722507,116025700
2015-09-09,162.40342712402344,166.3053181540487,162.03659397647715,166.18026284486263,149347700
2015-09-10,163.28720092773438,164.42941517842976,161.95321823706104,162.21167436195108,158611100
2015-09-11,164.0291748046875,164.09587519080304,162.18661321341497,162.89529368431928,119691200
2015-09-14,163.4206085205078,164.2543446212188,162.93704005547906,164.20432249066465,79452000
2015-09-15,165.4632110595703,165.90509001207155,163.37887157728196,163.9207947539575,113806200
2015-09-16,166.8972625732422,167.08903100857285,165.4215590465416,165.76339385199034,99581600
2015-09-17,166.52212524414062,169.15673465108992,166.14694650395336,166.76391586283782,276046600
2015-09-18,163.80087280273438,166.50783687324343,163.39022645170527,164.01877931187536,223657500
2015-09-21,164.64735412597656,165.66978848327827,163.5997658860086,164.6305891335132,105726200
2015-09-22,162.51028442382812,162.9712258434925,161.37888391991953,162.48514332711403,153890900
2015-09-23,162.25042724609375,163.14715588396928,161.67215665007348,162.67783852718148,92790600
2015-09-24,161.6637725830078,162.12471385357648,159.70269094597663,161.03521979257943,159378800
2015-09-25,161.62188720703125,163.42373351263564,160.7502868003842,163.12202764694086,155054800
2015-09-28,157.56564331054688,160.8341262073183,157.25556129169289,160.7251729410433,178515900
2015-09-29,157.6577911376953,159.01547380900044,156.6604853688763,157.78350936374622,159045600
2015-09-30,160.5994415283203,160.76705305770844,158.76406522986127,159.5434645960891,163452000
2015-10-01,161.01849365234375,161.32019955209685,159.08255279057036,160.97658756861168,131079000
2015-10-02,163.4237518310547,163.44889292368572,158.49589306831552,159.04064658051715,211003300
2015-10-05,166.33184814453125,166.5581307533342,164.5383778401069,164.647331093964,126320800
2015-10-06,165.76194763183594,166.7592535071073,165.09987760721134,166.19774784370665,110274500
2015-10-07,167.11962890625,167.4716169552266,165.50214631315984,166.69220479911124,124307300
2015-10-08,168.62820434570312,168.91314530305888,166.43245050481033,166.73415645611158,153055200
2015-10-09,168.7286834716797,169.20637686021877,168.1001307897503,168.77058954139574,107069200
2015-10-12,168.88796997070312,169.089098705504,168.37674645651603,168.8041578059088,56395600
2015-10-13,167.82362365722656,169.42434143886834,167.65601210879015,168.15884675409936,88038700
2015-10-14,167.01907348632812,168.34322648356653,166.72575646799194,167.7649557607535,99106200
2015-10-15,169.5835723876953,169.59194848911545,167.31239568460623,167.68114875415054,134142200
2015-10-16,170.35462951660156,170.37138172276528,169.2232289913116,169.9858763739013,114580100
2015-10-19,170.4384307861328,170.4384307861328,169.39923132303,169.70931338373728,76523900
2015-10-20,170.22052001953125,170.83230797669893,169.7512025297619,170.0026262672648,78448500
2015-10-21,169.16448974609375,170.79033533409486,168.99686546111812,170.63948882314182,102038000
2015-10-22,172.02235412597656,172.23187176059804,169.1645433085749,170.1115543212638,174911700
2015-10-23,173.90797424316406,174.2767272443333,172.8939162778874,173.69008055517259,144442300
2015-10-26,173.48057556152344,173.7906575223188,173.1118225335832,173.7319992431136,69033000
2015-10-27,173.1453094482422,173.48053241502902,172.4664618404037,172.8100736935189,77905800
2015-10-28,175.1147918701172,175.13993295683485,172.81848736364915,173.48055729377796,135906700
2015-10-29,175.01426696777344,175.38302003999266,174.49466734125065,174.61199670168938,90525500
2015-10-30,174.25997924804688,175.5254737879926,174.10075660741566,175.20700293085025,131076900
2015-11-02,176.3216552734375,176.51440791141056,174.46113770568715,174.5868559557975,86270800
2015-11-03,176.8328857421875,177.3860153733307,175.74339147149564,175.96967410022543,95246100
2015-11-04,176.29652404785156,177.25192397763175,175.76015939934234,177.12621850842723,96224500
2015-11-05,176.12045288085938,176.81605270300022,175.2321004873585,176.3551115211073,78408700
2015-11-06,176.02830505371094,176.26297653576705,174.7041650460284,175.7768941585432,110471500
2015-11-09,174.38572692871094,175.567409509571,173.43870308601487,175.41655015621294,131008700
2015-11-10,174.78797912597656,174.82150910678078,173.63982664827824,173.90800255500784,75874600
2015-11-11,174.10073852539062,175.10642038441057,174.03369136306415,175.05613820965038,67846000
2015-11-12,171.67037963867188,173.53089740458597,171.65362743389252,173.06157991191262,121315200
2015-11-13,169.74276733398438,171.5278613165477,169.65896796963872,171.259685447527,153577100
2015-11-16,172.3240509033203,172.3827219761185,169.44108635756888,169.5584285031652,117645200
2015-11-17,172.19833374023438,173.51409767680042,171.703875251433,172.63413394816544,121123700
2015-11-18,174.93045043945312,175.07292088872342,172.6341454727028,172.67603876700397,121342500
2015-11-19,174.7796173095703,175.1986525882852,174.48628749929313,174.81313450517308,88220500
2015-11-20,175.41656494140625,176.09540011887867,175.0394357081375,175.5338943203775,94011500
2015-11-23,175.2154083251953,175.97804277333833,174.75446698536746,175.47520813820526,64931200
2015-11-24,175.4500732421875,175.85234352208911,173.82421434316055,174.20971963158328,98874400
2015-11-25,175.42489624023438,175.77688426159057,175.16508368329,175.57574276884174,51980100
2015-11-27,175.62603759765625,175.82717910489592,175.03939085313215,175.51708434940895,37317800
2015-11-30,174.89694213867188,175.90262422390845,174.78798887689123,175.78529486042987,112822700
2015-12-01,176.564697265625,176.68203941900245,175.24893315237756,175.52549796832068,97858400
2015-12-02,174.7628173828125,176.83285226890064,174.51139370825462,176.51438142859806,108441300
2015-12-03,172.31561279296875,175.28237564775307,171.5948719158949,175.01419983587758,166224200
2015-12-04,175.67633056640625,175.96966035065273,172.3156725330037,172.3156725330037,192913900
2015-12-07,174.61195373535156,175.76848206425177,173.64816520867367,175.34944691037563,102027100
2015-12-08,173.4386444091797,174.56165553159656,172.45810370188096,173.0531392360218,103372400
2015-12-09,172.08938598632812,174.88853826661926,171.11722117910855,172.8017509958119,162401500
2015-12-10,172.53358459472656,173.8409726411973,171.9217966576867,172.1564553948511,116128900
2015-12-11,169.1896209716797,171.08365507491644,168.8795262928956,170.42158522442,211173300
2015-12-14,170.0444793701172,170.17019760312135,167.5721742429756,169.34889219017325,182385200
2015-12-15,171.82955932617188,172.73467682022866,170.01932433805825,171.55299458177075,154069600
2015-12-16,174.34384155273438,174.6455475073482,171.63687685224656,172.95264116268487,197017000
2015-12-17,171.68716430664062,174.72097615191112,171.67039931199744,174.65392896128242,173092500
2015-12-18,168.62857055664062,171.08186109911998,168.46838737789736,170.9469815111724,251393500
2015-12-21,170.01954650878906,170.1965943918638,168.6875130023776,169.80035600673932,99094300
2015-12-22,171.56239318847656,171.85746878921228,169.91843179707286,170.90480863191507,111026200
2015-12-23,173.68692016601562,173.7290756648925,172.47291383705436,172.56565078896259,110987200
2015-12-24,173.40016174316406,173.9481571567803,173.180971296144,173.43389126673273,48539600
2015-12-28,173.0039825439453,173.0461251635995,171.93329500535015,172.7089070220809,65899900
2015-12-29,174.8502655029297,175.17905768630865,174.0662275518134,174.09994421962654,92640700
2015-12-30,173.61099243164062,174.69011890851283,173.46767406194292,174.6058079314911,63317700
2015-12-31,171.87425231933594,173.57723329901134,171.87425231933594,172.9365137681449,114877900
2016-01-04,169.47157287597656,169.4799988274123,167.42293464087555,169.02475303297206,222353500
2016-01-05,169.75819396972656,170.2134397222684,168.6537898230363,169.7919106364143,110845800
2016-01-06,167.61685180664062,168.66223583088512,166.5883196857206,167.21217457398305,152112600
2016-01-07,163.5954132080078,166.45337941363837,163.20760085423277,164.67452645671497,213436100
2016-01-08,161.79974365234375,165.1129693840645,161.513106924341,164.5565478315544,209817200
2016-01-11,161.95989990234375,163.0558780579135,160.02930242058451,162.71864708325168,187941300
2016-01-12,163.26661682128906,164.01693793340905,161.14210704043757,163.40150918986092,172330500
2016-01-13,159.1946563720703,164.27829548813105,158.8152828146417,163.93263859321036,221168900
2016-01-14,161.80810546875,162.9293740810844,158.20825729993481,159.80163630397985,240795600
2016-01-15,158.33474731445312,159.13564997514615,156.40414983282272,157.45797250848364,324846400
2016-01-19,158.54550170898438,160.27377335933696,156.97741315333434,160.14731979196418,195244400
2016-01-20,156.51370239257812,158.0733647369332,152.61035285355692,155.99101058300855,286547800
2016-01-21,157.3905487060547,159.2284095391439,155.66227669927426,156.98588434296087,195772900
2016-01-22,160.61947631835938,160.82180208417086,159.23686117443438,159.99560852432583,168319600
2016-01-25,158.19139099121094,160.30746178479558,157.9974912673792,160.11356206096383,130371700
2016-01-26,160.3496551513672,160.62786588037858,158.51179458668403,158.84901269600596,141036800
2016-01-27,158.6044921875,161.4961747071916,157.70241402936497,159.82692361087996,185681700
2016-01-28,159.4307403564453,160.3496707280536,157.7867794017223,160.14734498842466,143798800
2016-01-29,163.31723022460938,163.45212261959614,160.07988992920824,160.19791755880993,210529300
2016-02-01,163.2581787109375,164.04222935059738,161.7322457690278,162.31395785495897,136061600
2016-02-02,160.31591796875,161.84185094381846,159.79321324293684,161.83342499457996,182564900
2016-02-03,161.2769775390625,161.6816417258593,157.73613696049483,161.36971442187453,205054900
2016-02-04,161.5299835205078,162.49949546847427,160.1473683537816,160.77966211046828,139531800
2016-02-05,158.4528045654297,161.58898246369031,157.8205108418134,161.0157089956883,180788300
2016-02-08,156.3198699951172,156.91000823816955,154.1110613436716,156.6149455486678,191526700
2016-02-09,156.32821655273438,157.60124218483966,154.4482010817963,154.5830934300002,184513100
2016-02-10,156.19338989257812,158.7815717708362,156.06692344935064,157.1544756864922,148214100
2016-02-11,154.16162109375,155.20701788010714,152.66940449594475,153.72322723314252,219058900
2016-02-12,157.33995056152344,157.3568024628288,155.08898678876355,155.9320449597169,127632400
2016-02-16,159.99559020996094,160.02088092779238,158.18302015711848,159.14410602685712,120250700
2016-02-17,162.60903930664062,162.97998690347998,161.03251202007326,161.15897844483843,136009500
2016-02-18,161.94302368164062,162.9378389064611,161.63109630818496,162.87881866605304,102343000
2016-02-19,161.8671875,162.01893181353807,160.56044461143512,161.167447593684,114793000
2016-02-22,164.21083068847656,164.35414899997147,163.37619866548928,163.44364484690635,103640300
2016-02-23,162.136962890625,163.82307932901813,162.01892239045185,163.5532945241324,111455300
2016-02-24,162.8788604736328,163.15707125544148,159.60780302749964,160.71220733876964,150812200
2016-02-25,164.85157775878906,164.86001657290862,162.5668974763839,163.3256446324791,110728300
2016-02-26,164.47215270996094,165.81261160279362,164.31196966036924,165.7198875888636,129833700
2016-02-29,163.1823272705078,165.43329090200194,162.9884275052904,164.48906992628648,125918100
2016-03-01,167.01824951171875,167.1025604717824,163.93265361565753,164.40476411830258,141799700
2016-03-02,167.76853942871094,167.81912084968863,166.29318795132278,166.7062909960473,102415000
2016-03-03,168.4261474609375,168.44301222499766,167.0182419669896,167.59151530457737,95172200
2016-03-04,168.97410583496094,169.74973050186918,167.7938298010466,168.62002302478663,129293600
2016-03-07,169.10897827148438,169.5136553188896,167.97928379157372,168.05515591394627,100219000
2016-03-08,167.26272583007812,168.54417777416353,167.10255559310772,168.03835062068885,123974900
2016-03-09,168.0888671875,168.4345111065812,167.287951991475,168.07200242967812,94801200
2016-03-10,168.2238311767578,169.51372208535355,166.40283520236756,168.57792694871588,156838700
2016-03-11,170.93849182128906,170.980647308,168.2069912334791,169.67390440425157,137964500
2016-03-14,170.7193145751953,171.17456042054744,170.10388558631487,170.43267782574958,73612000
2016-03-15,170.44105529785156,170.74455672977479,169.49683433811077,169.75818029203575,93169100
2016-03-16,171.42745971679688,171.83213693477836,169.9183911248905,169.96054660976955,129303200
2016-03-17,172.51498413085938,173.02081127539734,170.94689554110465,171.34313387955126,134278500
2016-03-18,173.19296264648438,173.53192010962937,172.70146527364525,173.0150015735743,138372400
2016-03-21,173.43862915039062,173.667432449845,172.70138987818433,172.9301931776387,72926700
2016-03-22,173.34539794921875,173.91315851143622,172.50647414597407,172.66747045106345,97471900
2016-03-23,172.20147705078125,173.1505681737441,172.03198540991207,172.9641377131054,81052500
2016-03-24,172.12522888183594,172.15913238773123,170.95581653642625,171.1761376031501,84360900
2016-03-28,172.2268524169922,172.75224015887895,171.7777281349806,172.54038859451902,62408200
2016-03-29,173.8199920654297,173.93015903226305,171.51504568353033,171.8201124967345,92922900
2016-03-30,174.5826873779297,175.30297513077699,174.21829586616255,174.8199601589143,86365300
2016-03-31,174.15896606445312,174.91315723940892,173.99795678040715,174.4894540415597,94584100
2016-04-01,175.3452606201172,175.53169098799992,172.85388473149354,173.16743376678198,114423500
2016-04-04,174.777587890625,175.47246741634427,174.47252103818187,175.26908520458323,63497000
2016-04-05,173.03192138671875,174.78604597682616,172.7776968710869,173.43867285349214,99662200
2016-04-06,174.92161560058594,174.98094025112778,172.85394205681024,173.03190307804113,91839800
2016-04-07,172.8285369873047,174.1928618424129,172.09976694798488,173.83695269721892,113859000
2016-04-08,173.29458618164062,174.4385898444838,172.76071608159464,174.0064043614394,95040600
2016-04-11,172.88783264160156,174.6250180994244,172.79461743370686,173.93013874413782,83757500
2016-04-12,174.49794006347656,174.7775857523279,172.6166966514925,173.05735163971852,115350600
2016-04-13,176.2605743408203,176.34532017372055,175.2775795729316,175.4131677334125,96336400
2016-04-14,176.2689666748047,176.76894618165218,175.9215399447898,176.31982191054655,65212900
2016-04-15,176.0740966796875,176.40458465081758,175.7520781174189,176.26899652666287,75761600
2016-04-18,177.311279296875,177.3451698557611,175.41308473943926,176.07406054605502,82531000
2016-04-19,177.87059020996094,178.12481470463754,177.0570873434698,177.73501501914237,88316100
2016-04-20,178.0400848388672,178.73495134365143,177.4384206222998,177.91296612418077,81100300
2016-04-21,177.08251953125,178.16719870773824,176.8113432719301,178.05703173609004,85695000
2016-04-22,177.08251953125,177.3536828601742,176.1842708004453,176.7266103886894,99251700
2016-04-25,176.77745056152344,176.81982346782792,175.87071950211055,176.4808531477876,66166500
2016-04-26,177.04010009765625,177.54854898506105,176.56555469895437,177.1417847029803,75864200
2016-04-27,177.40455627441406,177.79435602411078,176.30292523630249,176.6588344153114,77329400
2016-04-28,175.7944793701172,177.75198635557425,175.37925845223072,176.65036822776358,97216200
2016-04-29,174.84536743164062,175.52329515077844,173.74373650434114,175.1758554167909,142424100
2016-05-02,176.23512268066406,176.41307079640367,174.91317067072708,175.34534331077683,62188000
2016-05-03,174.70130920410156,175.24364879119557,173.9555874229489,175.00637602999169,106422100
2016-05-04,173.72679138183594,174.43862262579916,173.2268246804303,173.70985256274832,92243800
2016-05-05,173.69288635253906,174.54876213947264,173.26918316349162,174.1928530123202,67619200
2016-05-06,174.32839965820312,174.37077255310513,172.7691753967892,172.9217023019659,89315000
2016-05-09,174.4724884033203,174.90466097577874,174.0233640837867,174.20132510208984,74374900
2016-05-10,176.641845703125,176.65879745012035,175.10804232510174,175.1758363826888,77472200
2016-05-11,174.98941040039062,176.71811365637674,174.98941040039062,176.18425645121343,81727000
2016-05-12,175.04022216796875,175.82831665581352,174.031806723613,175.65882507192094,89586300
2016-05-13,173.5149383544922,175.29449705429184,173.19293269930267,174.74368803932327,96474600
2016-05-16,175.22669982910156,175.70124535905617,173.62510220030677,173.68442685674904,77486800
2016-05-17,173.5911407470703,175.24358001781954,173.06574018454162,174.95546505376902,114924900
2016-05-18,173.64207458496094,174.81996914050632,172.55739526461974,173.24379248276094,120062100
2016-05-19,173.0403594970703,173.32847452848824,171.83704413315402,172.92172313528684,115430500
2016-05-20,174.13351440429688,174.6504327323409,173.5996443307976,173.65048663677024,104990400
2016-05-23,173.89625549316406,174.4301126786471,173.7098250695369,174.15046704320636,58682600
2016-05-24,176.1503448486328,176.4638939748023,174.68433555844706,174.70975671321835,93537800
2016-05-25,177.34518432617188,177.7604180561647,176.15033837426097,176.8282659808313,76621400
2016-05-26,177.39608764648438,177.7096368689698,177.08255135439703,177.4808334753503,55280700
2016-05-27,178.15870666503906,178.16717607316846,177.50620018804196,177.55704249760646,64211200
2016-05-31,177.81976318359375,178.54006382536642,177.2604718333041,178.42989685111044,109879400
2016-06-01,178.18414306640625,178.36209116510832,177.0147181247832,177.20961797158864,69936200
2016-06-02,178.72647094726562,178.74340976386634,177.3113039374439,177.7858494101513,63044700
2016-06-03,178.19259643554688,178.54003612321796,176.98928103642675,178.16717528087767,101757100
2016-06-06,179.0993194580078,179.45522853801452,178.38748836760095,178.548497626974,64887000
2016-06-07,179.37896728515625,179.93825857110662,179.22644035102138,179.25186150671053,60974800
2016-06-08,179.9636688232422,180.0907875243807,179.38743875534112,179.51454452608584,66170900
2016-06-09,179.71795654296875,179.836592925502,178.96376534035116,179.2349286731146,73786900
2016-06-10,178.01467895507812,178.6841243604403,177.47232641451623,178.34516695298538,113829200
2016-06-13,176.641845703125,178.26886429403115,176.55711282893694,177.41298856148404,117751200
2016-06-14,176.29443359375,176.88762845786226,175.34534249980456,176.2605430248504,125059300
2016-06-15,176.0487060546875,177.41303108091927,175.8622755842411,176.29444825824095,109124500
2016-06-16,176.5740203857422,176.74351196490105,174.21823225582534,176.04863269544754,149533100
2016-06-17,175.91650390625,176.49573076917162,175.26060396047285,176.47017740743334,117055700
2016-06-20,177.0493927001953,178.54857937058586,176.96420617446128,177.8756526087873,82789600
2016-06-21,177.55194091796875,177.96080760410712,176.98974110100497,177.4326875929435,72461700
2016-06-22,177.26231384277344,178.45484700076446,177.11749417578338,177.73080065636066,95560500
2016-06-23,179.5707244873047,179.62183119566257,178.2589379814508,178.71891135430852,102731400
2016-06-24,173.12252807617188,179.6048273711775,172.67958155075527,173.4547347208247,333444400
2016-06-27,170.0218963623047,171.7255225262651,169.21266353631458,171.71699607695817,230775800
2016-06-28,173.0884552001953,173.11400855868138,171.31668202520586,171.62333532467787,159382400
2016-06-29,176.0357208251953,176.26570103323945,174.38320112073447,174.48541454653184,137328600
2016-06-30,178.43785095214844,178.4889576718171,175.95055761303408,176.50424407060433,165021900
2016-07-01,178.8125762939453,179.29811592351382,178.27592996602945,178.43777650921896,106055300
2016-07-05,177.52639770507812,178.09711100727978,176.93013104588525,177.98637112855883,109803700
2016-07-06,178.59117126464844,178.7104246011787,176.376451588928,177.0323514386638,96021500
2016-07-07,178.48043823242188,179.43446496128354,177.71381146782082,178.77005163259213,85593800
2016-07-08,181.1380615234375,181.38509461612574,179.5451750888838,179.77516827919834,133971000
2016-07-11,181.77691650390625,182.34764273817618,181.3936031954377,181.59804302551814,73633900
2016-07-12,183.09719848632812,183.395338230067,181.80243911007253,182.73943859242223,101275600
2016-07-13,183.0716552734375,183.5231151405761,182.58612860397926,183.51460168940503,87324100
2016-07-14,184.0938720703125,184.56237194878827,183.70204526114256,184.33237873614772,91230900
2016-07-15,183.84681701660156,184.8519502033913,183.40387057951722,184.65603683603393,107155400
2016-07-18,184.3408660888672,184.5027126487079,183.71051974991803,183.96606626558042,58725900
2016-07-19,184.1535186767578,184.18758548966142,183.6765053102707,183.9235254473303,54345700
2016-07-20,184.92015075683594,185.15865744693104,184.15352396690736,184.15352396690736,58159500
2016-07-21,184.2216339111328,185.03085380551673,183.7786874330219,184.80938706527985,67777300
2016-07-22,185.04788208007812,185.09898878633393,184.07681566830865,184.3408756490546,62787500
2016-07-25,184.54531860351562,184.89456512363662,183.966091885143,184.84345841291403,55873100
2016-07-26,184.63047790527344,184.98823782523522,183.78717830974068,184.44307799515505,70080500
2016-07-27,184.43460083007812,185.07346074090879,183.6679611384984,185.00531412403691,84083900
2016-07-28,184.6475830078125,184.93719642657732,183.77872975387785,184.23870324264314,65035700
2016-07-29,184.9456787109375,185.3034386969352,184.1023919573851,184.38349187444857,79519400
2016-08-01,184.79234313964844,185.39712318535925,184.34088321900114,185.00529642288348,73311400
2016-08-02,183.60833740234375,184.69865725581784,182.77356410776096,184.5453241214279,92295500
2016-08-03,184.1449432373047,184.2045763910711,183.25054991189612,183.54867668782032,53993600
2016-08-04,184.3408660888672,184.6560327595239,182.50094677326078,184.2556795844345,46585500
2016-08-05,185.8485870361328,185.89118029320792,184.3408871172442,184.3408871172442,71892200
2016-08-08,185.7378692626953,186.1382225030644,185.47380925258756,186.03599608154948,39906500
2016-08-09,185.8485870361328,186.3426402234022,185.52490687716386,185.80600677669491,51251700
2016-08-10,185.38864135742188,186.0360147697383,185.0393947939079,185.95935469412962,57941100
2016-08-11,186.24896240234375,186.49599552416987,185.6526957253063,185.91675575387725,72504300
2016-08-12,186.0871124267578,186.3000657210769,185.6867591936269,185.94229274869974,61313500
2016-08-15,186.62379455566406,186.97304116885294,186.44492102046848,186.45343447531178,49813500
2016-08-16,185.6611785888672,186.2744720286673,185.6611785888672,186.20633842240616,53213600
2016-08-17,186.0104217529297,186.146714967824,184.86048187105433,185.69525506641838,75134300
2016-08-18,186.4278564453125,186.4619232578189,185.8741830080184,185.98490989689367,52989300
2016-08-19,186.15528869628906,186.33417522346545,185.47384839644144,185.9593752599649,75443000
2016-08-22,186.146728515625,186.3767217077936,185.5504619041114,185.91673532345644,61368800
2016-08-23,186.5215606689453,187.05820721101114,186.46192749865375,186.76006735483244,53399200
2016-08-24,185.5675048828125,186.4704247663063,185.1501117490151,186.37672479739823,71728900
2016-08-25,185.4397430419922,185.85713621615523,185.03087631886928,185.18419646592582,69224800
2016-08-26,185.09046936035156,186.64928894848688,184.20458942381688,185.627115791674,122506300
2016-08-29,186.00193786621094,186.26599788851843,185.18419144450021,185.21827125245898,70502200
2016-08-30,185.6953125,186.19787926302044,185.1416390149965,185.91677929447332,58114500
2016-08-31,185.16714477539062,185.4823114783603,184.3919916975407,185.36305815850932,85269500
2016-09-01,185.17562866210938,185.46524196441618,184.0171624552472,185.1585887626693,97844200
2016-09-02,186.0104217529297,186.43632830124716,185.43970853790063,186.02746165420058,79293900
2016-09-06,186.5726318359375,186.64929189944218,185.57601201746544,186.29153193878327,56702100
2016-09-07,186.55563354492188,186.73452006397048,185.95085335663944,186.41082683790157,76554900
2016-09-08,186.1296844482422,186.49597085702842,185.8230311980916,186.22338441350036,74102900
2016-09-09,181.67469787597656,184.86899701764105,181.64914452265418,184.81789031099626,221589100
2016-09-12,184.28125,184.68160321216067,180.84844411519546,180.91659072552463,168110900
2016-09-13,181.632080078125,183.26755945794608,181.01026023524284,183.00349951087153,182828800
2016-09-14,181.5640411376953,182.88435465358302,181.01036756537584,181.68329450700915,134185500
2016-09-15,183.37835693359375,183.76167029972945,181.2232704331191,181.40215693605646,134427900
2016-09-16,182.66949462890625,182.94345806111463,181.98461217497623,182.76366792581595,155236400
2016-09-19,182.7037353515625,183.96222703135763,182.3784070616497,183.32013997282112,80250500
2016-09-20,182.71224975585938,183.71390376903676,182.67801086846762,183.55980918083637,69665300
2016-09-21,184.76695251464844,184.94672955056805,182.72939235227372,183.41428773203177,110284400
2016-09-22,185.93130493164062,186.23095081871756,185.52894234694025,185.77721029026128,76678700
2016-09-23,184.9125213623047,185.67446416968156,184.81834806866058,185.53748245832742,73630900
2016-09-26,183.41432189941406,184.2618684960777,183.21740578661957,184.08209142666828,89827300
2016-09-27,184.55296325683594,184.6471234918225,182.8835263269881,183.2516630614715,78494800
2016-09-28,185.46893310546875,185.62304074796012,183.81663582201693,184.77548137248468,87411000
2016-09-29,183.79103088378906,185.66592756757993,183.2431170045198,185.26355188369342,128070600
2016-09-30,185.17794799804688,185.87995653206715,184.37319663070124,184.6214645960347,117202900
2016-10-03,184.73272705078125,184.95531252922103,184.09919644758304,184.7669790094918,83512100
2016-10-04,183.79103088378906,185.06664880326937,183.20032164251694,184.8440632803247,119948100
2016-10-05,184.6043243408203,185.03238240361438,184.3474868904848,184.4159777481273,72816000
2016-10-06,184.73272705078125,184.95531252922103,183.8423720737274,184.38171632211893,62927400
2016-10-07,184.09922790527344,185.17794271296975,183.37153694951482,185.00672208004403,89788300
2016-10-10,185.0580596923828,185.52035663948527,184.91252152267842,185.0580596923828,51855000
2016-10-11,182.72088623046875,184.69852575481207,181.99319525091576,184.63003488674283,130367400
2016-10-12,182.96058654785156,183.48281791726936,182.36129479750986,182.85784372771823,73866100
2016-10-13,182.3612518310547,182.8578006442703,180.82025358838365,181.63356111941394,101357000
2016-10-14,182.45547485351562,183.7995835173053,182.37842753303363,183.3372734678212,93346200
2016-10-17,181.8219451904297,182.686617766202,181.642155057929,182.42978031832754,58275700
2016-10-18,182.96058654785156,183.4742483953358,182.58389335505242,183.414327058279,76869700
2016-10-19,183.4485626220703,183.75676495027773,182.86640992617598,183.22597713186872,66519200
2016-10-20,183.10604858398438,183.66251861985413,182.44683577070452,183.09747906561424,73639800
2016-10-21,183.19166564941406,183.27728245960162,182.14720326892362,183.10606190251767,89089100
2016-10-24,183.9708251953125,184.3389619852428,183.6198143885481,184.0649985077786,60146600
2016-10-25,183.35440063476562,184.04785265018015,183.19173647049877,183.7910151836165,66542300
2016-10-26,182.9862518310547,183.56840448294915,182.29278684752947,182.532511363168,75705500
2016-10-27,182.49827575683594,183.73964154554864,182.42122843952794,183.70540264784358,77220200
2016-10-28,181.95884704589844,183.14884748969462,181.24828242500982,182.47252175308273,140623200
2016-10-31,181.96743774414062,182.51535139937488,181.80477363248966,182.2927529041506,61272500
2016-11-01,180.64901733398438,182.34413627764692,179.44190380314225,182.2927583487816,122781800
2016-11-02,179.56175231933594,180.72607045776593,179.12512485286732,180.34080785481316,103330800
2016-11-03,178.7399139404297,179.98984916370236,178.4659635880447,179.77582014393815,88939300
2016-11-04,178.5430450439453,179.6902376740761,178.39750685026877,178.85124741387716,109122100
2016-11-07,182.48109436035156,182.51534631095052,178.54296915542682,178.54296915542682,109794900
2016-11-08,183.30296325683594,183.86800284714064,181.82188650948365,182.08728033009285,106772100
2016-11-09,185.2464141845703,185.8628188492065,181.78769767041217,181.8133801094974,258429000
2016-11-10,185.70864868164062,186.89864919103982,184.25325434877195,186.03397688501158,172113300
2016-11-11,185.2806396484375,185.52035110471618,184.33891980256973,184.98956331771262,100552700
2016-11-14,185.42616271972656,186.00832839708144,184.68134597429705,185.80285585272793,94580000
2016-11-15,186.87303161621094,186.87303161621094,185.6059833757356,185.81144289060984,91652600
2016-11-16,186.5220184326172,186.75317344713747,186.1367687839471,186.25662452049548,65617700
2016-11-17,187.48086547851562,187.54078681133552,186.56481500049895,186.67611427140054,69797200
2016-11-18,187.0614013671875,187.72061454002625,186.88161120612335,187.54939390200636,86265800
2016-11-21,188.47398376464844,188.49966620661488,187.48945532047617,187.63499351271832,72402600
2016-11-22,188.84201049804688,189.02178748705396,188.11430689757975,188.7820761261849,67429000
2016-11-23,188.94483947753906,188.99620435852816,188.13153171418705,188.32843477907736,56620200
2016-11-25,189.64678955078125,189.68102843743884,189.21016210032596,189.28722245606542,37872300
2016-11-28,188.75643920898438,189.61255515086893,188.65370947621184,189.338604842378,76572500
2016-11-29,189.1245574951172,189.57829785519968,188.4910270568457,188.79067283273022,69886700
2016-11-30,188.67083740234375,189.90364646152315,188.61090301541208,189.74098234075745,113291800
2016-12-01,187.97747802734375,188.9705630905288,187.61789765548292,188.9705630905288,79040500
2016-12-02,188.07154846191406,188.55954083115392,187.71198132508658,188.06299200507038,74840300
2016-12-05,189.20162963867188,189.54407080184095,188.7050808077716,188.90198382342916,67837800
2016-12-06,189.80091857910156,189.8351705352663,188.91056366822536,189.3899865481813,59877400
2016-12-07,192.28370666503906,192.34362800703474,189.52701141411646,189.64686716140454,110738100
2016-12-08,192.75448608398438,193.22535243290795,191.9925434696505,192.2579503668923,99714400
2016-12-09,193.9188690185547,193.9359949996824,192.9428971070115,192.97714906926694,88005800
2016-12-12,193.69627380371094,194.30412200195045,193.27677219854309,193.82468599748915,102016100
2016-12-13,194.98899841308594,195.48554731913939,194.33835487927195,194.35548085901033,110477500
2016-12-14,193.37953186035156,195.39139709678585,192.94290423688426,194.68938860416048,142501800
2016-12-15,194.17575073242188,195.03186709776094,193.38812524390585,193.61928032027112,124972600
2016-12-16,193.79592895507812,194.6915449704416,193.47730315707153,194.6312573112015,156420200
2016-12-19,194.21791076660156,194.63988497695757,193.8303904029604,193.9767864007674,90341100
2016-12-20,194.9671173095703,195.1135264473923,194.51932242546528,194.75182675903397,89838800
2016-12-21,194.42457580566406,195.01015974080977,194.42457580566406,194.83792994460757,67909000
2016-12-22,194.08871459960938,194.39873347530573,193.6925742594399,194.27817130921775,56219100
2016-12-23,194.37289428710938,194.38150117720235,193.94231325723612,194.13175682131336,36697800
2016-12-27,194.8551483154297,195.25127551528226,194.6226308736002,194.6398577945518,42672500
2016-12-28,193.2447509765625,195.13069789250957,193.13280884997076,195.11348411321208,64095000
2016-12-29,193.20172119140625,193.66674294079067,192.7625201133474,193.31366332831337,48696100
2016-12-30,192.4955291748047,193.61504233520182,191.80659698838423,193.52892088429107,108998300
2017-01-03,193.9681396484375,194.4762220905839,192.79695876636885,193.7958967308444,91366500
2017-01-04,195.12208557128906,195.26848153297962,194.2867573884805,194.29536427788966,78744400
2017-01-05,194.9671173095703,195.1221333389085,194.17484966043173,194.85517515869023,78379000
2017-01-06,195.66464233398438,196.12966407630134,194.5365089692909,195.07904528556946,71559900
2017-01-09,195.01878356933594,195.54409299917106,194.98432972524992,195.4063039034097,46939700
2017-01-10,195.01878356933594,195.87132567623993,194.63125009497077,195.03599735108756,63771900
2017-01-11,195.56996154785156,195.56996154785156,194.2695980786161,194.93269672198744,74650000
2017-01-12,195.0790252685547,195.268481958282,193.7270077721798,195.0531914599818,72113200
2017-01-13,195.52684020996094,195.82823903423753,195.2168213556575,195.2512620548958,62717900
2017-01-17,194.83792114257812,195.2943359950259,194.4504008335571,194.88958876507553,61240800
2017-01-18,195.26849365234375,195.31155438264042,194.53650065817047,195.08764384121375,54793300
2017-01-19,194.54515075683594,195.48381437704683,194.1145696678997,195.34602527491714,66608800
2017-01-20,195.2598876953125,195.75074323022767,194.59678923838771,195.22543385479455,129168600
2017-01-23,194.75181579589844,195.32018597098931,193.99400203606893,195.2599114531842,75061600
2017-01-24,196.00048828125,196.41384238690753,194.855141175314,194.967083306671,95555300
2017-01-25,197.69699096679688,197.69699096679688,196.7841480966616,196.94777099923576,84437700
2017-01-26,197.49024963378906,197.81749534333207,197.21467153306085,197.55052413064394,59970700
2017-01-27,197.18028259277344,197.7141988777078,196.9994327741686,197.5678029008803,59711100
2017-01-30,195.95742797851562,196.5171780573932,194.97570376275382,196.4913442470013,79737300
2017-01-31,195.9402313232422,196.00051898366206,194.89823243571473,195.4665894924151,75880800
2017-02-01,196.01768493652344,196.8530131051667,195.43210109969132,195.94018351228783,79117700
2017-02-02,196.1468963623047,196.43108143382898,195.32879499049955,196.01771416236227,69657600
2017-02-03,197.49887084960938,197.6797206338681,196.74105729820448,197.05107611387086,80563200
2017-02-06,197.1458282470703,197.4903009625108,196.80997556219742,197.09416062482688,57790100
2017-02-07,197.1544647216797,197.77450252089744,196.96500799745806,197.53337817012294,57931200
2017-02-08,197.41282653808594,197.54199561136676,196.61193886286796,197.15447525123201,51566200
2017-02-09,198.58401489257812,198.88541378798945,197.4128337377141,197.4128337377141,65955200
2017-02-10,199.3675994873047,199.5915100054071,198.60116587290565,198.92841162072386,66015900
2017-02-13,200.4527130126953,200.71106428018317,199.83267522684102,199.85850903956066,55182100
2017-02-14,201.2535858154297,201.26220584645884,199.92740192577156,200.27186151936579,71109000
2017-02-15,202.3042449951172,202.4937017514566,200.98666773348916,201.03833536880103,86785800
2017-02-16,202.13194274902344,202.51085612595435,201.38273602482136,202.33000632685946,84722400
2017-02-17,202.45057678222656,202.45057678222656,201.45162568212956,201.4688526018663,77204100
2017-02-21,203.65621948242188,203.8284492656725,202.81227120600053,202.82089123635168,88946100
2017-02-22,203.47535705566406,203.69925444598178,203.0878367822995,203.25145966534637,62115200
2017-02-23,203.61317443847656,204.00930165644274,202.8553475654405,203.9920878749946,74615900
2017-02-24,203.87152099609375,203.91456858901134,202.72617382226116,202.76923455546964,82381600
2017-02-27,204.1901397705078,204.36236955714747,203.535661325161,203.78539254474492,56515400
2017-02-28,203.63900756835938,204.05236170667933,203.2514872424162,203.81123736430177,96961900
2017-03-01,206.4894561767578,206.95449108934181,205.27521440981133,205.29244133183443,149158200
2017-03-02,205.1890869140625,206.308600215748,205.13741929311072,206.29998018539592,70246000
2017-03-03,205.3183135986328,205.48193653776863,204.72410951031603,205.10302302404233,81974300
2017-03-06,204.7068328857422,205.05989933306515,204.10400894970482,204.52598307687302,55391500
2017-03-07,204.09539794921875,204.75849638133062,203.8887143347153,204.40541680082913,65103700
2017-03-08,203.71644592285156,204.6465023012895,203.5786568726488,204.3881511172311,78168800
2017-03-09,203.97486877441406,204.30211459855315,203.01037136468838,203.8370796757985,90683900
2017-03-10,204.6896209716797,204.97380604057082,203.74233740870923,204.93074530765566,81991700
2017-03-13,204.79299926757812,204.836060009545,204.30214360197766,204.62937633228012,57256800
2017-03-14,204.00929260253906,204.3020976979482,203.3978748809851,204.25041693502382,59880800
2017-03-15,205.77468872070312,206.196662895698,204.34515642855678,204.57767388337365,96081800
2017-03-16,205.3699188232422,205.9899565408601,205.04268618470874,205.91245511123034,78344000
2017-03-17,205.00926208496094,205.82227819204954,205.00926208496094,205.63199726496683,89002100
2017-03-20,204.784423828125,205.29471676192333,204.39521757687982,205.0092953250212,52537000
2017-03-21,202.15505981445312,205.51090901439778,202.02532881856098,205.38982235241298,131809300
2017-03-22,202.6306915283203,202.91611281729348,201.56685814029424,202.18959309851724,97569200
2017-03-23,202.4145050048828,203.54753285927518,202.04260074013908,202.63073209762806,100410300
2017-03-24,202.2675018310547,203.28808752371825,201.4890894619878,202.71725794521547,112504900
2017-03-27,202.05990600585938,202.31938117796201,200.32144478844586,200.59820862722134,87454500
2017-03-28,203.5302734375,203.9540701538015,201.6447660551732,201.75720838274196,93483900
2017-03-29,203.7205352783203,203.95406426057835,203.0199615290021,203.24484617764165,61950400
2017-03-30,204.36923217773438,204.56817064319617,203.48703497312647,203.66001404084622,56737900
2017-03-31,203.89353942871094,204.55950948750663,203.84163383160336,204.03191476196116,73733100
2017-04-03,203.53892517089844,204.1443585000938,202.31075664668595,203.94543323424176,85546500
2017-04-04,203.6686248779297,203.7551209962921,202.8729107393236,203.2534725441906,56466200
2017-04-05,203.063232421875,205.32064431094852,202.8556496145903,204.34329340648705,108800600
2017-04-06,203.6340789794922,204.15301621103774,202.76051286391876,203.20162468780876,69135800
2017-04-07,203.42652893066406,204.1184585482858,202.94218215756678,203.383280855039,74412300
2017-04-10,203.54754638671875,204.34326055720862,203.0199517174591,203.56484825057547,67615300
2017-04-11,203.30545043945312,203.40923526717253,201.81780632066048,203.16706187085373,88045300
2017-04-12,202.4145050048828,203.2188766525714,202.18963357951134,203.02859575515922,81864400
2017-04-13,201.09988403320312,202.8124124799033,201.09988403320312,202.07723492675308,92880400
2017-04-17,202.88156127929688,202.88156127929688,201.4198640325367,201.61878926097052,68405400
2017-04-18,202.276123046875,202.8123752285135,201.59285121855888,202.14639206600955,83225800
2017-04-19,201.90423583984375,203.21024288163855,201.6793511907246,202.83833857341216,68699900
2017-04-20,203.54754638671875,203.98865813160546,202.1982913499118,202.51830324525685,92572200
2017-04-21,202.89889526367188,203.52163048064483,202.5010447179408,203.46973807880664,110389800
2017-04-24,205.13034057617188,205.3379233603899,202.87292893794245,205.13898490980165,119209900
2017-04-25,206.32395935058594,206.66991752867415,205.68392220391834,205.77041834716968,76698300
2017-04-26,206.1941375732422,207.1714881950138,206.1509027153384,206.28927801604698,84702500
2017-04-27,206.36717224121094,206.66988229606818,205.83091999989713,206.51420510170553,57410300
2017-04-28,205.9174346923828,206.65259906113272,205.78769048792753,206.62665285973316,63532800
2017-05-01,206.43634033203125,206.86015021914145,206.02118797570128,206.43634033203125,66882500
2017-05-02,206.51422119140625,206.69584459897976,206.10771311117955,206.57475792811164,57375700
2017-05-03,206.2633514404297,206.60932271874108,205.588723944541,206.5141822668873,73137700
2017-05-04,206.50555419921875,206.64394273028756,205.65794754197145,206.5661041306076,61462700
2017-05-05,207.31854248046875,207.33584434389297,206.43633221020283,206.87744394406326,62001300
2017-05-08,207.28396606445312,207.50883751445906,206.8601561651609,207.3618046589795,48385700
2017-05-09,207.09368896484375,207.7423703261031,206.74771765369846,207.5434450706046,51363200
2017-05-10,207.465576171875,207.465576171875,206.84284106061338,207.0504238301856,54293800
2017-05-11,207.04180908203125,207.20614381507636,205.96067341458388,207.01586288180906,62358300
2017-05-12,206.6958465576172,207.0850527749916,206.42772701225834,206.79098702830493,53912700
2017-05-15,207.83750915527344,207.95859581385963,207.10233167263556,207.11963353742098,61918900
2017-05-16,207.64724731445312,208.15754019413583,207.25804110448254,208.1315939933016,51241800
2017-05-17,203.96278381347656,207.6472902661025,203.90223386736722,207.6472902661025,172174100
2017-05-18,204.784423828125,205.63203060599696,203.62543621230657,203.8849114456229,107047700
2017-05-19,206.11631774902344,206.7823009092626,205.21681882402052,205.26871121619024,115011400
2017-05-22,207.16285705566406,207.32719175801526,206.55742383446582,206.62660489049898,61010600
2017-05-23,207.62127685546875,207.78561157318967,207.15421890010862,207.53478073115593,48341700
2017-05-24,208.10568237304688,208.20946719362954,207.51753759567328,207.85486465748568,46927700
2017-05-25,209.1002655029297,209.377042546185,208.40834928970304,208.6159188746887,64071700
2017-05-26,209.05706787109375,209.22138942265474,208.83218318403254,208.91002179226535,46629900
2017-05-30,208.8754425048828,209.1262602107397,208.58137672630332,208.73705395115405,35201900
2017-05-31,208.82345581054688,209.2040175627438,208.13152655177547,209.1694138412061,91796000
2017-06-01,210.48410034179688,210.50140220439292,208.99645689744077,209.28187824173105,68962000
2017-06-02,211.18467712402344,211.34036749477772,210.2419301591628,210.5359958403654,88666100
2017-06-05,211.02903747558594,211.29715700891515,210.83009901105527,211.01173560965785,44698800
2017-06-06,210.35440063476562,211.0203706729839,210.27654884023806,210.4668297647165,50375400
2017-06-07,210.74362182617188,210.96849329954466,210.02574614132465,210.69172942442873,54144300
2017-06-08,210.847412109375,211.3231144668124,210.31981734884585,210.8387677746789,65950700
2017-06-09,210.52740478515625,211.91125062202613,209.26463242652287,211.11553629639795,132256400
2017-06-12,210.48410034179688,210.5359927321307,209.6364938389512,210.2851751130325,86108100
2017-06-13,211.51341247558594,211.56530488286464,210.6744500313574,211.0204082115211,60067000
2017-06-14,211.24525451660156,211.79013789146447,210.42358089248344,211.78149355764182,78602300
2017-06-15,210.8387451171875,210.95983177720848,209.61922098575457,209.89598483832128,66464900
2017-06-16,210.8848114013672,211.04994752534736,210.00699858556482,210.99780206763052,84553100
2017-06-19,212.64048767089844,212.70131962832218,211.61491152887774,211.71051597210155,65123800
2017-06-20,211.2064208984375,212.2928289972436,211.1890479173653,212.28414250670747,56906400
2017-06-21,211.15428161621094,211.71052204861903,210.6849591389802,211.59754462107009,55977600
2017-06-22,211.0586395263672,211.65833882940308,210.8848169088331,211.16294370634014,44148100
2017-06-23,211.31069946289062,211.64095846683273,210.7370728734632,211.11949059974816,66986800
2017-06-26,211.4497833251953,212.39714130250758,211.24120144982373,211.97995102812823,56700500
2017-06-27,209.74623107910156,211.5279424723989,209.72884484149196,211.23242948028994,82247700
2017-06-28,211.6236114501953,211.82350682734375,210.52850359751773,210.763171460494,70042600
2017-06-29,209.76364135742188,211.82346647947858,208.55555631046235,211.77132102248703,106949700
2017-06-30,210.1547393798828,210.9456474858864,209.96353053531456,210.57191628538862,86820700
2017-07-03,210.51109313964844,211.52796934909023,210.51109313964844,211.0934061863297,39153800
2017-07-05,210.9977569580078,211.20633874428205,210.0677856214937,210.87607982874368,54427600
2017-07-06,209.06832885742188,210.35463203575168,208.88580650381542,210.23295488728553,65400800
2017-07-07,210.42416381835938,210.5719136942868,209.07701543431983,209.64195547243426,57972300
2017-07-10,210.650146484375,211.023877706191,210.1199788872515,210.42417841054788,36663300
2017-07-11,210.49374389648438,210.80662995913784,209.32911759842563,210.6501802969023,50354600
2017-07-12,212.07554626464844,212.24068241669124,211.45847389438245,211.45847389438245,59610400
2017-07-13,212.4318389892578,212.54482964689768,211.85821247452137,212.0841937898011,39471600
2017-07-14,213.4226837158203,213.7790287344336,212.33627567991405,212.43188011754648,60262700
2017-07-17,213.39657592773438,213.7268481601751,213.22275332290783,213.34443047246788,33531900
2017-07-18,213.50958251953125,213.56172797868854,212.64914265798896,212.988101404327,42742500
2017-07-19,214.66551208496094,214.6741985738077,213.81375875263902,213.8224585033008,51034300
2017-07-20,214.7611083984375,215.03922191099483,214.21355460002698,214.91754476266078,47135200
2017-07-21,214.56991577148438,214.59598850082523,213.96151672202305,214.18749805873117,82340800
2017-07-24,214.5177764892578,214.65682662914074,214.04844082397815,214.49169049735036,46622300
2017-07-25,215.03924560546875,215.36951787097334,214.81327752275382,215.26521368818368,54915600
2017-07-26,215.0479278564453,215.36081387501542,214.78720055915,215.3260546559813,47575400
2017-07-27,214.84805297851562,215.54335678178802,213.5269770784798,215.50859755944205,70766600
2017-07-28,214.59596252441406,214.72632615533806,213.91804511998137,214.36998121506053,50088400
2017-07-31,214.4742889404297,215.09136115279443,214.2656938656761,214.99575673459248,65838700
2017-08-01,214.9523162841797,215.10875264770706,214.43083521545947,215.0739934319725,55050400
2017-08-02,215.05662536621094,215.1956887645296,214.1266538094975,215.08269809566875,47211200
2017-08-03,214.639404296875,214.96966322270134,214.36127755742876,214.94359049860486,40856000
2017-08-04,215.03057861328125,215.36083764691514,214.6481608526152,215.12618305344776,60191800
2017-08-07,215.4302978515625,215.4302978515625,214.99573476991617,215.100038927544,31995000
2017-08-08,214.90017700195312,216.33424343971365,214.52645903629823,215.11745858993362,61719400
2017-08-09,214.89149475097656,214.94364021122985,213.85723224990033,214.21357724405223,62632600
2017-08-10,211.85824584960938,214.18751149071593,211.80610038765755,214.05713457402004,120479500
2017-08-11,212.17111206054688,212.76212485168887,211.84953956734344,212.0842073860186,74869900
2017-08-14,214.2744140625,214.491695659703,213.41398742513857,213.4487466454919,73291900
2017-08-15,214.24835205078125,214.67422877685988,213.94416575656814,214.65684253490522,55242700
2017-08-16,214.6220245361328,215.16957828230625,214.19614792668534,214.76977439774194,56715500
2017-08-17,211.27593994140625,214.32658218751973,211.27593994140625,214.01369614334953,128490400
2017-08-18,210.94561767578125,212.23192068870688,210.5023548433704,211.1107405074695,136748000
2017-08-21,211.11080932617188,211.3715499134438,210.18085092114322,210.8848412235054,65469700
2017-08-22,213.318359375,213.47479574199497,211.6757112124789,211.6930974516388,63140100
2017-08-23,212.5535430908203,212.97941978670568,212.205897847276,212.35364773887312,50203800
2017-08-24,212.0581512451172,213.09240050234038,211.8495561386653,212.93596411886358,50741700
2017-08-25,212.5535430908203,213.46612843239413,212.40579319922318,212.8490428740146,64445900
2017-08-28,212.562255859375,213.10979648839782,212.14506562739396,213.0837237566261,40565600
2017-08-29,212.8056182861328,213.06634561376057,211.13688381841158,211.24987450159514,51135700
2017-08-30,213.8137969970703,214.08323734129397,212.6057117405338,212.78823413348303,62030800
2017-08-31,215.10008239746094,215.3434367114177,213.848538347503,214.43085140317208,103803900
2017-09-01,215.40428161621094,215.8301583221608,215.25653172112212,215.4738133189262,62007000
2017-09-05,213.85719299316406,215.12612309426453,212.8924623701218,214.9001417922281,91398800
2017-09-06,214.5872802734375,214.91755251446293,214.00496723813447,214.53513481681557,57916900
2017-09-07,214.56121826171875,214.9088767595875,214.15272781535776,214.89149051924016,58034700
2017-09-08,214.30914306640625,214.76977889807915,214.06578878785504,214.2743705912912,63832800
2017-09-11,216.59494018554688,216.67315835856238,215.56067791407645,215.57805088909348,71364800
2017-09-12,217.3250274658203,217.3597866815819,216.7774736694203,216.95999602215846,56896000
2017-09-13,217.42933654785156,217.46410902833395,216.9252416753817,217.03823234422606,59228000
2017-09-14,217.35983276367188,217.55974139758038,216.93396928668705,217.1077919259758,95446300
2017-09-15,217.65240478515625,217.73974074405513,217.1108765260414,217.21568500777204,95432400
2017-09-18,218.1153564453125,218.4647269838403,217.73104085635288,218.0192775480726,46235200
2017-09-19,218.3336944580078,218.42104374769173,218.01052607591205,218.35989657938688,47108100
2017-09-20,218.41229248046875,218.52584388719498,217.41657192320085,218.42103540568147,59574100
2017-09-21,217.8270721435547,218.3423982399205,217.6523869124714,218.25506228819327,48211400
2017-09-22,217.87075805664062,218.03671369942697,217.5039150540953,217.53011717373215,51214000
2017-09-25,217.42532348632812,217.96686512666057,216.68290778788798,217.61748127360232,57064400
2017-09-26,217.55630493164062,218.0978331385597,217.32047254284774,217.8532711530073,54082000
2017-09-27,218.403564453125,218.78787999161077,217.37289884285593,218.25508132737005,81001400
2017-09-28,218.66563415527344,218.7442405296163,218.03675650526645,218.1240924786589,44778800
2017-09-29,219.4342041015625,219.51282378636614,218.47342863829596,218.65684347170293,85578000
2017-10-02,220.38626098632812,220.38626098632812,219.4866060401173,219.6613046021802,59023000
2017-10-03,220.85792541503906,220.8841275353606,220.30765423302748,220.3862739216219,66810200
2017-10-04,221.11996459960938,221.36452661284386,220.59589552688965,220.70944693575927,55953600
2017-10-05,222.43008422851562,222.44754342089269,221.15485682071835,221.4518230226616,63522800
2017-10-06,222.17678833007812,222.4650249475023,221.72260941258702,221.9846305851287,80646000
2017-10-09,221.80999755859375,222.46507729936198,221.54796299676016,222.40394345392528,35803100
2017-10-10,222.3951873779297,222.7707733374642,221.83618656529862,222.3777281817695,43057400
2017-10-11,222.74461364746094,222.74461364746094,222.13320847461802,222.29915083553502,47674300
2017-10-12,222.4126739501953,222.77951700719035,222.17684151083012,222.4301464750898,47065100
2017-10-13,222.68341064453125,222.96291769784074,222.41264651640637,222.84936629148,54800400
2017-10-16,222.98036193847656,223.17251969283203,222.5698576388578,222.91049850746452,38221700
2017-10-17,223.13760375976562,223.18127840295898,222.70961358067885,222.9279734690156,31561000
2017-10-18,223.35595703125,223.5568443908322,223.1637992689959,223.5131697489327,40888300
2017-10-19,223.41712951660156,223.4520745672181,222.1593875746752,222.57863488865067,61903800
2017-10-20,224.57005310058594,224.59628187884428,223.3996605089635,224.21196630472966,89176400
2017-10-23,223.6966094970703,224.9194462959128,223.61800312947534,224.89324417338113,63915300
2017-10-24,224.08966064453125,224.32547973958586,223.73154721149646,224.1246056918486,66935900
2017-10-25,222.98036193847656,223.87127395161298,221.85363085850938,223.75772255286773,103715300
2017-10-26,223.2686309814453,223.86256352467024,223.14634996797955,223.59181270302912,69798000
2017-10-27,225.09410095214844,225.2513403305325,223.2773584004407,224.01104443027998,85562500
2017-10-30,224.2556610107422,224.99809014650484,223.9586946874904,224.01109894128388,54285700
2017-10-31,224.60498046875,224.858285407945,224.30801421308635,224.63118258968325,60304800
2017-11-01,224.90194702148438,225.72298235215794,224.5351173279343,225.38235477957573,54202700
2017-11-02,224.98928833007812,225.1290418553702,223.7664783028467,224.8320756098468,56449500
2017-11-03,225.74049377441406,225.78415509588623,224.73601682791988,225.1465345397593,59589700
2017-11-06,226.08981323242188,226.22082382250312,225.53954209882326,225.60940552844747,49652600
2017-11-07,225.93263244628906,226.5265649754122,225.42602255271962,226.19465366347248,57502200
2017-11-08,226.31687927246094,226.41297147107142,225.47838487809508,225.75789189463578,50469600
2017-11-09,225.49594116210938,225.68809896409653,223.91499076764975,225.1116255581351,95085500
2017-11-10,225.42601013183594,225.6007087038398,224.79713258998552,225.11158468854057,59984700
2017-11-13,225.63565063476562,225.86275347101255,224.7098067481224,224.74475179722094,50228600
2017-11-14,225.11163330078125,225.2164418045128,224.0547520258686,224.8321261873201,61315200
2017-11-15,223.9848175048828,224.66609921823314,223.27733367391352,224.14203021059666,80811500
2017-11-16,225.8889617919922,226.25581817943672,224.8845115087638,224.92817282988813,67777000
2017-11-17,225.22515869140625,225.86277929786854,225.1465523133929,225.53961085872515,75756800
2017-11-20,225.6094512939453,225.80160908346332,225.22513571490924,225.46972440635292,48075500
2017-11-21,227.0855712890625,227.26901281156458,225.57453771922826,226.37808728873543,69176800
2017-11-22,226.8846893310547,227.22531692979058,226.7187336670959,227.09430631489215,45033400
2017-11-24,227.4087371826172,227.51357233228404,227.23406524369858,227.37381878799133,27856500
2017-11-27,227.29522705078125,227.74940610752606,227.09432632006434,227.4524398025085,52274900
2017-11-28,229.60108947753906,229.62729160230606,227.66205227898897,227.7581445066441,98971700
2017-11-29,229.4613037109375,230.26487984974452,229.01586765243735,229.73206784726955,77512100
2017-11-30,231.47027587890625,232.3786340239822,230.29986981657459,230.37847619517157,127894400
2017-12-01,230.98983764648438,231.73226666483723,227.75812700080465,231.25188552927713,164390900
2017-12-04,230.71034240722656,233.03366822283851,230.65791150982508,232.60569136026692,94040600
2017-12-05,229.8805694580078,231.59250360309943,229.74955884962907,229.8805694580078,77994500
2017-12-06,229.92417907714844,230.3521825086304,229.46125726145766,229.97658330871684,75898600
2017-12-07,230.649169921875,230.9635953402073,229.6621790444583,230.649169921875,77218600
2017-12-08,231.9069366455078,231.91565291517546,230.61423655354508,231.60122748092607,76563900
2017-12-11,232.60572814941406,232.6668753266698,231.88078491496563,232.60572814941406,83077500
2017-12-12,233.01620483398438,233.48786966002598,232.64063222031234,233.39177744765638,85195800
2017-12-13,232.989990234375,233.69747410791436,232.9026409519702,233.2607543511489,102905400
2017-12-14,232.0379638671875,233.40052749040524,231.9855596243915,233.28697607926028,100666700
2017-12-15,233.9702606201172,234.43554878182445,232.9870121871894,233.03968429670263,144610300
2017-12-18,235.453857421875,235.80501365448455,235.26071747521428,235.36606166584681,83653600
2017-12-19,234.54965209960938,235.74358882543072,234.47940476779215,235.69970433667532,82382900
2017-12-20,234.4267578125,235.56802255763964,234.12827359902516,235.51535044887996,76751500
2017-12-21,234.90960693359375,235.6207340227915,234.66379481577025,235.05007482828026,67032300
2017-12-22,234.84811401367188,234.96224582342296,234.3125786274947,234.92712216084462,78720900
2017-12-26,234.56716918945312,234.78664518691386,234.30380870910167,234.44424977095338,45244400
2017-12-27,234.681396484375,235.0413404816488,234.4092482801095,234.73406860187708,57751000
2017-12-28,235.16419982910156,235.20811111513945,234.7954950588432,235.181775060121,45116100
2017-12-29,234.27748107910156,235.76114118823554,234.08436789215662,235.7435927507426,96007400
2018-01-02,235.95423889160156,235.98936255180203,234.75151474688784,235.13779463458457,86655700
2018-01-03,237.44679260253906,237.5960481315541,236.12114844966464,236.12114844966464,90070400
2018-01-04,238.4475555419922,238.93041894439426,237.50821837550382,238.08763838347974,80636400
2018-01-05,240.03659057617188,240.1594832389474,238.74607026371623,239.2376944978411,83524000
2018-01-08,240.47549438476562,240.6335106872347,239.65026241653015,239.9399589710568,57319200
2018-01-09,241.01980590820312,241.64311033514758,240.6159507209364,240.89688647081562,57254000
2018-01-10,240.65106201171875,240.9144493105008,239.59759319110952,240.2647820733768,69574300
2018-01-11,242.40695190429688,242.4069519042969,241.0374232216806,241.20422719636602,62361500
2018-01-12,243.98715209960938,244.15392925287028,242.37178476166358,242.67029577236767,90816100
2018-01-16,243.1531524658203,245.89220956615077,242.45960057454664,245.2425689643196,106555100
2018-01-17,245.4708251953125,245.85710525696388,243.15317161691908,244.0837480950297,113258800
2018-01-18,245.05813598632812,245.777996906449,244.56648509700818,245.35662013203756,100728000
2018-01-19,246.173095703125,246.173095703125,245.05816712382477,245.63756026225914,140920100
2018-01-22,248.1746826171875,248.1746826171875,245.9096753056834,245.96237419359392,91322400
2018-01-23,248.70144653320312,248.9911430822644,247.8937630166444,248.21858322942705,97084700
2018-01-24,248.60488891601562,249.93932036064535,247.4285005787556,249.3423251815439,134816100
2018-01-25,248.71023559570312,249.56180369497707,247.92012721704376,249.46524709816148,84587300
2018-01-26,251.58978271484375,251.63369400129739,249.28967791641975,249.54427764501574,107743100
2018-01-29,249.92176818847656,251.45810058127645,249.76375185803687,251.0191484690479,90118300
2018-01-30,247.3582305908203,249.97436726883348,246.88415494649124,248.09566670894165,131796400
2018-01-31,247.4811553955078,248.7102157521953,246.41011134364305,248.2098307869233,108364800
2018-02-01,247.20022583007812,248.4995335490144,246.41011749473475,246.75251295523756,90102500
2018-02-02,241.8187255859375,246.0151066419787,241.78360191588195,245.883399577148,173174800
2018-02-05,231.7052001953125,242.1698278399502,231.16090399277928,240.06286356273918,294681800
2018-02-06,236.2703094482422,236.77072116167997,227.11377709458372,228.20236948886597,355026800
2018-02-07,234.98861694335938,239.10596278188044,234.90958199288642,235.71726560370294,167376100
2018-02-08,226.17445373535156,235.42757111233564,226.13933006721916,235.28710323131492,246449500
2018-02-09,229.57186889648438,231.42423325787024,222.03945185827985,228.9573254524365,283565300
2018-02-12,232.9430694580078,234.409181085586,229.71238881690365,231.61742570067418,143736000
2018-02-13,233.52255249023438,234.06684888984756,231.1609876920308,231.74040776657475,81223600
2018-02-14,236.6741485595703,237.03409243343134,232.03002865434567,232.03881626808786,120735700
2018-02-15,239.6941680908203,239.7029557055696,235.95428785276758,238.4124355383196,111200300
2018-02-16,239.7643585205078,241.70454573082915,239.0269223449148,239.07083362163766,160420100
2018-02-20,238.26315307617188,240.25601241008334,237.47304479191206,238.81623691260538,86369700
2018-02-21,237.0780487060547,241.17787363079094,236.98149209167454,238.7021770413317,98883700
2018-02-22,237.38522338867188,239.7116635044079,236.7180346030189,237.9997668719995,110511300
2018-02-23,241.16908264160156,241.16908264160156,238.13154126660785,238.60561709001573,92766400
2018-02-26,243.9696044921875,244.06618789870637,241.6519510254108,242.24013191492972,86491400
2018-02-27,240.9232177734375,244.86502543404572,240.8617580559553,244.15389845883672,99099200
2018-02-28,238.4826202392578,242.46831196768898,238.1665876538822,242.0205723469025,121907800
2018-03-01,235.01486206054688,239.81699700165544,233.5224148580129,238.27187771352598,176855100
2018-03-02,236.22647094726562,236.788342544187,232.48661694736793,233.34694599182436,139083200
2018-03-05,238.95669555664062,239.5712390826377,234.93588017192567,235.04125115839994,97307400
2018-03-06,239.5625457763672,240.0102855727528,238.0700976494251,239.9312506039078,79213200
2018-03-07,239.47471618652344,239.8258725222724,237.20973504815836,237.40287505154694,87063500
2018-03-08,240.63352966308594,240.75642231086204,239.15865714072376,240.15066631212258,66901200
2018-03-09,244.8210906982422,244.8210906982422,241.72209056756208,242.0381499475418,113625300
2018-03-12,244.513916015625,245.73421595248826,244.1276359486694,245.11091135006612,71924800
2018-03-13,242.93368530273438,246.17315439753227,242.3279291766168,245.67274250351971,91968900
2018-03-14,241.68695068359375,244.0748505384305,241.1338936908821,243.8904982075266,105895100
2018-03-15,241.4236297607422,242.83704251505435,240.92321798909455,242.1961896626177,83433000
2018-03-16,241.68548583984375,242.73437827382625,241.63260276744262,241.94990120184937,100343700
2018-03-19,238.41529846191406,241.86165405267454,236.76704728781232,240.93617376844998,109208400
2018-03-20,238.82083129882812,239.4554549648832,238.14212048028443,238.81200848856804,59757300
2018-03-21,238.3624725341797,240.86570282453886,238.150940281105,238.77674112899192,78709600
2018-03-22,232.40408325195312,236.98745229628895,232.13081823448522,236.14129640944108,148785900
2018-03-23,227.4505157470703,233.17095224027113,227.25660218969375,232.84483100714124,183534800
2018-03-26,233.67330932617188,233.955370261597,228.6492300456166,231.04669419910772,141956100
2018-03-27,229.6981201171875,235.13646793923286,228.14681188586164,234.6076373138364,129941400
2018-03-28,229.01939392089844,231.496209377788,227.91761869403678,229.8303123233447,146452300
2018-03-29,231.94570922851562,233.80551974952124,229.0282106570557,230.1564273834921,111601600
2018-04-02,226.9392547607422,231.92809620608446,224.4712755675117,231.41685743848606,186286300
2018-04-03,229.847900390625,230.32387475681935,226.3839259950457,228.17320764889604,119956900
2018-04-04,232.3070831298828,233.01220846166905,226.17240666715955,226.30461430451857,123715300
2018-04-05,234.14047241210938,235.02189260297175,232.97699130445676,234.06112092397936,82652600
2018-04-06,228.92242431640625,233.67326456153145,227.40638070243776,232.18368937282415,179521200
2018-04-09,230.05062866210938,233.43527836169534,229.1163255788343,230.37674977058023,105442900
2018-04-10,233.70855712890625,234.4930340065151,231.79589038705828,232.93290306078362,103529000
2018-04-11,232.48341369628906,234.140488069733,232.1572925076709,232.22779429217832,91140200
2018-04-12,234.39608764648438,235.33921379794384,233.6292563098291,233.80555112463333,68890500
2018-04-13,233.70855712890625,235.81516428659432,232.70375210342695,235.7005753585113,85079200
2018-04-16,235.6300506591797,236.39690882957498,234.51947949635002,235.33919382812687,63405300
2018-04-17,238.15093994140625,238.7502992568039,236.88169262714564,237.39290453761745,64682000
2018-04-18,238.3272705078125,239.12933938618258,237.86891469295483,238.5916858634493,57303900
2018-04-19,237.00511169433594,237.8777091627883,235.9738381325913,237.6749728150779,77655900
2018-04-20,234.9954071044922,237.154897174765,234.11398697765554,236.93454214305586,99953100
2018-04-23,234.96022033691406,236.12370161096285,233.88488647431987,235.5684025074935,65558000
2018-04-24,231.79591369628906,236.20301507306138,230.29748846866164,235.98266000422277,112885500
2018-04-25,232.36880493164062,232.8095150189369,229.91845792222574,231.73418132998165,103840900
2018-04-26,234.7310333251953,235.55957054280748,232.95057403778003,233.39128417911363,67731900
2018-04-27,234.95140075683594,235.6389075375341,234.01709735995928,235.33922785351837,57053600
2018-04-30,233.14447021484375,236.12367485222273,233.0739415341474,235.5683758116827,82182300
2018-05-01,233.5587615966797,233.66452772924058,231.02906273180506,232.58037107286572,74203400
2018-05-02,231.98976135253906,234.17566579942684,231.60193438961295,233.36477443971185,86368900
2018-05-03,231.47860717773438,232.13084962675967,228.33193008387593,231.16130876431046,136311500
2018-05-04,234.47543334960938,235.15414423876828,230.18292052098005,230.50904174879244,91222100
2018-05-07,235.2686767578125,236.23821739751983,234.5547016940085,235.24223522943518,55304900
2018-05-08,235.2686767578125,235.63003534603325,233.70854588712598,234.89846846172185,67499200
2018-05-09,237.542724609375,237.86884575308144,235.41849887202426,235.93853351993553,59666100
2018-05-10,239.76390075683594,240.09004880901813,238.17735523817117,238.2831213529077,72063900
2018-05-11,240.49549865722656,240.75991394858534,239.37607782658708,239.88731658829252,59871500
2018-05-14,240.61001586914062,241.57955624768996,240.06351293186987,240.92731412420022,54790600
2018-05-15,238.95306396484375,239.40257005534806,238.00993772791824,239.3849513317959,87036100
2018-05-16,239.95785522460938,240.41621099844787,238.96184597615334,238.98831440816372,53942600
2018-05-17,239.75509643554688,240.83043006232478,238.97944242294543,239.69339057117915,56536400
2018-05-18,239.15574645996094,239.7727513992917,238.80318373697688,239.4113658661193,64368000
2018-05-21,240.9538116455078,241.49149190105553,240.24868631563004,240.63651331670496,58025900
2018-05-22,240.28392028808594,241.7294621619401,239.95779915524992,241.47384280155237,52966400
2018-05-23,240.9449920654297,240.97146049199173,238.8560306763974,239.0147067417322,64694200
2018-05-24,240.45150756835938,240.82171602296654,238.67104779804026,240.54847781313586,76043800
2018-05-25,239.8784942626953,240.50429505271225,239.37607830929167,239.8784942626953,56374800
2018-05-29,237.1196746826172,239.01474980878663,236.00910341800926,238.25671437855638,115908600
2018-05-30,240.28392028808594,240.72463033760636,238.3536350180888,238.4241367905371,69678400
2018-05-31,238.81198120117188,240.17817169479065,238.21262194583,239.8784920671197,93519900
2018-06-01,241.15652465820312,241.45620423939144,240.03710400918308,240.1076326746418,71258400
2018-06-04,242.3023681640625,242.55798751212566,241.73827331525345,241.97624704695025,45385200
2018-06-05,242.4787139892578,242.8577182376583,241.66779553102288,242.43462683786473,51135000
2018-06-06,244.5059814453125,244.61174757560133,242.46990274081546,243.0869076992501,62732200
2018-06-07,244.47955322265625,245.2816489527639,243.57169135650165,244.99079207863485,72969400
2018-06-08,245.20225524902344,245.25513830214365,243.85368359684531,244.02115556466143,72139700
2018-06-11,245.5283660888672,246.2423141748829,245.30801107716346,245.42259998705822,58892500
2018-06-12,245.8456573486328,246.20701584698483,245.20221111973012,245.9426006289708,72329000
2018-06-13,245.0612335205078,246.3393034469007,244.85849721046816,246.08368408186067,79070600
2018-06-14,245.67828369140625,246.2071143389862,245.08772026985903,245.9250802932143,77097600
2018-06-15,245.36485290527344,245.70130092797672,243.7888808670294,244.895603562976,120041600
2018-06-18,244.86016845703125,244.98413436209893,243.43472266632747,243.91280739262805,52917600
2018-06-19,243.9217071533203,244.14305171516543,242.17751092519677,242.5936397822496,97531500
2018-06-20,244.3378448486328,245.00187855818777,244.00139677932216,244.60344752461447,53785500
2018-06-21,242.8060760498047,244.34665228256307,242.31026648649697,244.32892742841975,71061400
2018-06-22,243.2487335205078,244.17839659575208,243.02738902920078,244.06329313713783,54898500
2018-06-25,239.93743896484375,242.25712501103698,238.25522616199765,242.0977634550983,137854200
2018-06-26,240.4687042236328,241.31865965839233,239.7515501037426,240.50412691413,68547400
2018-06-27,238.4766082763672,242.47850775660206,238.3260821033997,241.0530619154473,105110700
2018-06-28,239.84011840820312,240.60153070616383,237.71518906963607,238.4235078556914,76650500
2018-06-29,240.18536376953125,242.29256791699456,240.07026029632775,240.92907811223688,97592500
2018-07-02,240.6989288330078,240.8583174600272,238.37924203747139,238.61831146819992,63554800
2018-07-03,239.84889221191406,241.69049356304407,239.42392806903175,241.59308793390554,42187100
2018-07-05,241.80564880371094,241.86763176794398,239.9020909078171,240.97341807949942,56925900
2018-07-06,243.85086059570312,244.22270428564602,241.4514663685335,241.83219950579445,66493700
2018-07-09,246.0465545654297,246.09967508683505,244.80703069998145,244.85128879462133,50550400
2018-07-10,246.9319610595703,247.0293667064297,246.20594449060724,246.4981344115885,51966800
2018-07-11,245.12579345703125,246.17056025929276,244.82476811387056,245.38256069839704,77054700
2018-07-12,247.3480682373047,247.40118876018292,245.78095877320726,246.38300937889045,60124700
2018-07-13,247.54293823242188,247.8439636395255,246.7195428230264,247.17109444348375,48216000
2018-07-16,247.32147216796875,247.72873845760168,246.87878319501408,247.58710176349595,48201000
2018-07-17,248.3219451904297,248.71151363505118,246.49806884496982,246.5511893583646,52315500
2018-07-18,248.8443603515625,248.95060139774912,247.9589822738811,248.4016713127218,44593500
2018-07-19,247.90586853027344,248.56103967940436,247.42775678976406,248.18033358029288,61412100
2018-07-20,247.6225128173828,248.3308314298879,247.4631512619163,247.70219359511609,82337700
2018-07-23,248.0829620361328,248.28658171283647,247.07361800177213,247.41892844076798,47047600
2018-07-24,249.3313446044922,250.1724647113452,248.46369125173717,249.49073321709503,68026900
2018-07-25,251.4561767578125,251.77489982066308,249.03908545284267,249.08334353837583,78882900
2018-07-26,250.8630828857422,251.54481444589769,250.6417383119721,250.7391439746236,57919500
2018-07-27,249.16314697265625,251.28804926613427,248.24234607162958,251.1906436131456,76768700
2018-07-30,247.86167907714844,249.40222875482118,247.33928207511173,249.24286713704873,63742500
2018-07-31,249.08346557617188,249.69437876553906,248.24237240183263,248.62307858662624,68570500
2018-08-01,248.66729736328125,249.79174492044822,248.0209885982045,249.28707288390544,53853300
2018-08-02,250.02191162109375,250.19010858658837,247.16213089419983,247.36577756551435,63426400
2018-08-03,251.0931396484375,251.14626015278986,249.96869259394768,250.14577895484555,53935400
2018-08-06,252.0140380859375,252.32389880862098,250.73909144654593,251.12865997633756,39400900
2018-08-07,252.84622192382812,253.22695497548762,252.5451966645464,252.67802497211565,43196600
2018-08-08,252.74000549316406,253.1384364154706,252.2796186434976,252.67804956580417,42114600
2018-08-09,252.39471435546875,253.19154915600424,252.26191305864492,252.80198067225936,35717000
2018-08-10,250.70361328125,251.50044799964812,249.99529473854864,250.96038044170362,77076000
2018-08-13,249.76519775390625,251.58907469989234,249.47300781443937,250.97816157511463,65732900
2018-08-14,251.35885620117188,251.5979255987983,250.10163433503746,250.49120289007564,43842000
2018-08-15,249.48179626464844,250.15469214912642,248.0474883168638,250.01302843557366,102925400
2018-08-16,251.50051879882812,252.36819912554938,250.88074327694193,250.91616596894616,69967900
2018-08-17,252.3857879638672,252.82847685414544,250.88949735315987,251.2967635667319,65618500
2018-08-20,252.92591857910156,253.19152114336345,252.38582400564977,252.83737538448443,39807500
2018-08-21,253.5192108154297,254.37802881887922,252.9614181816964,253.43953001341072,67272000
2018-08-22,253.36865234375,253.8910221589118,252.84625550899398,253.11188513982498,44993300
2018-08-23,253.0321807861328,254.05036006048783,252.7134306627465,253.1915423380301,49204900
2018-08-24,254.55502319335938,254.69668690778963,253.55454178616444,253.60766230162693,57487400
2018-08-27,256.56475830078125,256.6709993055717,255.59083739089533,255.75019889808098,57072400
2018-08-28,256.6888427734375,257.1315318443619,256.2284288471343,257.0252637708789,46943500
2018-08-29,258.0699768066406,258.3001567022933,256.6622290964166,256.9012714179143,61485500
2018-08-30,257.0252685546875,257.96376724094705,256.4320803195823,257.5919235454238,61229500
2018-08-31,257.0341491699219,257.4768382804098,256.1310731115822,256.6180203252793,66140800
2018-09-04,256.5914306640625,256.94557650796173,255.59094906584016,256.61799092686505,57594400
2018-09-05,255.90077209472656,256.44086666125054,254.8914553438885,256.23722001820227,72452400
2018-09-06,255.13058471679688,256.308125831231,254.10354276501158,256.00710048633505,65909900
2018-09-07,254.63479614257812,255.6087176445946,253.84679651198275,254.08586593769624,73524800
2018-09-10,255.0775146484375,255.90977248057104,254.8827303256062,255.64414275692633,50210900
2018-09-11,255.91845703125,256.36114595676304,254.08574541451273,254.43102872622725,50530500
2018-09-12,255.9805145263672,256.58256515572646,255.19254205962258,255.92739400139993,59810800
2018-09-13,257.49444580078125,257.6803946160753,256.7595940237465,257.0429214397845,51034200
2018-09-14,257.538818359375,257.88410181150124,256.75968121049704,257.698179952664,55079900
2018-09-17,256.17535400390625,257.52111929245183,255.9008888925555,257.4857236145753,68244000
2018-09-18,257.5653381347656,258.15852631195645,256.36120990681127,256.38777016818403,61930400
2018-09-19,257.83984375,258.2559725900537,257.4945332782199,257.61849919719697,49080600
2018-09-20,259.9292907714844,260.2480409377501,257.85750925934076,259.0970602153132,100360600
2018-09-21,259.6918029785156,260.78575750232153,259.5317200165653,260.6701329824998,105479700
2018-09-24,258.82916259765625,259.2560777454784,258.25106699504545,259.11377269620436,53409600
2018-09-25,258.5889587402344,259.38940064759277,258.3488343105982,259.2826786788656,44370000
2018-09-26,257.8152160644531,259.91415398039527,257.3972035619519,258.7312825518188,79739700
2018-09-27,258.5355529785156,259.62060470915617,258.01081862855256,258.2865260473145,59249500
2018-09-28,258.5622863769531,259.0603403412746,257.87746896148747,257.913024857578,70091400
2018-10-01,259.4606018066406,260.5278487801344,258.7935622699914,259.7985457060066,62078900
2018-10-02,259.3093566894531,260.02085456876165,258.93582980248266,259.3093566894531,47258200
2018-10-03,259.45172119140625,260.7768978308185,259.0959721701713,260.358885266842,64694600
2018-10-04,257.4239501953125,259.02483453770105,255.8408438062701,258.971473535749,111545900
2018-10-05,255.98318481445312,258.1621650786598,254.56016123138747,257.6463329400312,105951700
2018-10-08,255.98318481445312,256.3389339247402,253.91980197610377,255.29833995668523,87742200
2018-10-09,255.6094512939453,256.907946849449,255.04913394590037,255.6005758932085,74339000
2018-10-10,247.51609802246094,255.17372513463502,247.14257112444565,255.10255905945726,214731000
2018-10-11,242.06422424316406,248.04977526262698,240.4544104484742,246.43108606352877,274840500
2018-10-12,245.42616271972656,246.44004899775393,242.24214453540336,246.1554388649365,183186500
2018-10-15,244.04750061035156,246.3954925595385,243.9585565864753,245.07028903016487,102263700
2018-10-16,249.3837890625,249.75734306515875,245.53276024122266,246.00413366011207,118255800
2018-10-17,249.42837524414062,250.0509293104676,246.85803605064686,249.4194726965644,110626000
2018-10-18,245.82638549804688,249.09044539526639,244.55456951201742,248.49454458914414,134557500
2018-10-19,245.69285583496094,248.4054719837981,244.99913591592662,246.47551977272352,139901600
2018-10-22,244.59007263183594,246.68010818995015,244.0564355596308,246.35994223177246,82415800
2018-10-23,243.3448944091797,244.4655294729058,238.89796433649786,240.97915149539128,146352700
2018-10-24,235.971923828125,243.47834459638236,235.42050879522853,243.09588794996847,177806700
2018-10-25,240.2053680419922,241.74401565139752,236.78125352573443,237.8040420361195,138061500
2018-10-26,235.98080444335938,241.0236356256426,233.2770902132027,236.5055661327389,201574600
2018-10-29,234.6733856201172,240.35657539863922,231.10696608457545,239.06695479413133,160749100
2018-10-30,238.15081787109375,238.46210831898583,234.01517946881256,234.50435792747146,157116000
2018-10-31,240.69454956054688,243.0069587045786,240.2409539924511,240.71232751034958,128296300
2018-11-01,243.2559814453125,243.45164745734314,240.4721988322022,241.55725087311626,99495000
2018-11-02,241.81520080566406,244.78574713551563,239.76959648164814,244.35883203457692,122634100
2018-11-05,243.14926147460938,243.70067647437028,241.33490636095422,242.30433388342226,65622500
2018-11-06,244.68788146972656,244.8479644418792,243.02473392791143,243.0869974643845,60085900
2018-11-07,249.92637634277344,250.0064178282418,246.43106862587547,246.85798369028106,102752100
2018-11-08,249.47274780273438,250.11310674373306,248.3343349233927,249.12587426965408,65584900
2018-11-09,247.03587341308594,248.35214737217913,245.63062828033082,248.1653839048309,98812600
2018-11-12,242.4199981689453,246.76908248561793,241.90413898385665,246.52895798753946,99673600
2018-11-13,241.9663543701172,244.87463683563516,241.2459538773567,242.88242086967105,98176600
2018-11-14,240.3121337890625,244.23430258416514,238.75570812240255,243.8340951264555,125335900
2018-11-15,242.82015991210938,243.28265801047837,237.47496842136428,239.04917189597126,135101400
2018-11-16,243.45166015625,244.35882418194376,241.21038987573397,241.72624899886281,126668000
2018-11-19,239.3337860107422,243.1403571320243,238.41771948586543,242.84684454276717,103061700
2018-11-20,234.90469360351562,237.4661303636274,234.0419878494768,236.00752387559697,136021300
2018-11-21,235.70510864257812,237.59950549234424,235.6962332375424,236.45218975453028,75563700
2018-11-23,234.1309356689453,235.52727862745027,233.9708526543424,234.0686721159614,42807900
2018-11-26,237.9107666015625,238.13311311240508,235.98968949085364,236.38102152128923,79981400
2018-11-27,238.71121215820312,238.71121215820312,236.27430304857938,236.87907905299704,75502400
2018-11-28,244.20758056640625,244.20758056640625,238.64891841628506,239.7784559360089,127629600
2018-11-29,243.67391967773438,245.07023468954867,242.29535546809186,243.43376815232799,82346400
2018-11-30,245.1592559814453,245.71957352817088,243.20262298270973,243.52278892831978,98204200
2018-12-03,248.405517578125,249.38384767989874,246.81353606087058,249.27712569459774,103176300
2018-12-04,240.35659790039062,248.00532392800807,240.04530733134203,247.57840882114908,177986000
2018-12-06,239.99185180664062,240.1074762989083,233.4104025675467,236.50547480387502,204185400
2018-12-07,234.4154510498047,241.21924783980407,233.57942612220694,239.6539199512119,161018900
2018-12-10,234.8601531982422,235.82958062203974,230.0129889373494,234.2375721794817,151445900
2018-12-11,234.91355895996094,238.23985434553188,233.44607729820376,238.0530908610672,121504400
2018-12-12,236.09640502929688,239.24483913662817,236.01636354460717,237.88407961308872,97976700
2018-12-13,236.01638793945312,237.90188215211614,234.90465530067445,237.03917653874748,96662700
2018-12-14,231.65835571289062,234.82456747202116,231.10694077556747,233.87291800694808,116961100
2018-12-17,227.1136016845703,231.81844749138895,225.48602373208445,230.7067150296598,165492300
2018-12-18,226.86460876464844,229.41715610831534,225.26371106517817,228.75011653111562,134515100
2018-12-19,223.4671630859375,230.7067659311748,221.7684458235465,226.94466625050688,214992800
2018-12-20,219.8295440673828,223.7873091985889,217.58828746517864,222.22199466662704,252053400
2018-12-21,215.32534790039062,223.38552036390047,214.68124937399995,220.72861735508985,255345600
2018-12-24,209.63580322265625,215.45057126158082,209.57318974188104,213.84032507460728,147311600
2018-12-26,220.2276153564453,220.2276153564453,209.11693755623702,211.09396462178614,218485400
2018-12-27,221.91839599609375,222.1151909748024,213.76877426318353,216.998207573705,186267300
2018-12-28,221.6321258544922,224.89733637571823,220.46916948727355,223.26920838177477,153100200
2018-12-31,223.57333374023438,223.81487405617736,221.38161643315587,223.25128453571088,144299400
2019-01-02,223.80596923828125,224.7273989963419,220.02190048222155,220.04873678437622,126925200
2019-01-03,218.46530151367188,222.36566931905944,217.98222086036947,222.06150186504593,144140700
2019-01-04,225.78297424316406,226.42707273146465,221.11326702808634,221.48898887122783,142628800
2019-01-07,227.56317138671875,228.96765431227632,225.15674999016903,226.05132962307513,103139100
2019-01-08,229.70118713378906,230.18426774732734,227.2232115446944,229.7459324926808,102512600
2019-01-09,230.77471923828125,231.61562631457824,229.18236851303053,230.4079382964577,95006600
2019-01-10,231.5887908935547,231.8392721108213,228.56510722057578,229.2449965104731,96823900
2019-01-11,231.6782989501953,231.70513525362898,229.93385732577602,230.51532876711232,73858100
2019-01-14,230.26483154296875,231.06994789059002,229.3792062906262,229.7817508142326,70908200
2019-01-15,232.90382385253906,233.21693219887842,230.63158383386505,230.64053836674492,85208300
2019-01-16,233.46743774414062,234.3530629785704,233.1274930641431,233.33322893857783,77636700
2019-01-17,235.2386474609375,236.09746354596547,232.55490862113237,232.59965398203775,96118400
2019-01-18,238.3697052001953,238.83490412813006,235.2744670046285,237.04574468322795,127900300
2019-01-22,235.14920043945312,237.11728664606434,233.53896794342953,236.9025962600359,115531200
2019-01-23,235.6412353515625,236.87575967051836,233.181141246526,236.17798861637877,86030300
2019-01-24,235.7664794921875,236.34797816335373,234.4514461827318,235.46232565671974,59204100
2019-01-25,237.7613983154297,238.5844236749442,235.86489366572147,237.60930774993875,96883400
2019-01-28,235.95433044433594,236.01693026973098,234.1920074924276,235.62334035140552,85613700
2019-01-29,235.6412353515625,236.6610419843488,234.8092828063201,236.0974797217171,66136300
2019-01-30,239.37161254882812,240.21251961023302,236.39267430393105,237.15307247227437,92473700
2019-01-31,241.47390747070312,241.95698818402894,239.0943220389077,239.30903974505677,104012100
2019-02-01,241.5901641845703,242.60999803104392,240.80292976983338,241.67067307238622,85782500
2019-02-04,243.28988647460938,243.35251360542537,240.9639738049802,241.63490857696522,60744800
2019-02-05,244.30975341796875,244.61390727961893,243.2183649495019,243.71932746285626,79552800
2019-02-06,243.9876251220703,244.52437832841062,243.25409061715408,244.03237048116657,58347800
2019-02-07,241.66177368164062,242.9231070364727,240.00679577368695,242.37742652272038,95482000
2019-02-08,241.95701599121094,242.05540667168086,239.59531205500326,240.41833753894525,75788900
2019-02-11,242.09120178222656,242.8694819066253,241.56340293120226,242.6100733987666,68021400
2019-02-12,245.2042999267578,245.58000811053353,243.62983092699662,243.70141259084346,72270200
2019-02-13,246.0004119873047,246.84131891507292,245.61574934811713,246.03620281200125,65277200
2019-02-14,245.45474243164062,246.58192140597924,244.10391856876822,244.9179892390793,83234400
2019-02-15,248.1295623779297,248.16535320937362,247.02029230681626,247.22602816170678,97088700
2019-02-19,248.55899047851562,249.21201622764568,247.32446604809505,247.33342058177877,59120800
2019-02-20,249.05996704101562,249.5162114781635,248.0222511901044,248.52321369738445,76610800
2019-02-21,248.17434692382812,248.782654652387,247.21713995951922,248.42482818267058,64214700
2019-02-22,249.71295166015625,249.90973295511063,248.1563646603763,248.7915085043155,78114600
2019-02-25,250.0529022216797,251.6542074923286,249.97239332656173,251.13536329032226,69030700
2019-02-26,249.87405395507812,250.75072474880014,249.49831840033238,249.70408159702777,56844100
2019-02-27,249.76666259765625,250.1155344836595,248.22798442510532,249.15832765471785,56921600
2019-02-28,249.30145263671875,249.99029644590678,248.9794170639072,249.5519338490404,69268300
2019-03-01,250.85806274414062,251.26956178049417,249.42672969982436,250.875944510797,78880500
2019-03-04,249.945556640625,252.155169537898,247.6554348483589,251.91364285291863,106494600
2019-03-05,249.60556030273438,250.2675676918102,249.05987991620924,250.07075911133893,59114600
2019-03-06,248.09376525878906,249.73086132589236,247.7717296851715,249.721906793157,75039800
2019-03-07,246.0183868408203,247.78963728117097,245.17747968817417,247.646501244507,94885100
2019-03-08,245.52638244628906,245.69635480490905,243.7014591754392,244.16663087774018,85795800
2019-03-11,249.08677673339844,249.24779452916363,246.21518350729428,246.2420198065885,65098900
2019-03-12,250.02610778808594,250.54497937737827,249.45359089347113,249.64144501353428,79667500
2019-03-13,251.68106079101562,252.61143136478677,250.75069021724445,250.91173531876376,80639200
2019-03-14,251.52005004882812,252.12835773703998,251.08171470002955,251.7079041553978,67518400
2019-03-15,252.76268005371094,253.57134263691682,251.88212050895183,252.07082946753658,81309000
2019-03-18,253.67921447753906,253.97574152070632,252.75373970095887,252.97836976731972,62199800
2019-03-19,253.7421112060547,255.50320320501433,252.85258493986163,254.7394829347921,90268100
2019-03-20,252.97833251953125,254.73045774743304,251.87317030498068,253.52644405949383,84609200
2019-03-21,255.8356475830078,256.239965190846,252.11576106694608,252.1607035260337,79550400
2019-03-22,250.9117889404297,255.00004525839176,250.8488859396825,254.4789155595248,122659300
2019-03-25,250.72312927246094,251.75642220373024,249.46520625088678,250.57036874596088,85575200
2019-03-26,252.59188842773438,253.54431724711583,251.1901996965447,252.4750764633604,68125900
2019-03-27,251.2711639404297,253.16705578717867,249.7257081273142,252.58299573112288,72224700
2019-03-28,252.22360229492188,252.6728624031701,250.75004339861144,251.90014817890042,56238500
2019-03-29,253.81396484375,254.13741891416976,252.60995121387023,253.73310132614503,82186800
2019-04-01,256.82391357421875,257.1204404767193,255.53903678511477,255.8086091892652,77617900
2019-04-02,256.9497985839844,257.1834225886773,256.1590964948618,257.01270157304134,40070400
2019-04-03,257.3541564941406,258.55817021900583,256.7521359213784,258.16281915464305,68243200
2019-04-04,258.0368957519531,258.28848018564196,256.98564299786455,257.67749333534715,48997500
2019-04-05,259.2859802246094,259.33988924285876,258.41441453536396,258.7019475798009,58621700
2019-04-08,259.483642578125,259.59146060914446,258.2077318961907,258.8636614791043,53566300
2019-04-09,258.1537170410156,258.84556740351337,257.60563313448773,258.5221134430669,66142300
2019-04-10,259.0343322753906,259.1241897573699,258.1537728250394,258.5670843373598,52601500
2019-04-11,258.96240234375,259.5284742454136,258.3963304420864,259.5194802721649,55093100
2019-04-12,260.71453857421875,260.9930775507416,259.0073562411478,260.57077209913416,69727800
2019-04-15,260.54388427734375,260.8853263154702,259.74418819639936,260.78647484201645,49596700
2019-04-16,260.71453857421875,261.47828597657065,260.1215121472391,261.4243769759953,52153200
2019-04-17,260.07666015625,261.8557124477344,259.6633211574548,261.8287579409137,58268300
2019-04-18,260.5888671875,260.85843975022857,259.3668926492603,260.6607641724938,68708500
2019-04-22,260.8134460449219,260.96620654252615,259.73523826780877,259.8250957710666,40160100
2019-04-23,263.1585998535156,263.39222387949684,260.9482478452623,261.1818444505832,52246600
2019-04-24,262.5744934082031,263.41011037612645,262.43072692651964,263.07766238376894,50392900
2019-04-25,262.412841796875,263.06877148518953,261.22681584442034,262.4757447986305,57770900
2019-04-26,263.634765625,263.7066351624023,261.6849650923547,262.45770657786915,50916400
2019-04-29,264.0481872558594,264.56934444677836,263.63487554699253,263.72473307170276,57197700
2019-04-30,264.1828308105469,264.47036378092696,262.29596081647924,263.7066163248907,81111700
2019-05-01,262.19708251953125,265.01844808882976,262.18808854617345,264.8117786461539,71671900
2019-05-02,261.6312255859375,262.9969944673122,260.1396780774574,262.0804858925638,65030200
2019-05-03,264.1919250488281,264.4704641506386,261.7389547366939,263.1047231539981,56543700
2019-05-06,263.104736328125,263.5450025264516,259.5825244795173,259.89701208717844,107198100
2019-05-07,258.7109069824219,261.29864946948265,256.806048601852,260.70562286447625,144729900
2019-05-08,258.3514709472656,260.0586535717971,257.7584444190409,258.3514709472656,91568300
2019-05-09,257.5697326660156,258.1717256781386,254.5506913693155,256.28485571593546,103471100
2019-05-10,258.8636474609375,259.6184010578606,253.652214405053,256.6353077314568,112429300
2019-05-13,252.3583526611328,254.7214650101081,251.52273551419995,253.76006930266527,127290500
2019-05-14,254.64065551757812,256.16815104372284,253.24795997718948,253.37373856438703,77003200
2019-05-15,256.13214111328125,256.77008271546595,252.80760572827901,253.01427522562122,73956400
2019-05-16,258.5042724609375,259.86101931664007,256.7611410796038,256.8330106305001,76749600
2019-05-17,256.8330078125,259.3129323114473,256.1860721788903,256.2040601319123,100353000
2019-05-20,255.13475036621094,256.9407568168034,254.38896345332793,255.2335743986409,62877600
2019-05-21,257.4350891113281,257.8124523245358,256.57248978266324,256.8240743983572,46847100
2019-05-22,256.6442565917969,257.59668554101046,256.16804211719005,256.4825295824555,49482500
2019-05-23,253.5084228515625,254.46981832422244,252.09773999920623,254.4249032965787,98733800
2019-05-24,254.08349609375,255.35940661704134,253.46351507181586,254.9460676553149,55268100
2019-05-28,251.7203826904297,255.31446283570273,251.70242216113928,254.36203379085782,70029400
2019-05-29,250.03125,251.01063389915566,248.62956043600977,250.6063161906961,104972900
2019-05-30,250.71409606933594,251.62161026679743,249.6179003033244,250.78596562189657,62523800
2019-05-31,247.33567810058594,248.9979461732618,247.30872358786854,248.17132283615277,86862800
2019-06-03,246.70669555664062,248.48574798655588,245.37687580180707,247.37159172372733,96428000
2019-06-04,252.06178283691406,252.19655533585188,248.54856678779723,248.99782673135718,77231900
2019-06-05,254.24522399902344,254.27217850352002,251.8731453413565,253.6791519839394,71169700
2019-06-06,255.89857482910156,256.5724650655764,253.89489207520805,254.54182779905042,69430400
2019-06-07,258.4593505859375,259.5375858798903,256.7431735770717,256.9138946222919,74272200
2019-06-10,259.64532470703125,261.3075921861058,259.5554672231737,260.0047272218072,60799100
2019-06-11,259.5824279785156,261.8287280257867,258.9354924680753,261.46033152755564,58641300
2019-06-12,259.1242370605469,259.9059451972257,258.61207399835774,259.3488670961745,47096300
2019-06-13,260.19354248046875,260.55297260064253,259.3309705175219,260.0318153787915,48945200
2019-06-14,259.90594482421875,260.50793796326803,259.1421972200491,259.90594482421875,52324700
2019-06-17,260.0047912597656,260.76853892968074,259.8340702245848,260.13956380841864,39205700
2019-06-18,262.727294921875,263.778575596661,261.4603781786856,261.81980818690425,85434800
2019-06-19,263.3204345703125,263.8505584131518,261.8917901625241,262.86218030757357,78674400
2019-06-20,265.8360595703125,266.24040445572706,263.3831180221202,265.9978139768675,116570000
2019-06-21,265.44976806640625,266.8221515056671,265.23308319547755,265.5671482228351,83309500
2019-06-24,265.1247253417969,265.97341688825486,264.9712218644644,265.6574273212025,47582700
2019-06-25,262.52435302734375,265.2059379178657,262.4160106162554,265.1788523150936,82028700
2019-06-26,262.26251220703125,263.92382683504434,262.15416979385975,263.418210537563,51584900
2019-06-27,263.1925048828125,263.69812121274236,262.6417550625053,263.02095353294095,40355200
2019-06-28,264.546875,265.0434536754882,263.6530223625105,264.16764892571615,59350900
2019-07-01,266.9484558105469,268.0861060069671,265.747596702322,267.8693936742107,78705600
2019-07-02,267.643798828125,267.6979700486466,266.06374060351243,266.9034220756254,61504500
2019-07-03,269.7835388183594,269.80161425412496,268.17639561424454,268.32086133027957,40898900
2019-07-05,269.4765930175781,269.6391341895929,267.2645286286108,268.5556549615941,51677300
2019-07-08,267.99591064453125,269.2960749060107,267.45417094324387,268.1674620091727,45841800
2019-07-09,268.3298645019531,268.62780605952946,266.7859304137562,266.8401016060428,41101300
2019-07-10,269.61199951171875,270.56005064904815,268.8626128525521,269.3953147050236,58448500
2019-07-11,270.2441101074219,270.4878805839635,269.2419150387237,270.25314782826575,50826100
2019-07-12,271.4539794921875,271.526226150782,270.42469881644513,270.7316782304043,40326000
2019-07-15,271.5442199707031,271.8873226456437,271.03860367732375,271.8873226456437,33900000
2019-07-16,270.66845703125,271.66164188673037,270.3614776311971,271.45396719521267,36650100
2019-07-17,268.8265380859375,270.80386996621183,268.8265380859375,270.64135633183906,36036300
2019-07-18,269.8107604980469,270.1899866381552,267.8876268463099,268.3300343814097,51392600
2019-07-19,268.3119201660156,270.9302965017042,268.1403688062337,270.90321089510843,58678600
2019-07-22,268.970947265625,269.51268682028854,268.194475028688,268.7091014293009,43638100
2019-07-23,270.8941955566406,270.8941955566406,269.25996619761105,270.09063745855633,44564500
2019-07-24,272.1672058105469,272.1672058105469,270.04540847226593,270.1357029970052,47213200
2019-07-25,270.86712646484375,271.77001688639325,270.0635407637308,271.7158456654226,55394100
2019-07-26,272.6818542480469,272.88049117681857,271.42682375398465,271.5532415968484,45084100
2019-07-29,272.185302734375,272.68190893290586,271.6345528760698,272.5645287849981,38126500
2019-07-30,271.51715087890625,271.9234625037329,270.4065859773304,270.7858119974368,45849000
2019-07-31,268.5466613769531,271.9505755193534,266.5332335970876,271.7609487131754,104245200
2019-08-01,266.2081298828125,271.65255641303344,265.4135821381002,268.700115526861,142646600
2019-08-02,264.2037353515625,265.55807069993347,262.6507630499362,265.31430025667504,116749700
2019-08-05,256.25823974609375,260.2219124148856,254.3621652846192,260.11357002634685,178745400
2019-08-06,259.8517761230469,260.0684884974278,256.67361269034296,258.1453280546701,120711700
2019-08-07,260.0054016113281,260.7728641156856,254.65126708105439,256.78207562544713,140572300
2019-08-08,265.10662841796875,265.10662841796875,260.94431762874206,261.4950674503696,87713900
2019-08-09,263.3008728027344,264.76355072411707,261.52217775603447,264.167639801697,93730000
2019-08-12,260.0956115722656,263.2918233491414,259.1475602385619,261.80205988649254,65527600
2019-08-13,264.1404724121094,265.5851019991185,259.4544708605961,259.79757348733773,94299800
2019-08-14,256.3305969238281,260.7005834580758,256.2042065871093,260.0956622781489,135622100
2019-08-15,257.0076599121094,257.901539842479,254.96714703508582,257.2153345533102,99556600
2019-08-16,260.79986572265625,261.23323542718947,257.06188669690755,258.6600201444486,83018300
2019-08-19,263.94189453125,264.6190622184229,263.13833653723043,263.81550422440336,53571800
2019-08-20,261.91937255859375,263.9689230625115,261.79298227907464,263.43622123692984,51596400
2019-08-21,264.0502014160156,264.420362082352,263.3910817718715,264.07728701486997,49524700
2019-08-22,263.96893310546875,265.38647715768724,262.1992762467483,264.7544706280108,51666400
2019-08-23,257.1882629394531,264.3301272824833,255.94227013252467,262.6688127245855,149161500
2019-08-26,260.0324401855469,260.0324401855469,257.84743325188174,259.3733202614595,72423800
2019-08-27,259.0120849609375,261.7930019677156,258.2536605647307,261.42281371111113,66668900
2019-08-28,260.83599853515625,260.9985121802663,257.5494645347921,258.35305014787957,59696700
2019-08-29,264.1676025390625,264.69129428520955,262.3889077432596,263.3911301931494,57899400
2019-08-30,264.0502014160156,265.66635473768406,263.1202257833285,265.6483068564536,62901200
2019-09-03,262.5063171386719,263.2647416845759,261.17906729483354,262.3528412178477,69101400
2019-09-04,265.48583984375,265.50388772814705,263.9238298917129,264.6732441815311,46887300
2019-09-05,268.89874267578125,269.81064296202624,265.44969579769,267.96876695252837,83258100
2019-09-06,269.1064758300781,269.7475478604389,268.5376780168426,269.21484582472306,49584300
2019-09-09,269.24188232421875,270.18086834097136,268.3028687534425,270.0906013596085,51260300
2019-09-10,269.1787109375,269.24191987648885,267.22846442804376,268.4834677166774,57947100
2019-09-11,271.0927734375,271.17403024628595,268.8355480133743,269.48563003768334,68821100
2019-09-12,272.0318298339844,273.0881960688336,271.23728195073244,271.99570650637503,72908700
2019-09-13,271.85113525390625,272.8262718427624,271.48094706313816,272.4741315317824,62104800
2019-09-16,271.0115661621094,271.896408609539,270.3705217396185,270.7226346420475,58191200
2019-09-17,271.69781494140625,271.7880819460408,270.64142095768113,270.8129723529359,41475500
2019-09-18,271.8602600097656,271.9686024312111,269.27797956454594,271.30948262871954,73375800
2019-09-19,271.8421630859375,273.2416593963996,271.5080981282079,272.2484746882701,76560500
2019-09-20,270.5578308105469,272.7257172981861,269.7686931121249,272.44450325727587,89565000
2019-09-23,270.49432373046875,271.2109087987867,269.6416852140578,269.89566087758845,43476800
2019-09-24,268.37176513671875,271.97279346935863,267.4102840114436,271.5827644184251,94869400
2019-09-25,269.9591064453125,270.40355684518136,266.9748722488337,268.45338400504926,71854000
2019-09-26,269.39678955078125,270.1768477756016,267.99085778219984,269.9682417151954,56179700
2019-09-27,267.94549560546875,270.258515016911,266.394430888546,270.1496445739282,84746600
2019-09-30,269.1879577636719,269.8954628559317,268.4169795630528,268.4623214520595,51662400
2019-10-01,265.9862060546875,270.7210593029976,265.7685205613803,270.06797514180766,88242400
2019-10-02,261.28759765625,264.41696448642426,259.99958846909385,264.4078850320209,122539500
2019-10-03,263.4283447265625,263.45555541593865,258.34880381994094,261.06090402575535,85278800
2019-10-04,266.9930419921875,267.2470176140269,264.0269389043035,264.0813879558739,65091200
2019-10-07,265.841064453125,267.81847578384463,265.55987813972894,266.19483104942367,59610500
2019-10-08,261.7139587402344,264.7254038708757,261.67766859806807,263.9906876592985,95708100
2019-10-09,264.1993408203125,265.1336114585525,263.10180603510383,263.72767961308983,62359400
2019-10-10,265.9862060546875,266.8660551651619,263.9544009671046,264.1176650870851,55296300
2019-10-11,268.74371337890625,270.97507304287916,268.6167393837116,268.7346339216523,98720400
2019-10-14,268.4443359375,269.09742004492904,268.0996488139588,268.42617702704035,40394800
2019-10-15,271.10198974609375,271.84578529470946,269.3695025112143,269.48742469346604,46754500
2019-10-16,270.6665954589844,271.35596965464424,270.2312245406846,270.63938477659065,48928200
2019-10-17,271.4649353027344,272.3357052148799,270.7755607949278,271.82775379268867,45736600
2019-10-18,270.2766418457031,271.5737308704061,269.4240033178338,270.92972608659727,64304000
2019-10-21,272.1088562011719,272.30841046123777,271.15645449887944,271.5918531611871,39048600
2019-10-22,271.21990966796875,272.9342379797446,271.12919816843396,272.6439722537385,48594700
2019-10-23,272.0090637207031,272.0634850874928,270.75731692201106,270.965950615548,34352200
2019-10-24,272.45355224609375,273.08850518920275,271.62812449255955,272.9433722970273,35453100
2019-10-25,273.5692443847656,274.1134858073228,271.82767736883653,271.8820987429654,45205400
2019-10-28,275.11126708984375,275.6101666626339,274.75752810961376,274.7847388004007,42147000
2019-10-29,275.02960205078125,275.95482078917917,274.7121255754735,274.83912723810425,44284900
2019-10-30,275.8731384277344,276.24500852902196,273.9229380126746,275.229106138278,49643900
2019-10-31,275.1384582519531,275.8641227568858,273.68718460462867,275.8641227568858,69053800
2019-11-01,277.6872863769531,277.73262829214644,276.41738057633785,276.5806723698209,71141500
2019-11-04,278.80291748046875,279.3743694834143,278.43101970583336,279.23831607348995,60606900
2019-11-05,278.4945373535156,279.3018337699568,278.2042716072942,279.00248856877056,42933200
2019-11-06,278.55804443359375,278.83015127599856,277.61469457781413,278.494543609944,46487100
2019-11-07,279.5376892089844,280.87106825413883,279.06602806695554,279.89145582645773,54272300
2019-11-08,280.2270202636719,280.28144163006976,278.49453294996727,279.19295893958304,49032100
2019-11-11,279.69183349609375,279.86417703477946,278.7121936255367,278.84827471069235,35797300
2019-11-12,280.2814025878906,281.17938268963474,279.5103964296329,280.05463769906544,46484600
2019-11-13,280.37213134765625,280.7712397910703,279.0659632930762,279.2927281958677,53917700
2019-11-14,280.7803649902344,280.862024736105,279.4560653623706,280.0910183287371,51219900
2019-11-15,282.81219482421875,282.85753674364037,281.4243943784293,282.11374103249324,62023600
2019-11-18,283.020751953125,283.25659632840035,282.1227717261377,282.5763015670428,49228000
2019-11-19,282.9391784667969,283.6285528256652,282.2951737101685,283.61947336896316,67804700
2019-11-20,281.886962890625,282.86660297199927,280.3358983899287,282.34957224467774,79406200
2019-11-21,281.4334411621094,282.10468425402297,280.6352517705745,281.9958415043259,54664700
2019-11-22,282.059326171875,282.31330182529547,281.052503014795,282.1772483826184,44850200
2019-11-25,284.2453308105469,284.2453308105469,282.98453205746335,282.98453205746335,48647200
2019-11-26,284.8893737792969,285.0707968398084,283.9641826057425,284.2816591210013,37569000
2019-11-27,286.1591796875,286.1591796875,285.1523291122122,285.3700145636202,44444600
2019-11-29,285.0979919433594,285.8417876970087,284.87122697075444,285.59686381058185,36592700
2019-12-02,282.6761474609375,285.41545826710006,282.24982822038623,285.3519574335292,75767800
2019-12-03,280.7803649902344,280.862024736105,278.58529565869156,279.9640166629559,73941700
2019-12-04,282.5129089355469,283.1115718765543,281.47887489655255,281.8235621366424,49080000
2019-12-05,283.020751953125,283.2293856451966,281.7145837968173,283.21125441681573,40709000
2019-12-06,285.6058654785156,286.00497393609896,284.91649129155104,284.92557074598903,48927000
2019-12-09,284.70794677734375,285.88711349587976,284.63536648869166,285.21589807283027,34838500
2019-12-10,284.39044189453125,285.3156328729228,283.73735776823526,284.6534969724014,52649800
2019-12-11,285.19769287109375,285.4516684529647,284.3087644939141,284.84392633852576,53429100
2019-12-12,287.65582275390625,288.4358807429049,284.97093401980595,285.20675069859516,96389600
2019-12-13,287.82818603515625,289.05272214678655,286.64899183529326,287.4199981041912,81503900
2019-12-16,289.8055725097656,290.3951557751756,287.76468819631657,289.55159690245364,82749700
2019-12-17,289.86907958984375,290.48587355216506,289.7874475372953,290.18655602615394,61097700
2019-12-18,289.8872375488281,290.4859003373177,289.8328161754444,290.25913538779594,48133000
2019-12-19,291.07550048828125,291.14808077783215,289.823753465592,290.07772911648044,85310500
2019-12-20,292.35162353515625,293.4818986755226,291.13019089245233,292.10549549710834,147142100
2019-12-23,292.7983093261719,293.19025605431125,292.65246286090326,293.13556710700664,52990000
2019-12-24,292.80743408203125,293.071754722142,292.50661705381003,293.02618987174196,20270000
2019-12-26,294.3660888671875,294.3752129631039,293.18112472741444,293.1902210059652,30911200
2019-12-27,294.29315185546875,295.1499823509916,293.7644828220485,295.0952934102021,42528800
2019-12-30,292.670654296875,294.5119413986182,292.1875500985432,294.3752190438764,49729100
2019-12-31,293.3815612792969,293.6276892705335,291.82287121002,292.16925296260575,57077300
2020-01-02,296.12530517578125,296.1435533670269,293.9923531023892,294.9129966046256,59151200
2020-01-03,293.88287353515625,295.0040520315926,292.68878575105936,292.74347467114353,77709700
2020-01-06,295.0041198730469,295.08615327203825,292.0143098616565,292.1328118215423,55653900
2020-01-07,294.1746520996094,294.9129805533922,293.7279886988713,294.43897268463854,40496400
2020-01-08,295.742431640625,296.9547400028766,294.1199284891358,294.3660286722624,68296000
2020-01-09,297.747802734375,297.8207398631898,296.7177813744384,297.3011671355,48473300
2020-01-10,296.8909606933594,298.4861195611985,296.42610473911026,298.33117684890317,53029300
2020-01-13,298.93280029296875,298.9418965712198,297.0824170116794,297.5108322451486,47086800
2020-01-14,298.47705078125,299.54351294484616,297.92100945963375,298.4952711557389,62832800
2020-01-15,299.1514892578125,299.9080379561586,298.3037830757557,298.3858164658878,72056600
2020-01-16,301.63995361328125,301.63995361328125,300.30001924233943,300.5278990481638,54050300
2020-01-17,302.578857421875,302.7884890679203,301.5761805798231,302.35097758583424,95846000
2020-01-21,301.9863586425781,302.7885001455664,301.5488471444855,301.62175645504635,77742400
2020-01-22,302.0228576660156,303.4904184768439,301.8679149339362,302.8432196250379,48914900
2020-01-23,302.3692626953125,302.7794576149532,300.2636547848771,301.37570973553994,51963000
2020-01-24,299.6801452636719,303.1074662187742,298.3948999055085,303.0254328321711,87578400
2020-01-27,294.8765869140625,296.3532441968251,294.11091379771784,294.44817159472285,84062500
2020-01-28,297.96649169921875,298.8415422456188,294.96758607389665,296.29839616991114,63834000
2020-01-29,297.7204895019531,299.55265256689614,297.5199541027187,299.3247726958283,53888900
2020-01-30,298.68670654296875,298.8963660446492,294.91303023429634,295.6604550917531,75491800
2020-01-31,293.26312255859375,298.22178991387807,292.3516032332454,298.0668193889295,113845600
2020-02-03,295.4416198730469,297.30112696346464,294.6212580975968,294.73976005288546,69083000
2020-02-04,299.9445495605469,300.81050405404096,298.7231169921296,299.04215432222543,62573200
2020-02-05,303.4082946777344,303.61795412672234,301.4120930432873,302.87050163975044,65951100
2020-02-06,304.4292297363281,304.6206410029242,303.35361580732535,304.3654167083422,50359700
2020-02-07,302.8067321777344,304.4383317479117,302.25981501693957,303.3718697108561,64139400
2020-02-10,305.0673522949219,305.13116533874893,301.88615800893024,301.9226265793127,42070000
2020-02-11,305.59600830078125,307.20026355708615,305.0673114617923,306.41637021168424,54864500
2020-02-12,307.56488037109375,307.77451202465284,306.66245727222037,307.02705945948134,43992700
2020-02-13,307.2366638183594,308.2028719590965,305.86938499837,306.14282963542433,54501900
2020-02-14,307.72894287109375,307.8474448392001,306.4528213248784,307.64690946641167,64582200
2020-02-18,306.9360046386719,307.7928352872699,305.5504770448348,306.7354692141623,57226200
2020-02-19,308.4034423828125,309.07795777585227,307.61954912250815,307.90211788539574,48814700
2020-02-20,307.136474609375,308.67694462905206,304.1557883522253,307.85655491074664,74163400
2020-02-21,303.97357177734375,306.09740024451344,303.1531818684547,305.7874869129343,113788200
2020-02-24,293.8919677734375,304.0462749529977,292.8163542138828,294.5482625651352,161088400
2020-02-25,284.9864807128906,295.88824287722144,284.11143004396996,295.2775405729495,218913200
2020-02-26,283.9382629394531,289.9633921811157,283.2090586238566,286.38112799579915,194773800
2020-02-27,271.1861267089844,283.9929622601153,271.1861267089844,278.43268874388383,284353500
2020-02-28,270.04681396484375,271.53259540965934,260.2753224373834,263.155727800716,384975800
2020-03-02,281.7415466308594,281.80535966924487,268.40601247661044,271.82421045255126,238703600
2020-03-03,273.6745910644531,286.07126116142535,271.24084970802795,282.1152700822015,300139100
2020-03-04,285.1779479980469,285.3967315712866,276.49116917188974,279.0343161033958,176613400
2020-03-05,275.6981506347656,281.17639114422417,273.46494478951723,277.995197331708,186366800
2020-03-06,271.1405334472656,272.3437456449538,264.5502664620457,267.2118873410211,228667200
2020-03-09,249.96595764160156,259.04468244351574,249.25497367188592,250.94126219037892,309417300
2020-03-10,262.9005126953125,262.99164240745563,249.30062712234025,259.45496949165477,276444100
2020-03-11,250.0844268798828,256.9937588920719,246.91235745450595,255.8634838386491,255316300
2020-03-12,226.1570587158203,243.06574485920348,225.7650981762707,233.34894558391483,392220700
2020-03-13,245.49038696289062,247.45927200830852,226.5307825549705,239.81161165387473,329566100
2020-03-16,218.62791442871094,234.16930770515287,216.3582263151674,219.84022288446778,297240000
2020-03-17,230.4320831298828,233.50391264622428,216.0938883539165,223.35868442017195,262070500
2020-03-18,218.76463317871094,226.39404531004064,207.84463580030425,215.34643578529358,327597100
2020-03-19,219.22952270507812,225.49167035009614,211.67303310856974,218.08101328487268,289322000
2020-03-20,209.781982421875,224.14947908525951,209.50691583930976,222.3707310405341,347158800
2020-03-23,204.41827392578125,210.5888688079637,200.11810699641129,209.22272735900054,326025200
2020-03-24,222.939208984375,223.81025556170377,214.3663954320049,214.9348561536564,235494500
2020-03-25,226.27667236328125,235.0420516206146,219.8218472180857,224.51626550550066,299430300
2020-03-26,239.48890686035156,240.9558914934752,228.34881392408727,228.77974835482536,257632800
2020-03-27,232.35556030273438,239.13129805518238,230.18256074726233,232.21803399813555,224341200
2020-03-30,239.90142822265625,240.61659285300317,232.4563738706009,234.44599998225482,171369500
2020-03-31,236.32566833496094,241.44184313996882,234.92284395447982,238.90209724302795,194881100
2020-04-01,225.68984985351562,236.24314028710725,223.62687128450554,227.36774076850008,189554600
2020-04-02,230.89772033691406,231.67705936295383,224.25950903784965,224.80964222485147,177660400
2020-04-03,227.56031799316406,232.26391415318625,224.83718484688495,229.9166909570072,135561200
2020-04-06,242.84463500976562,244.80677011871967,227.54193143111638,236.40815247528656,188061200
2020-04-07,243.0922088623047,252.16930817093797,242.8721667882083,251.4174604431951,201427200
2020-04-08,251.25244140625,253.0586948036147,243.20224201687972,245.6869771638037,153774500
2020-04-09,255.0758819580078,257.8265203918572,252.5727909100661,254.50739317768844,189999200
2020-04-13,252.7469482421875,254.443180523553,248.8502112627236,254.10393966346695,114839100
2020-04-14,260.2012023925781,261.21892505517496,252.60944238232008,257.6247736197147,134143400
2020-04-15,254.67239379882812,260.338700945521,252.56355469912342,254.49818449986756,121775000
2020-04-16,255.90113830566406,256.75382973935785,252.83876336438243,255.94697109979646,131798300
2020-04-17,262.8143005371094,263.4194162623719,258.9267132107058,261.65902364519036,146684800
2020-04-20,258.1841125488281,262.95189746439894,257.9640704078135,259.11931962908403,100109300
2020-04-21,250.34475708007812,254.92915404106213,249.40952219223675,253.7280442757594,126385700
2020-04-22,255.90113830566406,257.64320419692683,253.89316945796656,255.21347850798543,92951600
2020-04-23,255.88262939453125,260.33867676205836,255.58007157656192,257.17543239680975,104709700
2020-04-24,259.4492492675781,260.1185810043095,255.35079905754318,257.39544928111945,85063200
2020-04-27,263.1902160644531,264.3088100325091,260.9622058760842,261.4206455682229,77896600
2020-04-28,261.9798889160156,267.17857801356905,261.6773031279873,266.83015946053325,105270000
2020-04-29,268.8381652832031,270.36936598916276,266.27091449702925,267.2978148114988,118745600
2020-04-30,266.33514404296875,268.93907823852754,264.60222850800403,267.4628878219718,122901700
2020-05-01,259.2843017578125,266.5001372793607,258.1198471539412,261.5948274910563,125180000
2020-05-04,259.9994812011719,260.30203907180845,255.92853469244014,257.4046969992286,80873200
2020-05-05,262.4017333984375,265.20738229155137,260.1278622774751,262.81434034545913,79569900
2020-05-06,260.6229248046875,264.48297858278846,260.19199044127004,264.09790497007816,73632600
2020-05-07,263.767822265625,265.6932743331002,263.2635498583758,263.8320105300923,75250400
2020-05-08,268.1322326660156,268.5998501465137,265.76666797978606,266.89443979354115,76452400
2020-05-11,268.1872253417969,269.56254444611375,265.7850057832069,266.20676247386785,79514200
2020-05-12,262.841796875,269.78255179515514,262.7042425975372,269.36997290557235,95870800
2020-05-13,258.19329833984375,263.31865189419375,255.7727227895186,262.2825734797414,144721100
2020-05-14,261.2831726074219,261.41152119733994,250.29894526780333,255.76356766017756,121977900
2020-05-15,262.48419189453125,262.53002466488874,257.95480613821377,258.89919065123917,111146300
2020-05-18,270.4794006347656,272.08393945209053,268.3705893815132,268.6914747602291,119703800
2020-05-19,267.7012634277344,271.58882289589167,267.6829359139752,269.88344074536735,95189300
2020-05-20,272.2488708496094,273.1107393357214,271.00192885833945,271.23114860505166,85861700
2020-05-21,270.36944580078125,272.9275475763484,269.27835689934,272.12068909653203,78293900
2020-05-22,270.8828430175781,271.0570523361643,268.8473696991475,270.08516244349306,63958200
2020-05-26,274.22021484375,277.07172366444183,270.90111666487996,276.833326122004,88951400
2020-05-27,278.3003845214844,278.3370675296901,272.19396476879547,277.007581296367,104817400
2020-05-28,277.78692626953125,281.3352447299404,277.1175942986496,279.3272767982314,90405200
2020-05-29,279.02471923828125,279.61150744849493,274.5778489741923,277.3193091660714,119090800
2020-06-01,280.15240478515625,280.75754836392883,277.8693847232331,278.3828347935377,55758300
2020-06-02,282.4721984863281,282.5180592457431,279.73991573138625,281.0693740975131,74267200
2020-06-03,286.2313537597656,287.1849160018017,284.17755322085765,284.4526057998422,92567600
2020-06-04,285.4794616699219,286.9831568169976,283.38897845196175,285.2502418961064,75794400
2020-06-05,292.7962646484375,294.565835177491,290.7974742690629,290.8616625425781,150524700
2020-06-08,296.3353271484375,296.5278639188232,293.0620621472375,293.60301744179736,73641200
2020-06-09,294.12579345703125,296.4088145420949,292.81463445829365,293.67650345846687,77479200
2020-06-10,292.48455810546875,295.5927930158741,291.76939322056137,294.7034187889176,95000800
2020-06-11,275.6230773925781,286.20387252008595,275.0729721884442,285.5712235543959,209243600
2020-06-12,278.92388916015625,283.3890875968667,273.78020888553783,282.61891221793167,194678900
2020-06-15,281.5278015136719,282.65557322051234,272.0747773753375,273.2483818586524,135782700
2020-06-16,286.9465637207031,289.4038217313861,282.0962919334156,289.25711767246935,137627500
2020-06-17,285.754638671875,288.25772952024136,285.02111835943526,287.9643213952654,83398900
2020-06-18,285.8646545410156,286.3414217497539,283.7833484028866,284.2417880969982,80828700
2020-06-19,284.23089599609375,289.5169330939847,282.2877529407937,289.3235490329569,135549600
2020-06-22,286.0544128417969,286.45039927000624,282.49047877976056,283.6324035882066,74649400
2020-06-23,287.3712158203125,289.6274664668477,286.96601139314646,288.69733429029844,68471200
2020-06-24,280.0407409667969,285.95302134093265,278.2081310603143,285.3359965817493,132813500
2020-06-25,283.04296875,283.3100417218154,277.45301313177083,279.46981736237365,89468000
2020-06-26,276.3202819824219,282.1589024781775,275.7401296700566,281.94708210428337,127961000
2020-06-29,280.381591796875,280.51972333676997,275.28893626284633,277.57281410406017,79773300
2020-06-30,283.9730529785156,285.667559621828,279.7921232790596,279.9486629348006,113394800
2020-07-01,285.9622497558594,287.22392574002134,284.62694111006857,285.08739818187286,72396500
2020-07-02,287.5369873046875,290.7325599973722,286.87392810290646,289.3880053272748,69344200
2020-07-06,291.975830078125,292.55601050927066,290.6036769406393,291.3496151795207,61713800
2020-07-07,288.96435546875,292.408564378623,288.58677740634266,290.43782329412807,82910000
2020-07-08,291.17462158203125,291.2851267804882,287.9698584105039,289.728779659392,54638600
2020-07-09,289.5170593261719,292.0219474951097,286.1096649721641,291.7825007695843,83354200
2020-07-10,292.47320556640625,292.74027861578753,288.02520130958993,289.45260741061855,57550400
2020-07-13,289.9405822753906,297.18817150586733,289.28674115516975,294.8122255722936,102997500
2020-07-14,293.69793701171875,294.47150148289853,287.3251990766644,288.5223761645233,93657000
2020-07-15,296.39630126953125,297.4921916391001,294.020326411243,296.9120110782605,87196500
2020-07-16,295.42010498046875,295.871343992354,293.85453943512255,294.49919068416483,54622500
2020-07-17,296.27642822265625,297.0592106774664,294.4530085389404,296.4237778227198,62774900
2020-07-20,298.6708068847656,299.41674490566004,295.2634141664596,296.00935218735395,56308800
2020-07-21,299.30633544921875,301.0744749886083,298.32095050262376,300.63245415579655,57292200
2020-07-22,301.010009765625,301.32314533336705,298.83666568694713,298.9471708971752,57792900
2020-07-23,297.41845703125,301.35077884843804,296.0555219337203,300.6508750281461,75738000
2020-07-24,295.5029602050781,296.5251615020732,294.0018655257891,295.56743094562876,73766600
2020-07-27,297.6578674316406,297.83284336537673,295.4016165623497,296.19361733148213,48293000
2020-07-28,295.7700500488281,298.04470943209714,295.4753507358692,296.93038292448483,57495000
2020-07-29,299.40765380859375,299.96942614775605,296.60806645726814,296.6449108985429,48454200
2020-07-30,298.33935546875,298.7537780991364,294.36102749576685,296.44227447076116,61861700
2020-07-31,300.6968994140625,300.79821459184643,295.9173523890963,300.1259370973195,84986800
2020-08-03,302.7873840332031,303.551730444188,301.8112172413089,302.35455324026356,53077900
2020-08-04,303.9569396972656,303.9569396972656,301.93091720834786,301.93091720834786,41917900
2020-08-05,305.8447265625,306.1026094552458,304.98828331124287,305.25535623296946,42697700
2020-08-06,307.8892822265625,308.00900558869785,304.9423731694208,305.2646988126908,43679400
2020-08-07,308.1102600097656,308.3957411535914,306.0197668612782,306.922272863609,57308300
2020-08-10,309.0311279296875,309.21529387333,306.62752769620295,308.5614527808773,44282100
2020-08-11,306.4801330566406,310.8452840303046,305.75263131441477,310.20985119434204,69601100
2020-08-12,310.7532958984375,311.52686046889016,308.88384116049235,308.91146746286313,53774400
2020-08-13,310.1914978027344,311.4992082489788,309.2705836615696,309.9888955675153,41816100
2020-08-14,310.20068359375,310.73482947821054,309.0771673345119,309.80469729931406,47260400
2020-08-17,311.18609619140625,311.5820825212489,310.2099294645962,311.2137224910681,35481000
2020-08-18,311.8584289550781,312.2820416597443,309.98894596467176,311.5821378053685,38733900
2020-08-19,310.5599060058594,312.7516581960092,309.99813372934017,312.2359484919656,68054200
2020-08-20,311.5268249511719,312.0056901723592,308.70883001435334,308.83774337602864,42207800
2020-08-21,312.6319580078125,312.85296841916903,310.85457226958493,311.1953341258538,55106600
2020-08-24,315.79986572265625,315.87352648257695,312.6042927708127,315.06311760311377,48588700
2020-08-25,316.90496826171875,316.9878471615432,315.2012714878101,316.36163229349035,38463400
2020-08-26,320.0821838378906,320.3492287448196,316.95108089894495,317.49441695300277,50790200
2020-08-27,320.78204345703125,322.22788555251475,319.1244090738759,320.94782937860447,58034100
2020-08-28,322.85406494140625,322.983006410203,320.61625033931085,321.804237442081,48588900
2020-08-31,321.6845397949219,323.5171500758055,321.4543112428884,322.6422984405211,66099200
2020-09-01,324.7143859863281,324.8156730688066,321.62009934150035,322.51338733167165,54908700
2020-09-02,329.41094970703125,330.3778981673585,325.47862893248646,326.62058140555735,69540000
2020-09-03,318.0746154785156,328.19545502122673,315.4960384795062,327.72577971733415,148011100
2020-09-04,315.47747802734375,320.3214659777526,308.3864298330547,318.75592922726366,139156300
2020-09-08,306.8578186035156,315.54206103531834,306.5539292774732,310.0810183653904,114465300
2020-09-09,312.9173583984375,315.37618290240937,309.9888306834143,310.85449204324215,91462300
2020-09-10,307.4841003417969,315.4407855701406,306.5263415656927,314.7869442624126,90569500
2020-09-11,307.6405029296875,310.3203658186332,304.82250857307713,309.261320427787,84680200
2020-09-14,311.69256591796875,313.46073328485505,307.78789928384793,310.7992781526269,65605700
2020-09-15,313.2674560546875,314.97112516922874,311.70189037183303,314.1423078505726,52920900
2020-09-16,312.02410888671875,315.9287755119788,311.7478178059842,314.50136995908423,82096000
2020-09-17,309.27984619140625,310.9927613539666,306.65523489152685,307.18016277231743,91523300
2020-09-18,305.7190856933594,310.1941477907214,303.2411636439755,310.08320026859406,105877900
2020-09-21,302.3166198730469,302.4645593357365,297.4717223903731,301.14238742219266,99450800
2020-09-22,305.3955383300781,305.95030428150574,301.29030979270976,303.79599750028683,63612100
2020-09-23,298.31317138671875,306.22775080288056,297.8138791281714,305.9503536740996,93112200
2020-09-24,299.1083068847656,302.1594777085532,295.68727323191223,297.0002185553226,76681300
2020-09-25,303.9439697265625,304.729857674503,297.3885547651494,298.257653382287,71069400
2020-09-28,308.9922790527344,309.70421136202526,307.106085914168,308.0954153354496,64584600
2020-09-29,307.3094787597656,309.52851442541044,306.616028350716,308.78884527571864,51304000
2020-09-30,309.639404296875,312.78303963585523,307.7809486868671,307.97510684690087,104081100
2020-10-01,311.6274108886719,313.1992150632846,309.7504726983646,312.2283956676877,88698700
2020-10-02,308.668701171875,311.59969787140113,306.2185149056574,306.69007030245626,89431100
2020-10-05,314.14227294921875,314.32717611812427,310.67502109585257,310.72123983393703,45713100
2020-10-06,309.67645263671875,316.37057974539914,309.16793362544905,314.28097349200937,90128900
2020-10-07,315.0669860839844,315.87138428689724,312.59828946650674,312.62602636258725,56999600
2020-10-08,317.8591613769531,317.9238901844621,316.083915987055,316.99928967685366,45242500
2020-10-09,320.69769287109375,321.15999312657567,318.8854837702439,319.5049503113114,59528600
2020-10-12,325.85693359375,327.3270449402805,322.74103455582997,323.23107167134015,80388500
2020-10-13,323.7303771972656,325.8939389787219,322.7687847777624,325.718262626604,73255500
2020-10-14,321.69622802734375,325.39462982999737,320.96581398724754,324.30360807019053,57727900
2020-10-15,321.2986755371094,321.7794576418191,317.2581758442864,317.79443172197927,60357700
2020-10-16,321.1045837402344,324.3036942490065,320.9289073505997,322.64865110187765,89501900
2020-10-19,316.22265625,322.9907111121093,315.3257925506402,322.36198948401005,68425600
2020-10-20,317.4894104003906,320.7255130289656,316.805214873939,317.56336604517907,60051900
2020-10-21,316.8883056640625,319.6066331009399,316.5831717303874,317.4430433315355,63575000
2020-10-22,318.6265563964844,319.2090592108434,314.9651464132425,317.10097125484754,55399300
2020-10-23,319.7083740234375,319.9025322364598,317.258188232449,319.84705846131055,49143900
2020-10-26,313.8002014160156,317.1195140807674,310.31443920384794,316.33359795190205,91473000
2020-10-27,312.7183837890625,314.4751191044585,312.5057155150436,314.1422764667609,65994100
2020-10-28,302.030029296875,312.7461466489848,301.5399921174108,307.05985871686283,127094300
2020-10-29,305.0997009277344,308.2618190207296,300.57839067530114,302.26117045534187,90597700
2020-10-30,301.9190979003906,304.8315842442729,298.27616915749184,303.52789396877716,120287300
2020-11-02,305.30303955078125,307.30015142841495,302.56620226434757,305.30303955078125,86068300
2020-11-03,310.6935119628906,312.746126248305,305.38631400131226,308.52995012960014,93294200
2020-11-04,317.6373291015625,321.7055664962755,313.9851450876126,315.1593778065313,126959700
2020-11-05,323.8320617675781,325.63504398286517,322.55610859572175,322.9074612913422,82039700
2020-11-06,323.75811767578125,325.0063340064699,321.4373613684711,323.5454494007083,74973000
2020-11-09,327.82635498046875,336.9059387720614,327.36405472488747,336.52684917649657,172304200
2020-11-10,327.3456115722656,328.39964160698554,324.08177251066513,326.83706430106344,85552000
2020-11-11,329.7772521972656,330.60013191836515,328.2886308124271,329.5275920192219,58649000
2020-11-12,326.5781555175781,329.8235125087104,324.7752013576145,328.76945432758134,67546200
2020-11-13,331.0994873046875,331.8391565132532,327.965077662347,328.48285175165734,62892200
2020-11-16,335.232421875,335.42658008620566,332.4771021299016,333.762310414162,74541100
2020-11-17,333.429443359375,334.63144099542336,331.3213552496351,332.8284586496354,66111000
2020-11-18,329.4167785644531,334.2431959668281,329.37978663106264,333.6976848697734,70591300
2020-11-19,330.8034973144531,331.17333179461673,327.4471936792584,328.7878754134838,59940900
2020-11-20,328.53826904296875,330.74807768636424,328.46431342145667,330.54466445649757,70417300
2020-11-23,330.5077209472656,331.7651924296882,328.1130087910506,330.34129961206247,63230600
2020-11-24,335.8334045410156,336.37891546594994,332.1997312419318,333.0503479254816,62415900
2020-11-25,335.315673828125,335.7779741513508,334.2246518372895,335.7502372606201,45330900
2020-11-27,336.2495422363281,336.721069396595,335.2417026629686,336.4067085508926,28514100
2020-11-30,334.7608337402344,335.7409079513326,332.0887531357319,335.4727659225405,83872700
2020-12-01,338.4222106933594,339.9570506637227,337.41439969563044,338.0061574648824,74231400
2020-12-02,339.1342468261719,339.2914131198718,336.73953476512753,337.3127825968703,45927000
2020-12-03,339.041748046875,340.4286487496057,337.94147123204993,339.03249301288866,62882000
2020-12-04,341.9635009765625,341.9635009765625,339.5317971440086,339.6242628374325,50749900
2020-12-07,341.2608337402344,341.75087093197277,339.9941354266788,341.1961049259402,48944300
2020-12-08,342.2593688964844,342.82336164005824,339.9478677180988,339.9940864550397,42458900
2020-12-09,339.1897277832031,343.0730332820125,338.3575929060704,342.9158669849853,74098300
2020-12-10,339.07879638671875,340.12357138803657,336.95219802540623,337.82132486772645,57735400
2020-12-11,338.68109130859375,339.08791771318033,335.8703266070758,337.38665648334694,57698600
2020-12-14,337.1648254394531,341.91725738932104,336.9891490851876,340.8447456280566,69216200
2020-12-15,341.7231140136719,341.7231140136719,338.329845795208,339.6982365511047,63865300
2020-12-16,342.2593688964844,343.1747143338236,341.0573713537836,341.935753088197,58420500
2020-12-17,344.1733093261719,344.3767225815223,343.07303238358134,343.8959404400441,64119500
2020-12-18,342.799072265625,344.62830083764095,340.79341847573585,344.461170106029,136542300
2020-12-21,341.57342529296875,351.4159755487242,336.1600382375715,338.88995381488303,96386700
2020-12-22,340.9976806640625,342.0097878229692,339.87415302334546,341.8983673411588,47949000
2020-12-23,341.30419921875,343.20769903686835,340.97920384235437,341.9634561227385,46201400
2020-12-24,342.6319274902344,342.659782611028,341.19269902115246,341.7776565578183,26457900
2020-12-28,345.57537841796875,345.9653500649846,344.5539768762825,345.1760839492796,39000400
2020-12-29,344.9161376953125,347.27464186044676,344.3311518128284,347.09821664709926,53680500
2020-12-30,345.40826416015625,346.4389603203097,345.0182924625775,345.733259466037,49455300
2020-12-31,347.1631774902344,347.8874388872676,344.70254763729105,345.2132342407314,78520700
2021-01-04,342.4368896484375,348.6209805572402,338.7505780933009,348.4909711220461,110210800
2021-01-05,344.79541015625,345.88181651795514,341.74979422078724,341.7962383123607,66426200
2021-01-06,346.85675048828125,350.0416701451585,342.743317442046,343.29115366008426,107997700
2021-01-07,352.01019287109375,352.7530149569909,349.04814233936133,349.22456754371,68766800
2021-01-08,354.01580810546875,354.22935455515557,350.153071336751,353.39367271496,71677200
2021-01-11,351.6294860839844,353.3844152987946,350.7287994312137,350.84951439553026,51034700
2021-01-12,351.70379638671875,352.7159036317569,349.4660070637659,351.8152452148604,52547700
2021-01-13,352.65087890625,353.6443970420134,350.84950564563337,351.6294773146356,45303600
2021-01-14,351.416015625,353.8952353618927,351.0817540893405,353.3938147215489,49989100
2021-01-15,348.85321044921875,350.5988454547158,346.9961266104406,349.80031300572944,107160000
2021-01-19,351.59234619140625,352.13091630295105,349.8281224423444,351.3045005009363,51233300
2021-01-20,356.4579772949219,357.2936593696755,353.4866317659634,353.876603510318,61836100
2021-01-21,356.782958984375,357.4422441883791,355.86371149800453,357.01509447785054,47840100
2021-01-22,355.5201110839844,356.6807884063507,354.554419617458,354.93512517961597,52860500
2021-01-25,356.92218017578125,357.2750022410849,351.415906011499,356.25362897614195,70402000
2021-01-26,356.36505126953125,358.2778450349725,356.1329158287073,357.86928439217473,42665300
2021-01-27,347.65533447265625,353.14301984374345,345.4268398473695,353.05015999751345,123351100
2021-01-28,350.64520263671875,354.6379205656578,349.02954916525357,349.46593655582046,94198100
2021-01-29,343.62542724609375,349.75380801800657,341.9540352154757,348.7881167338835,126765100
2021-02-01,349.34521484375,350.3758824135657,343.91324084010205,347.01456637013837,75817600
2021-02-02,354.28509521484375,355.8357724135965,349.42883997274356,352.52087154806475,64450700
2021-02-03,354.563720703125,356.28152883956943,353.29162286803046,355.11155700905664,52427100
2021-02-04,358.5936279296875,358.64004369374027,354.67517965802557,355.594427146348,47142600
2021-02-05,360.00494384765625,360.7106447040377,358.54715471512554,360.45994861198795,48669800
2021-02-08,362.6048583984375,362.6512741525483,360.59920475972706,361.4534473259199,38365200
2021-02-09,362.3634033203125,362.95768361802595,361.3605907389764,361.76912302259905,35551100
2021-02-10,362.2055358886719,364.24833897480704,359.80991075751706,364.09976890155684,59154400
2021-02-11,362.7906188964844,363.70060021262947,360.3671379983436,363.2827449986079,42913300
2021-02-12,364.5826416015625,364.82404318438233,361.9177030106144,361.9920022182859,50593300
2021-02-16,364.2669677734375,366.0033648900088,363.55200072791945,365.80835069289986,50972400
2021-02-17,364.3504638671875,364.6011599060725,361.5091004089487,362.5212357222634,52290600
2021-02-18,362.79986572265625,363.5426878534969,360.03280086210617,361.7506089186291,59712800
2021-02-19,362.15911865234375,364.3411973179349,361.71340843442175,364.05335165745737,83241000
2021-02-22,359.3735656738281,361.77848576262124,359.1042805920692,359.401420796986,67414200
2021-02-23,359.8099365234375,361.15633342710237,353.0315929249602,357.1728812923066,107284100
2021-02-24,363.7748107910156,364.20196042155277,357.7392890909114,358.72354113198065,72433900
2021-02-25,355.0093994140625,363.8769912428288,353.57017085547034,362.5120335653563,146670500
2021-02-26,353.1801452636719,358.0271345906392,351.20237503364604,356.8850463128118,152701600
2021-03-01,361.74127197265625,362.9855428178806,353.3751303176071,358.03639956573255,105348800
2021-03-02,358.9184875488281,362.1962383505726,358.41706713717036,361.96410294439573,79595300
2021-03-03,354.1644287109375,359.18781495345684,354.06227437694446,358.22215187611573,119940200
2021-03-04,349.7817077636719,356.5600515760826,345.306129482108,353.9787065028338,183433000
2021-03-05,356.2164611816406,357.26571784913307,346.01179684391315,353.27297148908974,152039600
2021-03-08,354.4429931640625,359.977094609663,354.16444194612137,357.17290844727864,123149200
2021-03-09,359.5035705566406,362.04776622878813,357.77646793232316,358.27788847962165,113633600
2021-03-10,361.74127197265625,363.4312247093334,360.4320530796693,361.84342629734385,109899400
2021-03-11,365.40911865234375,367.3776230858602,363.74702059931354,364.20202543159564,86245000
2021-03-12,365.9011535644531,366.04042915723414,363.2455378059453,364.0533645809201,64653600
2021-03-15,368.083251953125,368.343242519141,364.0162344057818,366.15186917399524,73427200
2021-03-16,367.6190185546875,369.40180309295295,366.8483129268186,368.6961305342788,73722500
2021-03-17,368.87255859375,369.6710910137919,365.19551232371896,366.33762904443535,97959300
2021-03-18,363.5055236816406,368.37107323916246,362.8276780230335,366.291148848804,115349100
2021-03-19,362.8329162597656,364.7799210991891,360.662312193328,363.20554373191754,113624500
2021-03-22,365.7301330566406,367.1088860050199,363.2893903689639,363.34528306947146,73778600
2021-03-23,362.8515625,366.5406230570263,362.0690362260645,365.09668084256,90686600
2021-03-24,361.0071105957031,365.8793009551312,360.9605428076759,364.24903035889577,97588600
2021-03-25,363.0378723144531,363.82969504622673,357.63467436503356,359.5723827433269,116128600
2021-03-26,368.88824462890625,369.28881849367565,363.5875351124933,364.18373344592686,114409100
2021-03-29,368.7018737792969,369.60551031662703,365.935071468474,367.4162848468423,108107600
2021-03-30,367.7236633300781,368.3944040366626,366.13063638340935,367.43487495651453,76262200
2021-03-31,369.2142639160156,370.77001997622074,368.26405952663214,368.2920058783888,112734200
2021-04-01,373.20147705078125,373.25739818982174,370.9377370318491,371.14268644280133,99682900
2021-04-05,378.5579833984375,379.09831735793875,375.7818847728783,375.85639888988624,91684800
2021-04-06,378.3345642089844,379.3779328430627,377.66382316855356,377.9992079036005,62021000
2021-04-07,378.7723693847656,379.11705058317233,377.7103794337197,378.16684605543014,55836300
2021-04-08,380.5702819824219,380.626174688792,379.089068404298,380.0206514166771,57863100
2021-04-09,383.3370666503906,383.5047731912766,380.328071856803,380.4491821914655,61104600
2021-04-12,383.47686767578125,383.74700629608895,382.1353857837753,382.74090909191403,56704900
2021-04-13,384.6133117675781,385.2374848347506,382.99236657978923,383.374318989603,56551000
2021-04-14,383.29986572265625,385.6381198974038,382.7595316211662,384.585426479011,61659900
2021-04-15,387.41741943359375,387.6875864651336,385.3865753074208,385.43314308577106,60229800
2021-04-16,388.71234130859375,389.3178645876654,387.28702042046496,388.70301638087244,82037300
2021-04-19,386.8025207519531,388.22784142524785,385.4796889791716,387.78069983654575,78498500
2021-04-20,383.9705505371094,386.6907567846418,382.4986335803177,385.5914957452918,81851800
2021-04-21,387.6036682128906,387.8086175691402,383.21589268995496,383.35565285576473,66793000
2021-04-22,384.063720703125,388.2651692129653,383.00173084573123,387.43607511013636,97582800
2021-04-23,388.2278747558594,389.6345741269456,384.54813911119874,384.6226532391619,73209200
2021-04-26,389.0383605957031,389.60664100563645,388.2931055721406,388.8800074072831,52182400
2021-04-27,388.95452880859375,389.53213415675737,387.8179963971385,389.33648125494796,51303100
2021-04-28,388.8427429199219,390.342606350338,388.3769514146441,389.2246953658085,51238900
2021-04-29,391.3207702636719,391.93561848281814,387.9484442011052,391.5629909520302,78544300
2021-04-30,388.74957275390625,389.90475500080083,387.8552610382918,389.057011063111,85527000
2021-05-03,389.5880126953125,391.1157939955126,389.0942748542552,390.7338415630485,68128300
2021-05-04,387.1844177246094,388.097379053619,383.5046829225757,387.60364133366414,101591200
2021-05-05,387.3056640625,389.0570447951,386.74670853065714,388.82414902597037,60162200
2021-05-06,390.3984069824219,390.5288137897218,385.3771620935364,387.3800594079225,74321400
2021-05-07,393.23980712890625,393.8919265936675,390.4823294392389,391.16239525650957,67733800
2021-05-10,389.3458251953125,393.81741249794896,389.22471484913274,393.59384166171475,81852400
2021-05-11,385.87091064453125,386.85838615611584,382.00484764015937,384.8368673639602,116888000
2021-05-12,377.673095703125,384.3618553205323,376.3595601632733,383.0949159919616,134811000
2021-05-13,382.2098693847656,384.1382530041698,379.1728997288725,379.21949593633536,106394000
2021-05-14,388.0788269042969,388.9265708311616,384.9114504451291,384.9393967974584,82201600
2021-05-17,387.0913391113281,387.9018401628468,385.07911651757036,386.97025720812496,65129200
2021-05-18,383.7563781738281,387.5944963339857,383.5979965238752,387.35227560923283,59810200
2021-05-19,382.75018310546875,382.9271861523255,377.5985301803542,379.0797721892408,106467100
2021-05-20,386.8677062988281,388.1253487720792,383.504706017484,383.6257879012821,78022200
2021-05-21,386.55108642578125,389.5880563714277,386.09461981296676,388.34903495141754,76578700
2021-05-24,390.4916687011719,391.5629834929008,388.54463516280316,388.7868558465473,51376700
2021-05-25,389.625244140625,391.9262551656702,389.0476672600288,391.5722490957163,57451400
2021-05-26,390.3984069824219,390.9014412201296,389.1780358007873,390.21207905239265,43088600
2021-05-27,390.6034240722656,391.9355808710809,390.3239321287522,391.4232216191229,56707700
2021-05-28,391.3021240234375,392.42933147222897,391.0692282777566,392.1684893742527,58520200
2021-06-01,390.9574279785156,393.7987445957446,390.5195828561252,393.65901283958925,54216600
2021-06-02,391.5723571777344,392.41080480838275,390.6035311110982,391.6096284663476,49097100
2021-06-03,390.1189880371094,391.2555203916502,387.79935555163786,389.2619476298755,58138800
2021-06-04,393.6869201660156,393.98503350269976,390.18415953410863,391.963486198523,55938800
2021-06-07,393.30499267578125,393.85462318339853,392.37340976192394,393.6776201553933,51555000
2021-06-08,393.38885498046875,394.25522031845156,391.56296032167944,394.1620563356279,47134300
2021-06-09,392.8019104003906,394.301773600504,392.57833960967673,394.22723105049744,48436300
2021-06-10,394.6278381347656,395.5780709347275,392.7087795402519,394.0223149057569,51020100
2021-06-11,395.2799377441406,395.39172314331665,393.89188832161483,395.17747727144723,45570800
2021-06-14,396.1650390625,396.2674995574854,394.1528161505777,395.3918091672138,42358500
2021-06-15,395.43829345703125,396.3512264436359,394.5626033146111,396.31398359945143,51508500
2021-06-16,393.23052978515625,395.8017082457771,391.19038894578637,395.5781373986484,80386100
2021-06-17,393.10009765625,394.07824847919915,390.63140827908353,392.82063411530976,90949700
2021-06-18,387.79705810546875,390.51680887211063,387.591438170524,389.82519114669236,118676300
2021-06-21,393.3486633300781,393.53560087943845,388.7409408172673,389.5540649639203,72822000
2021-06-22,395.4516296386719,396.28346475320944,392.61969941589416,393.33938339648705,57700300
2021-06-23,394.9749755859375,396.33017311106846,394.8908622379778,395.52640432656335,49445400
2021-06-24,397.31158447265625,397.7321512462469,396.86295139148933,397.115319978314,45110300
2021-06-25,398.7228088378906,399.1714418641056,397.73210252899935,398.05922899461444,58129500
2021-06-28,399.526611328125,399.69483801915226,398.04990728021846,399.2462335097463,53159600
2021-06-29,399.7416076660156,400.5453764693619,399.2088612604478,399.9098343658785,35970500
2021-06-30,400.07806396484375,400.7509992918403,399.2555842848848,399.2836220683984,64827900
2021-07-01,402.2931213378906,402.4520211210759,400.7696685970019,400.83509959729395,53441000
2021-07-02,405.3680114746094,405.7231756894549,402.37718195001327,403.4520300284134,57697700
2021-07-06,404.629638671875,405.6390557421083,401.90053315862076,405.4240804253988,68710400
2021-07-07,406.0596618652344,406.34006819983387,403.3025183056718,405.3119686849688,63549500
2021-07-08,402.75103759765625,403.50808611480505,399.57327068511836,400.7509143885333,97595200
2021-07-09,407.05035400390625,407.3494426746745,402.55478259875076,404.2558173257462,76238600
2021-07-12,408.50848388671875,408.7608524982303,406.5364262691882,406.9663485206929,52889600
2021-07-13,407.1158447265625,409.21876411942253,406.85414923191337,407.7233490688548,52911300
2021-07-14,407.72332763671875,409.29352904474496,406.48028123314407,408.8075027783235,64130400
2021-07-15,406.3307189941406,407.05972983900836,404.43341971053184,406.38679455738685,55126400
2021-07-16,403.1436767578125,407.5551356129404,402.7511477644121,407.5084154784258,75874700
2021-07-19,397.1899719238281,403.20899534087897,394.38608009064285,398.33022241023,147987000
2021-07-20,402.88189697265625,404.15300952398457,397.05913759218004,397.85357937142714,99608200
2021-07-21,406.14373779296875,406.2839552086843,402.8351658262947,404.078212041571,64724400
2021-07-22,406.99432373046875,407.23733686784163,405.34003746820474,406.3213884076943,47878500
2021-07-23,411.1814880371094,411.51794144372303,408.23740663856285,408.9196688873081,63766600
2021-07-26,412.1908264160156,412.20018185039044,410.5458957579973,410.59261588453984,43719200
2021-07-27,410.31231689453125,411.1815167783755,407.4897133470735,411.15347899253123,67397100
2021-07-28,410.14398193359375,411.51789021824817,408.72335352250394,410.9384237416545,52472400
2021-07-29,411.8450622558594,412.9198819868287,411.05997579525564,411.0693312306445,47435300
2021-07-30,409.84490966796875,411.29357581662805,409.1532635675781,409.28412555399376,68951200
2021-08-02,408.98504638671875,412.1067095157106,408.62988215553224,411.55528082300833,58783300
2021-08-03,412.3122863769531,412.43379291943126,407.5924132229183,409.77944541953616,58053900
2021-08-04,410.28424072265625,412.28433581198715,410.050583021591,411.03193395699765,46732200
2021-08-05,412.8824768066406,412.96659014888616,411.12536648595767,411.4431375086628,38969700
2021-08-06,413.5647277832031,413.9853230057107,412.9198303207797,413.20023664333985,46930000
2021-08-09,413.2282409667969,413.8544275100853,412.4618370122482,413.5366565217107,41222600
2021-08-10,413.7423400878906,414.4526685963435,412.9946468851688,413.67690908891893,43339300
2021-08-11,414.77044677734375,414.8639155599606,413.6862716488568,414.80783999492405,44034300
2021-08-12,416.01348876953125,416.15370620330873,413.72366049428854,414.62089804805976,38909400
2021-08-13,416.7705078125,416.78919015715337,415.9760660634455,416.4620637284058,39470300
2021-08-16,417.75189208984375,417.8827255582406,413.9199004513762,415.4713908619817,73740000
2021-08-17,415.0134582519531,415.87330259419554,412.03198379117543,415.2003672937734,92673900
2021-08-18,410.4711608886719,415.5649103189403,410.22817626839674,414.00406428357036,89351900
2021-08-19,411.1066589355469,412.3030136509168,407.61114913490746,407.7513380397817,92812200
2021-08-20,414.37786865234375,414.7049951138694,410.96647217681397,411.4524984131377,72008700
2021-08-23,418.0229797363281,418.92957275106846,414.4526832434195,416.0602493564847,54973000
2021-08-24,418.68658447265625,419.2193309044513,418.1725489124351,418.68658447265625,38744700
2021-08-25,419.56512451171875,420.0791600532625,418.49963168684314,418.87350683269574,40529700
2021-08-26,417.0882873535156,419.5183042507706,416.9948185830064,419.2846465858296,57829600
2021-08-27,420.8175048828125,421.19135148689224,417.83603043980827,417.8921060042868,77235100
2021-08-30,422.66802978515625,423.45311610967644,421.2473729404078,421.49038603704406,48357400
2021-08-31,422.04180908203125,422.91100873089704,421.4436603048322,422.57455539172196,59300200
2021-09-01,422.26611328125,423.49047714229727,422.03245562039876,422.97644169749003,48721400
2021-09-02,423.5652160644531,424.3689846367617,422.3688901159671,423.68672259809523,42501000
2021-09-03,423.4625549316406,423.9766190394055,422.03257079787886,422.434483761454,47170500
2021-09-07,421.9483642578125,423.21012139664674,421.27542901861193,423.1166526229062,51671500
2021-09-08,421.4344177246094,422.144746327745,419.518407287907,421.41573537498465,56181900
2021-09-09,419.6305236816406,422.9858446456514,419.38751055980504,421.23808970978325,57970400
2021-09-10,416.3218688964844,421.9763727824504,416.2003623513121,421.55580611377326,89948200
2021-09-13,417.387451171875,419.5745125589616,415.0789117278803,419.31281705012566,83738600
2021-09-14,415.1349792480469,419.032373751366,414.24706856986353,418.8267538323482,78197100
2021-09-15,418.6024475097656,419.0978006931455,414.45268447355176,415.55554197274927,78792200
2021-09-16,417.9388122558594,419.0509965202967,414.99470280608074,418.0790011528334,77786700
2021-09-17,413.8676452636719,417.5900174422534,413.5113432060983,417.16810338516024,118425000
2021-09-20,406.96685791015625,409.3296631600691,402.1099375309258,407.7544596601272,166445500
2021-09-21,406.5823974609375,410.59543194937584,406.0573296672389,409.3015046670298,92526100
2021-09-22,410.5484313964844,412.58309005146594,406.69480673198865,408.8513325900805,102350100
2021-09-23,415.5366516113281,417.14001100580157,412.17996661282217,412.4143728690153,76396000
2021-09-24,416.2210998535156,416.9337039803391,413.6895010133059,413.90516505538227,62094800
2021-09-27,415.0303955078125,416.3524217423701,414.3365334637065,415.1897757538297,61371100
2021-09-28,406.666748046875,412.5925453791143,405.93540163406385,412.2643708805607,130436300
2021-09-29,407.3511962890625,409.77964162679973,406.7886155612909,408.045029638689,82329200
2021-09-30,402.3724060058594,409.5264607159928,402.03484612674845,408.82324196639286,140506000
2021-10-01,407.154296875,408.8326537442385,400.58156466232106,404.0976586371233,129240100
2021-10-04,401.9036560058594,406.89180003205087,399.76584320514337,405.9916879045195,128570000
2021-10-05,406.08538818359375,408.3262970264828,402.6068074886927,403.4037658375677,90682500
2021-10-06,407.7731018066406,407.97938044868795,400.8721956255004,402.49426854273986,113032200
2021-10-07,411.298583984375,414.13020116989895,410.86728449835147,411.0454355366307,72437500
2021-10-08,410.5484313964844,412.4518374427157,409.9202387275282,412.0674077940218,74557400
2021-10-11,407.5762634277344,412.79884218436496,407.5106228023292,409.89219860577384,65233300
2021-10-12,406.5729675292969,408.89828794249456,405.785365924999,408.49511604042164,71181200
2021-10-13,408.03564453125,408.8513737107969,404.62270437794365,407.59495963247764,72974000
2021-10-14,414.8990478515625,415.0490712799511,411.2235453911505,411.69235787459854,70236800
2021-10-15,418.0588073730469,418.42449481685196,416.3898362044381,417.00867206884914,66260200
2021-10-18,419.29644775390625,419.6339789561459,415.62094584996555,416.2772946730389,62213200
2021-10-19,422.5313720703125,422.59698407803893,420.30917663549167,420.9186558175996,46996800
2021-10-20,424.1909484863281,424.49099536699856,422.8782791509517,422.99078957769177,49571600
2021-10-21,425.2973327636719,425.5223536137635,423.1595488456662,423.5908483463569,41305400
2021-10-22,424.8566589355469,426.3099949344086,422.9157682107572,424.8660443425605,58845100
2021-10-25,427.1350402832031,427.4632147429343,424.17217058163135,425.9442668817109,45214500
2021-10-26,427.51947021484375,429.8916602272119,427.144425952367,428.68214462677764,56075100
2021-10-27,425.6255187988281,428.6446726137015,425.5504927707311,427.9789668380812,72438000
2021-10-28,429.7323303222656,429.80732773792477,427.0413509410185,427.05070773419686,51437900
2021-10-29,430.604248046875,430.8949094853391,427.1444097745334,427.4350712129975,70162400
2021-11-01,431.3450012207031,431.96383713747196,429.61977470154915,431.5887642564896,48433600
2021-11-02,433.08892822265625,433.3983604582575,431.3824440663046,431.5137252848119,48908400
2021-11-03,435.7330627441406,436.1362346004919,432.0856879971298,432.5263728629684,52509800
2021-11-04,437.7864685058594,437.87085131761023,435.9862160130472,436.33313266603705,52847100
2021-11-05,439.305419921875,441.29318025230174,437.79585747597196,440.00863863956613,66390600
2021-11-08,439.6805114746094,440.8994412181432,438.9960634954237,440.40250108208477,50405200
2021-11-09,438.22723388671875,440.28063519202976,436.8207962043988,440.0462289116431,51149100
2021-11-10,434.70172119140625,438.2272005366199,433.2202862022842,436.53945827784827,69429700
2021-11-11,434.8423156738281,436.2675239203641,434.8235734757579,436.1924978999976,34848500
2021-11-12,438.1239929199219,438.67718819768925,435.161094692695,436.1081050332003,53466700
2021-11-15,438.2740478515625,439.56797493267015,437.14891501750157,439.40859470618256,46980500
2021-11-16,440.0086364746094,441.14315465497026,437.9364933419403,438.0114907479462,48857500
2021-11-17,438.9397277832031,439.9242224676994,438.32089192487604,439.74607145027005,47858300
2021-11-18,440.43060302734375,440.69313688366196,437.25204053194824,439.97114731825366,50625600
2021-11-19,439.6429748535156,441.5650945480242,439.2772873896782,440.31803734544474,57315600
2021-11-22,438.40533447265625,444.0029569483632,438.19905582510415,441.5182563851529,72762000
2021-11-23,438.9866027832031,439.83984487309516,435.47989482517465,438.0771054886185,73206500
2021-11-24,440.1586608886719,440.28055671099236,436.17375483241744,436.9894839645097,61858800
2021-11-26,430.34173583984375,434.96422009835896,429.21657442443677,433.50152742675596,112669600
2021-11-29,435.62054443359375,437.45828126856935,432.9295654860119,435.12360436955294,86268800
2021-11-30,427.1444091796875,435.0860934508205,426.9006175423312,433.18271599479897,148559600
2021-12-01,422.4000549316406,435.6862135337651,422.2031616971008,432.84521097923056,131939200
2021-12-02,428.86962890625,430.43547509903107,422.2218717157111,422.61568676881933,127637800
2021-12-03,425.137939453125,431.5887754076615,420.91862695944747,430.5292831950463,137331600
2021-12-06,430.1729736328125,432.0482235973753,425.2691846744251,427.6788877462588,98977500
2021-12-07,439.071044921875,439.63362565886325,430.0417113660508,435.442440658666,95484700
2021-12-08,440.23370361328125,440.68377393878586,437.71148993714627,439.4648728181905,72238800
2021-12-09,437.261474609375,440.3368838174408,437.0645813487315,438.9491883572712,61272600
2021-12-10,441.3775939941406,441.52761743144606,437.41145846142433,439.9617996675269,77159800
2021-12-13,437.46771240234375,441.2088270752524,437.18640772794674,440.86191039613635,87724700
2021-12-14,434.4578552246094,436.6894070406909,431.54185555192583,434.20470680540546,97264100
2021-12-15,441.246337890625,441.49010093703475,432.00134036114184,434.5141971486355,116899300
2021-12-16,437.3551330566406,443.37466871193504,435.8080291263727,443.0933926959083,116568600
2021-12-17,432.7004699707031,437.2827414785998,430.9974086651927,434.28120719660683,135511600
2021-12-20,428.09930419921875,428.4944740688218,424.48617896144225,427.6288447352182,107134800
2021-12-21,435.7019958496094,435.84312797159805,429.3507919289712,431.5148943716561,69806300
2021-12-22,440.0584716796875,440.1713773813337,435.2503599777173,435.44797367017134,58890200
2021-12-23,442.7965087890625,444.2925666264492,440.9523154989883,441.0558028110541,56439700
2021-12-27,449.06304931640625,449.11008378457836,444.12322414632985,444.17025861450196,56808600
2021-12-28,448.69610595703125,450.5214913868531,447.93396375035627,449.4958929694086,47274600
2021-12-29,449.2700500488281,450.2862300149204,447.8022185897107,448.7995905115579,54503000
2021-12-30,448.0280456542969,450.70025247373695,447.56700448030426,449.6934621372565,55329000
2021-12-31,446.89892578125,448.68666632067624,446.6260799179109,447.5387725895835,65237400
2022-01-03,449.4864501953125,449.61819265083415,445.8545162929149,448.15975083339737,72668200
2022-01-04,449.3359069824219,451.6223622300133,447.4822951975026,450.9072545217483,71178700
2022-01-05,440.70770263671875,449.7405319442751,440.61360498167255,448.9689713732978,104538900
2022-01-06,440.2936096191406,443.0034607516756,437.9318938989192,440.2465751581237,86858900
2022-01-07,438.552978515625,441.47925183914367,437.1980527186537,440.3031029677847,85111600
2022-01-10,438.00732421875,438.2237172664322,429.6237303519184,435.3633434538239,119362000
2022-01-11,441.9967041015625,442.0908017452963,434.7516162526011,437.74376052174716,74303100
2022-01-12,443.191650390625,445.2428756029094,441.2345515344107,443.72798110407143,67605400
2022-01-13,437.0851135253906,444.9417931268879,436.0595152339108,444.2925567024861,91173100
2022-01-14,437.26385498046875,437.6119903971506,432.7286187563213,433.94241224020107,95890900
2022-01-18,429.5201416015625,432.7851319574491,428.4098639787604,432.578128611285,109709100
2022-01-19,425.0602111816406,432.45582165960354,424.7873365975809,431.0632797435182,109357600
2022-01-20,420.3556213378906,431.6372325182061,418.2385532953383,426.9420552480534,122379700
2022-01-21,412.103759765625,421.58821170548157,412.0755333410702,419.2359139440063,202271200
2022-01-24,413.85382080078125,414.3619251147175,395.901098425589,406.50524550753806,251783900
2022-01-25,408.8011169433594,413.7409421509055,401.9135823339121,407.47441758472695,167997300
2022-01-26,407.7755126953125,417.80571346524874,403.5225401054795,414.6818552495206,186391100
2022-01-27,405.76190185546875,415.5004192840026,404.0776775137982,412.36717163695266,149878300
2022-01-28,415.8392639160156,415.88629839154174,402.54407064233396,407.11692430319016,164457400
2022-01-31,423.32891845703125,423.677053931945,413.82562974282484,415.17113717300543,152251400
2022-02-01,426.1893005371094,426.8291186076498,420.5343677869096,424.053395889453,123155400
2022-02-02,430.3293151855469,431.0538124863708,426.2833462117449,428.58860927324656,117361000
2022-02-03,420.2144775390625,426.20812763649417,419.37704575360794,424.3074813838875,118024400
2022-02-04,422.19036865234375,426.0293055549054,417.6080689818472,419.9792032496543,118454400
2022-02-07,420.83551025390625,424.3451203230606,419.5088108002381,422.95257835164983,84472900
2022-02-08,424.2980651855469,425.2201762493433,418.91600673505786,420.33680377789557,81012000
2022-02-09,430.50811767578125,430.82802671260504,428.1275935863995,428.32517855026134,92589900
2022-02-10,422.77374267578125,430.6680383540824,420.778998939607,424.67438876665915,140103700
2022-02-11,414.43719482421875,424.9284364407401,413.00700821201644,422.858431768966,153214600
2022-02-14,413.0822448730469,415.5098319487012,409.6196698794952,413.92909493615394,123006300
2022-02-15,419.74395751953125,419.91331604233613,416.9964614975675,417.5139841588956,88482700
2022-02-16,420.2144775390625,421.588211390658,415.82979106919817,417.70221089727113,84863600
2022-02-17,411.2380676269531,420.18621676202645,410.63589438127366,417.03413227878895,102259100
2022-02-18,408.5753173828125,412.74358216810356,406.3076988713617,411.49214366579196,132642900
2022-02-22,404.1906433105469,409.7702869392554,400.6998126141375,406.37358261467153,124391800
2022-02-23,397.0208435058594,407.6626367061376,396.45628627766916,407.0980794779474,132578000
2022-02-24,402.99560546875,403.4284488931798,386.3790008159794,386.7365259239518,213942900
2022-02-25,411.88739013671875,411.97206942109483,402.5816852321868,404.2282938735101,121804500
2022-02-28,410.8335266113281,412.3107765451423,405.25388303089113,406.50529284633944,145615000
2022-03-01,404.576416015625,411.3416268267393,401.8759540045587,409.3374644946176,137785900
2022-03-02,412.01904296875,413.74091213892484,406.0724278778105,406.825151607102,117726500
2022-03-03,409.9678649902344,415.0488225356622,408.1707060110163,414.44664922565886,105501700
2022-03-04,406.6370544433594,407.7661402300269,402.60050312317946,406.2418557535522,113978200
2022-03-07,394.649658203125,406.7592814126414,394.5837869801388,406.05359214668294,137896600
2022-03-08,391.6575622558594,401.9700272063481,390.5943191141427,394.82845492231417,164772700
2022-03-09,402.1582336425781,404.134169484024,397.8394184443937,400.02235763522094,116990800
2022-03-10,400.34222412109375,401.2360799371363,395.5999843486872,397.55708322285636,93972700
2022-03-11,395.2519226074219,403.4379021571393,394.7438182155745,402.8263104395944,95636300
2022-03-14,392.3632507324219,399.4671781987032,391.2247467020312,396.0234396841189,95729200
2022-03-15,400.9915466308594,401.6219464123901,393.6994228575472,394.96964080123826,106219100
2022-03-16,409.8831481933594,409.939601038674,399.7023972745846,404.49170046381727,144954800
2022-03-17,415.01123046875,415.01123046875,407.5967827207491,407.9731446506093,102676900
2022-03-18,419.5567321777344,419.87763507524926,412.66669551110175,413.4028912886427,106345500
2022-03-21,419.43402099609375,421.3877523283893,415.93234592986585,419.3868116069883,88349800
2022-03-22,424.3419494628906,425.276343887646,420.82140820007544,420.82140820007544,74650400
2022-03-23,418.877197265625,423.30381991515435,418.79225491588033,421.81256176889076,79426100
2022-03-24,425.19140625,425.2008538879378,419.7832096061072,420.8969363393452,64736900
2022-03-25,427.2679443359375,427.54166664957455,423.247167191328,425.8238668662759,77101300
2022-03-28,430.3070983886719,430.3070983886719,424.7856157896072,426.6733001787727,68529800
2022-03-29,435.6303405761719,436.12115693733773,431.5057549157547,434.18626321308204,86581500
2022-03-30,432.9404296875,435.30003519309184,430.83565120715195,434.4883159212036,79666900
2022-03-31,426.27691650390625,432.997068540125,425.8238618663555,432.1759304126346,121699900
2022-04-01,427.4849548339844,427.99460880330986,423.91723302983837,427.853038256275,89048800
2022-04-04,431.1470947265625,431.2509323439472,426.86207198374484,427.683210068739,59601000
2022-04-05,425.70111083984375,432.119225743506,424.5590699380688,429.6558116325977,74214500
2022-04-06,421.44439697265625,423.71906006741074,418.5656898647818,421.7936427720497,106898000
2022-04-07,423.5680236816406,425.3802132507673,418.62230012164184,420.5666126114327,78097200
2022-04-08,422.4354248046875,425.32357938924946,420.89695753959705,422.8129558921499,79272700
2022-04-11,415.215087890625,420.00979376147524,414.7148526591951,419.1697603481383,89770500
2022-04-12,413.67657470703125,420.71762892299597,412.12865978994853,418.1975577653763,84363600
2022-04-13,418.4146728515625,419.16973507105604,413.25185499529334,413.4311873130841,74070400
2022-04-14,413.2046813964844,419.7549485147844,413.1008437773758,418.64119283709516,97869500
2022-04-18,413.3745422363281,415.0545800894282,411.14705981320014,412.27968190004844,66002500
2022-04-19,420.04754638671875,420.76484688177004,413.1008527235854,413.27073740895713,77821000
2022-04-20,419.7360534667969,422.4354571159878,418.5751460041488,421.8219654514646,65224400
2022-04-21,413.4595031738281,424.73842874926703,412.55342274585064,423.3509795921558,85417300
2022-04-22,402.1145324707031,413.4783716367902,401.5482213990768,412.37409241070765,132471800
2022-04-25,404.44580078125,404.6156854519276,395.31883470061024,399.87760832355883,119647700
2022-04-26,392.73260498046875,402.1143954035973,392.7042908767276,401.91616787364165,103996300
2022-04-27,393.8370361328125,399.1697677643689,391.7039722839688,393.8087220181219,122030000
2022-04-28,403.7851257324219,405.51237307337215,394.1485050200903,398.5751272035263,105449100
2022-04-29,388.8630065917969,401.95409397695,388.11736315002133,399.8021348013602,145491100
2022-05-02,391.2037658691406,392.5629010819542,382.27499699533837,388.92910247552595,158312500
2022-05-03,392.9969787597656,395.40376459664327,390.1465571793375,391.7039196895496,100028200
2022-05-04,404.96490478515625,405.53121582781534,390.47692222902697,393.65766562044956,144247900
2022-05-05,390.5712890625,401.132884248546,386.4467037789483,400.7081437907731,172929100
2022-05-06,388.24005126953125,391.50573725161655,382.9451102963641,388.01353835630266,151770800
2022-05-09,375.8096618652344,383.5869123846669,374.23343271582064,382.3504814055953,155586100
2022-05-10,376.6780090332031,383.27545730002635,372.64781289944233,381.7747515433738,132497200
2022-05-11,370.69403076171875,381.35001745771194,369.94838734516037,375.7152782695393,142361000
2022-05-12,370.3069763183594,373.57266165703663,363.5207498600562,367.5037643543331,125090800
2022-05-13,379.1602783203125,380.53827982576547,373.3933876739787,374.43161982347493,104174400
2022-05-16,377.6218566894531,381.2839693671578,375.27169861489534,377.51804786382434,78622400
2022-05-17,385.3896484375,385.62560898408395,379.9719747013643,383.70016285890136,83029700
2022-05-18,369.85400390625,381.12348248197793,368.6175728842904,380.84034133335325,117674500
2022-05-19,367.58880615234375,372.00600991179766,365.3707710345012,366.79598209392395,98510700
2022-05-20,367.7492370605469,374.7336635050742,359.1697150107811,371.1659411793916,131432200
2022-05-23,374.6297607421875,375.3942704199868,368.4570263031315,370.76942180623627,76414900
2022-05-24,371.76995849609375,372.9591798912348,365.2291112058376,370.5146324408455,91448800
2022-05-25,375.0545654296875,377.01777330975807,369.8823286767236,370.278726265349,91472900
2022-05-26,382.5487365722656,384.1815941900457,376.07399194481513,376.2816384117942,82168300
2022-05-27,391.9398498535156,392.0531062882977,384.8044064245167,385.0026051853853,84768700
2022-05-31,389.7406921386719,393.07245343451956,387.0035559449801,390.3258696030877,95937000
2022-06-01,386.5882873535156,392.86483164009155,384.0776638781302,391.8549424707136,86585800
2022-06-02,393.9502868652344,393.9974674509903,384.1815149003103,386.4278638148007,79609600
2022-06-03,387.4849548339844,390.7884022780611,386.51279859544996,389.240487364167,71874300
2022-06-06,388.664794921875,393.21409252066996,387.49441098526677,391.48687393580764,57508900
2022-06-07,392.3929443359375,392.84599895820924,384.7195026936411,385.18200495505744,59272400
2022-06-08,388.1268005371094,392.4684805286195,387.33397652533813,390.6846048993001,64350000
2022-06-09,378.89599609375,388.6175587452947,378.89599609375,386.3523433395128,86289800
2022-06-10,367.9096374511719,373.55382355387263,367.862456867888,372.70437142833873,132893900
2022-06-13,353.9407958984375,360.3683584476511,352.3362527688543,358.5184359528124,170004900
2022-06-14,352.8742370605469,356.71568127410126,349.7784361620524,355.68689685396777,104011800
2022-06-15,357.9049987792969,362.3410401471121,351.2225794060758,356.1683036625761,125666800
2022-06-16,346.0596923828125,350.1087829653544,343.63401132773026,349.70293778443306,134473300
2022-06-17,346.80572509765625,350.142419392661,343.30792965713135,346.47397650063243,111113900
2022-06-21,355.5361022949219,356.92005638665404,352.44587608946637,352.521725834006,76811900
2022-06-22,354.8914794921875,358.99595685720385,350.90071887328156,351.3178056312109,90059400
2022-06-23,358.370361328125,359.1002487608876,353.46963484148904,357.0243321478926,79292100
2022-06-24,369.7643737792969,369.7738622299875,361.5080041964566,361.53644062032527,98050300
2022-06-27,368.3519592285156,370.9776852889989,367.2618578134948,370.683832618729,66009600
2022-06-28,360.8254699707031,372.68394948048416,360.71172428504013,369.9065529188097,86548900
2022-06-29,360.5315856933594,362.3610628098229,358.71159702593604,361.37524766838453,65676000
2022-06-30,357.60260009765625,360.83500878132185,353.1568557172421,356.64519222936855,112508300
2022-07-01,361.3847351074219,361.82079880218214,354.33221338787916,356.9484798436387,74839700
2022-07-05,362.0672912597656,362.0862681620961,353.47914368346136,356.30395395124316,81438000
2022-07-06,363.2900695800781,365.7736135029027,359.8301699411462,362.2094276989218,70426200
2022-07-07,368.7311096191406,369.52735833895935,363.3090102076316,365.06266665246835,64525900
2022-07-08,368.42779541015625,370.29519752923926,365.5745491503481,367.10068528955685,72397800
2022-07-11,364.2189636230469,366.7214549866304,363.52697227080625,365.7545879256405,58366900
2022-07-12,360.9961242675781,366.0485507559225,359.25195608212715,363.66926385832295,62219200
2022-07-13,359.1002197265625,362.02931552702955,355.1474128412304,355.56449960571507,84224600
2022-07-14,358.2281799316406,359.3087928722651,351.715979081912,354.1521096552973,89704800
2022-07-15,365.0721740722656,365.185919762693,360.72122784420594,362.6265260152687,79060400
2022-07-18,362.0578308105469,368.82596036630525,360.83500666975766,368.1529456840062,63203600
2022-07-19,371.8402099609375,372.40896719895636,365.3185509399986,365.9725884962962,78506000
2022-07-20,374.2100830078125,375.62250240338216,370.6648741646818,372.02988023942527,71843800
2022-07-21,378.020751953125,378.06813634762244,371.2336461823122,373.63188089355765,64903900
2022-07-22,374.5134582519531,379.3383643459128,372.29533041038957,378.1440056178114,72197300
2022-07-25,374.9684143066406,375.8215358224329,372.7313098957775,375.1390328241593,53631500
2022-07-26,370.5321044921875,373.53699178755846,369.641058239304,373.3284484320284,52946400
2022-07-27,380.15362548828125,381.8977938102205,373.5276488413761,373.82150155751657,82342100
2022-07-28,384.92156982421875,385.61353235014826,377.4140367716771,380.95927437369363,73966600
2022-07-29,390.53326416015625,391.51910833460266,385.585124244229,386.352936564959,87003700
2022-08-01,389.3767395019531,391.8792599477975,387.13017574109546,387.84111510481983,69997500
2022-08-02,386.8079528808594,391.4906766053588,385.63254218875403,387.8127450392465,63435400
2022-08-03,392.8651428222656,394.0310649800449,388.6468906090099,388.93125481134643,67820600
2022-08-04,392.5997619628906,393.4718315474268,390.95985110646615,392.78932847212786,45656600
2022-08-05,391.936279296875,392.5808576181752,388.2678354372251,388.32470829332755,56814900
2022-08-08,391.4811706542969,395.87004150956847,390.3815808280443,393.62347746477167,53886100
2022-08-09,389.9266662597656,391.25374768614296,388.85551266726645,390.75135154157846,44931800
2022-08-10,398.11663818359375,398.2588492285253,395.01695232609546,396.96966387104465,68665700
2022-08-11,398.11663818359375,402.81833898357877,397.37726224840134,400.9603962309802,59489700
2022-08-12,404.8563537597656,404.9606110010774,399.10247645360926,400.050395788599,61694500
2022-08-15,406.524658203125,407.04603117644456,402.59079888321116,402.64767172710765,54048300
2022-08-16,407.3209533691406,409.24522847882577,404.64781387838514,405.45355110579476,59289000
2022-08-17,404.4297790527344,407.1313549468698,402.42968313864895,403.7283280008868,63563400
2022-08-18,405.6051330566406,406.2876070636067,403.3395924356862,404.62874857532836,49023200
2022-08-19,400.1546325683594,403.1121358999802,399.2825341593999,402.8467196760706,68016900
2022-08-22,391.8224182128906,395.5003494416631,390.92188337608326,395.329701995395,77695600
2022-08-23,390.8745422363281,393.7846615275958,390.32473282411485,391.3958862975145,49105200
2022-08-24,392.1257629394531,393.49074002484474,389.9645082393007,390.64698231789686,49177800
2022-08-25,397.66162109375,397.70900548583626,392.5238859364247,393.6139873082117,50942300
2022-08-26,384.2012023925781,398.0882155528186,384.1443295439162,397.5479234905298,103087000
2022-08-29,381.6607360839844,384.70354880710715,380.3052184856568,381.25313774516417,65370800
2022-08-30,377.4709777832031,383.05423695854176,375.3760840001701,382.81725710753153,85652400
2022-08-31,374.5987548828125,380.3431437236325,374.4660612189248,379.10137171228644,76029700
2022-09-01,375.77423095703125,376.1154680642841,369.7265004007181,372.42807654595646,78740100
2022-09-02,371.8118591308594,380.64647400085363,370.0013297859772,379.4331384469464,99632100
2022-09-06,370.40899658203125,373.5939919026862,368.19086864195987,372.6555609471726,76637400
2022-09-07,377.0633239746094,377.8311362647998,369.8781086762223,370.0961115930664,70964200
2022-09-08,379.52789306640625,379.98287576733065,373.59390963079943,374.79778552612436,80821700
2022-09-09,385.4239807128906,386.28659071940456,381.4995810521483,381.7649972904449,76706900
2022-09-12,389.56640625,390.2868341942052,387.1871194866291,387.49046061347366,69256300
2022-09-13,372.6270751953125,382.10626800654813,371.5085373863549,380.90239200547273,122947100
2022-09-14,374.04888916015625,375.56556553221003,370.75012022055387,373.9256550464987,85023700
2022-09-15,369.8023376464844,375.33818385951975,368.53212903274533,372.49442545998886,87633800
2022-09-16,366.9810791015625,367.63783250475103,363.6973120856197,365.6295206827052,103084800
2022-09-19,369.8269958496094,369.8269958496094,363.7639505998914,363.84011191988435,73278500
2022-09-20,365.5818786621094,367.51405803281153,362.8311539935767,366.50513850212155,77274900
2022-09-21,359.2047424316406,370.55033777024784,359.1952150060502,367.50452437829694,106746600
2022-09-22,356.1875305175781,360.07091552367,355.44511739669144,358.4337956869669,89472600
2022-09-23,350.2196044921875,352.7609289323935,345.7841524325805,352.7228482792776,122346900
2022-09-26,346.7550354003906,352.37072699861113,345.53671576875286,348.753848761664,92581200
2022-09-27,345.869873046875,352.5515910179344,343.4808127042095,350.2862710344236,108294100
2022-09-28,352.67529296875,354.3599916328385,345.1274223526463,346.82164844241146,110802200
2022-09-29,345.3083190917969,349.42013004160674,342.3672197883283,349.13459770031216,112952300
2022-09-30,339.9686279296875,348.2779675279083,339.8353891876637,344.36600021604005,153711200
2022-10-03,348.9441833496094,350.79070306991537,341.9007722856018,343.6806581182504,89756500
2022-10-04,359.7568359375,359.78538917158465,348.9061712798272,354.45522944852485,103602800
2022-10-05,358.919189453125,361.1749817964111,353.0750722691506,355.3974984990643,88065700
2022-10-06,355.21673583984375,360.4707348086878,354.7217743328191,357.52010776378955,82333500
2022-10-07,345.3083190917969,355.30235769557754,343.547458861724,351.19051769873397,107789500
2022-10-10,342.6717834472656,346.65988314467035,340.43504562807703,346.42192984075376,76042800
2022-10-11,340.50164794921875,345.5367479558779,338.56946829764377,340.9775545535183,92482800
2022-10-12,339.37847900390625,342.48139902682294,339.1309983011124,340.91091321016154,76991800
2022-10-13,348.3350830078125,349.8008834901985,331.3356839052994,332.3826842498608,147254500
2022-10-14,340.39697265625,352.41837848921915,339.7592450066515,350.7907569397952,123737000
2022-10-17,349.1440734863281,350.24818012108415,340.0637687647691,346.4694811126714,93168200
2022-10-18,353.2464599609375,357.3583002169347,349.8103989866183,357.05371300233446,97162900
2022-10-19,350.7431335449219,353.9317132956456,347.9352732315164,351.2095126771094,79746900
2022-10-20,347.802001953125,354.71217382958656,347.04053410271376,350.2957474382865,88283100
2022-10-21,356.2541198730469,356.7395247837277,346.02212943460694,347.5259812950986,131038400
2022-10-24,360.61346435546875,361.74612439325887,355.13101099924324,357.77707959447656,85436900
2022-10-25,366.3719177246094,366.68600327248134,360.4230857441992,360.53729867069814,78846300
2022-10-26,363.61163330078125,368.90371186098525,362.9739347843384,363.2309138667366,104087300
2022-10-27,361.66998291015625,366.44807462100994,361.05128110498777,364.6110821532887,81971800
2022-10-28,370.27435302734375,370.75025961760167,361.3844214069697,361.5652682350303,100302000
2022-10-31,367.59979248046875,369.68426585196175,366.6955873080766,367.81871998807645,96631300
2022-11-01,365.9911804199219,371.5783479860967,364.8204688405162,371.34039469961164,85407600
2022-11-02,356.8062438964844,369.90320408108596,356.7015583770088,365.40111675587,126990400
2022-11-03,353.1321716308594,356.1684576069525,351.0191454820897,353.56999750398336,87100100
2022-11-04,358.2148742675781,360.61343287804317,352.170855133582,358.8335469874606,103505200
2022-11-07,361.6414489746094,362.23156853069116,357.43442171013305,359.50936758378657,68286900
2022-11-08,363.5926513671875,366.5623039769019,359.5188919325988,362.74552365571884,84641100
2022-11-09,356.1019287109375,362.7741495038233,355.60696718518795,361.6224344512429,78495500
2022-11-10,375.671142578125,376.00428299719744,367.0572450041489,369.35108918360226,141455800
2022-11-11,379.3070983886719,380.1066180137116,374.64319033872147,376.5277909851231,93839900
2022-11-14,376.0804138183594,380.89658611860307,375.8043798668183,377.5462142284,71903500
2022-11-15,379.2879943847656,382.9239274120566,375.4807419701021,381.8198207261606,93194500
2022-11-16,376.3945617675781,378.6122738619531,375.76636153620575,377.66046061084984,68508500
2022-11-17,375.2428283691406,375.9186366580597,371.3404174691277,371.6449756187588,74496300
2022-11-18,376.94659423828125,378.6408206344442,374.1006819611119,378.5741867367159,92922500
2022-11-21,375.5759582519531,376.7466989172969,373.73896579052973,375.6235663390515,51243200
2022-11-22,380.630126953125,380.79194799230964,376.1090138482937,377.51770796736366,60429000
2022-11-23,383.02862548828125,383.5140303982983,380.0684717587064,380.2968975987144,68261600
2022-11-25,382.9429626464844,383.4950305265415,382.191051189936,382.4670560829331,30545400
2022-11-28,376.83233642578125,381.4962149118125,376.0708685003482,379.8590951809206,67881600
2022-11-29,376.18511962890625,378.1553507626501,374.34809818392904,376.96558433179973,52310000
2022-11-30,388.0351867675781,388.0351867675781,374.51945716113363,376.4325818837763,144566700
2022-12-01,387.7496337890625,390.2433795179694,385.24636063389784,389.07263892248426,76398200
2022-12-02,387.3022766113281,388.20648163885994,382.7621385272809,382.8668240269508,85342700
2022-12-05,380.33502197265625,385.4177008262784,378.98346353454565,384.48494250767516,77289800
2022-12-06,374.8526306152344,380.7158042080798,372.76818614779955,380.1732926862465,77972200
2022-12-07,374.21490478515625,376.57541212687585,373.0822446819997,374.005504706076,65927900
2022-12-08,377.1464538574219,378.2124799961138,374.3195674856605,376.09948257287107,60737900
2022-12-09,374.3290710449219,378.45993659247966,374.205330689029,375.9090843451082,81447700
2022-12-12,379.725830078125,379.725830078125,374.4527776179369,375.11902932851245,75405800
2022-12-13,382.600341796875,390.70977956297014,379.8400894083029,390.45280046353844,123782500
2022-12-14,380.1541748046875,385.9602409589763,377.21307559103866,382.257673780074,108111300
2022-12-15,370.8550109863281,376.20419694431035,369.19886518287717,375.2999627142446,117705900
2022-12-16,366.4765625,369.6415286124747,364.3442912550409,368.3028770994123,119858000
2022-12-19,363.3690185546875,367.0025351167428,361.70526779936387,366.6678648941245,79878100
2022-12-20,363.86627197265625,365.48222528681765,361.2941346468216,362.61367325179793,74427200
2022-12-21,369.3069763183594,370.435266494614,365.92207660917404,366.4575373430041,78167400
2022-12-22,364.03839111328125,369.28783218740784,358.3490843681481,366.26628710078785,100120900
2022-12-23,366.13238525390625,366.2758070046261,361.4662030943732,363.01521636298173,59857300
2022-12-27,364.6885986328125,366.36192075609665,363.0152765095284,366.01770849733794,51638200
2022-12-28,360.1562194824219,366.59134742365524,359.92674469166934,364.6215818081712,70911500
2022-12-29,366.63916015625,367.5092910145083,362.47018314198056,362.9961017998292,66970900
2022-12-30,365.67333984375,365.8167615683377,361.848604892548,363.9617919629837,84022200
2023-01-03,364.13397216796875,369.49815002254616,361.274962367188,367.52841345608357,74850700
2023-01-04,366.9451599121094,368.9722652057651,363.34989894273167,366.3905568832152,85934100
2023-01-05,362.757080078125,365.10928447945327,362.1642506841692,364.9945470716449,76970500
2023-01-06,371.0758056640625,372.19455357778276,362.785708249104,365.84547897836046,104189600
2023-01-09,370.865478515625,376.44961824670435,370.6838304181261,373.26550947515705,73978100
2023-01-10,373.4663391113281,373.53327899556643,369.34518834804146,370.28225918611713,65358100
2023-01-11,378.1898193359375,378.26633038365287,374.2312334389066,375.0439955334967,68881100
2023-01-12,379.5667724609375,381.02973273660194,375.22571833967487,379.289500125456,90157700
2023-01-13,381.0392761230469,381.61299228704434,376.10536380133436,376.3730941204777,63903900
2023-01-17,380.34130859375,382.6935423019026,379.6624261074559,381.0202202604648,62677300
2023-01-18,374.3364562988281,382.58832869980466,374.1356658339176,381.52697849057256,99632300
2023-01-19,371.61138916015625,373.94445143359656,370.2918504811202,372.2998136739957,86958900
2023-01-20,378.5340881347656,378.68708106087394,371.36270886328373,373.00734634342695,91806400
2023-01-23,383.0759582519531,385.0074392135379,378.3810918291715,379.3372757234957,84178800
2023-01-24,382.6647644042969,383.5731214964874,380.2169362364954,381.40259479828296,59524900
2023-01-25,382.8082275390625,383.1428977378186,376.31573073269413,378.6010242444025,84800300
2023-01-26,387.0154724121094,387.1780365308271,382.5022827834098,385.466459007332,72287400
2023-01-27,387.9046630859375,390.2760095744735,385.762820567528,385.97318218490153,68346200
2023-01-30,383.0376892089844,387.37877210654403,382.7412745466371,385.1508473703547,74202000
2023-01-31,388.6696472167969,388.7174447402499,383.20981606709955,383.5540574493801,86811800
2023-02-01,392.8003234863281,395.5445957142965,384.7205872650518,387.4552591361378,101459200
2023-02-02,398.5183410644531,399.9813013244029,394.78922953717114,396.68245506156615,101654500
2023-02-03,394.2824401855469,398.7000051703591,393.0776391240828,393.55573107794413,94736800
2023-02-06,391.8727722167969,393.2688214973962,390.2185930098529,391.8345458768114,60295300
2023-02-07,396.99798583984375,398.241013206568,389.7118693730586,390.9548967397829,90990700
2023-02-08,392.6568603515625,396.366858057828,391.96840686812754,395.0282066123747,76227500
2023-02-09,389.2529296875,396.4051963035193,388.0290153704697,396.2522033663381,78694900
2023-02-10,390.1613464355469,390.54381421799513,387.26410994237983,388.0768430374244,70769700
2023-02-13,394.7413635253906,394.8752432701656,390.3524831825662,390.81146193268944,64913500
2023-02-14,394.55975341796875,396.86413102531327,390.61070909281807,393.2210725630297,88389300
2023-02-15,395.84100341796875,395.9174852871057,391.52860488743005,392.3700513500147,61555700
2023-02-16,390.3907775878906,394.8179138959173,390.25692701019995,390.8784407346895,76431500
2023-02-17,389.4154968261719,389.6545428210452,386.34612524209655,388.2680643786122,89257800
2023-02-21,381.60345458984375,386.4513142893378,381.34529542458307,385.39950609313314,82655900
2023-02-22,381.0774841308594,383.5539965692342,379.624066139242,382.0145255408099,83742300
2023-02-23,383.10467529296875,384.5772067863999,378.88790045751995,383.96523503521115,96242400
2023-02-24,379.01220703125,379.84408241701556,376.39227228887677,378.0942785897589,108194400
2023-02-27,380.30303955078125,383.7070519585176,379.365968807818,382.3492579579314,80444700
2023-02-28,378.8974914550781,381.785156708453,378.79229603840645,379.82499112745273,96438600
2023-03-01,377.4440612792969,379.30863174384257,376.1436650512144,378.0847173960627,99706800
2023-03-02,380.3795166015625,381.2209631061389,375.13961830151106,375.4742885040699,85127800
2023-03-03,386.47998046875,386.7285976253681,381.54606794616154,382.1962660076362,90120000
2023-03-06,386.7476806640625,389.5971190249731,386.3078442662089,387.30225445436355,72795900
2023-03-07,380.8193359375,386.9389359941927,380.2073934400801,386.69989002886615,108310600
2023-03-08,381.44091796875,382.1962822868647,379.21299300204765,380.93414163742426,74746600
2023-03-09,374.4033508300781,383.8887075845493,373.4184826190144,382.22492782127654,111945300
2023-03-10,369.00091552734375,375.9332484862883,367.48058669730784,373.8583166785041,189253000
2023-03-13,368.47503662109375,373.28466995051247,363.97141834242984,365.08059523708437,157790000
2023-03-14,374.56591796875,376.21055539266825,370.0909552792131,373.38980130348455,149752400
2023-03-15,372.2232971191406,372.42408758364206,366.8973453679593,368.9818486133687,172996900
2023-03-16,378.7539367675781,379.09817809644744,369.3642343818118,369.8710106095369,143254200
2023-03-17,374.3253479003906,378.55821591341066,372.94318572096427,377.4256197444262,140553400
2023-03-20,377.9247131347656,378.33746367070916,374.40214170963634,375.1028011958168,93055800
2023-03-21,382.8870849609375,383.3670015855469,379.69082383763816,381.28415054635593,91524200
2023-03-22,376.36016845703125,386.3232414014182,376.3217962204962,382.71428861761933,111746600
2023-03-23,377.3775939941406,383.25176789780386,374.6708576136584,379.2204571484992,119351300
2023-03-24,379.85394287109375,379.9403243336123,373.7589969312936,376.10099199884445,107682400
2023-03-27,380.5643005371094,382.8967177472465,379.671662586895,382.12883352250185,74010400
2023-03-28,379.7100524902344,380.5642888800985,377.8767674052834,379.87320774489075,62871700
2023-03-29,385.2290344238281,385.46899270747423,382.6662670661032,383.8660584843338,77497900
2023-03-30,387.4847106933594,388.10859647318574,385.62263176835995,387.8590304445402,69840000
2023-03-31,392.9461669921875,393.2437129705157,388.3005480641613,388.40614495841936,112062600
2023-04-03,394.4434509277344,394.84656445369103,392.03426030988214,392.42779542260035,67391100
2023-04-04,392.2550354003906,395.3744932102715,390.8824517022873,395.0865256835199,66601500
2023-04-05,391.22802734375,392.28384974684195,389.57711302940226,391.5255732993779,65200200
2023-04-06,392.754150390625,393.0325102209904,389.3851264771968,390.4313411526847,63743300
2023-04-10,393.1572265625,393.23402961478297,389.66344926995697,390.2777272293107,63681000
2023-04-11,393.26287841796875,394.66422675434245,392.4950235384784,393.7811965721071,59297900
2023-04-12,391.659912109375,395.61444936283374,391.0744279375137,395.3264818376402,86420400
2023-04-13,396.86224365234375,397.21737725795947,391.60234704835096,392.7445509263928,85814800
2023-04-14,395.89276123046875,398.41712702758065,393.5891675964206,396.22870868146754,78161500
2023-04-17,397.3133850097656,397.3325711300684,394.5778543396015,395.80643975007484,66436400
2023-04-18,397.5724792480469,399.02183667204184,396.1999248791392,398.8874459715307,63560000
2023-04-19,397.50537109375,398.4075874340768,395.60489064257166,395.6624782963843,55227300
2023-04-20,395.3360900878906,397.0829934844094,393.7907434550367,394.6929889766768,75840400
2023-04-21,395.6432189941406,396.10392013942635,393.6947589557848,395.63361128968654,73457400
2023-04-24,396.05596923828125,396.4782981802782,394.1075090570705,395.44166194381876,64332100
2023-04-25,389.7690124511719,394.6449810037149,389.71142480850085,394.08826140218645,97766700
2023-04-26,388.1181335449219,391.4583635816679,387.56144318468967,390.3833550986097,80447000
2023-04-27,395.8448486328125,396.11360078097556,390.4025810177756,390.65214704527966,92968400
2023-04-28,399.2234802246094,399.2330879315298,394.9042301280886,394.9618177860324,89433100
2023-05-01,398.82037353515625,400.84560788880884,398.58999360759657,398.78197199859795,62122300
2023-05-02,394.3378601074219,398.1580067083917,391.43917444922255,398.1099974743272,103998500
2023-05-03,391.6311340332031,397.24616414474065,391.39117573178515,394.83697342513307,91531800
2023-05-04,388.8572082519531,390.91123595861524,387.52302611509293,390.58489620304397,94901900
2023-05-05,396.05596923828125,397.1021838881152,392.22624422840113,392.48538864162396,87891800
2023-05-08,396.16156005859375,396.64147667611564,394.76021173712985,396.3823322476967,50046800
2023-05-09,394.4242248535156,395.53763480997924,394.1938742734827,394.6162031980649,49220100
2023-05-10,396.2671203613281,397.8892407221348,392.44697389350114,397.2557473304781,96142900
2023-05-11,395.5760803222656,395.8640185793233,393.5028369960926,395.4033173680311,70157100
2023-05-12,395.05767822265625,397.02535353372895,392.638909501974,396.814189092828,70481500
2023-05-15,396.42071533203125,396.8238288685914,393.75238023444746,395.6624389099318,54289400
2023-05-16,393.77154541015625,396.23832360826236,393.7619377053924,395.3168627044219,57705500
2023-05-17,398.5515441894531,399.1562144912637,394.14591338269895,395.78721992832476,87287000
2023-05-18,402.3908386230469,402.81316752783374,398.01400205687503,398.234744921799,97177200
2023-05-19,401.805419921875,403.8210757531866,400.5864421499419,403.2931791436521,103793300
2023-05-22,401.96856689453125,403.50430592203884,400.58640469895295,401.8245977682805,60745400
2023-05-23,397.4573669433594,401.9013998007867,397.0638317760762,400.32725913165393,86383500
2023-05-24,394.5778503417969,396.238372422446,393.4164603018304,395.85444497777297,89213700
2023-05-25,397.99481201171875,399.4441694496832,395.84479511708275,398.0811934806872,90961600
2023-05-26,403.14910888671875,403.8689837488059,398.57071530888675,398.64748907245814,93830000
2023-05-30,403.30267333984375,405.60626696953454,401.9205113036728,405.0783704702366,72216000
2023-05-31,401.0663757324219,402.38134275024066,399.50184266738273,401.479097047602,110811800
2023-06-01,404.8768310546875,405.93265339027886,400.04887142591303,401.29664281865877,88865000
2023-06-02,410.7318115234375,411.51885243910056,406.92127277329087,407.4491692853337,91426200
2023-06-05,409.94476318359375,412.36353228842165,409.2440744066445,411.0773593229492,65460200
2023-06-06,410.8374328613281,411.3653294424387,408.87936479133043,409.5320736758542,64022200
2023-06-07,409.4168395996094,412.3635345526036,408.9945106484148,411.2309384070294,85373300
2023-06-08,411.8932189941406,412.344341762355,408.71617349799953,409.4840283285931,61952800
2023-06-09,412.63226318359375,414.63831094166113,411.6436362158996,412.689850828952,85742800
2023-06-12,416.3756408691406,416.4524439304632,412.89147087099775,413.61134578902306,76104300
2023-06-13,419.1207580566406,419.76382988102273,417.1722978814529,417.8345851160925,95899700
2023-06-14,419.6198425292969,421.4243335080621,416.1740450929453,419.4566872999007,100612100
2023-06-15,424.8221740722656,426.0699454976172,418.7080413628314,418.8040012480244,110303100
2023-06-16,423.3751220703125,427.37322020593024,422.9030661850773,426.804818584776,114165800
2023-06-20,421.1785583496094,422.3250049416328,419.107257409602,421.4386947666536,76160400
2023-06-21,419.0205993652344,420.99555478179644,418.4329109170005,420.1959468611093,76982300
2023-06-22,420.53314208984375,420.6391018260277,417.72964857046975,418.0668439684426,70637200
2023-06-23,417.3538818359375,419.13617505158805,416.6409763099136,417.0841314152319,92074500
2023-06-26,415.6487121582031,418.7026693868189,415.40786249787595,416.7855154988048,72823600
2023-06-27,420.20562744140625,420.82218732627064,416.07263875155775,416.52543732038123,72813700
2023-06-28,420.41754150390625,421.4290983033547,418.5100016357142,419.1265614695,75636000
2023-06-29,422.0745544433594,422.2383451446893,419.5986423394109,420.00325329466176,67882300
2023-06-30,427.0553283691406,428.0379843526411,424.96474047999936,425.28267848094407,104964000
2023-07-03,427.5467224121094,427.82608687001783,426.42917637868914,426.70857023719304,32793400
2023-07-05,426.91082763671875,427.6430199831629,425.7258367708566,425.7354801650757,58418400
2023-07-06,423.5677795410156,423.99167722455906,421.06293761114665,423.3365733138423,80658300
2023-07-07,422.4984436035156,426.438769743823,422.2575939538954,422.5755319557256,86134200
2023-07-10,423.5677795410156,423.74118421139565,421.5735376298801,422.1419392054069,62443500
2023-07-11,426.26531982421875,426.7566624993896,423.3558667490492,424.32890870557475,64463800
2023-07-12,429.69500732421875,431.1015903646367,428.62564905437046,430.0514894814251,91924500
2023-07-13,433.10546875,433.89546265173254,431.07271183277675,431.50622355890425,72425200
2023-07-14,432.8357238769531,434.83958003816,432.07463074719146,433.991813962652,69815800
2023-07-17,434.338623046875,435.3887239970372,432.6430320958501,432.6912196663996,52680200
2023-07-18,437.5660095214844,438.2114701147798,433.5775252322227,434.0110663595222,80668200
2023-07-19,438.5390625,439.724023983291,437.48893213427476,438.35601441060516,65891700
2023-07-20,435.62957763671875,438.44271452207744,434.91667207150675,437.5467608684042,70591600
2023-07-21,435.62957763671875,437.5467608684042,435.61996364299455,437.3444259913096,71275600
2023-07-24,437.5756530761719,438.38490436691495,435.74517222742827,436.7760157789645,54023400
2023-07-25,438.770263671875,440.02267010001805,437.2577208036124,437.3059083742901,55191200
2023-07-26,438.837646484375,440.26345740361967,436.78560303915054,437.8357038433955,71052900
2023-07-27,435.9282531738281,442.62388566589414,435.0226560753175,442.2192452897237,92194400
2023-07-28,440.1960754394531,441.0245840745933,435.92819754722996,439.1941327220315,80011800
2023-07-31,441.0342712402344,441.39072403261815,439.35793761574195,440.6681750532694,62040400
2023-08-01,439.7721862792969,440.51399258801536,438.8184017102693,439.5698514127993,55291500
2023-08-02,433.65460205078125,436.9205079074881,432.90315234388123,436.6604008783812,93933400
2023-08-03,432.4117736816406,434.29041249284955,430.9955767287294,431.6410666517331,64276100
2023-08-04,430.45611572265625,436.32320952695244,429.9358722590493,434.2230076857938,100128900
2023-08-07,434.2133483886719,434.3674956833761,431.5929031798807,432.28655130575453,58357500
2023-08-08,432.3250732421875,434.20371206163696,428.97243590614755,431.6795833163524,71361300
2023-08-09,429.4349365234375,432.7586735355105,428.6738433785323,432.59488283321724,78789600
2023-08-10,429.58905029296875,435.1671361209915,428.4233462814403,431.7855978075418,93005500
2023-08-11,429.3385925292969,430.3501787286785,427.1227874459535,427.72008989099777,68690900
2023-08-14,431.7085266113281,431.7085266113281,428.1150686990038,428.4233633029166,47867400
2023-08-15,426.6796569824219,430.292402044995,426.1112258867205,429.935919835655,75707500
2023-08-16,423.5486145019531,427.9224233894094,423.4426253576642,426.26537646534126,80107200
2023-08-17,420.3211669921875,425.273020314269,419.8009235363625,425.01291328665195,95711300
2023-08-18,420.5234375,421.5542809321435,417.1611862051528,417.5079955464786,98852000
2023-08-21,423.2594909667969,424.00129722321185,419.3866396038395,421.5349994297979,68719000
2023-08-22,422.1131286621094,425.032225506542,421.5543703601319,425.032225506542,64994200
2023-08-23,426.814453125,427.431042301619,423.0283039267051,423.17280782729074,68441000
2023-08-24,420.8992004394531,428.92429730681755,420.87027025881116,428.41369725884107,88517300
2023-08-25,423.86651611328125,425.14782341445994,419.07842352366526,422.62372359066535,102325100
2023-08-28,426.5544128417969,427.17097271429145,423.8665222680011,426.0534267072631,61595400
2023-08-29,432.72015380859375,432.9995476574254,426.2653709047112,426.44841900560834,83081900
2023-08-30,434.50238037109375,435.13822692888783,432.35399106524045,433.057282576268,69053900
2023-08-31,433.86651611328125,436.2557255535454,433.68346804802377,435.1189223908011,66084600
2023-09-01,434.67578125,437.06502016743536,433.2210400744053,436.5833209067049,58944100
2023-09-05,432.797119140625,434.55051141170435,432.7297035921897,434.2326028529468,55166200
2023-09-06,429.8877258300781,432.093916863234,427.56593166865076,431.9879277285903,70758500
2023-09-07,428.5679016113281,429.24226303585164,426.5447585365695,426.89156794336543,70355400
2023-09-08,429.21331787109375,430.74511806057524,428.2595627004295,428.6160154651993,61659700
2023-09-11,432.0361022949219,432.34436749416994,430.12856253408137,431.83376742594476,60180100
2023-09-12,429.6661071777344,432.1131477113599,429.08809157187744,430.5909909482861,67565400
2023-09-13,430.1671142578125,431.3231749266096,428.78943192828973,429.8877204342684,60199300
2023-09-14,433.8761291503906,434.56977723810513,431.33277242916336,432.63336626870154,83430800
2023-09-15,428.648681640625,432.62223173023705,428.2136407942197,432.29352436707654,111848900
2023-09-18,428.90008544921875,430.1955896700722,427.86560575276553,428.3393267614431,55752200
2023-09-19,428.0105895996094,428.5713482483716,425.332573169419,427.9815868766938,66514600
2023-09-20,424.0758056640625,429.6832158729015,423.8727570723084,429.2675002876334,82562600
2023-09-21,417.0664978027344,421.49441429318694,416.91180676973505,421.233389771168,104095800
2023-09-22,416.12872314453125,419.6865285568745,415.71297806578804,418.09131961695476,100829700
2023-09-25,417.8785705566406,417.9172211836111,414.485104517223,414.92017485715184,70874500
2023-09-26,411.73944091796875,415.54862280920696,410.90798029741677,414.84285049792544,96168400
2023-09-27,411.90380859375,413.4700443597365,408.26867230252077,412.9092856337623,104705800
2023-09-28,414.29180908203125,415.96437838949197,410.7630061946947,411.3527676631777,92258300
2023-09-29,413.2863464355469,417.5112441372113,411.76846823252566,417.3372277775056,115111300
2023-10-02,413.12200927734375,414.3691856249788,410.36663202274156,412.4549170103042,83798600
2023-10-03,407.5918884277344,413.1799731499237,406.2287013020404,410.94667474306095,103760600
2023-10-04,410.5599670410156,411.3043900178651,406.59609392791054,408.0559666596498,87453000
2023-10-05,410.4052429199219,411.2463514179395,407.1858225474584,410.269877205424,70142700
2023-10-06,415.2779235839844,416.81512702154566,406.6347574601129,407.9592644123595,113273300
2023-10-09,417.9365539550781,418.50696046790523,412.83186855618567,413.38292025225314,80374400
2023-10-10,420.11187744140625,422.70288570856627,418.1686064888882,418.5649967058061,78607300
2023-10-11,421.832763671875,422.0841107631383,418.79700772466646,421.17534896503963,62451700
2023-10-12,419.2611389160156,422.8189443567332,416.91182957643576,422.4419089154139,81154200
2023-10-13,417.1728515625,421.95850789546967,415.60664534568787,420.75965970754623,95143100
2023-10-16,421.5621337890625,422.62561629317145,419.1741442361407,419.4158434641518,75433200
2023-10-17,421.54278564453125,423.5924199141401,418.0913430371363,418.43937576892034,75324700
2023-10-18,415.9256591796875,420.73064064200355,414.8428514424272,419.77352121429993,93559800
2023-10-19,412.27117919921875,418.4490253157197,411.59443909771255,416.64111990263626,121323000
2023-10-20,407.20513916015625,412.37750784711915,407.0987761718527,411.83610400929126,123919900
2023-10-23,406.4993896484375,410.35692908932583,403.92770652261123,405.67760643648245,92035100
2023-10-24,409.5640869140625,410.714577336654,406.7700303151136,408.6166155353714,78564200
2023-10-25,403.6859436035156,407.91086989621283,403.17354254116606,407.8818671758645,94223200
2023-10-26,398.8520202636719,403.47330792914914,397.9335809780985,402.6225515026816,115156800
2023-10-27,397.0440979003906,400.83395429205797,395.6229054415524,400.43756406837696,107367700
2023-10-30,401.7911071777344,402.84491222424634,398.53300645045545,399.82851071417565,86562700
2023-10-31,404.314453125,404.63348310254605,400.45691364342605,402.361504611754,79665200
2023-11-01,408.6263427734375,409.43844855236455,404.74947812853236,405.28123407598383,98068100
2023-11-02,416.4574279785156,416.61211901779166,412.39686933434086,412.41619465013827,94938900
2023-11-03,420.2569274902344,421.80380835994043,418.63271585397734,418.75840416588386,100167800
2023-11-06,421.2237243652344,421.66844265759465,419.28045324415575,421.01102787683624,67831700
2023-11-07,422.4224853515625,423.0605747296388,420.08285380291056,421.223666855701,64256100
2023-11-08,422.73193359375,423.5440394282341,420.43095231056213,423.02196085453033,61746000
2023-11-09,419.4352111816406,423.911486057602,419.00981813699394,423.872805916006,83174400
2023-11-10,425.98028564453125,426.2896676737884,419.42540510915256,421.5040416459852,89462200
2023-11-13,425.57427978515625,426.6764127794683,423.86306009469695,424.64616313137293,52236100
2023-11-14,433.8307800292969,435.1166069139446,431.2784220719966,431.50079597873554,97176900
2023-11-15,434.74920654296875,436.3927730128096,433.8984205823122,435.16492211328534,77327600
2023-11-16,435.28094482421875,435.59997479434537,433.24098818272,434.30447059030485,66665800
2023-11-17,435.8223876953125,436.43147446982493,434.37219232906403,435.2906316917746,83133200
2023-11-20,439.1771545410156,440.0182630951851,435.5613141930735,435.57099160312566,69936200
2023-11-21,438.2200012207031,439.0514618608499,436.9534996970191,438.13299304399567,49244600
2023-11-22,439.9118957519531,441.22675482120695,438.8194400859089,439.8732451207241,59394900
2023-11-24,440.18255615234375,440.3759273074353,439.631504418495,439.9602117787139,29737400
2023-11-27,439.38983154296875,440.36627627306393,439.00308920962266,439.55417048077294,50506000
2023-11-28,439.82489013671875,441.1203943936042,438.4423777026132,439.00310690168646,62115000
2023-11-29,439.5154724121094,443.10230972873876,439.1191116939092,441.97114450802434,63146000
2023-11-30,441.24609375,441.59415597189025,438.2876976332808,440.35665713551293,79752700
2023-12-01,443.8564453125,444.3881717849613,440.0472633152973,440.6369952391435,89183400
2023-12-04,441.5264892578125,443.87579870037587,439.25451058722007,440.4726841519421,72430900
2023-12-05,441.4394226074219,442.3965419933345,439.7668535301099,440.14391844231596,69793500
2023-12-06,439.66058349609375,443.60510200805135,439.2255130737281,443.57609928018036,69124700
2023-12-07,443.0153503417969,443.6630877368815,441.13976201140014,441.73917136361564,66995400
2023-12-08,444.9198913574219,445.4516177863762,442.02914891320626,442.2708481089666,83194400
2023-12-11,446.6504211425781,446.82446698086267,444.2141039538438,444.42680041904015,65002200
2023-12-12,448.6904602050781,448.7871457987425,445.30667095693167,446.30247061264276,68327600
2023-12-13,454.87786865234375,455.12924524748996,448.70970069679584,449.0674107718607,93278000
2023-12-14,456.3377685546875,458.0006602364905,453.6693999362765,456.8114895469167,119026000
2023-12-15,455.5863952636719,456.9163018501235,453.7420397034311,455.7417134699126,141553700
2023-12-18,458.1491394042969,459.12957270241793,456.13006180277284,457.1881393985243,70375300
2023-12-19,460.9350891113281,461.0127630324847,458.61509172941334,458.69273602664884,55761800
2023-12-20,454.54779052734375,461.96405036999886,454.1206728290634,460.0808576886502,102921000
2023-12-21,458.8577575683594,459.1295570366737,455.1107760152546,457.5278509164755,86667500
2023-12-22,459.7798767089844,461.4592269639175,457.88699725724837,459.98371888478914,67160400
2023-12-26,461.72137451171875,462.62413389794295,460.109981297383,460.18765521976536,55387000
2023-12-27,462.55621337890625,462.70181495571654,460.9836571015111,461.5175394244562,68000300
2023-12-28,462.7309265136719,463.5657286208665,462.3135254600746,462.91536504878167,77158100
2023-12-29,461.3913269042969,463.06096072132885,459.4401769650659,462.5367654374911,122283100
2024-01-02,458.8092346191406,459.79938459581,456.7124830275094,458.33359292378987,123623700
2024-01-03,455.0622863769531,457.39200051317124,454.4604467676884,456.6542463475319,103585900
2024-01-04,453.596435546875,457.1686653982138,453.3731600721968,454.5865557790852,84232200
2024-01-05,454.2177429199219,456.66393818647634,452.7713549830218,453.8003122508208,86118900
2024-01-08,460.7020568847656,460.8476584350013,454.58652515961944,454.7127230444625,74879100
2024-01-09,460.003173828125,461.02241437904433,457.54726208619434,458.05202403896755,65931400
2024-01-10,462.6047058105469,463.4686578138975,459.9934757568045,460.27499186871785,67310600
2024-01-11,462.40093994140625,464.11909796202355,458.4307119015927,463.60461925818277,77940700
2024-01-12,462.72119140625,464.58498035155515,461.3136700813151,463.8472262405501,58026400
2024-01-16,461.02239990234375,462.65319658217305,459.207164709733,461.3427529504032,85014900
2024-01-17,458.4597473144531,458.9451056102245,456.11060012839494,458.0035093314712,68843900
2024-01-18,462.5367736816406,463.0900892897804,458.58597937392244,460.1294153145847,91856200
2024-01-19,468.30279541015625,468.5843115147551,462.5852901238366,463.66277131466796,110834500
2024-01-22,469.2929382324219,471.0110958989677,468.6425450951434,469.83653714242234,75844900
2024-01-23,470.6616516113281,470.9043307691421,468.7493682867175,469.836566173897,49945300
2024-01-24,471.1761779785156,474.45717543420074,470.68110299788805,473.525295727068,81765000
2024-01-25,473.7388916015625,474.0106911050473,471.17621480069516,473.30205721699724,72525000
2024-01-26,473.1369934082031,474.79691054106985,472.29247468488353,473.3117152908374,76641600
2024-01-29,476.8839416503906,477.0295728420406,472.9040272208165,473.4476261562877,61322800
2024-01-30,476.5150451660156,477.22364926399433,475.757857843928,476.1946921260682,58618400
2024-01-31,468.7396545410156,474.75807991768903,468.7202212489611,474.31155855924624,126011100
2024-02-01,474.8746032714844,474.90372358641025,469.6327095934461,470.43842101293257,91891600
2024-02-02,479.873779296875,481.5239798187347,474.971642466127,475.31139921660196,99228200
2024-02-05,478.12652587890625,479.90295413015167,475.87448552123806,479.24287384642,75757100
2024-02-06,479.5146179199219,479.84465802363434,477.6411122849623,479.0680669349689,55918600
2024-02-07,483.5139465332031,483.93134756331705,480.8541628931194,481.75695184930976,70556500
2024-02-08,483.72747802734375,484.1060420771884,482.6985208548494,483.51391920150996,52343600
2024-02-09,486.5231628417969,486.95996752942966,483.89249957484776,484.2322563033971,63979400
2024-02-12,486.3096008300781,488.7557959365899,485.59125041968997,486.4940393494017,56502300
2024-02-13,479.6116638183594,482.53353038052535,476.3500701317823,480.04849815534635,113099200
2024-02-14,483.97021484375,484.4555731763151,479.92231331563113,482.2423403647749,68387800
2024-02-15,487.3094177246094,487.4938562363656,484.19339631478,484.66906756169146,61683000
2024-02-16,484.8827209472656,488.14431492487785,484.1449667563623,487.0085929456435,75532900
2024-02-20,482.2132263183594,483.8149029118612,479.97087316267243,483.14510603430045,71736700
2024-02-21,482.6499938964844,482.80531210783914,479.10688422021883,480.9124325062878,59293400
2024-02-22,492.6387023925781,493.59970240133447,488.2898811137423,489.25091074641995,76402500
2024-02-23,492.9783630371094,495.19159539397833,492.25032568782467,494.3567638290291,61321800
2024-02-26,491.1728820800781,493.8520693709636,491.0466841824756,493.4152350521733,50386700
2024-02-27,492.0853576660156,492.30863314805396,489.9692025931845,491.86211180789684,48854500
2024-02-28,491.43505859375,492.01746492951116,490.17310907711266,490.53226952547317,56506600
2024-02-29,493.2016906738281,494.8130838290683,490.5516532421677,493.1920036518268,83924800
2024-03-01,497.83197021484375,498.2590878764062,493.6676174504883,494.07533144522296,76844800
2024-03-04,497.2981262207031,499.1425115484434,497.00692307628157,497.03607301464484,49799300
2024-03-05,492.3280334472656,495.7449748064334,490.1245174506037,495.29842384541166,72855600
2024-03-06,494.82281494140625,497.07488469099843,493.53177482463775,495.59937641592427,68382400
2024-03-07,499.7345886230469,500.78297909459656,494.88100583529064,498.1135085613306,58652100
2024-03-08,496.7351379394531,503.0447667007892,496.1624186562773,500.36563844693006,86532500
2024-03-11,496.3079833984375,496.89041928478855,493.6093924281333,495.5314219659159,62557200
2024-03-12,501.6470031738281,502.2294094929587,495.9003176684613,498.41449998303995,73114400
2024-03-13,500.860595703125,502.1419486738022,499.4239541516855,501.9672268025058,55104100
2024-03-14,499.8705139160156,501.9866689472691,496.8321662856789,501.83132111592977,110171800
2024-03-15,496.4381408691406,498.2590460217431,494.77306623402836,496.80816405826874,107646300
2024-03-18,499.3885192871094,501.93969410963876,498.97956820958467,500.4985887866016,88893300
2024-03-19,502.1636657714844,502.44602683293346,497.69420694088996,498.6971800566581,60755300
2024-03-20,506.8083190917969,506.94465591796825,501.5501987684062,502.2220766323413,69594600
2024-03-21,508.4831237792969,510.34292670569124,508.2007033176528,509.64186783246885,60256100
2024-03-22,507.51922607421875,508.88241615238655,507.2854803107173,508.3955498176283,79070800
2024-03-25,506.11700439453125,507.26600171225357,505.9611738991571,506.1461854674636,48512100
2024-03-26,505.1822509765625,507.87950952715136,504.78304672651166,507.53866742888704,65463700
2024-03-27,509.4277648925781,509.466752240446,505.84443537276076,508.00615306178463,82999800
2024-03-28,509.3302917480469,510.82981847863687,509.04793070421056,509.46662856862366,96294900
2024-04-01,508.4441833496094,510.605900605306,507.2854391895369,510.07035956686866,62477500
2024-04-02,505.2115173339844,505.3477947483364,502.9134629158643,504.62724203503336,74230300
2024-04-03,505.7664489746094,507.2660352902269,504.0721636747669,504.12083842082313,59155800
2024-04-04,499.5930480957031,510.10934946561747,499.2911933332161,509.76856679026787,96858100
2024-04-05,504.8122253417969,506.7694375345306,500.5083435441168,500.94653513579135,74546500
2024-04-08,505.0946044921875,506.5162756490336,504.2864491311744,505.51336185898396,48401800
2024-04-09,505.6788635253906,507.071294128757,500.839381191466,506.82786095826793,68049200
2024-04-10,500.61541748046875,502.60181066009386,498.6387711363,499.9922143304957,82652800
2024-04-11,504.3934631347656,505.8345682969367,498.62898305416263,502.1343964769264,70099000
2024-04-12,497.4313659667969,502.27081877394835,495.70784003413945,500.85889444352966,92561100
2024-04-15,491.199462890625,501.7644387082916,490.3522904966187,501.5989207934361,92101400
2024-04-16,490.30364990234375,493.19563735543574,489.0183155418661,491.6766166443132,73484000
2024-04-17,487.40185546875,492.9229325491744,486.00942494137024,492.75738492725213,75910300
2024-04-18,486.39892578125,490.88784877913054,485.46415075166374,488.7943295112607,74548100
2024-04-19,482.1534423828125,487.31421332567436,480.8875721611567,486.3210167619427,102212600
2024-04-22,486.5937194824219,489.18385210193054,482.41639776348796,484.7533503648902,67961000
2024-04-23,492.367919921875,492.7963646750655,486.4086807205422,488.5995792337359,64633600
2024-04-24,492.1342468261719,494.0427545951939,489.914137461728,493.2540334865075,55928100
2024-04-25,490.2646789550781,491.0241892900092,484.4222826199273,486.0678932982719,69122400
2024-04-26,494.90936279296875,496.4868049205615,492.4166096033967,493.0495298783495,64306100
2024-04-29,496.6620788574219,497.33395677101214,493.9258924563797,496.69128964862307,46415400
2024-04-30,488.79437255859375,496.1752536684076,488.79437255859375,495.2015209263445,77483600
2024-05-01,487.2071533203125,494.841213980312,486.7397509352648,488.2100967940072,80242800
2024-05-02,491.7642517089844,492.6016773299733,486.42818551774343,490.90736213065725,62550200
2024-05-03,497.8597717285156,499.08665465274976,495.20147091341136,497.73318173027803,72756700
2024-05-06,503.0010986328125,503.0400265445959,499.8169737447077,500.2551653379584,47264700
2024-05-07,503.5561828613281,504.9486136014355,502.8843048675207,503.96513398697067,52561300
2024-05-08,503.6047668457031,504.14030789046143,501.60862689782874,501.7254700555243,42047200
2024-05-09,506.50653076171875,506.5455181068331,503.1374535973279,503.7898378767789,43643700
2024-05-10,507.1589660644531,508.9116730396104,505.94180018838176,508.1034582569593,52233200
2024-05-13,507.2270202636719,508.9407991411694,506.08776976766853,508.8337028193061,36716400
2024-05-14,509.55426025390625,510.07036706182174,506.88624242560803,507.4217834719146,57535900
2024-05-15,515.8640747070312,516.1561825946173,511.3848691803367,512.01781913004,59504900
2024-05-16,514.8026733398438,517.5583531460086,514.6565896819933,515.9614174721102,50244800
2024-05-17,515.5427856445312,515.6109540647997,513.4687302561026,514.9195824580145,59187600
2024-05-20,516.1367797851562,517.5973789121299,515.2701433728218,515.6596602461204,37764200
2024-05-21,517.4025268554688,517.5583573493641,515.1727006539206,515.3772058901883,33437000
2024-05-22,515.912841796875,517.4221156794935,513.7413773413039,516.7113097871478,48390000
2024-05-23,512.1443481445312,519.0675716996905,510.9368699664029,518.960475392313,57211200
2024-05-24,515.5330810546875,516.3412958961842,513.0403275362747,513.9848197975488,41291100
2024-05-28,515.893310546875,516.5749353115505,513.2642204156563,516.3412489766735,36269600
2024-05-29,512.28076171875,513.4589997088932,511.56995584928654,511.871810616093,45190300
2024-05-30,508.8822937011719,511.40428685840544,507.6359470886976,510.7421559342923,46377600
2024-05-31,513.5174560546875,513.6440460717812,504.7441141188356,509.8367770177735,90785800
2024-06-03,513.9361572265625,515.4065032558699,508.87273480704334,515.1241421408643,46835700
2024-06-04,514.5105590820312,515.250605333056,511.17066354967966,512.6312623824123,34632700
2024-06-05,520.6255493164062,520.6450429850004,514.8415757760073,516.8280281512839,47610400
2024-06-06,520.615966796875,521.3560132540258,518.6879948188819,520.9275684331457,30808500
2024-06-07,519.98291015625,522.787264555686,518.5514924537447,519.6420681166458,43224500
2024-06-10,521.589599609375,521.9109480214009,518.5807990347079,519.1747616812378,35686100
2024-06-11,522.8457641601562,522.9041857425336,518.0744503489441,520.0414093421914,36383400
2024-06-12,527.139892578125,529.8274041983666,526.1077383475028,527.4028194115604,63251300
2024-06-13,528.2012939453125,529.0581834417079,525.4164327979901,528.8829186945259,44760900
2024-06-14,528.5226440429688,528.5518251182958,525.6695550365463,526.6725282080745,40089900
2024-06-17,532.7290649414062,534.1215548157255,527.3832826445532,527.8409678567655,55839500
2024-06-18,534.082763671875,534.2093537069524,532.3689842110815,532.7876822378984,41376400
2024-06-20,532.6316528320312,535.669693336776,530.859452632278,535.0075623992715,70328200
2024-06-21,531.9176635742188,533.0313142277637,530.4621308750893,531.810221745453,64338600
2024-06-24,530.1885986328125,534.3012597413704,530.0713785197397,531.7418545665156,45528700
2024-06-25,532.230224609375,532.5916631831469,529.8954816744096,531.4096242974609,37936200
2024-06-26,532.8945922851562,533.6076912884868,530.4719636310322,531.1166742934914,38550600
2024-06-27,533.734619140625,534.3110010096894,532.0153114364416,532.7577451835803,35041500
2024-06-28,531.6343383789062,537.5542520433446,530.3937489459842,534.5063503169283,76144500
2024-07-01,532.7284545898438,533.2559450469041,529.9736629556671,533.0117265646933,40297800
2024-07-02,536.3135986328125,536.3135986328125,531.0775683576217,531.126400132376,40434800
2024-07-03,538.70703125,539.068469909586,535.9620173191718,536.0010708200014,32789900
2024-07-05,541.8134765625,542.213968717536,538.3748605783948,539.0098526062544,41488400
2024-07-08,542.4386596679688,543.3861988920726,541.3738407022457,542.5949332840256,36110500
2024-07-09,542.966064453125,544.2945986626197,542.6730142045088,543.3958913589794,27289700
2024-07-10,548.3389892578125,548.6808713510104,543.8942239279161,544.1872742397521,38701200
2024-07-11,543.61083984375,549.3255886798729,542.9759074999535,548.4561564855596,53054200
2024-07-12,547.0397338867188,550.6346235261244,544.2654447499774,544.7343252522627,53084400
2024-07-15,548.5440673828125,551.7775178290722,546.6879829958002,549.0325043663784,40584300
2024-07-16,551.797119140625,552.090169461466,549.1009369415549,549.8531491181022,36475300
2024-07-17,544.0602416992188,547.5476892504238,543.7378565645935,545.8772131422685,57119000
2024-07-18,539.879150390625,546.580551242634,537.7007404833427,545.593898977862,56270400
2024-07-19,536.2940673828125,541.2663824595259,535.2390267295067,539.644738170822,65509100
2024-07-22,541.8231811523438,542.4288382548532,538.2771238069361,540.2113152231016,43346700
2024-07-23,540.9733276367188,543.8648365993427,540.484890622907,541.7157018138391,34439600
2024-07-24,528.7135009765625,536.4698829953903,527.7952370228695,536.1670544374522,74515300
2024-07-25,525.9586791992188,534.7994361794972,525.0209183627663,528.8306910081631,61158300
2024-07-26,531.849365234375,534.535769150024,528.9675745637637,529.7393433023149,53763800
2024-07-29,532.1618041992188,534.3988238349518,530.1689434005636,533.3926747810592,39515800
2024-07-30,529.4656982421875,534.6822315404584,526.0661958644091,533.6271909452782,46853600
2024-07-31,538.0719604492188,540.6997538692295,534.9166765387299,536.2842643515584,65663400
2024-08-01,530.452392578125,542.0381046138815,526.9551667505608,539.7913062018092,76428700
2024-08-02,520.5762939453125,524.571676102486,516.3756871144337,523.3603616135271,82789100
2024-08-05,505.4151611328125,511.47179289103417,498.46957030548145,499.80791295578933,146267400
2024-08-06,510.07489013671875,517.4991102473832,505.89383991875644,507.21259624641726,84826300
2024-08-07,506.6654357910156,519.2964689099484,506.06955696870784,516.2485672171777,70698300
2024-08-08,518.3782348632812,519.0033889369354,509.77197692780607,511.79405372836936,63276600
2024-08-09,520.6640014648438,522.1488688468696,516.3364573171235,517.5575496711185,45619600
2024-08-12,520.937744140625,523.340816607706,518.6713887529162,521.8560083095788,42542100
2024-08-13,529.5046997070312,529.7391995235392,523.8779562074939,524.1221746789957,52333100
2024-08-14,531.1752319335938,532.3572709257232,527.6291745808618,530.2960214933445,42446900
2024-08-15,540.27978515625,540.5630571909627,536.1866801444643,536.7923373384469,60846800
2024-08-16,541.490966796875,542.1845687274085,538.51151333941,538.667786928332,44430700
2024-08-19,546.66845703125,546.66845703125,541.0514314058853,541.9013070349608,39121800
2024-08-20,545.7794799804688,547.8700045132335,544.4411674580102,546.2190851764095,33732300
2024-08-21,547.6551513671875,549.1106842316043,541.9013486274712,546.8248322343893,41514600
2024-08-22,543.3568115234375,550.155875826028,542.1454973391976,549.5502187339081,56121500
2024-08-23,549.130126953125,550.0679473561338,544.4020310704757,546.5902786774961,50639400
2024-08-26,547.8212280273438,550.8690705771505,546.1214765619129,550.1559715338451,35788600
2024-08-27,548.5733642578125,549.0618012606642,545.4083020191189,546.5512279111676,32693900
2024-08-28,545.3887329101562,548.661296528156,542.2041141850556,548.2314695905903,41066000
2024-08-29,545.4376220703125,550.644377643334,544.2946960843145,547.352316743397,38715200
2024-08-30,550.6444091796875,551.1524028130747,544.2556737558524,547.8017316610252,62700100
2024-09-03,539.3126831054688,547.8407751289367,536.8021094517958,547.5086116923438,60600100
2024-09-04,538.208740234375,541.608242662233,536.7532075195429,537.4760847370844,47224900
2024-09-05,536.8998413085938,540.9929467939947,534.447877405527,538.1502689658041,44264300
2024-09-06,527.8636474609375,538.8437022454943,526.9649400293706,537.2221175565589,68493800
2024-09-09,533.7737426757812,535.0437266855093,530.1300214174476,532.054494369654,40445800
2024-09-10,536.0986938476562,536.4504138231891,530.8138314182086,535.6786451567546,36394600
2024-09-11,541.5985717773438,542.5168359009789,527.4730091477311,536.0108800293665,75248600
2024-09-12,546.1605834960938,546.4634120914028,539.9573969973035,542.1749203516514,51819600
2024-09-13,549.012939453125,550.0093699640063,546.5121445202687,546.7661412876428,39310500
2024-09-16,549.8238525390625,550.0875680057417,546.9518402590558,548.7492552395013,36656100
2024-09-17,550.0484619140625,553.477299266029,547.8211605278194,552.0314851715059,49321000
2024-09-18,548.4170532226562,555.5384427736924,547.8602279225689,550.7029048507478,59044900
2024-09-19,557.7755737304688,559.6316584337985,554.9426745171918,557.8049085738365,75315500
2024-09-20,556.8114013671875,557.8500616857909,553.793383536953,556.4096807844697,77503100
2024-09-23,558.2026977539062,558.8494456443765,556.6642942041962,557.8793836152081,44116900
2024-09-24,559.7999877929688,559.8587776289324,556.1744550910837,558.9964868304339,46805700
2024-09-25,558.5652465820312,560.3780425284191,557.4579883539482,559.6431398003925,38428600
2024-09-26,560.7798461914062,563.1413674659622,558.428192996937,562.8179934718497,48336000
2024-09-27,559.9664916992188,562.6611352170194,558.9376397719122,561.8478858705382,42100900
2024-09-30,562.21044921875,562.8179640810873,556.6447925339722,558.9376557740085,63557400
2024-10-01,557.1738891601562,562.5043864049716,554.6066335561335,561.8576982708267,72668800
2024-10-02,557.4091186523438,558.4282222492225,553.8914170466389,556.2823034605133,38097800
2024-10-03,556.3900146484375,558.3301388916863,554.106899883147,555.9392527365582,40846500
2024-10-04,561.4461669921875,561.8185225581165,556.6643942780399,560.828843806913,42939100
2024-10-07,556.3704223632812,560.4467168743025,555.22399069742,559.7999688939893,49964700
2024-10-08,561.63232421875,562.2300906410503,558.0656412646009,558.9376805045769,37398700
2024-10-09,565.5224609375,566.0809942856702,561.0248291372598,561.6225357741174,37912200
2024-10-10,564.53271484375,565.9535388259317,562.9257131010544,564.1799758679994,44138100
2024-10-11,567.9132690429688,568.6481717987969,564.3171018304082,564.4542980317323,42268000
2024-10-14,572.5579223632812,573.4888112745962,569.0401610478535,569.520288010914,36217200
2024-10-15,568.1093139648438,573.1262458468478,566.8942243784207,572.8224884018784,54203600
2024-10-16,570.5785522460938,571.097912292803,567.3058184280349,568.1093193754714,30725400
2024-10-17,570.62744140625,574.3215715502484,570.4412636582532,574.1157772582931,34393700
2024-10-18,572.822509765625,573.6063941876963,570.852960533333,572.3129579783322,37416800
2024-10-21,571.8817749023438,573.0771881011084,568.912738838732,572.0973176864316,36439000
2024-10-22,571.5780639648438,572.7343039714391,568.6972423190728,569.3537388044809,34183800
2024-10-23,566.355224609375,570.0003732214365,562.8570804647936,569.5594196255329,49314600
2024-10-24,567.5801391601562,568.3836400907534,564.9639018539431,568.3052337104026,34979900
2024-10-25,567.3840942382812,572.6950344865168,566.443456997856,569.8044050522926,47268200
2024-10-28,569.1380615234375,570.9802224021391,568.834304134212,570.8528344834444,30174700
2024-10-29,570.0592041015625,571.1762108700161,566.7864107519835,568.1778099310847,42899700
2024-10-30,568.334716796875,571.578085865319,567.629178914475,569.5889199783458,41435800
2024-10-31,557.1934814453125,564.0427655154251,556.9974954170759,563.9741674152153,60182500
2024-11-01,559.545166015625,563.9643910438907,559.1336371976272,559.8195584319851,45667500
2024-11-04,558.3399047851562,560.9757583388703,556.4585705161212,559.6823223393656,38217000
2024-11-05,565.09130859375,565.1304818819561,559.0357163025479,559.2512590975022,39478300
2024-11-06,579.142578125,580.0146771322202,573.6063462638446,577.3396500855225,68182000
2024-11-07,583.6206665039062,584.6397701216673,581.063218798349,581.1416251858423,47233200
2024-11-08,586.148681640625,587.5695056932594,584.1693242787533,584.1693242787533,46444900
2024-11-11,586.707275390625,588.0888664930864,584.9826937261699,587.7361274635068,37586800
2024-11-12,584.8846435546875,587.2264882691159,582.4055428293386,586.6287817012992,43006100
2024-11-13,585.1687622070312,587.1676761411395,582.9836705187753,585.3451316888757,47388600
2024-11-14,581.4060668945312,585.7763103260314,580.7202054727688,585.296183408181,38904100
2024-11-15,573.9591064453125,578.3195418358689,572.1071369723535,577.8491633593196,75988800
2024-11-18,576.310791015625,577.6237838402152,573.5573576252949,574.4195885423085,37001700
2024-11-19,578.4175415039062,579.1426361014928,572.2737941658764,572.9400989259979,49412000
2024-11-20,578.6134643554688,578.8976052377521,572.8616299600318,578.495884693383,50032600
2024-11-21,581.7196044921875,583.1404284379229,575.6248397212988,581.4550801704302,46750300
2024-11-22,583.5225830078125,584.1497143652956,581.2101034094488,581.7097870344509,38226400
2024-11-25,585.5020141601562,588.7649396726674,583.2188992835091,587.451946771504,42441400
2024-11-26,588.5592651367188,589.2255699286757,586.0311823918292,586.7464687495894,45621300
2024-11-27,586.7757568359375,588.7550542016285,585.256969810655,588.3729502321648,34000200
2024-11-29,590.4209594726562,591.204843913549,587.3147867247623,587.5891193661275,30177400
2024-12-02,591.4790649414062,592.1551777846197,590.3423819959737,590.8323171053594,31746000
2024-12-03,591.7534790039062,591.9984465923378,590.2151351783115,591.2439870884159,26906600
2024-12-04,595.4280395507812,595.6730071584342,592.7726289600115,593.4389336760423,42787600
2024-12-05,594.4480590820312,596.231430112411,594.095320145877,595.4279293312596,28762200
2024-12-06,595.5750122070312,596.8096584526629,594.800936138575,595.212464951605,31241500
2024-12-09,592.508056640625,595.6240374954255,591.9201582931329,595.457476264727,34742700
2024-12-10,590.6659545898438,593.6055662349224,590.0094580682774,593.1842290759141,37234500
2024-12-11,595.232177734375,596.1826234477978,593.3116099521484,593.5860024095599,28677700
2024-12-12,592.1651000976562,594.9380902901107,592.1651000976562,594.3698085144841,31543800
2024-12-13,592.0475463867188,594.9087513561514,590.6757038334936,594.1934650654297,35904700
2024-12-16,594.5756225585938,595.5457446292651,593.027470168396,593.8015463634949,43695200
2024-12-17,592.1258544921875,592.9881452170704,590.7540718346318,592.0278913761272,55773500
2024-12-18,574.4783935546875,594.2031278558312,574.0962297805506,591.8220501813851,108248700
2024-12-19,574.3020629882812,581.0631932062172,574.0570953688857,579.456191269411,85919500
2024-12-20,581.199951171875,585.7225012446567,571.132257605004,571.9778279294948,125716700
2024-12-23,584.680419921875,585.2801382457641,577.7687172457148,580.9443919924163,57635800
2024-12-24,591.1790771484375,591.2184422848073,585.4471892507113,586.0272849416975,33160100
2024-12-26,591.2184448242188,592.3392110668057,588.0133066034633,589.4093887705021,41219100
2024-12-27,584.9949340820312,587.7183292627742,580.8164691334702,587.4823184826345,64969300
2024-12-30,578.3192138671875,581.7799853973963,574.5733451400716,577.9948115421023,56578800
2024-12-31,576.21533203125,580.698577374324,574.5832389413312,579.9808236627084,57052700
2025-01-02,574.7994995117188,581.180251846637,570.7291685588775,579.4695486945864,50204000
2025-01-03,581.9865112304688,582.6255346471705,576.5594027877501,577.64092396713,37888500
2025-01-06,585.3390502929688,589.6060270134918,583.608664526265,586.2337670283534,47679400
2025-01-07,578.722412109375,587.6889029930588,576.9035745975999,587.3644406233403,60393100
2025-01-08,579.5678100585938,580.6394897953063,575.3500401020275,578.7911287868388,47304700
2025-01-10,570.7192993164062,576.0874192959229,568.8119506064235,576.0185903209236,73105000
2025-01-13,571.6041870117188,571.9581131697737,565.6658125456092,566.0787864044993,47910100
2025-01-14,572.3906860351562,575.1533862250869,568.6152938144415,574.5241441869972,48420600
2025-01-15,582.8025512695312,583.9430001285099,579.2827918470954,580.3937768602567,56900200
2025-01-16,581.6817016601562,584.34604932179,580.9836305712422,584.1690862304802,43319700
2025-01-17,587.521728515625,589.2717368825727,585.5848557638515,586.9121689712896,58070600
2025-01-21,592.8995971679688,592.9094384516549,588.5933154613438,590.5596519481012,42532900
2025-01-22,596.2326049804688,597.5893820777127,595.1707663809229,595.7213382459036,48196000
2025-01-23,599.4868774414062,599.4868774414062,595.3280946897063,595.6033506126263,41152100
2025-01-24,597.73681640625,600.4995770008244,596.5865262707722,599.54587252364,34604700
2025-01-27,589.2816162109375,589.5962372876534,584.6312490621345,584.7983708814467,70361100
2025-01-28,594.3449096679688,595.1805787054238,587.1972570477369,590.5105293609671,44433300
2025-01-29,591.6804809570312,593.9614384934404,589.1340487911447,593.5583059073574,37177400
2025-01-30,594.8561401367188,596.3898803192325,590.6088457833347,593.7943615542468,39281300
2025-01-31,591.6903076171875,599.6933113603776,590.9332488823969,597.2746959271392,66566900
2025-02-03,587.70849609375,590.1860392450765,580.5510025263411,582.6943020815504,65857200
2025-02-04,591.6510620117188,592.1622687341741,587.2268045597665,587.767535135661,33457800
2025-02-05,594.0499267578125,594.1974260072697,588.5049031019603,590.5302274178379,30653100
2025-02-06,596.1146240234375,596.242440705887,592.4867305159943,595.7901616750784,35771500
2025-02-07,590.6580200195312,597.8941240756534,589.9501076619601,596.6750050236558,50788500
2025-02-10,594.6693725585938,595.30845601079,592.5949016719809,593.863227291288,26048700
2025-02-11,595.12158203125,595.662312577201,592.2900526181724,592.4080280097315,30056700
2025-02-12,593.2044067382812,594.3743794070193,588.4360645213627,589.1144530437037,45076100
2025-02-13,599.4671630859375,599.6736500230521,593.0471055616473,594.3055297285264,40921300
2025-02-14,599.4376831054688,600.7059485220444,598.8182823186273,599.6736338799176,26910400
2025-02-18,601.1975708007812,601.1975708007812,598.1399318067746,600.5978525430173,26749000
2025-02-19,602.61328125,602.9082197102092,599.3000091966954,599.8112758662747,31011100
2025-02-20,600.1062622070312,601.3843689751305,596.8028311734677,601.2467110134413,36554000
2025-02-21,589.842041015625,600.0276510429451,589.3799206723878,599.8899930676969,76519800
2025-02-24,587.1578979492188,592.8799440315161,586.4499856464254,591.8869345556642,50737200
2025-02-25,584.2379150390625,587.8265033006376,579.6366946428752,587.098968367302,58266500
2025-02-26,584.5328369140625,589.488043359785,581.8979531727184,585.8994552001853,43321600
2025-02-27,575.2025756835938,587.9542991571739,574.809344386224,586.8039490929929,74196700
2025-02-28,584.178955078125,584.7098443771037,572.6365684069419,575.7040488167072,88744100
2025-03-03,573.9441528320312,587.2857532860544,570.1392964764723,586.1452445030724,74249200
2025-03-04,567.1504516601562,575.5369060706639,562.6180601948478,569.9525173224438,109648200
2025-03-05,573.24609375,575.035467216836,563.434093538414,566.9833166199888,71230500
2025-03-06,563.0703735351562,570.4047711019521,560.523941077153,565.7937090893346,80094900
2025-03-07,566.2261962890625,567.6714847046253,556.1094174114145,561.2907328755356,81158800
2025-03-10,551.14453125,559.9536812738498,546.2385307775894,558.0365509948175,99326600
2025-03-11,546.5628051757812,554.5265029627828,542.7284855075093,549.984271043128,88102100
2025-03-12,549.4632568359375,553.631880779765,544.3704523001988,552.7077001878538,69588200
2025-03-13,542.138671875,549.6992388466521,540.4279685563406,549.0896792735167,74079400
2025-03-14,553.3369750976562,554.3398260143258,542.2075022062043,546.7497351697265,62660300
2025-03-17,557.6038818359375,560.1207900872192,552.8846263579363,553.3172227764923,49008700
2025-03-18,551.5770874023438,555.5097605205915,549.6500559715837,555.2934322950165,66041400
2025-03-19,557.5841674804688,561.3398770802173,552.1767425607164,553.3565563629542,66556000
2025-03-20,555.9718627929688,560.966374832501,553.1304918485869,553.848245552193,62958200
2025-03-21,556.1552734375,557.0526817242638,550.2878724028328,551.5205297947124,83763000
2025-03-24,566.1151733398438,567.1703352751009,562.2890000340255,562.880651498493,58766800
2025-03-25,567.4759521484375,568.4127234708074,565.7304902910278,567.3181383211917,38355700
2025-03-26,560.7012939453125,568.3338979913931,559.3206937528307,567.2097001365158,51848300
2025-03-27,559.2122802734375,562.9792883535321,557.101956447335,559.3108687859911,42164200
2025-03-28,547.9506225585938,558.4134627917625,547.3688420558537,557.6837393471919,71662700
2025-03-31,551.6289672851562,552.93066066187,539.2826520783074,542.201606334121,95328200
2025-04-01,553.18701171875,555.1297110203275,545.9981756472096,549.715889513425,54609600
2025-04-02,556.687744140625,559.547472787333,547.1124411566806,547.3491017135567,76014500
2025-04-03,529.2537841796875,540.3673821784607,529.2537841796875,537.5470765410741,125986000
2025-04-04,498.2696838378906,518.5740121118964,498.05273494035157,516.404523136506,217965100
2025-04-07,497.3821716308594,515.9114550791749,475.115432610906,482.40291724281104,256611400
2025-04-08,489.591796875,517.6963548854247,482.3733480760591,514.6196468974629,165816600
2025-04-09,541.0083618164062,541.0083618164062,486.20934082523814,486.5939443539347,241867300
2025-04-10,517.3018798828125,526.098105010763,502.2535908103832,524.7865408671853,162331200
2025-04-11,526.531982421875,528.9874258955272,512.8544231608307,515.7536352571723,97866300
2025-04-14,531.6401977539062,536.7286411738348,526.453165817952,536.5017912856171,68034000
2025-04-15,530.1510620117188,535.6930840370895,529.3621734315309,532.1824786951643,56892900
2025-04-16,518.366943359375,530.4273047249436,513.0714517926509,524.3034408726064,83484800
2025-04-17,519.1065063476562,523.800475242003,516.6411916080497,520.3194821276195,79868100
2025-04-21,506.7503967285156,514.4619087085769,501.4055809569725,513.9293621868783,69368100
2025-04-22,519.9348754882812,521.9564215250564,511.9867032226325,512.9235348557764,75948100
2025-04-23,527.991455078125,537.8625838932508,526.4728430251603,532.9319549297188,90590700
2025-04-24,539.1051635742188,539.8348871004667,528.0211182344198,529.2734571828396,64150400
2025-04-25,543.0003051757812,543.4045902561826,536.1467190777879,539.0656730072541,61119600
2025-04-28,543.2073364257812,545.8698879448922,537.458266732935,543.7398828426063,47613800
2025-04-29,546.6293334960938,547.7436606136026,540.9393676118534,541.2943585019403,47775100
2025-04-30,546.84619140625,548.7987614609631,534.0068741379372,539.9729233205555,93101500
2025-05-01,550.7216186523438,556.2439589647481,550.1200963901105,552.5952816524762,63186100
2025-05-02,558.8966674804688,560.4941864598073,554.5774316657111,556.894803218062,60717300
2025-05-05,555.6918334960938,558.788283367358,553.9069479669498,554.7648727126054,38659200
2025-05-06,551.047119140625,555.533979770925,549.2326812616892,550.1891944565425,48264700
2025-05-07,553.3646240234375,555.9975635671368,548.325474465382,552.3784980322621,55588000
2025-05-08,557.2202758789062,562.3974366423718,553.9069074354913,557.3977713110521,65130800
2025-05-09,556.51025390625,559.6263849147109,554.9521583078488,558.6205173502777,37603400
2025-05-12,574.9015502929688,574.9114211824733,569.0340889310521,573.4026196086874,78993600
2025-05-13,578.6981201171875,580.9070323903663,574.7536167184122,575.3156554869938,67947200
2025-05-14,579.437744140625,580.8084133986617,577.4161378946785,579.6546629482465,66283500
2025-05-15,582.2678833007812,582.770756919371,576.9822030720642,577.4358426248243,71268100
2025-05-16,585.9559936523438,586.2518193704545,581.1042713102905,583.0469103495059,76052100
2025-05-19,586.596923828125,587.2773530559552,579.9405744991373,579.9405744991373,68168500
2025-05-20,584.6246948242188,585.8080578995526,581.419785763877,584.8614155899625,60614500
2025-05-21,574.7733764648438,584.3585523251965,573.7478271095126,580.2759763071138,95197700
2025-05-22,575.0001831054688,578.4811762683786,573.3434386116112,574.5760959985981,70860400
2025-05-23,571.0753173828125,573.7378691727489,567.6140060747297,567.988738706783,76029000
2025-05-27,582.9483642578125,583.1061179228353,570.4048112020747,577.938827709351,72588500
2025-05-28,579.5757446289062,584.545857588394,578.8460211072919,583.3526236048898,68445500
2025-05-29,581.8636474609375,584.969968506741,577.9388851521843,584.8318964184041,69973300
2025-05-30,581.2127075195312,582.92855680446,575.148009692676,580.7590679776305,90601200
2025-06-02,584.4866943359375,584.5655410710423,576.9428072484826,579.6053591727813,61630500
2025-06-03,587.8197631835938,588.7960181097066,583.6385391723649,584.121791379625,63606200
2025-06-04,587.6619262695312,589.6539195966438,587.2280285207049,588.6776647088699,57314200
2025-06-05,584.8219604492188,590.6894216670538,582.8497086239531,589.3384339818148,92278700
2025-06-06,590.827392578125,592.4939474926597,588.5789969918866,590.3540112930365,66588700
2025-06-09,591.3599853515625,592.9082102708385,590.1864930975049,591.3994087206146,53016400
2025-06-10,594.7128295898438,595.0973729509094,590.7781968461302,591.8924637491524,66247000
2025-06-11,593.0167236328125,596.6654019118176,590.9557539749433,595.807477097167,73658200
2025-06-12,595.37353515625,595.37353515625,591.2022416981604,591.6854337777163,64129000
2025-06-13,588.7171630859375,593.499849631983,587.218232455665,590.1963519379123,89506000
2025-06-16,594.3182983398438,596.0637602908375,591.892407169678,592.0699627819344,79984100
2025-06-17,589.2398681640625,593.401290785268,588.480531921813,591.8826784891205,82209400
2025-06-18,589.1510620117188,592.8785866278505,588.1944885876793,590.1371879149127,76605000
2025-06-20,587.7673950195312,592.8906208578056,586.3629131433069,591.8224395288368,94051400
2025-06-23,593.5730590820312,593.9587392448562,585.4035696790836,588.5190130228361,87426000
2025-06-24,600.13037109375,601.1885919192599,596.7972471416377,597.7072083922786,67735300
2025-06-25,600.4666137695312,601.9402753154866,598.9039119654944,601.2479344884113,62114800
2025-06-26,605.1646118164062,605.5997923429508,601.7029677445283,602.3161684365299,78548400
2025-06-27,608.1712036132812,609.6350254118207,604.1359596054803,606.1634816784541,86258400
2025-06-30,611.0790405273438,612.4340220516922,608.2998373553096,610.6142201701539,92502500
2025-07-01,610.8812866210938,612.0483479268365,608.7746241554748,609.6053849111585,70030100
2025-07-02,613.650634765625,613.6901746824169,609.8526899336259,610.4757907292374,66510400
2025-07-03,618.4869995117188,619.4167005776212,615.6088560521965,615.628656191773,51065800
2025-07-07,613.8779907226562,617.1913144548079,611.0987877910964,616.5286134886126,74814500
2025-07-08,613.5418090820312,615.2923708557059,612.7307881009865,614.5406899285775,59024600
2025-07-09,617.2210083007812,617.8737488887257,614.1055045789822,615.945166968477,66113300
2025-07-10,618.9617309570312,620.0002120765442,616.1825277796053,617.3594891460615,57529000
2025-07-11,616.785888671875,618.0122901417473,614.7188263007702,615.9155275578457,63670200
2025-07-14,617.9627685546875,618.3089087938923,614.9857451789246,616.3308265898004,51898500
2025-07-15,615.3220825195312,620.9793689858044,615.242942324076,620.6431287961128,74317300
2025-07-16,617.3792114257812,617.8836320494379,611.276844692317,616.9044910111767,88987500
2025-07-17,621.1573486328125,621.5134493059918,617.3396644874989,617.557284919235,68885700
2025-07-18,620.7024536132812,622.5716954836944,619.5947323692288,622.4035753929759,65621600
2025-07-21,621.87939453125,624.6189973413707,621.4541141003111,621.87939453125,63375000
2025-07-22,621.9684448242188,622.828905853138,619.3277216791315,622.2058050575365,60046300
2025-07-23,627.259765625,627.259765625,622.8288205336723,624.6288825447934,70511000
2025-07-24,627.4674072265625,629.1784892953694,627.0421268182102,627.6454273719465,71307100
2025-07-25,630.1181030273438,630.5928838363332,627.8829206987424,628.1301809903662,56865400
2025-07-28,629.9598999023438,631.0478210681617,628.5752180855901,630.4939604147171,54917100
2025-07-29,628.29833984375,631.670943868378,627.388438817005,631.3544434316219,60556300
2025-07-30,627.507080078125,630.6917636576716,624.6190364089183,628.9510415464463,80418900
2025-07-31,625.1531372070312,632.8379457731452,623.8574957354674,632.4522656090571,103385200
2025-08-01,614.9066162109375,619.476041722763,612.5032535330552,619.4364414435403,140103600
2025-08-04,624.2531127929688,624.3025527793549,618.7244063300172,618.8133862322555,73218000
2025-08-05,621.088134765625,625.6773001361546,620.1683337507773,624.866279158634,68051400
2025-08-06,625.845458984375,626.4981995520814,621.2463937026511,622.1562946160922,64357500
2025-08-07,625.3212280273438,629.9993730574174,622.2156245224251,629.2674923107387,74205800
2025-08-08,630.1972045898438,630.6620853000642,626.7949007710238,627.1114011688534,64051600
2025-08-11,628.9510498046875,631.947873553624,627.70484826023,630.4742118551501,58742300
2025-08-12,635.6468505859375,635.8050706066525,629.8114837326607,631.2950454377703,64730800
2025-08-13,637.8228149414062,639.1085564704525,635.6370120856271,637.8425547169825,60092800
2025-08-14,637.882080078125,638.5447207235369,635.300697252298,635.7457174616427,59327500
2025-08-15,636.388671875,639.0096552004113,635.4787708739423,638.9107148606824,68592500
2025-08-18,636.2501220703125,636.942462907598,635.1424008771667,635.814941575414,43804900
2025-08-19,632.7984008789062,637.0512656505922,631.4829592777961,636.0721245937336,69750700
2025-08-20,631.1170043945312,632.6500060324975,626.013578858981,632.3929060531275,88890300
2025-08-21,628.5851440429688,630.978606926108,626.8642219548319,629.3071851926883,54805800
2025-08-22,638.2381591796875,639.4151205943501,630.2664897119097,630.7709103705197,84083200
2025-08-25,635.4292602539062,638.218363635622,635.3105801411765,636.9820621561176,51274300
2025-08-26,638.0897827148438,638.4359833484747,634.5391586749303,635.1622594491828,51581600
2025-08-27,639.543701171875,640.2755819843173,637.3578984386413,637.5062787617181,48341100
2025-08-28,641.8085327148438,642.3623933153343,638.267809046051,640.146950913372,61519500
2025-08-29,637.9810180664062,640.7404816664739,636.0919759234915,640.374480883152,74522200
2025-09-02,633.25341796875,633.4709780533357,627.9620114164865,630.5137545728464,81983500
2025-09-03,636.6853637695312,637.1502445176759,633.4413400681225,635.6270824559713,70820900
2025-09-04,642.00634765625,642.0360478647699,636.4578416280056,637.3578424589464,65219200
2025-09-05,640.14697265625,645.0625384730564,636.2798483910566,644.3404973975818,85178900
2025-09-08,641.7195434570312,642.718484610511,640.1370415028089,641.5118230975241,63133100
2025-09-09,643.203125,643.7272854003053,640.1271612550325,641.8579832056892,66133900
2025-09-10,645.0625,647.3768223058731,643.4997982019892,646.4570213518696,78034500
2025-09-11,650.4231567382812,651.1154976382888,646.4274520986086,647.0109525903231,69934400
2025-09-12,650.2055053710938,651.8868873722256,649.7011451004063,650.3934256012134,72780100
2025-09-15,653.6671752929688,653.795755474802,652.1144337731963,652.4111340519337,63772400
2025-09-16,652.76708984375,654.5276118800496,651.9857691498868,654.2209512044083,61169000
2025-09-17,651.9561157226562,654.4682584259048,647.1295902463727,652.7770367516476,101952200
2025-09-18,655.0023803710938,657.603563340362,653.0341982051615,654.6364399867887,90459200
2025-09-19,658.2465209960938,659.0895125014193,654.9438659954435,656.8877828567474,97945600
2025-09-22,661.3606567382812,661.8069106980723,656.7289861632065,656.7587687117981,69452200
2025-09-23,657.7606201171875,661.8566899635472,656.540685502851,661.2417286303936,81708900
2025-09-24,655.6677856445312,659.1489540239103,654.2495430702726,659.0497999269948,68082200
2025-09-25,652.6429443359375,653.9917550046746,649.0328388399253,652.5338627083877,89622100
2025-09-26,656.3819580078125,656.9274266555326,652.4743298182361,654.0909412604747,69179200
2025-09-29,658.2266845703125,659.8135740530697,656.4216318338509,658.9010899003678,73499000
2025-09-30,660.7061157226562,661.1722852976668,656.173659297658,657.4828203674869,86288000
2025-10-01,662.95751953125,663.8699431635192,657.611793334362,657.7208749627936,72545400
2025-10-02,663.7210693359375,665.0600128657511,661.3011766397112,664.9410037342527,56896000
2025-10-03,663.7112426757812,667.1527012490268,662.6698219114437,664.4848020775174,70494400
2025-10-06,666.0914916992188,666.9841207809839,663.9591941673339,666.1014192164715,54623300
2025-10-07,663.6219482421875,667.4601442579947,662.1838505424819,667.0138297258598,72020100
2025-10-08,667.5791625976562,667.6783772359653,663.919480237528,664.7426772273783,60702200
2025-10-09,665.6452026367188,668.4023890582872,663.7112737749407,667.9957845708525,66501900
2025-10-10,647.6542358398438,668.4122493878771,647.4757221413303,666.6071968358344,159422600
2025-10-13,657.5919189453125,659.664772492732,654.3488290056752,655.2216030747315,79560500
2025-10-14,656.78857421875,660.3590300864076,647.8030207789583,651.7701536094826,88779600
2025-10-15,659.7044067382812,664.7228272522149,653.5156893256119,661.3408732132422,81702600
2025-10-16,655.2117309570312,663.2154294168515,651.710706867285,661.3409444600238,110563300
2025-10-17,658.9308471679688,660.2895852935891,652.7322022395391,654.0810128478913,96500900
2025-10-20,665.7840576171875,666.6866142382812,661.7872027532737,661.8367798071084,60493400
2025-10-21,665.7741088867188,667.4601523988813,664.4748753427003,665.9229005771253,56249000
2025-10-22,662.3128051757812,666.4783066993808,657.8497808005621,666.4783066993808,80564000
2025-10-23,666.2402954101562,667.1825015615415,662.3128121266341,662.6301900162397,65604500
2025-10-24,671.6851806640625,672.8951271271609,670.0983517375236,670.9016937183009,74356500
2025-10-27,679.6094970703125,679.9070199177999,676.5151383891614,677.1201116013259,63339800
2025-10-28,681.41455078125,683.2493254549719,679.2028936555786,681.4046232640447,61738100
2025-10-29,681.7418823242188,684.0328991417463,677.2590027977353,683.0609104229828,85657100
2025-10-30,674.2439575195312,680.303738053287,674.2439575195312,678.2805222142791,76335800
2025-10-31,676.4556274414062,679.4508319897004,673.6587916341136,679.4111219213156,87164100
2025-11-03,677.7251586914062,680.1649066224819,674.3530715971103,680.0359699637585,57315000
2025-11-04,669.6917114257812,674.3729598389511,669.0371611161902,670.5545580097922,78427000
2025-11-05,672.0125122070312,675.2655297930335,668.630497422053,669.433839434071,74402400
2025-11-06,664.8021850585938,671.8140994484131,663.2252231578799,670.9115428502156,85035300
2025-11-07,665.4567260742188,665.5658682287408,655.7769731606511,662.4218719882706,100592400
2025-11-10,675.8407592773438,676.57466917413,669.4834554774103,671.6752576501947,75842900
2025-11-11,677.3878784179688,677.9532020666294,673.1529450781785,674.3629519753922,58953400
2025-11-12,677.7647705078125,679.3318048264125,675.3547447293747,679.1631581075335,62312500
2025-11-13,666.5179443359375,675.2654792192372,665.010475070097,674.9084518036677,103457800
2025-11-14,666.408935546875,670.1082678298286,657.8201189320223,659.9127671356764,96846700
2025-11-17,660.2002563476562,668.1742314199619,656.7290154076413,664.1971714004484,90456100
2025-11-18,654.65625,659.6548153709225,650.4708935566339,656.6596108350068,114467500
2025-11-19,657.185302734375,661.856623370592,653.3371790986623,655.3505280387882,94703000
2025-11-20,647.1683349609375,670.0090710879778,646.5335791707308,667.3808213360044,165293500
2025-11-21,653.6148681640625,659.0894699034471,645.5020288545189,649.6675301260088,123956200
2025-11-24,663.2351684570312,664.5542570793402,656.1538823239337,657.2448196444445,80437900
2025-11-25,669.4734497070312,670.6536740212097,659.020017057554,663.135941149376,81077100
2025-11-26,674.09521484375,676.0986363282427,671.1595147067713,672.0620713400136,71879600
2025-11-28,677.7747192382812,678.0523870500939,674.9084513312986,675.2654787466182,49212000
2025-12-01,674.6803588867188,677.3779800628074,673.1629015749381,673.2323336611282,61201200
2025-12-02,675.9300537109375,678.2012155152329,673.7481184984898,676.316803165018,62953800
2025-12-03,678.2706298828125,679.2822075879724,674.105128319461,674.9779023816353,57238500
2025-12-04,678.7665405273438,679.7384687237238,675.7416137771377,679.6690366334618,61970300
2025-12-05,680.0557861328125,682.7336127271673,678.9549213715281,679.8375623637357,79241000
2025-12-08,678.0127563476562,680.9980334759979,675.9696853695019,680.9484564225444,55231500
2025-12-09,677.4275512695312,679.7582780276033,676.9812972721672,677.5366934232544,58310100
2025-12-10,681.92041015625,683.3088703732143,675.711837383319,676.9515664343469,85671300
2025-12-11,683.5072021484375,683.5865617528303,676.5647198382891,679.51034738166,86173700
2025-12-12,676.1580810546875,683.2195721462687,673.5893360954813,682.5153843270051,113160300
2025-12-15,675.1365356445312,680.1252340287925,673.6687159286942,680.1053789946951,90811000
2025-12-16,673.2918701171875,675.4837328267965,669.4338188610296,673.6488975485244,122030600
2025-12-17,665.8832397460938,674.8489377460819,665.6848710067972,674.3034691132465,110625200
2025-12-18,670.9114990234375,675.1464323222394,669.3544527925658,672.0322187932205,108650100
2025-12-19,676.9923095703125,677.4896664833268,672.8940327515619,673.0134542661981,103599500
2025-12-22,681.2098388671875,681.7370055876305,676.9922622536055,680.3245290528953,69556700
2025-12-23,684.3233032226562,684.562024812114,680.2548972126992,680.3046207584179,64840000
2025-12-24,686.7305297851562,687.1781631452748,684.164151137988,684.313382495532,39445600
2025-12-26,686.660888671875,688.0037280321676,685.6264081645946,686.989161229118,41613300
2025-12-29,684.2138671875,685.5567672531378,682.4433081832867,683.9055083361335,62559500
2025-12-30,683.3782958984375,684.9200900521846,682.9505762759469,683.8159723723246,47160700
2025-12-31,678.3152465820312,683.726492314561,678.1063955310838,683.5076844111845,74144800
2026-01-02,679.55859375,683.2390468658663,676.2263268834449,682.0852055985325,89377200
2026-01-05,684.0845947265625,685.7855773037328,682.7517121374489,682.910839643419,71927200
2026-01-06,688.1529541015625,688.6602678554459,684.1442890432024,684.2934596862484,69273800
2026-01-07,685.9347534179688,690.2916046822218,685.6761181181482,688.5309418430683,75588300
2026-01-08,685.8651123046875,686.9692300361542,683.8557710289468,685.1787573638412,64019200
2026-01-09,690.4010009765625,691.6344363504869,685.5368360184962,686.9791831428475,80125500
2026-01-12,691.4852294921875,692.410366767912,686.979207477028,687.0289310253164,63976000
2026-01-13,690.1026000976562,692.4103433578374,687.6953490317495,691.813478661017,78309700
2026-01-14,686.7105712890625,688.0633674208381,682.4134005947378,687.347202661372,94676700
2026-01-15,688.5806884765625,691.7737417111902,687.5959315038539,690.8983886882239,77862000
2026-01-16,688.0037231445312,690.5800586110835,686.4519720383781,689.9931507530615,79289200
2026-01-20,673.9981689453125,681.1501633341576,672.9934983300664,677.8874730475171,111623300
2026-01-21,681.77685546875,685.0991655259935,674.5452667925615,676.0572511802958,127844500
2026-01-22,685.3379516601562,687.476610793547,683.2888434897402,686.2033478813381,77112200
2026-01-23,685.5865478515625,687.3074439470811,683.5274830754288,684.5123006998919,63059600
2026-01-26,689.068115234375,690.4607389282814,686.2729717064406,686.8399658941375,60473800
2026-01-27,691.8134765625,692.8480177488461,689.9036431059924,690.5104039402848,55506100
2026-01-28,691.7438354492188,694.1510864943795,690.271678492269,693.3652237572153,61172200
2026-01-29,690.3711547851562,693.375209936545,681.2098793986574,692.7087686795362,97486200
2026-01-30,688.3121337890625,690.540343876794,683.4877957603626,688.1330925763239,101835100
2026-02-02,691.73388671875,693.2458711004026,685.7755608588325,685.9347490634862,79286500
2026-02-03,685.885009765625,693.2757257351432,680.4140840721383,692.529690413304,107904600
2026-02-04,682.5626831054688,687.7948875474046,678.1561081391175,686.7006659106327,105204600
2026-02-05,674.0379638671875,680.0758839506523,672.2176206040476,677.3404209861714,113610800
2026-02-06,686.96923828125,688.6503070282812,677.2508650473027,677.8576866055596,89127600
2026-02-09,690.2816162109375,692.1914496038428,684.7012866666231,685.7755337993461,73885200
2026-02-10,688.4613037109375,692.8579216647231,688.0037135108784,691.276360737094,65185700
2026-02-11,688.3021850585938,693.4547952732178,685.5368515439336,692.7087599208829,76353900
2026-02-12,677.668701171875,691.6742279947084,676.7734344520502,690.5701102294341,118829000
2026-02-13,678.1461181640625,682.6522007204912,673.9384983110481,678.0864377658819,96267500
2026-02-17,679.2402954101562,681.31927396984,672.2077222570326,676.5446598627462,81354700
2026-02-18,682.662109375,685.507036973797,679.2204384959671,680.4041503420104,73570300
2026-02-19,680.8616943359375,682.5527199680946,677.9471901363287,680.2251236342836,58649400
2026-02-20,685.7855834960938,686.4122580979458,678.126274472082,678.7131823752115,100034000
2026-02-23,678.7827758789062,686.3525334522094,676.7734345413753,684.1940214696967,90558100
2026-02-24,683.7164916992188,684.7112054782021,676.4053697086953,678.295350173768,73798700
2026-02-25,689.4859008789062,690.0130676270821,686.4519751919497,686.53156929616,56369500
2026-02-26,685.6561889648438,689.6350440416309,680.7323436648176,689.615191050754,71671000
2026-02-27,682.3637084960938,683.2291046432514,678.0367277603054,679.4790749097389,83308900
2026-03-02,682.7516479492188,684.9797970984218,674.4358553343317,675.1122534180175,87477200
2026-03-03,676.7337036132812,679.0016196644848,666.1200629162043,671.4915420947397,105003100
2026-03-04,681.50830078125,683.4579617719511,676.027417786932,678.026802327329,79182200
2026-03-05,677.7084350585938,681.9061587313661,672.0385544367263,678.4743840881955,106606500
2026-03-06,668.8256225585938,672.5358853430707,666.2194774432897,669.8501461298736,100687000
2026-03-09,674.6845092773438,676.3257505242918,658.888450195908,662.8673051642795,102667700
2026-03-10,673.6002807617188,679.7476047325034,671.1930903760745,674.1374043547928,81505300
2026-03-11,672.7548217773438,676.4849986405864,669.7806371390539,673.9982140650914,68441700
2026-03-12,662.5390625,668.0995392824933,662.3500644519811,667.6120785283837,108882200
2026-03-13,658.7890014648438,668.7859240392634,657.863924887251,665.7321452917186,97200200
2026-03-16,665.493408203125,668.5173163233716,663.5934708305671,664.8468199428278,82023100
2026-03-17,667.2440185546875,670.8747480492216,666.1598145596139,668.8355969918504,87128000
2026-03-18,657.9335327148438,666.1796881508768,657.6948111200146,664.8268919718373,82062600
2026-03-19,656.3121337890625,659.4753162945015,651.7066041735543,653.497076818377,111272500
2026-03-20,646.9034423828125,655.0025723674255,643.063298812559,654.8230422006715,163617500
2026-03-23,653.6959228515625,660.9173090129275,652.2596206790361,656.3790129905765,134802700
2026-03-24,651.5015869140625,655.3417305137531,648.2100787416998,649.6463809650626,96457500
2026-03-25,655.1322021484375,659.1917509309695,652.5588148295345,656.9774239230809,90653800
2026-03-26,643.432373046875,653.1672421520028,643.1630473705688,650.3844333840033,96494400
2026-03-27,632.4606323242188,641.0085567819559,631.4831091918358,640.8489947137006,103649400
2026-03-30,630.3460693359375,638.7245091624994,627.6630399662237,638.4651675144013,99275900
2026-03-31,648.6688842773438,649.865752001465,636.3405988140365,637.2981538716512,152534100
2026-04-01,653.5562744140625,656.8278752918841,651.3220400966815,652.219751792706,97841500
2026-04-02,654.144775390625,656.5086804928782,643.4522901873171,644.7589215344626,68358700
2026-04-06,657.23681640625,658.0247645183308,653.8356054757206,654.1746977251443,39105800
2026-04-07,657.5260009765625,657.9150134208243,649.386996170508,654.9626585699763,69980400
2026-04-08,674.27294921875,675.3402070755335,669.734652974974,674.6519776493207,93606100
2026-04-09,678.162841796875,679.4096297331154,672.0386657215836,673.1059235004034,57134400
2026-04-10,677.7140502929688,680.2774536083281,676.7066358948267,679.5692561407437,42253500
2026-04-13,684.3369750976562,684.536473353906,674.8414790590384,675.669302461078,54185800
2026-04-14,692.675537109375,692.7952238870419,685.8929616905456,685.9229138241225,63480500
2026-04-15,698.1414184570312,698.480571570673,692.4161778504387,693.4734516118131,58240400
2026-04-16,699.8569946289062,700.9741726960574,696.7350934539525,699.2585607342904,49972400
2026-04-17,708.3152465820312,710.5594650064761,703.9464965121796,704.3255249385737,70661900
2026-04-20,706.8988037109375,708.0857482546458,704.3254772575062,706.9587079747221,43546800
2026-04-21,702.2708129882812,709.4523240430285,700.8345107773317,708.4548936431559,58941400
2026-04-22,709.3825073242188,709.6218808832724,706.4001392457644,707.3278031045794,42518500
2026-04-23,706.6295776367188,710.5295037064266,700.4754491270062,707.6768673789517,56174000
2026-04-24,712.10546875,712.6340752101273,707.1881441382454,708.9236633096505,45182000
2026-04-27,713.332275390625,713.7911152864904,710.4696550399041,711.3374146094498,33135900
2026-04-28,709.8612060546875,711.0481506026886,707.4274735730012,709.9908768700561,43117400
2026-04-29,709.7515258789062,710.3699278433978,706.5497524472755,709.1729992133655,41859200
2026-04-30,716.8132934570312,717.9403946619685,708.6244289610544,712.7936806635566,67240900
2026-05-01,718.7982177734375,723.0073446973263,718.6186267345964,719.3966516418469,43049800
2026-05-04,716.1649780273438,720.2644021704073,713.152718877996,718.2196821209096,51950600
2026-05-05,721.9102172851562,723.1769124909786,719.6360467603954,719.9153564929043,36933200
2026-05-06,731.9443359375,732.7023927493656,725.9497697512824,726.288861980811,53288900
2026-05-07,729.7001342773438,734.238430329629,727.8748196364371,733.161188473549,51724600
2026-05-08,735.724609375,736.1834492768152,732.6824588199246,733.0415191543954,47227100
2026-05-11,737.4002685546875,738.8864300819614,734.5576163199453,734.5576163199453,44024000
2026-05-12,736.2831420898438,736.9414802248905,729.9494836014034,734.9964788307154,54185300
2026-05-13,740.4025268554688,741.9983910774667,733.5800764180441,736.5723674930287,44200200
2026-05-14,746.2474975585938,747.6040491923611,741.649357949993,741.7391534739264,45307600
2026-05-15,737.2706298828125,741.5496453663399,736.0637780312098,739.8838927249178,60410800
2026-05-18,736.751953125,739.5147938000424,731.5054597381557,737.9289136337939,47843900
2026-05-19,731.8446044921875,735.7545755811656,729.650306265128,732.8919551385734,54255900
2026-05-20,739.3452758789062,739.9636778498481,732.0042028263388,733.8195334397973,45768000
2026-05-21,740.8114624023438,742.9559620700644,735.1361419849363,736.7419902854853,43332200
2026-05-22,743.7239990234375,747.015507083493,742.566945697205,744.3224328967863,41762000
2026-05-26,748.6613159179688,750.1973368284331,746.4469887578754,748.0827892360243,41123600
2026-05-27,748.5316162109375,749.4492351039673,746.2973210478585,748.9505199197505,42106300
2026-05-28,752.6609497070312,753.2095851254732,747.3047533704411,748.3221518516883,41562600
2026-05-29,754.5361328125,756.1320579864754,752.7507543048832,753.9576670103595,55075700
2026-06-01,756.5908203125,758.3264003155792,752.7507376917755,753.4189990020213,43634900
2026-06-02,757.6182250976562,758.4461093852723,754.805464031348,755.0847737682097,31581900
2026-06-03,752.3018798828125,756.8501599793441,751.6336185743088,756.2018667594974,51402500
2026-06-04,755.1445922851562,756.3614281257201,749.5389775481502,750.1673635570705,49923000
2026-06-05,735.65478515625,750.8855669656407,733.6400171295905,750.3768677170906,93989400
2026-06-08,737.3204345703125,743.4247643242134,736.2931129658897,741.4498108327123,49319100
2026-06-09,735.1560668945312,744.9807928982774,720.7332622187009,741.7191759970133,87683500
2026-06-10,723.56591796875,736.4826536495077,723.4661992814284,731.5054857614351,60341300
2026-06-11,735.8642578125,738.0984921563339,722.5485255148498,726.8873842592473,86330500
2026-06-12,739.843994140625,742.5270843334097,733.1412911200548,738.8066884479139,57079500
2026-06-15,752.890380859375,754.7356026867302,749.8282623277308,749.9179969688896,60176400
2026-06-16,748.4019775390625,753.4988323298886,747.9531216783239,752.6111046530555,67093100
2026-06-17,739.0560302734375,750.217278570044,737.3204502885575,749.3594421826946,85945200
2026-06-18,746.739990234375,748.22998046875,743.8599853515625,747.760009765625,80875700
2026-06-22,744.3900146484375,750.1799926757812,743.1300048828125,747.7000122070312,46628100
2026-06-23,733.5800170898438,739.6300048828125,732.2999877929688,733.8099975585938,66846800
2026-06-24,733.239990234375,739.9500122070312,730.8400268554688,735.1699829101562,57439500
2026-06-25,734.2999877929688,739.3699951171875,729.5999755859375,738.9099731445312,53934400
2026-06-26,728.989990234375,736.530029296875,716.5800170898438,728.9500122070312,71034000
2026-06-29,741.0,741.5599975585938,732.0900268554688,736.530029296875,58035200
2026-06-30,746.77001953125,748.02001953125,740.8900146484375,741.2899780273438,55626000
2026-07-01,745.760009765625,749.4400024414062,742.3800048828125,745.0,47100900
2026-07-02,744.780029296875,751.3099975585938,740.030029296875,747.4000244140625,57447800
2026-07-06,751.280029296875,752.4099731445312,747.4099731445312,748.739990234375,50673300
2026-07-07,747.7100219726562,750.9600219726562,745.2100219726562,750.219970703125,43721500
2026-07-08,745.4000244140625,746.1500244140625,739.510009765625,743.1599731445312,43767400
2026-07-09,751.7100219726562,751.969970703125,745.5900268554688,747.3499755859375,41441700
2026-07-10,754.9500122070312,755.4199829101562,748.0999755859375,752.0499877929688,42191300
2026-07-13,749.1699829101562,753.9099731445312,748.0,752.469970703125,44013600
2026-07-14,751.8300170898438,753.3400268554688,748.6599731445312,750.9099731445312,35143100
2026-07-15,754.8099975585938,755.5800170898438,750.2000122070312,754.239990234375,43844800
2026-07-16,750.719970703125,754.5700073242188,747.8800048828125,752.760009765625,46409800
2026-07-17,743.2899780273438,747.2899780273438,740.7999877929688,742.0800170898438,62651000
2026-07-20,742.0900268554688,748.72998046875,741.510009765625,747.0599975585938,50422300
2026-07-21,748.280029296875,749.0399780273438,744.1799926757812,746.2899780273438,34324300
2026-07-22,747.4099731445312,750.02001953125,746.3699951171875,746.6199951171875,32836200
2026-07-23,738.1799926757812,742.5599975585938,735.2100219726562,739.3699951171875,55437300
2026-07-24,738.9299926757812,743.719970703125,737.2899780273438,738.510009765625,44782000
2026-07-27,739.0900268554688,745.530029296875,735.8699951171875,744.9099731445312,41461200
2026-07-28,740.8599853515625,742.7899780273438,735.97998046875,739.1900024414062,47322200
2026-07-29,729.4600219726562,742.6799926757812,729.0999755859375,739.969970703125,70697200
2026-07-30,741.6900024414062,742.4500122070312,734.5900268554688,736.0499877929688,66811300
2026-07-31,747.030029296875,748.9000244140625,737.6799926757812,744.6799926757812,62445900
2026-08-03,757.6699829101562,758.5800170898438,748.7999877929688,749.4400024414062,59927500
2026-08-04,771.3300170898438,773.4099731445312,760.52001953125,760.6300048828125,69154800
2026-08-05,769.7899780273438,776.8499755859375,769.510009765625,775.8499755859375,44689100
2026-08-06,768.5599975585938,771.8200073242188,767.4600219726562,770.2100219726562,38416900
2026-08-07,773.260009765625,773.9199829101562,769.6099853515625,771.02001953125,43586300
2026-08-10,773.030029296875,775.0499877929688,771.6199951171875,772.5999755859375,39249500
2026-08-11,770.5599975585938,774.6099853515625,769.2000122070312,774.530029296875,36740600
2026-08-12,772.489990234375,774.9000244140625,771.280029296875,774.7100219726562,33179100
2026-08-13,777.8800048828125,779.3699951171875,774.1099853515625,774.8699951171875,35634500
2026-08-14,776.3400268554688,778.7999877929688,775.4299926757812,778.5399780273438,31367900
2026-08-17,772.6699829101562,776.780029296875,772.510009765625,776.1799926757812,34356600
2026-08-18,767.4500122070312,769.5,766.9199829101562,768.7000122070312,43920900
2026-08-19,769.0599975585938,772.469970703125,768.0999755859375,770.3599853515625,40306000
2026-08-20,762.5999755859375,768.1500244140625,762.0399780273438,765.9600219726562,45520300
2026-08-21,765.719970703125,767.8499755859375,764.1699829101562,766.0499877929688,39188700
2026-08-24,763.469970703125,765.219970703125,762.0800170898438,764.780029296875,32377700
