Price,Close,High,Low,Open,Volume
Ticker,TLT,TLT,TLT,TLT,TLT
Date,,,,,
2013-01-02,81.6675796508789,81.89982539901276,81.5651236560778,81.80419632960276,7472700
2013-01-03,80.56095886230469,81.61971004827151,80.53363554499465,81.54457222851639,10004300
2013-01-04,80.87519073486328,80.90251405945071,80.16479992976416,80.3697222584742,9574600
2013-01-07,80.90934753417969,81.10061082178036,80.60196922761412,80.85470609197122,4193100
2013-01-08,81.44210815429688,81.48309052046655,81.16204808843236,81.31232371290703,4380900
2013-01-09,81.36703491210938,81.65392212573963,81.19626796903515,81.4558318464063,3870300
2013-01-10,81.14159393310547,81.48995983868751,80.84787468161312,81.0323006249261,5602800
2013-01-11,81.86566162109375,81.87249375718517,80.84106008588259,80.95718034247221,4770700
2013-01-14,81.64022827148438,82.15936104952458,81.53777231187718,81.99542630276143,3064600
2013-01-15,82.01593780517578,82.44626857626837,81.94763207805849,82.38479498528068,5357800
2013-01-16,82.18668365478516,82.43258837846815,81.9749343915993,82.39843291797101,4286100
2013-01-17,81.36703491210938,81.66075426265279,81.11429796025784,81.5104785189245,7019200
2013-01-18,81.99539947509766,82.11151966558745,81.59921918960195,81.6743570096577,4660000
2013-01-22,82.15253448486328,82.17303088956596,81.54460476348322,81.6607302112305,3874100
2013-01-23,82.02953338623047,82.3642400494553,81.93390439999163,82.20030017756967,2848800
2013-01-24,81.74272918701172,81.94765162864572,81.46267407559904,81.87934588523244,4178900
2013-01-25,80.62248992919922,81.01183835867386,80.44489084568988,80.88888594876641,8750700
2013-01-28,80.32875061035156,80.41072060038405,79.91891108297375,79.932570142283,6059900
2013-01-29,79.88471984863281,80.6565892444996,79.83007842446958,80.34237890715356,5553900
2013-01-30,79.7481460571289,79.89158963451982,79.34513865561051,79.69349939582024,9586800
2013-01-31,80.13748931884766,80.15114837761271,79.61152956842324,79.93939909270566,6789200
2013-02-01,79.09687805175781,80.67826626141806,79.0763413565099,80.59611948042638,10928600
2013-02-04,80.11011505126953,80.28810857070647,79.6993651950801,79.81574336345635,9291900
2013-02-05,79.39815521240234,79.70621631351891,79.31600314805284,79.59668022771957,6676500
2013-02-06,80.04851531982422,80.07589934352251,79.44608246736733,79.76783299414313,5892000
2013-02-07,79.87049102783203,80.50030766151333,79.83626492861228,79.93894844923801,5951700
2013-02-08,80.17857360839844,80.2059576271382,79.56929355459961,79.95950668144793,5603400
2013-02-11,80.1169204711914,80.35652399343941,80.04161576091846,80.13061508558562,3679900
2013-02-12,79.91841888427734,80.11010177052381,79.72673599803088,79.88419278200016,4513700
2013-02-13,79.26808166503906,79.5966794733869,79.10378276086514,79.27492897607864,6586400
2013-02-14,79.98688507080078,80.12380516380385,79.40498903869836,79.61036656671921,7096000
2013-02-15,79.7541275024414,79.91842638851341,79.45975583578839,79.86366357513435,5861800
2013-02-19,79.35709381103516,80.02798942490467,79.30232575623577,80.00060539750498,7383600
2013-02-20,79.5966567993164,79.66511944427378,79.11744962241377,79.19960166258274,9603900
2013-02-21,80.06217956542969,80.3086304783133,79.91841740340871,80.02795346378669,8297400
2013-02-22,80.1169204711914,80.32913998761606,80.01423175509511,80.08269438113602,5316900
2013-02-25,81.69153594970703,81.70522535271438,79.61039675363509,79.65147018562661,15948700
2013-02-26,81.21916198730469,81.92428368431085,81.18493064895785,81.28077735173524,9822100
2013-02-27,80.97953033447266,81.83526126806507,80.78100013112316,81.80102994153452,7459600
2013-02-28,81.13015747070312,81.23284624967566,80.76732831157268,81.07538942552202,6023400
2013-03-01,81.57198333740234,81.78465882402747,81.32500298910806,81.53081645656195,7786800
2013-03-04,81.13970947265625,81.61995103578394,81.13285269237377,81.49646094631493,4511400
2013-03-05,80.9064712524414,81.09170381060285,80.73495749206857,81.00251853951544,6539300
2013-03-06,80.17241668701172,80.61149162692561,80.16555466896071,80.34393049898391,6514900
2013-03-07,79.55491638183594,79.93224862690153,79.52061678131,79.86364419166675,8526700
2013-03-08,78.72481536865234,79.14330935928146,78.63563009829276,78.80714385726586,15423600
2013-03-11,78.8002700805664,79.05411229026762,78.71794160424024,78.9786458288479,5815800
2013-03-12,79.36973571777344,79.43834019781217,79.05415092224624,79.06786972457945,9264200
2013-03-13,79.28738403320312,79.40401213860851,78.91691366822297,79.06098460446223,7371500
2013-03-14,79.0472640991211,79.33540596537723,78.88261235185826,78.95807359229086,9352100
2013-03-15,79.41770935058594,79.50003258110101,79.10212475385111,79.12270556147988,9673400
2013-03-18,80.02149963378906,80.18615146050578,79.68533396093781,80.1518518317912,9152200
2013-03-19,80.56348419189453,80.87906904136987,80.06266145704389,80.11754714413192,11986200
2013-03-20,79.66471862792969,80.26158320404988,79.63727579633331,80.06948861706017,8543900
2013-03-21,80.4331283569336,80.43999037605614,79.94602968297207,80.17242920633343,6119400
2013-03-22,80.494873046875,80.61150119665682,80.11067850320137,80.47429222446488,6323800
2013-03-25,80.41944885253906,80.80363836415735,80.04211612920716,80.11072065139763,5839800
2013-03-26,80.5154037475586,80.89273603747309,80.11749064804577,80.17923831102429,5093200
2013-03-27,81.20149230957031,81.48277221431658,81.07800216660749,81.16033067331126,7742900
2013-03-28,80.78984832763672,81.26322277734839,80.7349626645967,81.0368285771319,5826400
2013-04-01,81.39830017089844,81.41892564310518,80.77950977698478,80.80013524919153,6113800
2013-04-02,81.06831359863281,81.22644577730625,80.95830404343016,81.17831790829116,5438000
2013-04-03,81.79713439941406,82.01714833382388,81.30210173560548,81.34335270907421,9527400
2013-04-04,82.77336883544922,82.7871226441633,82.14083001866942,82.22333188878962,9365700
2013-04-05,84.44416809082031,84.86357042109243,84.31353303024677,84.48541905919288,18626200
2013-04-08,83.79784393310547,84.47851613263452,83.729090596079,84.34100421303823,8020300
2013-04-09,83.5915756225586,84.04535179831433,83.4540637166153,83.900968231231,7176100
2013-04-10,82.44339752197266,82.95905548422004,82.43652061372369,82.91092237202133,10765200
2013-04-11,82.60152435302734,82.84216367074426,82.4296383767233,82.62214983089683,7501800
2013-04-12,83.8322525024414,83.83912941220879,83.12408291721131,83.41972709066657,9253000
2013-04-15,84.56105041503906,84.58855280948826,83.79100435264306,83.96976204824476,12948400
2013-04-16,83.86663818359375,84.23790741054361,83.79787957178134,83.82538196739719,6553500
2013-04-17,84.42351531982422,84.93229633230716,84.08662028073152,84.08662028073152,9020900
2013-04-18,84.62981414794922,84.71919825224755,84.29291895437171,84.43730260876207,7009500
2013-04-19,84.4510269165039,84.55415956089595,84.31351497546645,84.52665717268846,5474300
2013-04-22,84.51293182373047,84.76732506618319,84.34104577369251,84.4579270287873,4519400
2013-04-23,84.21726989746094,85.11107926791398,84.14163963170515,84.74668175775147,8042900
2013-04-24,84.43040466308594,84.44415323494296,84.08663266567197,84.20351388586207,3673600
2013-04-25,84.06598663330078,84.1347452166999,83.94910543439177,84.05223806394702,4297800
2013-04-26,84.83606719970703,84.9185743811929,84.57480232665301,84.70543214040738,4898800
2013-04-29,84.52666473388672,85.06982514709777,84.40290659865451,84.96669249348017,4916000
2013-04-30,84.57477569580078,85.04230575258126,84.34100804463874,84.74666166894738,4477400
2013-05-01,85.4436264038086,85.61587788540672,85.04400170489342,85.06467104161351,10724600
2013-05-02,85.33340454101562,85.41608716553141,85.0991449899366,85.15426148291442,4171800
2013-05-03,83.32149505615234,84.18964408037901,83.25259550809912,84.1689747416329,11283600
2013-05-06,83.11476135253906,83.54194680800938,82.90117125315224,83.4730472846617,5121900
2013-05-07,82.79095458984375,83.02521408146436,82.71516351744931,82.81162392655168,5049200
2013-05-08,82.92185974121094,83.25258488905975,82.79783846785487,82.86673800711982,5732900
2013-05-09,82.70830535888672,83.59023245893387,82.66696666879082,83.03213911583845,7527000
2013-05-10,81.81945037841797,82.53601714306217,81.19934401894723,82.51534780719612,11689000
2013-05-13,81.19242095947266,81.43357713545845,81.04773040789865,81.21998181549091,8050800
2013-05-14,80.31053161621094,81.60586616272931,80.29675381019824,81.54385289392665,9236100
2013-05-15,80.84795379638672,81.10977941567135,80.21406959852575,80.97886660602903,14608600
2013-05-16,81.68852233886719,81.95034789552821,81.25445059655102,81.28201145813097,8458400
2013-05-17,80.65503692626953,81.40605616481992,80.59992044392416,81.26825181721057,7435500
2013-05-20,80.5585708618164,81.07532530154073,80.46900198467546,81.04776443395167,5839800
2013-05-21,81.19242095947266,81.21309554400818,80.21403422595561,80.56542856931864,7781800
2013-05-22,79.98668670654297,81.68164572562482,79.7868796356788,81.31646820902753,18361500
2013-05-23,80.36569213867188,80.77909485564041,79.76625478221202,80.71708681361046,9207100
2013-05-24,80.47589874267578,80.90307907630664,80.41388547239814,80.59992002653276,5357600
2013-05-28,78.43641662597656,80.11070090627724,78.42263882312051,79.98667965378472,13567500
2013-05-29,79.31829833984375,79.35963697899126,78.86355228244639,78.97379566243134,11298600
2013-05-30,79.12545776367188,79.49063541120503,78.91186755545573,79.40795278704104,10011800
2013-05-31,78.85672760009766,79.24946077498117,77.97480083942577,79.21501363205695,18158800
2013-06-03,79.27460479736328,79.76497679097417,78.52868460876043,78.58393912703343,15564500
2013-06-04,78.54246520996094,79.0742752161221,78.50102697475211,78.70822342015477,7504300
2013-06-05,79.62681579589844,79.64753491511264,78.82564139055665,78.93615038551093,8056100
2013-06-06,79.57845306396484,80.66279732452156,79.01901588278473,79.34362413265511,8925200
2013-06-07,78.15573120117188,79.3091416268932,78.15573120117188,78.88783513880273,10459300
2013-06-10,77.78276062011719,78.12809341501662,77.61699708462606,77.8380098625873,7892600
2013-06-11,78.70823669433594,78.70823669433594,77.43741475292774,77.54101035842126,12841200
2013-06-12,77.58244323730469,78.61844130513151,77.54099973142772,78.04518777628792,10193200
2013-06-13,78.79795837402344,78.85321283239526,77.96916257586686,78.09348247252586,12506300
2013-06-14,78.611572265625,79.19173421216077,78.611572265625,78.80495782468317,6679100
2013-06-17,78.19715118408203,78.79112395409616,78.04520392626078,78.74968043964324,5982100
2013-06-18,78.23857879638672,78.5148460213019,77.85180784312088,77.94159245174073,5192700
2013-06-19,77.4305191040039,78.59083749680066,77.0920944430016,78.55630210982972,17138200
2013-06-20,76.15970611572266,76.80893357436939,75.47594853292398,76.4912279776209,27898500
2013-06-21,74.86817169189453,76.25641138671087,74.8474525615686,76.07683680828326,19781000
2013-06-24,75.17893981933594,75.55189982760335,74.42611694162999,74.47446331662616,24588900
2013-06-25,74.50896453857422,75.29632249426439,74.49515355222773,75.21344603747023,11078000
2013-06-26,74.99246215820312,75.31707579021182,74.61950215138631,75.28254040705187,13582200
2013-06-27,75.75910186767578,75.95248736837269,75.24800559370858,75.65550098677109,12026000
2013-06-28,76.27706146240234,76.30468870094619,75.08911655180181,75.28941007922697,12017000
2013-07-01,76.43079376220703,76.49309329406577,75.75239115396795,75.96006682298709,5500400
2013-07-02,76.38232421875,76.7007616224799,76.31310076283916,76.49308597333625,5333900
2013-07-03,76.15385437011719,76.59689063381887,76.15385437011719,76.36152464793487,3839000
2013-07-05,73.55795288085938,74.41633517524883,73.49564808647246,74.26404043498084,14511900
2013-07-08,74.2709732055664,74.4578770481581,74.0356071385654,74.11867844716764,8044200
2013-07-09,74.34715270996094,74.49944753416587,74.11871047365355,74.40945225727407,4700400
2013-07-10,73.7656478881836,74.34021268002738,73.58566793619856,74.34021268002738,10792200
2013-07-11,74.63092041015625,74.6724586951981,74.0286707318483,74.38171182554282,10035500
2013-07-12,74.56864166259766,75.08782547816746,74.30558514927266,74.99783023669906,4730800
2013-07-15,74.96322631835938,74.98399282738785,74.5547989422914,74.62402768093466,4574800
2013-07-16,75.21936798095703,75.28859144652803,74.94938748682992,75.06014925687303,3650200
2013-07-17,75.35779571533203,75.7039182364271,75.21934881945822,75.58623784679331,5932000
2013-07-18,74.41632843017578,75.22625371392405,74.40248585568341,75.18472070903734,9066400
2013-07-19,75.59317016601562,75.6000940964847,74.93553936956327,74.97707238955476,8523800
2013-07-22,75.70391082763672,75.93235293674142,75.54469215969434,75.70391082763672,3972600
2013-07-23,75.385498046875,75.4547215057356,74.98399459150758,75.22627933822538,5015500
2013-07-24,74.43017578125,74.68630831777777,73.9248399179997,74.52017100615944,8853100
2013-07-25,74.40251159667969,74.48557763519142,73.93870332887312,74.04946508877063,6443400
2013-07-26,74.859375,74.9562888789404,74.51325249480992,74.79015155524404,6795500
2013-07-29,74.3125,74.6378559963666,74.11867224422676,74.52017561342002,6397800
2013-07-30,74.28482818603516,74.59634168424785,74.10484824279571,74.5617273128648,3635400
2013-07-31,74.55484771728516,74.7071425916761,73.27419443572943,73.41956537544405,10483100
2013-08-01,73.11821746826172,73.90241815576472,72.86838259009254,73.90241815576472,13568600
2013-08-02,73.92327880859375,73.98574021093302,73.54853157329929,73.56935027585062,9568400
2013-08-05,73.35416412353516,73.73585774029887,73.24312934981964,73.69422036199079,6611800
2013-08-06,73.56932067871094,73.56932067871094,73.10434689848861,73.23620568784692,4589000
2013-08-07,74.1175765991211,74.21473404471656,73.68036279925775,73.68036279925775,7183400
2013-08-08,74.31884002685547,74.67277380659223,74.11064773471027,74.2425065593481,5510900
2013-08-09,74.43678283691406,74.4437188701053,73.89547574581559,73.978750501565,3623400
2013-08-12,73.93022155761719,74.69360400234333,73.8885841517167,74.67972663193831,7562800
2013-08-13,72.86148071289062,73.11825705856484,72.72962716862345,73.09743835655871,11485600
2013-08-14,72.9725341796875,73.11827041503709,72.7782191992214,72.82679794433793,6431600
2013-08-15,71.98705291748047,72.6116350649301,71.95929288730959,72.24382393086351,11846300
2013-08-16,71.73722076416016,72.15361064374355,71.25142815907572,72.14666931225652,10175900
2013-08-19,71.11258697509766,71.48733921101656,70.93214953676312,71.43181918465498,9022000
2013-08-20,71.66085815429688,71.73025556201902,71.3763218995484,71.40408192157383,10050100
2013-08-21,70.87662506103516,71.61918815929216,70.86274770265649,71.32077465468342,13248800
2013-08-22,71.5984115600586,71.64005424903381,70.95300547512373,71.10568298043708,8751200
2013-08-23,72.37571716308594,72.44511462416747,71.30003798491805,71.48741695399377,17441200
2013-08-26,72.73655700683594,72.79207707057707,72.40344721375857,72.56306077865844,5879100
2013-08-27,73.65263366699219,73.73591378158538,72.89619248117621,73.06968874889759,11573300
2013-08-28,73.05579376220703,73.26399136623627,72.82678275139689,73.15295652685634,7497900
2013-08-29,73.63873291015625,73.7775277623826,72.72267311928329,72.78512921437988,6672400
2013-08-30,73.55548095703125,74.03433238133637,73.38198467804374,73.57629966335995,8987600
2013-09-03,72.51799774169922,72.83111304868615,72.02396865513875,72.7754464536391,12084300
2013-09-04,72.35792541503906,72.81716665686625,72.33009212989897,72.67800023116574,4579600
2013-09-05,71.3489990234375,72.08656255081893,71.34203937450276,71.9961083492941,12290600
2013-09-06,71.70386505126953,72.23964121574605,71.53686533284394,71.84302617463428,9478400
2013-09-09,71.7386474609375,72.23267631421005,71.72473347307547,72.22572197460714,6874900
2013-09-10,71.23767852783203,71.90566161047852,71.22376453614795,71.48121850589345,8069000
2013-09-11,71.87086486816406,71.88477885808472,71.105468014761,71.61341093104778,8962400
2013-09-12,71.77347564697266,72.3649186317504,71.71084939919261,72.26054509122284,6254400
2013-09-13,72.05176544189453,72.24659311717554,71.82910448319394,72.02393215847495,6106200
2013-09-16,71.57167053222656,72.65018800341149,71.56471088226878,72.59452142106417,8231600
2013-09-17,72.16315460205078,72.18402825519304,71.64825169278653,71.92657945489117,8795300
2013-09-18,73.05376434326172,73.44342514778316,71.65517716332698,72.10745358874364,19749200
2013-09-19,72.6223373413086,73.12332053662911,72.47621657909143,73.09549256076926,11627800
2013-09-20,73.00499725341797,73.18591085971468,72.67796295656939,72.84496258176033,8421000
2013-09-23,73.54085540771484,73.56868870771503,73.13728052070081,73.20686111637171,10242100
2013-09-24,74.33403015136719,74.3409844896594,73.64516843726504,73.74954190685523,11446600
2013-09-25,74.48714447021484,74.64717926233392,74.02790311823989,74.1322766353849,8130900
2013-09-26,73.96529388427734,74.18795494534079,73.88875364685005,74.09054106291669,5117100
2013-09-27,74.14619445800781,74.32710820982956,73.93049307111204,73.95832636436599,6460000
2013-09-30,74.03486633300781,74.38277453447058,73.88178587497895,74.21578008419266,8438800
2013-10-01,73.8102035522461,73.9706575312266,73.62183805380118,73.87996638321862,7592500
2013-10-02,73.92181396484375,74.28458915757602,73.78228831998499,73.90088565037115,5967200
2013-10-03,73.8032455444336,74.23578372902774,73.7404552538576,73.77533934001806,6648900
2013-10-04,73.74745178222656,73.79628632166019,73.49630120154914,73.71954557075512,5545300
2013-10-07,74.04739379882812,74.20087521129567,73.93577434048242,74.08925043038745,5761100
2013-10-08,74.0683364868164,74.30553653099138,73.83114176520499,73.93578868697148,5904000
2013-10-09,73.4753646850586,73.90790293081298,73.46141424216039,73.85906839682177,8439000
2013-10-10,73.59396362304688,73.6218698319939,72.91028013282262,73.11259615576473,9944100
2013-10-11,73.57300567626953,74.1101906677386,73.53812692105188,74.06135615238351,6500800
2013-10-14,72.98003387451172,73.69860136677072,72.7846957588566,73.52419157456943,4205600
2013-10-15,72.93118286132812,73.46139000009804,72.9242049808992,73.35674308391718,8291000
2013-10-16,73.8451156616211,73.85209354463903,72.74284433765568,72.88237538518845,14460200
2013-10-17,74.51483154296875,74.73110328614261,74.15206154814923,74.31251556261333,11303400
2013-10-18,74.67533111572266,74.9822941923548,74.63347444984258,74.72416566677168,9487800
2013-10-21,74.43807983398438,74.59156126696152,74.27064796281077,74.5845887091449,6161600
2013-10-22,75.26829528808594,75.428754651186,75.03807306725037,75.06597927485754,9708500
2013-10-23,75.56130981445312,75.85432236147174,75.3729495480376,75.39387787513205,9163100
2013-10-24,75.26829528808594,75.81245303001374,75.25434484556479,75.7705963798854,7631400
2013-10-25,75.54735565185547,75.65897516505339,75.40085204684031,75.43573081609242,4429500
2013-10-28,75.28919982910156,75.61011313135948,75.28222727132606,75.35199010702331,6466400
2013-10-29,75.38689422607422,75.39387210876048,75.00319583936971,75.0799365812236,5270500
2013-10-30,74.93342590332031,75.49153404651742,74.79389487559767,75.2961959302702,10199300
2013-10-31,75.09390258789062,75.35203107513172,74.74508289719155,75.28226820150512,11452100
2013-11-01,74.28106689453125,74.84766903645613,74.2460892135146,74.82668456258408,11349500
2013-11-04,74.3509750366211,74.616787117339,74.30200951288775,74.47688714576996,4733200
2013-11-05,73.46265411376953,74.0292617395323,73.44166963445353,74.0012806548289,8753400
2013-11-06,73.49760437011719,73.54656991585966,73.23179216992146,73.40666988140806,5643000
2013-11-07,74.12015533447266,74.18311407450224,73.4276412152068,73.48360335371238,7893700
2013-11-08,72.33638000488281,72.82603519738967,72.32238680690185,72.7281041588883,16889900
2013-11-11,72.06360626220703,72.45533597184586,72.021637318506,72.42035829419878,4927200
2013-11-12,72.39937591552734,72.46232933289897,72.17553264790963,72.19651712036685,4839500
2013-11-13,72.6651840209961,72.77710831690118,72.56725293050123,72.65819275513516,5782900
2013-11-14,73.11286926269531,73.53258002821482,72.85405367238158,72.96597262950112,8895500
2013-11-15,73.25975799560547,73.2667492600819,72.96595944545875,73.21079246005486,6344800
2013-11-18,73.70044708251953,73.73542475192626,73.2037951306338,73.2037951306338,5451300
2013-11-19,73.14083862304688,73.54655611842526,73.03591628531386,73.41364737483914,7251100
2013-11-20,71.89569854736328,73.33668867423604,71.80476409071095,73.04289550335093,14190900
2013-11-21,72.0146255493164,72.18251196245227,71.46201678415122,71.70684446558703,8903000
2013-11-22,72.68618774414062,72.84007567520413,72.38539781236776,72.3923890795671,7950700
2013-11-25,72.89601135253906,73.0429079630393,72.63719046536632,72.63719046536632,3755500
2013-11-26,73.16883850097656,73.39967837701576,73.08490060921292,73.09189187563015,6659200
2013-11-27,73.04288482666016,73.23874691195437,72.72111063841373,73.22475905022259,6063000
2013-11-29,73.06390380859375,73.1688315001033,72.7141483947913,72.80508821796015,5084400
2013-12-02,72.49559020996094,72.90251534612726,72.41841456852497,72.82533970469127,7527800
2013-12-03,72.76222229003906,72.9376205711411,72.58682400893703,72.75520486003037,5076900
2013-12-04,72.0676498413086,72.29917686744581,71.82910538484666,72.0886967795518,8502700
2013-12-05,71.86418151855469,72.1588493361923,71.71684760973588,71.89926331468179,7445700
2013-12-06,72.20794677734375,72.25705807085544,71.81505642925025,71.95537288136092,7352000
2013-12-09,72.3763198852539,72.4254311699051,72.14479296358604,72.19390424823725,5678800
2013-12-10,72.89552307128906,72.93059951412658,72.57980296936844,72.85342384606136,7040400
2013-12-11,72.33417510986328,72.80424073152227,72.27804643341067,72.64989490036537,8190900
2013-12-12,72.06061553955078,72.37633559747277,72.00448681555623,72.28512508279921,6208600
2013-12-13,72.41146087646484,72.47460707173282,72.11679290583655,72.3623495480268,6471300
2013-12-16,72.1447982788086,72.74816859339249,72.0746400602421,72.67099294715067,6376400
2013-12-17,72.46753692626953,72.54471257949741,71.97641864638945,71.99045350301057,6014400
2013-12-18,72.10271453857422,72.76923113981127,71.88522240852609,72.14481376093168,12973200
2013-12-19,72.03256225585938,72.27110669315844,71.87821091750067,72.16586665766563,6708400
2013-12-20,73.14106750488281,73.16913186615707,72.4745563209901,72.76922408527554,12425700
2013-12-23,72.72711181640625,73.25330641350564,72.72711181640625,73.00073257867967,6378600
2013-12-24,72.1447982788086,72.50962422699169,72.12375134851155,72.42543650580349,4897000
2013-12-26,71.86676788330078,72.04977976824584,71.8034207136417,72.04273940376441,4645300
2013-12-27,71.66262817382812,72.01457115532455,71.57816529521217,71.84564002786891,4755000
2013-12-30,72.15538787841797,72.20465970581195,71.85271654721886,71.90198837461283,4491700
2013-12-31,71.69783782958984,72.18352095200815,71.21215470717154,72.00050906424948,7218600
2014-01-02,71.91602325439453,72.07087901623882,71.57816101966463,71.59927673805733,8580800
2014-01-03,71.91602325439453,72.1131104530242,71.62743281932205,71.66262389323542,4083800
2014-01-06,72.21873474121094,72.50029034085176,72.05684389632029,72.06387889289716,7796200
2014-01-07,72.40172576904297,72.49322903014395,72.19055778776396,72.37356968019077,4428100
2014-01-08,72.20465087890625,72.28207879394941,71.86678312506108,72.11314223191393,8513000
2014-01-09,72.62700653076172,72.64812226572455,72.15540388249977,72.47919101579429,6991100
2014-01-10,73.49272155761719,73.58422478157664,72.98592290443906,73.04222968906345,13197400
2014-01-13,73.85877227783203,74.00658772158987,73.53498530052083,73.56314139031636,9667400
2014-01-14,73.52092742919922,73.78840768030773,73.47869596648806,73.66170792194757,10343100
2014-01-15,73.4434585571289,73.56312325181042,73.15486810577632,73.23229599106637,7507500
2014-01-16,73.93621063232422,73.9573263600991,73.71096725234909,73.80247052944888,7137700
2014-01-17,74.24588775634766,74.274038466802,73.76020476254932,73.80947656117935,7588600
2014-01-21,74.30224609375,74.42894585958409,74.18962706313471,74.22481816072766,6436000
2014-01-22,74.11927032470703,74.43601718591711,74.07703347171092,74.16854217801148,4646700
2014-01-23,75.16801452636719,75.37917718272755,74.52747545055435,74.52747545055435,12960600
2014-01-24,75.65369415283203,75.66072914854992,75.308786034529,75.44956650227282,11122200
2014-01-27,75.12580108642578,75.73817884398484,75.1046799825209,75.47070393368998,9218200
2014-01-28,75.30876922607422,75.30876922607422,74.99906300661385,75.25246242176976,5661500
2014-01-29,75.92817687988281,76.12526408020994,75.30875382717073,75.57623391637766,11709400
2014-01-30,75.7099609375,75.78738881126209,75.39321445045354,75.64661378817986,5956900
2014-01-31,76.21682739257812,76.30833607216084,75.91415599058504,76.16051518517762,14690900
2014-02-03,77.1454849243164,77.15959625555061,75.9387642056918,76.06578772259698,20780300
2014-02-04,76.32689666748047,76.68679216217603,76.19281478674118,76.58093832916869,9573500
2014-02-05,75.62114715576172,76.05866806272739,75.51529341299923,75.99515904743689,10312200
2014-02-06,75.29658508300781,75.52240406086173,75.16956157146817,75.48712304229184,5708700
2014-02-07,75.36006927490234,75.66351390931067,75.11308070827859,75.12719203325125,7039200
2014-02-10,75.57180786132812,75.59298293490905,75.20485401183541,75.23308205932709,4370500
2014-02-11,75.13426208496094,75.28951360356527,74.9155015181718,75.23305752699137,5904900
2014-02-12,74.74613952636719,74.95078878306569,74.5344372974692,74.92256074242297,6723300
2014-02-13,75.1695327758789,75.31773130252824,75.01428666253395,75.218930490113,6874600
2014-02-14,75.21187591552734,75.25421527426877,74.99310999948707,75.20481756108812,4989100
2014-02-18,75.38127899169922,75.64943738018279,75.24014413122362,75.2683721801087,4855800
2014-02-19,75.06369018554688,75.6352931207671,75.01429246749015,75.6352931207671,5522500
2014-02-20,74.88018798828125,75.24714158513467,74.5838017695982,75.02838109762277,5103200
2014-02-21,75.27540588378906,75.28246424019085,74.76731190182976,74.76731190182976,5250700
2014-02-24,75.08482360839844,75.32475372768334,74.9225138223361,75.29652570471838,3816700
2014-02-25,75.7552719116211,75.76233026803102,75.43065750809389,75.44477422091376,6225400
2014-02-26,76.15750122070312,76.15750122070312,75.67763534829612,75.72703306822268,7203900
2014-02-27,76.57384490966797,76.60912591273562,76.28451161120076,76.41153506692716,5394700
2014-02-28,76.6162338256836,76.73619900481653,76.05874193071554,76.41158449330669,8462600
2014-03-03,77.12765502929688,77.23376588017632,76.85177005522355,77.02154417841743,11089400
2014-03-04,75.96755981445312,76.6466620426493,75.94633871310711,76.6466620426493,8068100
2014-03-05,76.13021087646484,76.24339180379359,75.83309947355731,75.93213480885282,4798500
2014-03-06,75.38037872314453,75.67041468444124,75.35208213689447,75.52186165439487,7418200
2014-03-07,74.90640258789062,75.10447324052093,74.70125644137481,74.72955301989636,8270300
2014-03-10,75.01255798339844,75.0620756759813,74.82863281222335,74.94181919356916,3744300
2014-03-11,75.21060943603516,75.22475503155825,74.82861359264346,74.97009653298612,3815700
2014-03-12,75.73409271240234,75.8755756712204,75.53602196708009,75.63505733974122,6430500
2014-03-13,76.75274658203125,76.77396767608786,75.44406027731824,75.47942696840498,11815500
2014-03-14,76.76683807373047,77.09224594332726,76.62536061505116,77.08517045128757,9232800
2014-03-17,76.1938705444336,76.61123834952262,76.16557396468004,76.52634861026196,7381900
2014-03-18,76.46977233886719,76.50514442062614,76.11607310936547,76.17266628137101,4819500
2014-03-19,75.87557983398438,76.3849077196266,75.55724720694631,76.34246013114085,11557600
2014-03-20,75.74116516113281,76.13730663583323,75.68457197988337,75.75531075793376,5224400
2014-03-21,76.56175994873047,76.62542323805998,75.95339666458315,75.98169325884855,8986200
2014-03-24,77.10640716552734,77.17007041573653,76.36363686429905,76.43438100500285,7536400
2014-03-25,76.81640625,76.97911029181707,76.5193001531403,76.68907969165097,5032000
2014-03-26,77.41771697998047,77.44601357618069,76.73861486224673,76.78813255634115,7147200
2014-03-27,77.8067626953125,78.08972318632343,77.40354574965423,77.55917428956137,9772200
2014-03-28,77.3681869506836,77.73603184859137,77.12059312266274,77.71481075408056,6027000
2014-03-31,77.17716979980469,78.57074560954305,76.63954546674857,76.92250592609504,7488400
2014-04-01,76.51763153076172,76.8509653006034,76.48216841915301,76.78004448829715,9067300
2014-04-02,76.0779037475586,76.27648957095529,76.00698294465784,76.16301195758575,6887200
2014-04-03,76.41126251220703,76.55310957540046,76.19850003378517,76.25523344815035,4937400
2014-04-04,76.921875,77.08499771455809,76.48925107324852,76.5034384802068,8977500
2014-04-07,77.38288116455078,77.51054079379726,77.02117797986722,77.03536538917864,7562500
2014-04-08,77.56725311279297,77.63817390239025,77.10625986404656,77.32611593507094,4213800
2014-04-09,77.18424224853516,77.55303344757573,77.04948901671881,77.2196999231293,5771500
2014-04-10,77.9006118774414,78.17011855874578,77.23394970101458,77.24813170012513,12706400
2014-04-11,78.53179168701172,78.57434307895944,78.10625612389667,78.39703839796465,10267000
2014-04-14,78.32611846923828,78.51051144364614,78.22682827966189,78.3544878678186,4142600
2014-04-15,78.81549835205078,79.08500501051657,78.26230844812154,78.44670688640166,7752000
2014-04-16,78.91477966308594,78.91477966308594,78.28357531462454,78.31903842176031,5523000
2014-04-17,78.04950714111328,79.04240882753832,77.80127630859864,78.98567545324859,8622500
2014-04-21,77.98571014404297,78.45379721857748,77.90060192751555,78.2764924923285,4316300
2014-04-22,78.24812316894531,78.36159538019012,77.73748469106657,77.77294780071792,5748700
2014-04-23,78.69490814208984,78.75874064025467,78.3899438775253,78.43958897124932,5748600
2014-04-24,78.8438491821289,78.87221858217326,78.33321080315011,78.33321080315011,6337800
2014-04-25,78.9572982788086,79.4253796832891,78.95020457863087,79.07077042711289,5976500
2014-04-28,78.5743408203125,78.92185647001818,78.40412984650493,78.8012905890257,7606000
2014-04-29,78.4679946899414,78.53182721765259,78.04246434521048,78.1346608731134,5235200
2014-04-30,78.79415130615234,78.9076288303192,78.28351326921383,78.52465030261531,7721400
2014-05-01,79.63954162597656,79.68220173854374,78.80063173275325,78.82906999978309,11556500
2014-05-02,80.13005828857422,80.40732449457974,79.1276355647179,79.29825967055764,12702100
2014-05-05,79.6466293334961,80.20116181883178,79.54709813992524,80.16561806343833,8043000
2014-05-06,79.96653747558594,80.12293972699717,79.65372212467945,79.70348771013802,6522600
2014-05-07,79.68220520019531,80.03056449436623,79.58267397328935,79.8457184626644,8199200
2014-05-08,79.34091186523438,80.16560496180382,79.2413806879301,79.86700600584868,10878800
2014-05-09,79.08500671386719,79.49024251535722,78.90016611953465,79.2911800758947,6000600
2014-05-12,78.76505279541016,79.0067698211607,78.58731777387274,78.92146048220988,4563800
2014-05-13,79.44754791259766,79.44754791259766,79.14895440342104,79.2271582402114,5501000
2014-05-14,80.30777740478516,80.49973423186444,80.02340033536048,80.07316591570668,8851400
2014-05-15,80.9476089477539,81.33862802131006,80.76276307443278,80.89073245995657,12627900
2014-05-16,80.72015380859375,81.04718566125395,80.63483902892625,80.76991940738893,5019200
2014-05-19,80.12291717529297,81.01870288545807,80.06604611080603,80.9973755582704,7403300
2014-05-20,80.30066680908203,80.67746954640755,80.0447279879756,80.0518389063512,6549800
2014-05-21,79.81014251708984,79.9096737038663,79.53287629334928,79.78170426029044,8224600
2014-05-22,79.69637298583984,79.90965715564562,79.47598332133784,79.81012598948072,6495700
2014-05-23,80.12291717529297,80.27221931368756,79.94518221667515,79.99494778812652,3835000
2014-05-27,80.59215545654297,80.62059370623622,79.90965373602963,80.22957455300599,6658300
2014-05-28,81.58748626708984,81.6443573520315,81.11115228440107,81.11826320403469,10361000
2014-05-29,81.15380096435547,81.89317920503223,81.13957912708844,81.66567862513489,10692000
2014-05-30,81.11824798583984,81.3315321424958,80.91207474748347,81.01871682581144,6518900
2014-06-02,80.51526641845703,81.02846658290794,80.22303075917856,80.57228986740833,11728200
2014-06-03,79.52448272705078,80.21587687899145,79.48171787247425,80.12321788139104,12694100
2014-06-04,79.50306701660156,79.70264350514638,79.31061437546802,79.65987866847291,7882000
2014-06-05,79.53872680664062,79.80958535625194,79.13244442027677,79.21085027010604,6915600
2014-06-06,79.53872680664062,80.123208755569,79.4674502444467,79.9236267681516,7832800
2014-06-09,79.42471313476562,79.5743955990672,79.26077209021342,79.43896627696125,5162800
2014-06-10,79.1324462890625,79.31064041778212,78.99702244911181,79.14670486466989,5986000
2014-06-11,79.27503967285156,79.50312804026805,79.01131028881615,79.30355139853559,5569700
2014-06-12,79.98068237304688,80.08047068787845,79.11822311597095,79.33205832664164,9775900
2014-06-13,79.93789672851562,80.2729026003985,79.49597327908764,79.5244849956366,5412500
2014-06-16,80.13749694824219,80.28005013498873,79.90227929586047,79.98068517998772,5184600
2014-06-17,79.50306701660156,79.89509070822847,79.46030217992809,79.88083757535445,6668800
2014-06-18,80.1161117553711,80.37271183312365,79.51737642793003,79.68844677180194,11256500
2014-06-19,79.08966827392578,80.23010942029501,78.93285659666519,80.19447386331454,14215500
2014-06-20,79.68843078613281,79.68843078613281,79.04693072043771,79.09682486787766,7319100
2014-06-23,79.43897247314453,79.95930193177773,79.41046618652982,79.88802533913008,5821700
2014-06-24,80.2444076538086,80.29430180868299,79.70269580227601,79.93791343442167,9698300
2014-06-25,80.45108032226562,80.80033926207773,80.32278034302098,80.6150158613793,5699300
2014-06-26,80.83598327636719,81.11396566876127,80.69342471741318,80.69342471741318,6628900
2014-06-27,80.7148666381836,81.12827860680444,80.664972465285,81.02849026100726,7216500
2014-06-30,80.9144287109375,81.11401080453027,80.60793443620435,80.94294043859361,5593100
2014-07-01,80.23693084716797,80.56565292707414,80.17976036751202,80.39414694018332,8019200
2014-07-02,79.37942504882812,79.80104522627377,79.30081697301978,79.77245997579082,9382500
2014-07-03,79.09357452392578,79.22220541941273,78.85060263152653,78.8791878807546,6173900
2014-07-07,79.6723861694336,79.90106264040536,79.48659028507205,79.51517007337604,5928900
2014-07-08,80.56565856933594,80.6514142948256,80.20835122457846,80.20835122457846,6352100
2014-07-09,80.62998962402344,80.851518468544,80.30840969105543,80.50850641587205,6395200
2014-07-10,80.65142822265625,81.22312225382599,80.62284297588992,81.13736651352703,7196900
2014-07-11,81.16598510742188,81.2374455276581,80.95159839463264,81.00162123400605,4676500
2014-07-14,80.81580352783203,81.04448554992938,80.70146796886286,80.95158211543246,4743300
2014-07-15,80.65142822265625,81.08734369470555,80.3941664538377,80.62999065060109,7720000
2014-07-16,81.08020782470703,81.16596357749144,80.70861046679956,80.75148561715218,4615800
2014-07-17,82.10210418701172,82.21644518628577,81.42322222307857,81.6304611952036,10901000
2014-07-18,81.83769226074219,82.15212454723631,81.544703000028,82.09495404931397,6677900
2014-07-21,82.24498748779297,82.63088000629261,82.18782246629692,82.18782246629692,5724100
2014-07-22,82.41651916503906,82.5094171183697,81.93058092439072,82.24500770216709,5753200
2014-07-23,82.309326171875,82.63090062482758,82.3021784978758,82.54515034514839,3489600
2014-07-24,81.69479370117188,81.8805951439458,81.64477086489585,81.83771453279473,6609000
2014-07-25,82.65953063964844,82.66667831751903,82.29508084945924,82.42370633864547,7041800
2014-07-28,82.54517364501953,82.82387303680046,82.2664742532386,82.6023386969156,5138300
2014-07-29,82.84526062011719,82.94530621566234,82.48080569230206,82.80238549404812,6579300
2014-07-30,81.69479370117188,82.45228392251748,81.58760035141461,82.28792551135922,12251200
2014-07-31,81.45182037353516,81.88058828456482,81.08736519572403,81.13024035120307,18254000
2014-08-01,82.08230590820312,82.30442480848129,81.00039395227435,81.38013839065015,14951200
2014-08-04,81.86739349365234,82.26146570457912,81.86739349365234,82.06084632934832,5183800
2014-08-05,82.1324462890625,82.25425552255753,81.45177303427928,81.73120777815575,8032000
2014-08-06,82.18265533447266,82.73436411750153,82.1110063340252,82.73436411750153,7289200
2014-08-07,82.94933319091797,82.94933319091797,82.08953402382706,82.28298692315809,9745500
2014-08-08,82.77018737792969,83.41503932652859,82.66987768219968,83.06395539147357,9536700
2014-08-11,82.76300811767578,82.98512161420308,82.60537706860458,82.86331779136341,6668800
2014-08-12,82.22564697265625,82.71286781610229,82.20415281972701,82.69137366317305,8122400
2014-08-13,82.76300811767578,82.77016918974832,82.23996013361835,82.30444804754167,8210500
2014-08-14,83.4293441772461,83.47233247045085,82.67701624736355,83.06392728560601,9028200
2014-08-15,84.33930206298828,84.80502864066979,83.60847370811695,83.62280131777578,17606700
2014-08-18,83.50100708007812,84.04554923950589,83.39353086267604,83.98106132247764,7595300
2014-08-19,83.2430648803711,83.93807154534724,83.09976690400106,83.887916706971,5936900
2014-08-20,83.10692596435547,83.19290802797639,82.80599694138317,83.14275319081433,7275600
2014-08-21,83.5726318359375,83.65861387822044,83.12839948384124,83.16422670140894,6790700
2014-08-22,84.03833770751953,84.13864733233227,83.26451591628022,83.64426027685195,10149900
2014-08-25,84.3536148071289,84.38943655587519,83.98103144820175,84.15299005499438,5760700
2014-08-26,84.08137512207031,84.53993523675828,83.98106543863655,84.50411347351351,5487600
2014-08-27,84.79785919189453,84.84085295232897,84.11718569389372,84.33213263019923,7265800
2014-08-28,85.2420883178711,85.52868968835439,85.02713592339201,85.35672558618454,9463600
2014-08-29,85.29940795898438,85.57167624887683,85.08445556885546,85.20625937224422,8512900
2014-09-02,83.82796478271484,84.29474850495,83.80641611400327,84.22293604606301,10506000
2014-09-03,84.29475402832031,84.29475402832031,83.5263491621074,83.59098421459845,6553900
2014-09-04,83.26780700683594,83.93567322473884,83.25344670791863,83.74896194411917,12528900
2014-09-05,83.10982513427734,83.73459952259327,82.90156517852566,83.61970068983253,6886000
2014-09-08,83.14567565917969,83.75608935917282,82.90868977646161,83.59810424962976,9326400
2014-09-09,83.0810775756836,83.224702449235,82.90872115269663,82.93744722319445,5353100
2014-09-10,82.55683135986328,82.67173563487131,82.43474967687031,82.56401424678563,8729400
2014-09-11,82.28397369384766,82.97338317325523,82.2767908041521,82.77230609329546,9274800
2014-09-12,81.42218780517578,81.80998156972103,81.30728899286876,81.64481349972878,11114900
2014-09-15,81.54426574707031,81.91769369343913,81.40781828640789,81.75970305034318,5510700
2014-09-16,81.21391296386719,81.76688017573804,81.2067355561868,81.58734636285945,9304700
2014-09-17,81.00570678710938,81.74538565988847,80.95543750873429,81.52994276460078,12917000
2014-09-18,81.26421356201172,81.49401669649748,81.04158783749129,81.27857386088131,7031200
2014-09-19,82.29830932617188,82.35576146863666,81.29291874878969,81.56581368602846,13236900
2014-09-22,82.39887237548828,82.614315234424,82.18343499549206,82.34142569485299,6617200
2014-09-23,82.90873718261719,82.9231029601125,82.42040484761337,82.52094885326422,6362400
2014-09-24,82.44911193847656,82.9805360046589,82.32703025257152,82.79381929278571,5223300
2014-09-25,83.42581176757812,83.43299465771834,82.8082147100758,82.8082147100758,8947800
2014-09-26,83.30374145507812,83.51200146618869,83.03085186066114,83.31810175838825,7799600
2014-09-29,83.97157287597656,84.14392383856105,83.7776787279363,84.02184213501947,6791800
2014-09-30,83.49760437011719,84.05057172163967,83.39706584782921,83.7776822295635,7277500
2014-10-01,85.11677551269531,85.1383723941177,84.10887893642682,84.15207269927157,17194900
2014-10-02,84.37525177001953,85.09517714516507,84.3320580051411,84.82880827162184,8251800
2014-10-03,84.73513793945312,84.7855324505019,84.10880694393109,84.2311928289653,8561500
2014-10-06,84.78558349609375,85.08795623702125,84.49041703727006,84.67759911639793,4485500
2014-10-07,85.93026733398438,85.98066187536159,85.08075542748774,85.17434372073312,8837700
2014-10-08,85.95185852050781,86.0454468075583,85.31832640047352,85.99505226951685,9391300
2014-10-09,85.5775146484375,86.1534515407915,85.51271852114891,85.86548034831767,10291700
2014-10-10,86.42696380615234,86.44856066868138,85.8942155650176,86.04539909531054,8774400
2014-10-13,86.9524917602539,87.23326191307429,86.42694988142138,86.50614202632855,6450700
2014-10-14,87.5212631225586,87.67244668078648,86.88053045038721,87.33408112507091,11285400
2014-10-15,88.21240234375,91.9200168969015,87.71565237569415,89.68825067321337,37407500
2014-10-16,87.65087127685547,89.36429084891796,87.42769627805103,89.35709555337667,18096600
2014-10-17,87.16130828857422,87.62205978974096,86.73655522980128,87.24770125476466,8524300
2014-10-20,87.47806549072266,87.72283729048986,87.0677085673673,87.67244277332658,7742500
2014-10-21,86.77973175048828,87.28367688847767,86.77253096491984,86.99570588423084,9754700
2014-10-22,86.8733139038086,87.0029005720078,86.54934997960544,86.72933115807157,9260200
2014-10-23,86.1030502319336,86.52060815359796,85.71428997651435,86.41981906803666,10936300
2014-10-24,86.18936157226562,86.68611123232013,86.0093804481981,86.34054505737177,5704900
2014-10-27,86.34776306152344,86.585334018307,86.14618504117902,86.31176463249517,3391900
2014-10-28,85.8078384399414,86.13900318794413,85.72864627274616,86.0166172904934,5141300
2014-10-29,86.0022201538086,86.26139353388761,85.25349766609035,85.64225773620889,9105100
2014-10-30,86.07418823242188,86.72212150717795,86.03819529596211,86.62133249694801,7024400
2014-10-31,85.85102081298828,86.1821855171813,85.54865375601938,85.91581139980036,6664200
2014-11-03,85.85103607177734,85.99537534835231,85.30977617307718,85.80773704179506,9726600
2014-11-04,86.1180648803711,86.5366405491138,85.93764490308345,86.18301342932389,3664800
2014-11-05,85.99535369873047,86.14690577149511,85.74997974331697,85.81493377791841,4799600
2014-11-06,85.4396743774414,85.82938214519235,85.381938669779,85.59122648057009,5901900
2014-11-07,86.4211196899414,86.4211196899414,85.64892284906789,85.67779068963988,8550500
2014-11-10,85.6273422241211,86.2985049158675,85.56238815409039,86.2985049158675,4787300
2014-11-11,85.68507385253906,85.74280407138205,85.40361357051378,85.504653841948,2416500
2014-11-12,85.61287689208984,86.2623898451515,85.48297430147751,86.0242341780322,4040800
2014-11-13,85.8149185180664,86.00976957526369,85.47572824629886,85.66336096627312,4475900
2014-11-14,86.23355102539062,86.30571793203342,85.64899192380732,85.76445787323938,5191200
2014-11-17,86.01705932617188,86.45006631742064,85.79333473434029,86.44284797420475,4726200
2014-11-18,86.25518035888672,86.29848489752267,85.9953806569748,86.11084657938224,4471200
2014-11-19,85.70672607421875,86.29850350737023,85.70672607421875,85.79332415820359,5792500
2014-11-20,86.1541976928711,86.56555526970631,85.92326020247208,86.52947455600952,5683600
2014-11-21,86.67376708984375,86.71707163400659,86.25519136748561,86.29127756995773,3640100
2014-11-24,86.74590301513672,86.79642037697097,86.27681558638126,86.36341363182314,4033900
2014-11-25,87.4676284790039,87.51814586724397,86.82533361167356,86.86863816300959,6770000
2014-11-26,87.70577239990234,87.95114647107246,87.66247336039417,87.78515764298841,4339100
2014-11-28,88.39859008789062,88.52849272051722,88.13878482263745,88.13878482263745,4562200
2014-12-01,87.88286590576172,88.830407796945,87.85393261279548,88.73637873365078,7728600
2014-12-02,87.02932739257812,87.41268375393189,87.00762880887277,87.40544905321019,5757200
2014-12-03,87.36927032470703,87.37650502408215,86.89187949820595,87.01484731374813,4868600
2014-12-04,88.09989166259766,88.09989166259766,87.24637855551141,87.340407649564,4250500
2014-12-05,87.58627319335938,87.9551656517292,87.17398356993172,87.93346706920029,8030700
2014-12-08,88.65681457519531,88.85210740688221,87.62247279324134,87.82500032786818,6021800
2014-12-09,89.11248016357422,89.66943626873037,88.93888596386456,89.40180750873039,6639700
2014-12-10,89.7634048461914,89.98040158850519,89.02562585554607,89.09795626349853,6439200
2014-12-11,90.13235473632812,90.13235473632812,89.17757839283249,89.50306819598285,7863500
2014-12-12,91.3547592163086,91.3909216839377,90.42891064595332,90.73993656355505,9317400
2014-12-15,91.1667251586914,91.64411072266539,90.72550207406269,90.87739773162085,9387400
2014-12-16,92.29509735107422,92.38189723595377,91.39818728116583,92.12150309977686,7426400
2014-12-17,91.46327209472656,91.99852970964419,90.92078529578166,91.79600218765853,11558800
2014-12-18,89.83578491210938,90.48676998043527,89.83578491210938,90.36380766710133,12758200
2014-12-19,91.04375457763672,91.10161564305866,90.00941284418582,90.1106766067507,7894500
2014-12-22,91.1667251586914,91.27522363365057,90.64593689365674,90.73996596210846,4118800
2014-12-23,89.35842895507812,90.84845764313926,89.32226095997594,90.73995917629394,7406100
2014-12-24,89.84478759765625,89.92452121375933,89.1054460566888,89.19967418019972,4871400
2014-12-26,90.1782455444336,90.30871273545534,89.89555004011685,90.27972371310302,2921300
2014-12-29,90.85233306884766,91.08428945032078,90.46816498978568,90.54065412406828,4070700
2014-12-30,91.0987777709961,91.48294582396257,90.9900496071023,91.31623409878368,4372600
2014-12-31,91.27273559570312,91.4539473510298,91.07702933321364,91.11326836619263,4993300
2015-01-02,92.28750610351562,92.53395692256416,91.43943656678572,91.54091468929307,9432000
2015-01-05,93.7372055053711,93.96190627254019,92.75140775840327,92.78764678496508,9789500
2015-01-06,95.42607879638672,96.03495852696736,94.36780863996056,94.73747653400783,18331300
2015-01-07,95.23766326904297,95.65807592859099,94.35334889211255,94.73751698336879,9762900
2015-01-08,93.97640228271484,94.49829296953482,93.80969058173494,94.49104848176584,8055300
2015-01-09,95.0057144165039,95.03470343388844,93.5342646325208,93.65024282263683,9398800
2015-01-12,95.54932403564453,95.90449193943205,94.89695518695558,94.95494426641366,6658100
2015-01-13,95.54932403564453,96.12194822232836,95.05642239039382,95.23763411609308,8260800
2015-01-14,96.27420043945312,97.21649285360431,96.18721126346718,96.92655842775615,12324500
2015-01-15,97.78915405273438,97.8761321913579,96.17273657469839,96.29597035147145,11454200
2015-01-16,96.5423355102539,97.622350034447,96.42635738166254,97.3686603209719,9390500
2015-01-20,97.82535552978516,97.93407815516254,97.18024214520865,97.2237311953596,7758700
2015-01-21,96.69459533691406,98.28201220008839,96.37567191470153,97.99932228337848,9803900
2015-01-22,96.34664154052734,97.25994458570838,95.88274000102957,97.1294774622333,10200000
2015-01-23,97.68759155273438,97.94128125818044,97.23817908373712,97.34691272345637,7334600
2015-01-26,97.39044189453125,97.992066222698,97.16574109756397,97.73836535240682,5966500
2015-01-27,97.54264831542969,98.67340765962906,97.23820289788173,98.38346227631803,8079600
2015-01-28,99.13735961914062,99.60126140802419,97.63692053085546,97.67316510473361,12230300
2015-01-29,98.48499298095703,99.06487299691756,98.18781401227855,98.66620479467647,8881400
2015-01-30,100.23185729980469,100.39132454853163,99.43452105617001,99.81870019922246,14871200
2015-02-02,99.8533935546875,100.17297268119427,99.25782334108827,99.286870951387,13689900
2015-02-03,97.73987579345703,98.62596682338433,97.59460443127816,98.52428351944847,14008700
2015-02-04,97.90694427490234,98.04494544717024,96.68673329932682,96.95547650735155,11360400
2015-02-05,96.83200073242188,97.49293677274567,96.67947021071595,97.32588797861114,8334600
2015-02-06,95.11788940429688,96.1274633309804,94.84914624442916,95.90956736553197,13685600
2015-02-09,94.96537017822266,95.8587315517093,94.96537017822266,95.85147241563723,8025500
2015-02-10,94.2099380493164,94.76193120096875,94.01383069857276,94.5222469017581,8290700
2015-02-11,94.38428497314453,94.61671023818387,93.66524286005317,94.20270689082504,6506400
2015-02-12,94.07199096679688,94.81282168108967,94.02114377598254,94.17367426577717,12548300
2015-02-13,93.10596466064453,94.07922036939658,93.03332900605024,94.06469102194875,8325200
2015-02-17,91.70421600341797,92.9171565247165,91.45726687677139,92.82273789644474,14968800
2015-02-18,92.24897003173828,92.77917515621988,91.85676054086557,92.11096885680371,14009200
2015-02-19,91.6388168334961,92.56849564292288,91.6388168334961,92.08186775694523,8584800
2015-02-20,91.90753173828125,92.9752058466326,91.51532254811647,92.27795245254602,12502500
2015-02-23,92.9607162475586,93.091452692384,92.3578812076692,92.37966969158619,7500500
2015-02-24,94.180908203125,94.26806212674838,92.37239225074475,92.7137598951302,11958300
2015-02-25,94.58767700195312,94.7038896657575,93.75242203148952,94.02842433736252,8019800
2015-02-26,93.29481506347656,94.63849728530907,93.25849723103447,94.20270546129679,11020500
2015-02-27,94.07925415039062,94.14461961340929,93.16410442018264,93.70883877730263,9225100
2015-03-02,92.326904296875,93.92791011144786,92.25412701502349,93.87696379330096,11324000
2015-03-03,91.99214172363281,92.6907602607339,91.97030520974158,92.34144821612006,8599000
2015-03-04,92.0212173461914,92.45057981846482,91.81018108002932,92.3778081178443,6478900
2015-03-05,91.9047622680664,92.33411908792371,91.62094881545343,92.07941541918433,6045000
2015-03-06,89.8744125366211,90.84229215798685,89.48871756549208,90.72585300708978,20022900
2015-03-09,90.70404815673828,90.8714280962896,90.33290519660338,90.73315795283963,8889100
2015-03-10,91.89751434326172,92.01395351791969,91.5190981298742,91.67192038251869,9277900
2015-03-11,92.56706237792969,92.75627334129656,91.7811198226515,91.88300136781956,6663100
2015-03-12,92.50151062011719,93.29473151022131,92.21769713171992,93.29473151022131,10295900
2015-03-13,92.21769714355469,92.85081697831097,92.05031725318709,92.24680693110227,7247200
2015-03-16,93.10555267333984,93.25836938514726,92.61797053359945,93.10555267333984,6374600
2015-03-17,93.8769302368164,93.95698077653718,93.35296508668951,93.54945479404964,6314000
2015-03-18,95.68896484375,95.71806907974417,93.59310451620897,94.53915319762673,13981900
2015-03-19,95.20143127441406,95.78360509056387,94.80117844762076,95.4779605058091,9543800
2015-03-20,95.7035140991211,95.84178420853885,95.43425826767538,95.49247784554859,5953800
2015-03-23,95.58716583251953,95.8782528606017,95.32518306554225,95.84186420602686,5555500
2015-03-24,96.51129150390625,96.52584917425676,95.6816819619106,95.93639122392418,6713000
2015-03-25,95.69625854492188,96.61319208173825,95.66715430271786,96.58408783953423,5635800
2015-03-26,94.2043685913086,95.43423044270826,94.00787896130645,95.36873760078949,9536300
2015-03-27,95.37605285644531,95.42699915874506,94.59010509478998,94.62649372439685,7907900
2015-03-30,94.90303039550781,95.33238733758066,94.67015205823083,95.25961008111902,7010600
2015-03-31,95.10680389404297,95.30329362479348,94.53917676454283,94.77932841229313,6844300
2015-04-01,96.35603332519531,96.61126475069851,95.75075306229053,95.77262972369086,9273900
2015-04-02,95.33503723144531,96.23931301911055,95.24753061981424,96.21013673023762,6663400
2015-04-06,94.80266571044922,95.88195448130136,94.59847624373371,95.8454896920683,5923800
2015-04-07,95.59756469726562,95.69237094139423,94.69330007016853,94.97040803936275,4764900
2015-04-08,95.62679290771484,95.79451770744083,94.81732295773364,95.54657476393294,5378900
2015-04-09,94.38702392578125,95.47361275442404,94.16825736011118,95.43714795098046,6484200
2015-04-10,94.52554321289062,95.1308230840803,94.47450141182165,95.03602798852621,4843000
2015-04-13,94.65681457519531,94.78807445913787,94.35781889178256,94.45991362179045,4010600
2015-04-14,95.3277816772461,96.15912815761462,95.15275726598516,95.75803750316102,6075500
2015-04-15,95.24751281738281,95.72882134638148,95.03603483630316,95.56838517004859,4425200
2015-04-16,94.7735366821289,95.42985862854084,94.3724461026569,95.40798197216016,7085500
2015-04-17,95.860107421875,96.04242029682246,94.58391729724279,94.63497024342558,7268800
2015-04-20,95.0141830444336,95.53924506992519,94.7516520316878,95.4882032458475,4949400
2015-04-21,94.58393859863281,95.13087734665208,94.4818438107691,94.97044109036665,4563800
2015-04-22,93.1399917602539,94.4745231870987,93.00872628279792,94.43805839079273,9707600
2015-04-23,93.54112243652344,93.96408977483311,93.05981362456777,93.1983732335397,6843400
2015-04-24,94.12451934814453,94.38703926962465,93.774470531176,93.8109353405474,4773000
2015-04-27,94.12451934814453,94.43809222824413,93.61403427193979,94.12451934814453,4334900
2015-04-28,92.8263931274414,93.8838107878405,92.804516479941,93.46813223035063,7464300
2015-04-29,91.68880462646484,92.20657258640335,91.36063807354736,91.7471405250685,11554800
2015-04-30,91.84927368164062,92.00970998827238,90.79915473925622,91.18565735227796,12876000
2015-05-01,90.61278533935547,91.3727642079959,90.38625516006047,91.1462340287009,12378500
2015-05-04,89.75784301757812,91.0001132849071,89.67746023349778,90.83204424558917,9144700
2015-05-05,89.63362884521484,89.90400226783338,88.9248017883087,89.77977633986434,13935500
2015-05-06,88.0990219116211,89.19514446921492,87.96018351210654,89.14399230620059,14355000
2015-05-07,89.28282165527344,89.56781302754938,88.67629926805368,88.7347604662556,11933700
2015-05-08,89.52398681640625,90.28396581099632,89.37783379331137,90.15973434757373,11716400
2015-05-11,87.34635162353516,88.89554017232552,87.32443006449975,88.87361861329013,13738600
2015-05-12,87.57290649414062,88.15019853703005,86.82754540120683,87.06138472204579,15861700
2015-05-13,86.8713607788086,88.2159406254562,86.69598273799974,88.16478846458831,15760000
2015-05-14,87.1052017211914,87.56557675313495,86.73252407411115,86.90059307373538,9128400
2015-05-15,88.8517074584961,89.08555233070949,87.90173775338795,87.96750244232152,12630600
2015-05-18,87.3609619140625,88.00401841408654,87.30250071174201,87.92363565468764,10208300
2015-05-19,86.58638000488281,87.57288927143418,86.32331012378003,86.42561445807911,8435300
2015-05-20,86.73253631591797,87.28790113020877,86.35985304106808,86.790991955465,7789700
2015-05-21,87.94558715820312,88.13558334285695,87.28791234606992,87.38291322598133,11760700
2015-05-22,87.98212432861328,88.2378851996655,87.5436763246425,88.16481146153185,5417900
2015-05-26,89.48743438720703,89.55320463199907,88.23054644392512,88.30362015745308,10469700
2015-05-27,89.69205474853516,89.7797465613406,88.86631108482945,89.28283743911183,6490300
2015-05-28,89.47280883789062,89.90394758750315,89.31204334645335,89.51665194458582,6237600
2015-05-29,89.67012786865234,90.29857188521743,89.52398043114913,90.05012012642848,7912000
2015-06-01,88.7063980102539,89.62180294732194,88.38417927169402,89.42407793927812,13108100
2015-06-02,87.46876525878906,88.0692706117092,87.22709703955361,88.00335855774146,10076200
2015-06-03,86.06273651123047,86.85364797883379,85.82839299348024,86.69986056910929,14810900
2015-06-04,87.18318939208984,87.35894561782987,86.51677175590814,86.604652662373,10859300
2015-06-05,86.1213150024414,86.83167028955742,85.96020280282463,86.29707122602807,11200200
2015-06-08,86.02613830566406,86.53144387167097,85.95290699149277,86.38497565613724,5334000
2015-06-09,85.34506225585938,85.7771308485523,85.03016262889038,85.72586837844992,12393900
2015-06-10,84.59806060791016,85.0447786662982,84.40766040287042,84.89099130660223,12183600
2015-06-11,86.37762451171875,86.39227412240098,85.12535098348138,85.35969446969207,13849300
2015-06-12,86.37762451171875,87.19782950705087,86.08469934434747,86.11398739133305,7863100
2015-06-15,86.51676177978516,87.19049855675905,86.2238310458694,87.0660048106813,8194200
2015-06-16,87.1977767944336,87.20510159534673,86.37025308120269,86.86090858584794,7046400
2015-06-17,86.5240707397461,86.8755830863225,85.86497810593035,86.78038298978889,13626100
2015-06-18,86.09930419921875,86.22379789743535,85.49879893978864,85.95284168216239,10123300
2015-06-19,87.20518493652344,87.28574106199653,86.77311066469582,86.78776028052259,10439200
2015-06-22,85.42560577392578,86.51676709796682,85.38166252946436,86.29706763722784,9769000
2015-06-23,84.91295623779297,85.65260496095851,84.72255604148351,84.75184966872838,8945100
2015-06-24,85.645263671875,85.80637579711595,85.06673280350911,85.32304500858014,8600400
2015-06-25,85.34506225585938,85.74051799115928,85.08874990534744,85.38167511325238,8287800
2015-06-26,84.38572692871094,84.85441400808318,84.12940896798709,84.70794580378517,11673000
2015-06-29,86.61930084228516,86.90490681801145,85.28647109316582,85.65263317355233,17132900
2015-06-30,86.0187759399414,86.92685613099341,85.92357583180478,85.97483828806122,13469000
2015-07-01,84.85768127441406,85.40079233976438,84.71823164432237,85.00446623278316,12451500
2015-07-02,85.13658142089844,85.62098189949556,85.04850707947504,85.37144073187314,6682100
2015-07-06,86.71452331542969,87.08149124685386,85.91453031319213,86.6411308490421,10605800
2015-07-07,87.52922058105469,88.43195884552782,87.30169658311192,87.82279614003731,16160100
2015-07-08,88.2851791381836,88.49068036189757,87.70536891442578,88.0870132442534,9951800
2015-07-09,86.54576110839844,87.42648796658865,86.4943857949657,87.11823048650302,11108900
2015-07-10,85.17328643798828,85.66502227991718,84.96044429756651,85.16594550914945,13636600
2015-07-13,84.90904235839844,85.47417051296878,84.68885935821004,84.68885935821004,8006700
2015-07-14,85.1879653930664,85.3347503775617,84.88705449500458,85.15126634719847,4227800
2015-07-15,86.0906753540039,86.27415931204783,85.16591463760643,85.2172899218793,8720400
2015-07-16,86.68521881103516,86.72191786666505,85.77513934620907,85.7898156087672,7306500
2015-07-17,87.13290405273438,87.25767185926695,86.86868658037793,86.87602751002356,7404900
2015-07-20,86.76591491699219,87.08150762133931,86.53105562069808,86.81729021307254,5941000
2015-07-21,87.2356185913086,87.2869938786032,86.35489778069072,86.3695740344236,5627500
2015-07-22,87.77877044677734,87.99895355170672,87.30171078575631,87.34575076643557,6228900
2015-07-23,88.872314453125,88.95304786735288,87.66865976762097,87.77875129606696,9087700
2015-07-24,89.09249114990234,89.20992359839157,88.74754033182444,89.17322455836685,7307900
2015-07-27,89.56951141357422,89.75299533430028,89.158509222983,89.67960288590683,8172000
2015-07-28,88.91638946533203,89.2246413868699,88.73290537877521,88.9237303966515,9128200
2015-07-29,88.58614349365234,88.9310945842249,88.38064214594745,88.82100297667105,6706400
2015-07-30,89.26864624023438,89.49617023993903,88.91636004631765,88.96039442068522,6146600
2015-07-31,89.92918395996094,90.20074231623742,89.58423311805201,89.86313240273806,9178400
2015-08-03,90.87581634521484,91.0229218530184,89.97110119824825,89.97110119824825,11753700
2015-08-04,90.15501403808594,90.70666828216619,90.0741043000168,90.58898496152199,6448800
2015-08-05,89.47827911376953,89.6695207366548,89.1399320035661,89.56654016147455,7574400
2015-08-06,90.27272033691406,90.37569536668178,89.73577430022391,89.73577430022391,6118100
2015-08-07,91.45689392089844,91.57458282538197,90.6478023435796,90.69193848861885,8317000
2015-08-10,90.32418823242188,90.89055077312433,90.11823260590397,90.77286745540255,7461700
2015-08-11,91.75845336914062,92.03795605658074,91.32448822719032,91.42746319686377,11145700
2015-08-12,91.25827026367188,92.46455307096552,91.20678278817937,91.89083388355927,8455200
2015-08-13,90.96409606933594,91.5157502543615,90.63310580300724,91.08178498909868,7691400
2015-08-14,91.1773910522461,91.47896466074157,90.61837998022756,90.8169786033138,4324700
2015-08-17,91.58929443359375,92.01590831014856,91.49367640404155,91.72904860977592,7880300
2015-08-18,90.86846160888672,91.42011569421626,90.75077271039297,91.05970326308132,5024300
2015-08-19,91.76580810546875,91.89084833537098,90.46390148771195,90.51538897130197,10736000
2015-08-20,92.6926498413086,92.75149432559802,92.07479959142636,92.214553838684,9078300
2015-08-21,92.97211456298828,93.22219508589787,92.37632426057407,92.79558680495116,10718300
2015-08-24,92.94273376464844,94.82571232097362,92.54554192322634,94.37703296001821,16663400
2015-08-25,91.44950866699219,91.78785572436176,90.88314084465657,91.61132804480236,15354800
2015-08-26,89.68425750732422,90.84641030584542,89.26500056250535,90.47128389888653,16429900
2015-08-27,89.7357406616211,90.37566148819637,89.47830318370558,89.60334344273366,9127000
2015-08-28,90.00053405761719,90.81698262935305,89.90491602741712,90.58161042202391,9946200
2015-08-31,89.30909729003906,90.81695369553472,89.2502528540253,90.73604399894437,8617600
2015-09-01,89.9526596069336,89.9968859448785,89.178670573405,89.66517716249462,15298200
2015-09-02,89.17866516113281,89.91580074293657,89.09020686671302,89.5030009928757,9515200
2015-09-03,89.61355590820312,89.68726832799321,88.97961897499353,89.47349837387397,7042500
2015-09-04,90.43181610107422,90.61610004278461,89.79787889167854,90.26227240018486,7951300
2015-09-08,89.09760284423828,89.6062227029976,89.01651745935354,89.47353803899526,7049500
2015-09-09,89.52507781982422,89.71673456798595,88.13189258565905,88.18349183048383,7441900
2015-09-10,88.9206771850586,89.3334770000039,88.78799253452243,89.20815965723709,6789700
2015-09-11,89.48088073730469,89.98950604810756,89.43665440554712,89.53985292891325,5890900
2015-09-14,89.62094116210938,90.04110819898149,89.39979824843019,89.8936777152294,4221700
2015-09-15,87.90337371826172,89.23021934469928,87.80754816564497,89.11227501172912,11895000
2015-09-16,87.57169342041016,88.04345965694068,87.38740955851864,87.68963216759421,6949800
2015-09-17,88.64054870605469,88.72900699547893,87.52010515950361,87.63067099141159,19843600
2015-09-18,90.00428009033203,90.07799254558081,89.28925746422911,89.34822967798807,14963300
2015-09-21,88.53734588623047,89.27448139065407,88.29408982003525,89.20076896499123,10085600
2015-09-22,89.76837158203125,90.21802474350439,89.29660525260014,89.51774817997646,9968200
2015-09-23,89.76093292236328,89.98207568780386,89.18596848089075,89.65036716353714,6769900
2015-09-24,90.37284088134766,91.1689488327688,90.29175549978257,90.79300802950337,9605800
2015-09-25,89.59143829345703,89.87892065308328,89.3924085836254,89.67252363836667,8383700
2015-09-28,91.12464904785156,91.23521482096902,90.0779128632157,90.0779128632157,9833400
2015-09-29,91.38272094726562,91.61860416520051,90.85198230093724,91.06575234592503,9006100
2015-09-30,91.06571197509766,91.25736876217397,90.75611644328772,90.96988639350802,9832600
2015-10-01,91.4542465209961,91.9786987670299,91.34345111629354,91.65368952061073,9069400
2015-10-02,92.00827026367188,93.22707075583729,91.72757910537696,92.76909563228365,13000400
2015-10-05,90.75994110107422,91.46906015711856,90.69345819566962,91.38780640361145,11362700
2015-10-06,91.15141296386719,91.29914395410476,90.4201349817119,90.52354780199342,5687800
2015-10-07,90.84856414794922,91.0997136135072,90.49400748967221,90.71560399220122,6712800
2015-10-08,90.08773040771484,91.1292524701906,89.86613392578397,91.07015782077865,12882300
2015-10-09,90.3241195678711,90.59003990233715,90.04342838619111,90.09513480480524,9038100
2015-10-12,91.01104736328125,91.17355480314954,90.78945091984038,90.87808724298674,4241000
2015-10-13,91.16620635986328,91.29916653819703,90.70823679549615,91.24746011526598,6147200
2015-10-14,91.9639663696289,92.00090194368701,91.07756894800801,91.3730309981634,9738100
2015-10-15,91.51338195800781,91.93442159030565,91.43212820128564,91.823620500632,6924300
2015-10-16,91.54289245605469,91.94177283703235,91.49857429224892,91.77926538897754,8048300
2015-10-19,91.29176330566406,91.57246010026442,90.78947564285608,91.43949994376334,6238400
2015-10-20,90.73036193847656,90.83377474564593,90.52353632413781,90.70820285630816,6431300
2015-10-21,91.63157653808594,91.75714848363879,91.2031486391173,91.30656149258175,6603800
2015-10-22,91.78667449951172,92.17077848951205,91.23267478366459,91.66848518838759,6934100
2015-10-23,91.00366973876953,91.19572452061203,90.74513770681364,90.92980424900722,7058200
2015-10-26,91.60935974121094,91.74231985374693,91.45424054918139,91.49856434374315,5859800
2015-10-27,91.8383560180664,92.25939546254891,91.71278413572031,91.97131613924904,7156800
2015-10-28,91.46906280517578,91.84577861625777,91.07757050998617,91.79407219303609,8468700
2015-10-29,90.01387786865234,91.01846451093304,89.89568855281848,90.98891718197459,12108000
2015-10-30,90.69344329833984,90.71560238464242,90.13205535784365,90.29456283816437,11861400
2015-11-02,90.27669525146484,90.44696129066385,90.07682312948874,90.15084963215173,8751000
2015-11-03,89.53639221191406,90.12121100980701,89.41795097256755,90.05458887164805,8921600
2015-11-04,89.64000701904297,89.97313456646972,89.35129986665395,89.64741135952542,5980800
2015-11-05,89.40312957763672,89.61781029428153,89.05520460361683,89.61041160077689,7268400
2015-11-06,88.09283447265625,88.4851798065664,87.90036115207232,88.45556809202603,10604700
2015-11-09,87.5968246459961,88.01878156768258,87.35253231032092,87.42655875050437,9159500
2015-11-10,87.85594940185547,88.24829474915255,87.63386435915358,87.72269950580578,6712500
2015-11-11,87.67088317871094,87.78192570356165,87.55243631277486,87.6116597457429,2857900
2015-11-12,88.09283447265625,88.41855768474335,87.87074943753194,87.90776549267167,6805700
2015-11-13,88.59622955322266,88.75909117255506,88.25570328000833,88.32972974847101,7906600
2015-11-16,88.51481628417969,88.83313524472095,88.18909298096762,88.67767793578572,5485300
2015-11-17,88.66287994384766,88.92937983355237,87.84117853976062,88.09286974233768,5122900
2015-11-18,88.84790802001953,88.97375921112304,88.35932887947334,88.52219047560764,5233900
2015-11-19,89.44013977050781,89.68443218872174,89.33650158966383,89.48455452005315,6643000
2015-11-20,89.16626739501953,89.60303329658844,89.04042179458041,89.52160246151388,5971000
2015-11-23,89.44013977050781,89.66222481394907,89.07000179667723,89.2254590679432,5436300
2015-11-24,89.43274688720703,89.7214540919537,89.26248656023232,89.49937466791826,3371500
2015-11-25,89.64000701904297,89.8842994242512,89.53636884371649,89.69923044718865,3280900
2015-11-27,89.55120849609375,89.81030402401848,89.5438041530505,89.75848491843354,2570600
2015-11-30,89.90657043457031,89.96579390463494,89.61786307783149,89.64747481286379,5179800
2015-12-01,91.12094116210938,91.13577559106916,89.95624322443958,89.95624322443958,12766600
2015-12-02,91.1506118774414,91.27672432776315,90.64615641631916,90.99482491060245,7345800
2015-12-03,88.67285919189453,90.06011337017237,88.27226163784901,90.03043884840942,16612200
2015-12-04,89.45174407958984,89.71138890841637,88.628295008288,88.67280393327746,11843800
2015-12-07,90.31971740722656,90.84642719506196,89.61496622937882,89.62238061158044,9016700
2015-12-08,90.36425018310547,90.82419669348448,90.09718519770286,90.71291867292751,7257500
2015-12-09,90.26780700683594,90.61647547640366,89.39984868461514,90.02299650779882,8993900
2015-12-10,90.38648223876953,90.52743474050683,90.12683736175384,90.34939334767233,5606900
2015-12-11,91.81086730957031,92.06309224593915,91.1506247880918,91.26931721113709,12300000
2015-12-14,90.62390899658203,91.35833494307444,90.31974942348609,91.30640595008681,10661100
2015-12-15,90.08973693847656,90.20842929856141,89.6372106422473,89.77815746610848,8795500
2015-12-16,89.89690399169922,90.63132999175821,89.39244845452505,89.81530047393309,10988600
2015-12-17,90.91321563720703,91.08383702156199,90.23813316389973,90.34199113520317,9923000
2015-12-18,91.41764831542969,91.63277858828002,91.11348886099724,91.30637032820236,10171700
2015-12-21,91.39543151855469,91.82570358790437,91.18771552916827,91.56605860117136,7494900
2015-12-22,90.73516845703125,91.09867701605818,90.49777800003149,90.98739900125065,5445800
2015-12-23,90.05265808105469,90.21586505695885,89.66690076878182,89.93396570029152,7287100
2015-12-24,90.56857299804688,90.59830972778074,90.24891024303435,90.30094810214331,3364600
2015-12-28,90.83621215820312,91.19304162764091,90.58345275162438,90.68752848618558,7586600
2015-12-29,89.32711791992188,90.50168786052679,89.21560657186939,90.46452119231114,7787500
2015-12-30,89.23788452148438,89.60958513728278,88.9628240239811,89.1486743318803,5508900
2015-12-31,89.63932800292969,89.84747945455248,89.39400421850212,89.6318924020284,7897700
2016-01-04,90.28610229492188,91.02950373225084,90.18946214988213,90.64293748038904,10591900
2016-01-05,89.92183685302734,90.3232743083354,89.69881982565809,89.86236337704774,6242600
2016-01-06,91.13356018066406,91.1558669832905,90.73212848061492,90.91797880059019,8916900
2016-01-07,91.29711151123047,91.38632170872377,90.5388446834937,91.20047138438908,10202200
2016-01-08,91.70599365234375,91.7877682569542,90.86595214426663,91.0146301499025,9577200
2016-01-11,90.70238494873047,91.28223699610878,90.59087363076512,90.72468607798329,10040300
2016-01-12,92.01078796386719,92.41966099891064,90.80648133647108,90.94772374445675,12897700
2016-01-13,92.917724609375,93.29686085110937,91.63907349740944,91.83235941872327,15577600
2016-01-14,92.04795837402344,92.90287109284967,91.6911232171238,92.53117040394282,12873800
2016-01-15,93.482666015625,93.63877952876491,92.9845887586978,93.22247682705847,13976300
2016-01-19,93.19278717041016,93.7206014113825,92.88798991581527,93.02180237632247,8926600
2016-01-20,94.17407989501953,95.09589594815317,93.98079396281827,94.39710256076732,17283300
2016-01-21,93.53478240966797,94.62758359114873,93.42327104328558,94.36739418405895,11001600
2016-01-22,93.1778793334961,93.3191273395252,92.56829073568043,92.85822234587162,10164300
2016-01-25,93.68341064453125,93.8692609324619,93.40835584828233,93.6313727907787,5738200
2016-01-26,93.72802734375,94.0105177660347,93.48270357951,93.66111828454764,5692600
2016-01-27,93.70572662353516,93.88414132935144,93.06640111668382,93.48270398748889,7957800
2016-01-28,93.83953094482422,93.9733433805243,93.2671088753347,93.32658232935712,10575400
2016-01-29,94.635009765625,95.0513127754898,94.35251357604263,94.71678438137747,13170700
2016-02-01,94.34524536132812,94.6431710157804,94.06221911495105,94.43462476240157,9948400
2016-02-02,96.09557342529297,96.11046147107963,95.33586258811619,95.41034827673133,10400000
2016-02-03,95.298583984375,96.78076225825474,95.2762405591586,95.54437302667161,13309000
2016-02-04,95.76039123535156,95.77527927813436,94.97088741851435,95.49970274271661,9953500
2016-02-05,95.87213897705078,96.0806852917461,95.03049832958067,95.25394405673187,9200800
2016-02-08,97.93521881103516,98.03949191382505,96.58710112972302,96.61689993904348,14452200
2016-02-09,98.03956604003906,98.35982961042728,97.54054357331881,98.34493019450184,15232100
2016-02-10,98.90350341796875,98.94074626193654,97.6522256880779,98.09166169810479,12797100
2016-02-11,99.59618377685547,100.73574433780485,99.0673626692307,100.13244890729287,21620200
2016-02-12,97.9427261352539,99.15677268914311,97.51817806490375,98.79181091103105,13888400
2016-02-16,96.90740966796875,97.38408849933428,96.68396397968995,97.36174506699838,11766000
2016-02-17,96.31157684326172,96.69888201990324,95.86469674552642,96.55736601123103,13157300
2016-02-18,97.49579620361328,97.57028188078748,96.34879178359421,96.3860346221813,10196700
2016-02-19,97.57772827148438,98.18103499543723,97.36918200823611,97.5255973881318,8188700
2016-02-22,97.52557373046875,97.65219026208933,97.34681496322524,97.64474624196444,5054300
2016-02-23,97.92037963867188,98.1214819480805,96.66164624613941,96.73613195034196,8320700
2016-02-24,97.72669982910156,99.35038307698298,97.53304160931897,98.61301576725795,9091200
2016-02-25,98.07674407958984,98.73218164399566,97.80862292860735,97.9277840962935,6097200
2016-02-26,97.1308822631836,97.42880235347114,96.8552942464985,97.05639655815023,9245000
2016-02-29,97.55538940429688,97.69690538203221,97.13829685828924,97.17553969952267,8016100
2016-03-01,95.83758544921875,97.64345835193119,95.75551170375695,97.62107253289984,13729100
2016-03-02,96.23310089111328,96.24055903576765,95.67343260706554,95.75551774418508,7047700
2016-03-03,96.58380126953125,96.96438293248504,96.09130190776305,96.31517146482787,6394800
2016-03-04,95.96443939208984,96.35993731837125,95.3376080858552,96.07636847066836,8687000
2016-03-07,95.93461608886719,96.0167012360671,95.55404570811218,95.85253094166727,5493300
2016-03-08,96.99422454833984,97.74791832602237,96.97183873182239,97.27033526285253,7175400
2016-03-09,96.40470123291016,96.77781331360941,96.12113240790606,96.32261611969723,7194700
2016-03-10,96.00923919677734,96.88977857059125,95.45702901196573,96.63606499371076,10091600
2016-03-11,95.03912353515625,96.17338761439683,94.92718875594655,96.12861598000869,8927000
2016-03-14,95.33763885498047,95.80775821645283,95.26301754743196,95.38241050086141,5177000
2016-03-15,95.42716979980469,96.00922958715068,95.22569172616807,95.88983095592891,6413200
2016-03-16,95.71072387695312,95.9047494807958,95.04659040380001,95.33015358603568,9728900
2016-03-17,96.10624694824219,96.51667269457396,95.8823887106813,95.89730500219731,7805500
2016-03-18,96.30774688720703,96.64354568630161,96.03910557063458,96.29281920670746,8198600
2016-03-21,95.5689697265625,95.97938406036624,95.33017243967615,95.70328466057506,5514800
2016-03-22,95.54656219482422,96.27787026704162,95.45701891515684,96.13608581658151,4997900
2016-03-23,96.62859344482422,96.87484884227815,95.73311513172638,95.82266979492401,10628200
2016-03-24,96.66588592529297,97.48673716838894,96.26292983371405,97.44196553448892,6343300
2016-03-28,96.79276275634766,97.12856142721174,96.47188037380315,96.54650736131944,5058700
2016-03-29,97.80763244628906,97.82254873524101,97.02409459006714,97.29273581544379,9396700
2016-03-30,96.77782440185547,97.06139325934924,96.2480001765084,97.0315379130455,8478700
2016-03-31,97.46435546875,97.61359805021429,96.85244608232358,96.99423051998234,7832300
2016-04-01,97.71858215332031,98.05508779525037,97.13532244207045,97.9429154445853,9341400
2016-04-04,97.77843475341797,97.93547152790765,97.41203462972308,97.80086694833527,5145100
2016-04-05,98.84777069091797,98.97489028930993,98.54118208946464,98.71316608610424,6482800
2016-04-06,98.12986755371094,98.45888822508358,97.76346750519109,98.3542008669256,6393700
2016-04-07,99.34124755859375,99.44593490060471,98.71311209646343,98.84771662765726,5963300
2016-04-08,98.71311950683594,99.00474936790654,98.43644824147971,98.83276545242013,5584800
2016-04-11,98.58599090576172,98.84022995920778,98.04012201805357,98.19715873345515,4805500
2016-04-12,97.90553283691406,98.36915805359544,97.60642936362669,98.01770519694642,4276000
2016-04-13,98.24948120117188,98.3915592998235,97.59892507583287,97.72604458250471,5207900
2016-04-14,97.77843475341797,98.18971067701608,97.57654499916232,97.89060713807307,6967000
2016-04-15,98.61591339111328,98.82528808285139,98.14481462967008,98.17472040989055,5831100
2016-04-18,98.18968200683594,98.28689576313808,97.70363604545584,98.20464060243596,4486600
2016-04-19,97.88308715820312,98.18967559261644,97.42694700775502,98.01769168967964,5212200
2016-04-20,96.80631256103516,98.4439193330916,96.66423443052196,98.07751932288922,10920700
2016-04-21,96.23052978515625,96.51468605604173,95.93141491841746,96.04358727221906,11154200
2016-04-22,95.9837646484375,96.39504046041024,95.89403589312182,96.3501760827524,5826400
2016-04-25,95.58744049072266,96.10340361644914,95.58744049072266,95.75942439594326,5539500
2016-04-26,95.15371704101562,95.535081276467,95.05650901062,95.535081276467,7840000
2016-04-27,96.10343933105469,96.32777269648639,95.43044493979404,95.65477260019128,8380100
2016-04-28,96.49974822998047,96.56704481070649,95.74449301271757,95.87162398973507,7974600
2016-04-29,96.74651336669922,96.9932789050688,95.86413858615936,96.05108113855438,7416300
2016-05-02,95.77242279052734,96.58163622770202,95.75743979131971,96.40181737113,11035200
2016-05-03,96.9787826538086,97.42086416223422,96.91885063769234,97.06870354407077,10736700
2016-05-04,97.5107421875,97.53321954455915,96.79893253686676,97.16607032419284,7211200
2016-05-05,98.1626205444336,98.20758669715138,97.18107105469858,97.45081080579719,7870400
2016-05-06,97.74295043945312,98.05015602445172,97.62306365998549,98.04266738812221,7232500
2016-05-09,98.05024719238281,98.07272455530357,97.64564322676614,97.75054139807736,4950800
2016-05-10,98.0577163696289,98.24503531214476,97.89287478557168,98.04273908601711,4331900
2016-05-11,98.61214447021484,98.90436144443377,97.90033506460837,98.02771052177701,9256000
2016-05-12,98.1626205444336,98.28250741893112,97.84792607365881,97.90038086864209,6087400
2016-05-13,99.1141586303711,99.14413605178439,98.32741709729976,98.51473596550548,8707300
2016-05-16,98.260009765625,98.64963631075226,98.1401229158875,98.63464759627524,5137000
2016-05-17,98.4248275756836,98.7769879661611,98.31244082682333,98.31244082682333,4449100
2016-05-18,97.02371215820312,98.042727542836,96.58913089076738,98.01275011305998,12681000
2016-05-19,97.443359375,97.65315576896647,97.14364207430077,97.16611944272246,6209400
2016-05-20,97.51822662353516,97.70554554631033,97.0686680686986,97.14358877798483,5348900
2016-05-23,97.73554229736328,97.9528272601991,97.34591565971625,97.67559885826051,6979700
2016-05-24,97.30094146728516,97.54820381671249,96.83639419850397,97.3833622504276,5968200
2016-05-25,96.93380737304688,97.59317374096409,96.88885265396915,97.27847927437855,6367400
2016-05-26,97.43582153320312,97.7430273599625,97.25600265552276,97.26349129774559,5419300
2016-05-27,97.29345703125,97.60065138802159,97.18105881317634,97.45829860465923,5267600
2016-05-31,97.5257797241211,97.73557611705618,96.64162798271236,96.67160542915792,8344300
2016-06-01,97.92145538330078,98.55965378775956,97.68870417544194,98.07913183898897,9874900
2016-06-02,98.62718963623047,98.87496028955346,98.25928567404613,98.28180923738977,5835400
2016-06-03,100.03121185302734,100.03121185302734,99.55820556640423,99.75341360084052,11077200
2016-06-06,99.2878646850586,99.7758902700514,99.1827509533738,99.69330009111782,7573700
2016-06-07,99.52812957763672,99.8434708038817,99.51311005547115,99.58819620976033,4680200
2016-06-08,100.0612564086914,100.18137826757814,99.64080126122902,99.76092312011575,5313200
2016-06-09,100.70697021484375,101.01479611821028,100.55679782505148,100.8496271112195,6820300
2016-06-10,101.19498443603516,101.60793554722743,100.80455688940397,101.20248847204101,6984600
2016-06-13,101.64549255371094,101.65299659074395,101.18749425070511,101.42774945775754,7283300
2016-06-14,101.57037353515625,102.27614231072636,101.52532641442477,102.25361875036063,9012500
2016-06-15,101.9608154296875,102.28366081161832,101.59291146411107,101.75058786551325,7953200
2016-06-16,102.45633697509766,103.28222754458254,102.24609799493956,102.66656449871496,10372700
2016-06-17,101.81813049316406,102.31367166779842,101.55534038210467,102.26110906297059,8489900
2016-06-20,100.72943878173828,101.02225645147722,100.61680955089186,100.78950541354865,7365900
2016-06-21,100.26394653320312,101.04480145595794,100.20389134518292,100.82705843735589,6005800
2016-06-22,100.42914581298828,100.6018417447555,100.04623377056717,100.23393777388907,5773700
2016-06-23,99.2803726196289,100.09877056997792,99.16775482930301,99.56568629717482,9029100
2016-06-24,101.94577026367188,102.56894876380329,101.58538188094121,102.56894876380329,17155000
2016-06-27,104.49102020263672,104.80636142368826,103.91288890243968,103.94292794627609,16577100
2016-06-28,104.70880126953125,105.03915067615596,104.2733266277691,104.69378174214837,14006400
2016-06-29,103.9053955078125,105.21181909152776,103.80778579015836,104.87394282473718,12999800
2016-06-30,104.28833770751953,105.069192762361,103.68017858120707,104.22076701716102,14698500
2016-07-01,105.73635864257812,105.92440792964742,104.69832290511799,105.91687861248936,15430200
2016-07-05,107.06021881103516,107.49649452342658,106.58633094664808,106.69916740263504,8840800
2016-07-06,107.233154296875,107.56412266456823,106.78184318624713,107.40615631540184,14352800
2016-07-07,107.22566223144531,107.70706775170937,106.64646744878587,106.87964663362445,9676400
2016-07-08,108.01547241210938,108.03050808525039,107.08274418477787,107.50397258498788,10355300
2016-07-11,107.06767272949219,107.91765865114765,106.9924599480213,107.60173742270476,8099000
2016-07-12,105.30758666992188,105.95447658999889,105.036795273666,105.62350805261771,15810600
2016-07-13,106.54866027832031,106.63893168905645,106.0221248724055,106.33804611595438,8181700
2016-07-14,104.99920654296875,105.18725584681859,104.62310793526906,104.76602724261393,10817000
2016-07-15,104.09654235839844,104.63812511654264,103.93857593826664,104.47264085835329,9958600
2016-07-18,103.99874114990234,104.75093806355663,103.60007770387467,104.60803029115812,5955900
2016-07-19,104.58543395996094,104.78853030180453,104.10402848576226,104.51022116944944,8073900
2016-07-20,104.01374816894531,104.18675017860228,103.73543909111328,103.97613604225215,6942500
2016-07-21,104.22437286376953,104.26950282932937,103.04343001371421,103.08103066660689,10398400
2016-07-22,104.4049072265625,104.73587562039856,103.7053583072979,103.75048827416444,5811400
2016-07-25,104.3296890258789,104.75091737792522,104.24694692261181,104.51022038144666,4243800
2016-07-26,104.49514770507812,104.94647024493712,104.14914370511401,104.94647024493712,5243400
2016-07-27,105.79649353027344,105.79649353027344,104.85624736851268,104.96908379449255,8508100
2016-07-28,105.60091400146484,105.93940028424026,105.08942565906874,105.15712062010124,7336100
2016-07-29,106.48102569580078,106.57128568009702,105.47308427910112,105.64608640820806,8766700
2016-08-01,105.32650756835938,105.87661058167568,105.2059335795708,105.33403913069549,9809300
2016-08-02,104.2413330078125,104.94214754498961,103.61586856681772,103.86454803120589,10051200
2016-08-03,104.3016586303711,104.58047593682825,103.92487351415582,104.44483881430398,4930600
2016-08-04,105.08535766601562,105.62039754485978,104.94972055503916,105.09290072678203,5646000
2016-08-05,103.99273681640625,104.88194455392659,103.85709963552654,104.78398820059374,7778600
2016-08-08,104.18862915039062,104.39962792181963,103.4802827026336,103.6912814740626,5185200
2016-08-09,105.21344757080078,105.28880917585003,104.45987751457429,104.52770755854523,5503200
2016-08-10,105.62037658691406,105.88411919433514,105.10041143420966,105.42444102295823,5843500
2016-08-11,104.678466796875,105.56014278313626,104.39963793045025,105.54506815556883,7624600
2016-08-12,105.56014251708984,106.14792650644928,105.40188767445997,105.80882212775295,7989600
2016-08-15,104.56539154052734,105.22100540049927,104.5578599783918,105.00246361431925,5108600
2016-08-16,104.28660583496094,104.85931519200038,104.16603181287738,104.73120960550096,6182700
2016-08-17,104.91204833984375,105.07783471032828,104.36947685436154,104.46744466380308,5002000
2016-08-18,105.07782745361328,105.31896393130286,104.58799993880244,104.89696647141982,3805200
2016-08-19,104.5276870727539,104.7838980820016,104.06800896860281,104.47493165984535,5516300
2016-08-22,105.40943145751953,105.60535562245371,105.02510319360967,105.23610198617627,5549700
2016-08-23,105.52242279052734,105.94442021718397,105.25113708788132,105.70328375848054,6841400
2016-08-24,105.27371978759766,105.64297320283467,105.04011494270759,105.57515466694366,6027800
2016-08-25,104.8743667602539,105.33404505712596,104.71612345231301,104.94218532080001,5855500
2016-08-26,104.26397705078125,106.01979705923526,104.15847767896109,105.29636458206197,12962500
2016-08-29,105.65811920166016,105.76361860606302,104.90454874204752,105.03265434035295,7310400
2016-08-30,105.2511215209961,105.69572506556803,105.2511215209961,105.6279065245789,5161800
2016-08-31,105.40192413330078,105.62799763015508,105.00253260490766,105.24368073450576,7349700
2016-09-01,105.51811981201172,105.76725175508253,104.61219280415503,104.64993064322194,9149100
2016-09-02,104.65751647949219,104.97459044428723,104.31023841167469,104.90664849172188,8397000
2016-09-06,105.4200210571289,105.75219713018089,104.56693355310831,104.71793105503525,8542600
2016-09-07,105.3445053100586,106.00885734897712,105.3445053100586,105.97110797958581,5421800
2016-09-08,104.02336120605469,105.1406826729339,103.62324322112177,104.8311539617245,14301500
2016-09-09,102.30960845947266,102.76256615182801,102.22656448795134,102.72482831707926,13347700
2016-09-12,102.36253356933594,102.54372370883273,102.03791419550292,102.15870762183413,9096600
2016-09-13,101.19988250732422,102.67201572298372,100.6789711726701,102.57386966877644,15645400
2016-09-14,101.35086059570312,101.84912457448227,101.19987465290343,101.19987465290343,7037700
2016-09-15,100.91295623779297,101.19983748739797,100.42979448658102,100.86766162353635,9874500
2016-09-16,101.72834014892578,101.77363478379576,101.32822218158753,101.60000151029747,7507900
2016-09-19,101.3961410522461,101.81890624078177,101.3508464276869,101.55468375769068,7105900
2016-09-20,101.75096893310547,102.35492416684228,101.66792494447306,102.03029347691997,6054800
2016-09-21,102.57382202148438,102.58892406576803,101.29796998740456,101.61505531993807,10698100
2016-09-22,103.38925170898438,103.64592909300501,103.04953028666358,103.17786897867389,12426200
2016-09-23,103.29105377197266,103.68361487632008,103.20800978461307,103.44958496271241,5928800
2016-09-26,103.94792175292969,104.0536131273403,103.44211220971488,103.47986159761064,8661300
2016-09-27,104.71031951904297,104.78581823053092,104.14411374134141,104.62727554420063,9450400
2016-09-28,104.48390197753906,105.05010811871684,104.34801803301325,104.55940073749348,7958700
2016-09-29,104.74813842773438,104.98972524932108,103.76671212415236,103.84975615413609,8319800
2016-09-30,103.81194305419922,104.66503015500385,103.32878122708124,104.59708822294506,11747100
2016-10-03,103.4693603515625,104.19541314294935,103.4315430584309,104.12733739922541,7588800
2016-10-04,102.25923156738281,103.49199155657634,102.22141429502959,103.32560479039122,12048700
2016-10-05,101.78282165527344,102.1609715299593,101.43491869286638,102.11559539143194,8917700
2016-10-06,101.215576171875,101.8659942851078,101.10212430850862,101.321457653554,7839900
2016-10-07,101.28365325927734,101.56348045214789,100.65592313076392,101.29121210171095,9953200
2016-10-10,100.68617248535156,100.7088605508203,100.21725887182593,100.47440951416569,6089100
2016-10-11,100.45932006835938,101.00385693565704,100.26268624303228,100.4820081428117,9670400
2016-10-12,100.55760955810547,100.60298569203192,100.01307287055374,100.33827619050474,7582400
2016-10-13,100.93577575683594,101.29122604361979,100.86770000469355,101.07190418068264,7080600
2016-10-14,99.52149200439453,100.55006023629517,99.47611586096386,100.03578189045464,11415100
2016-10-17,100.15678405761719,100.39124670598206,99.89964487708532,99.90721526136092,10595900
2016-10-18,100.48199462890625,100.50468270030723,99.70300673688735,99.72569480828832,7151000
2016-10-19,100.5651626586914,100.79205485558666,100.07357251559881,100.11137826490094,6941300
2016-10-20,100.67106628417969,101.1550976919004,100.51223824935957,101.07190425275063,6082300
2016-10-21,100.82232666015625,101.13241235447849,100.48955289456356,100.9811546992689,9222700
2016-10-24,100.38369750976562,100.9282344424277,100.05092365755854,100.89798751960086,6507500
2016-10-25,100.64836120605469,101.01138181544756,100.20214717156999,100.23239408059561,5134700
2016-10-26,99.96772003173828,100.43663383955206,99.82403273764015,100.17949463088652,5842500
2016-10-27,98.87861633300781,99.12819659207972,98.36432659122487,99.12819659207972,10044700
2016-10-28,98.65926361083984,99.02228412539104,98.56851136725557,98.61388748904771,7541000
2016-10-31,99.26432800292969,99.29457491091142,98.85593127398441,98.99205967022726,7047500
2016-11-01,99.27191925048828,99.7189964662604,98.4156774108316,98.62784455359983,12622400
2016-11-02,99.7038345336914,100.10543743579444,99.28707353276137,99.49166739908006,8666200
2016-11-03,98.93852233886719,99.30223579025547,98.84001203572868,99.07491054729698,6085400
2016-11-04,99.8250961303711,99.86297404163861,99.36287230291659,99.46895589140235,7622600
2016-11-07,98.97640228271484,99.26434836720905,98.84001407147595,99.07491258788232,5386700
2016-11-08,98.57479858398438,99.42347873105042,98.28686406398622,99.27950568993019,7576500
2016-11-09,94.39204406738281,96.5137267526025,94.1268351770104,96.40006414783711,31233500
2016-11-10,92.99785614013672,94.68762079580664,92.99027708692387,93.93745639919922,22961200
2016-11-11,92.4749755859375,93.2402977933202,92.17945621715911,93.17209790299822,10040200
2016-11-14,91.92182159423828,92.94477949297666,91.4823349517219,91.8990902242435,21174400
2016-11-15,92.37644958496094,93.0584136429376,92.27793929751797,92.61134805910312,11963700
2016-11-16,93.20999145507812,93.30849598861073,92.57348416905947,92.67199448371382,9149500
2016-11-17,91.83847045898438,92.52801952288318,91.6793450860358,92.40677783999571,11221600
2016-11-18,91.5732192993164,92.42189334502237,91.18676883962398,92.16425777818777,13577700
2016-11-21,91.80058288574219,92.05063951027893,91.60356804994463,91.84604562434109,6488100
2016-11-22,91.7702865600586,92.26282083463347,91.59600306679465,92.18704766495786,9989900
2016-11-23,91.41411590576172,91.61870975508756,90.3608535884779,90.92158179496732,13563500
2016-11-25,91.5505142211914,91.90665437636973,91.23226353061017,91.83088122829619,3126300
2016-11-28,92.22490692138672,92.2400650199786,91.7551041440911,91.99758747259523,8555000
2016-11-29,92.61137390136719,92.74776790724592,91.84605165831869,92.02033513626662,8363000
2016-11-30,91.11104583740234,91.69451137141432,90.53516513564986,90.90645770567068,21163500
2016-12-01,90.14904022216797,90.34644824534332,89.3214245503844,89.98199820807429,21715700
2016-12-02,90.8095932006836,91.2727529664438,90.46032622521045,90.48310362470228,12487500
2016-12-05,90.71086883544922,91.41699702526887,89.93640266967196,90.3008583581836,12100100
2016-12-06,90.64252471923828,91.06772395916937,90.44511678612604,90.61215293118418,11526600
2016-12-07,91.41703033447266,91.58407234453705,90.9766479066354,90.9766479066354,10392200
2016-12-08,90.33883666992188,90.5893938345268,90.18697769898071,90.4679124506013,12041100
2016-12-09,89.21510314941406,90.24772097695262,89.04806117836704,90.0806790059056,14646400
2016-12-12,89.38219451904297,89.4429381407815,88.74439807644961,89.04051599138668,9496300
2016-12-13,89.70103454589844,89.96678048614176,89.16954266541178,89.89844829843364,12189200
2016-12-14,88.69878387451172,90.51345636104173,88.6836008756571,90.41475238641989,16618400
2016-12-15,89.14676666259766,89.8149287217689,88.85823752911577,89.26065364389089,12400500
2016-12-16,88.94178771972656,89.53402338825431,88.68363608691355,89.29864915918021,14924600
2016-12-19,89.89846801757812,90.03513821579989,89.39734202648887,89.57957281933678,10868300
2016-12-20,89.45048522949219,89.51882322043589,89.12399565522942,89.31381504043271,7030600
2016-12-21,89.8453140258789,89.89846322275103,89.38974865371384,89.53400744932217,4624700
2016-12-22,89.68468475341797,89.82932705384263,89.44869431208906,89.47153134731512,5177800
2016-12-23,89.86737823486328,90.12620566989764,89.79124705232961,90.01201470409092,4461600
2016-12-27,89.578125,89.6009620395472,89.24317207331475,89.38780859311227,5276600
2016-12-28,90.23281860351562,90.49926042543515,89.6009667058235,89.72277200041307,7578600
2016-12-29,90.55252075195312,90.79612545770858,90.33175888785746,90.43833558362581,8581400
2016-12-30,90.68951416015625,91.085375285968,90.3773984724894,90.4230725223938,10613900
2017-01-03,91.07779693603516,91.34423867890163,89.96635008865324,90.1414436956766,13217300
2017-01-04,91.427978515625,91.53455521297388,90.93315481622265,91.16915105291896,6699600
2017-01-05,92.8591537475586,92.89721353181947,91.48125945825065,91.69441283569216,13265800
2017-01-06,92.00653076171875,92.52419143257907,91.92279110849181,92.21206985091615,8369300
2017-01-09,92.74497985839844,92.87439360310691,92.46330952462556,92.78303964966828,8839100
2017-01-10,92.68409729003906,92.80590258766294,92.32630148826422,92.53184647600547,8417900
2017-01-11,92.99626159667969,93.39973166583376,92.42531207059398,92.82878213974804,9402500
2017-01-12,92.79066467285156,93.7422466846808,92.74499059484238,93.48341916530117,9977600
2017-01-13,92.34913635253906,92.68409510511219,91.82386699090844,92.36436491838118,9820000
2017-01-17,93.31591033935547,93.58996633687438,92.8667607514241,93.4909981217741,7853300
2017-01-18,92.12074279785156,92.84394272333574,92.0446174069577,92.6993004150409,9064700
2017-01-19,91.48887634277344,91.79338366549874,91.00928122987709,91.72486675908834,11795600
2017-01-20,91.3061752319336,91.58783971681957,90.8113515533038,91.23004404445658,16953200
2017-01-23,92.21968841552734,92.77541470294598,91.36706909214342,91.61067378339683,13118400
2017-01-24,91.58785247802734,92.21208996955428,91.19961124617174,91.93803391883563,8395000
2017-01-25,90.43832397460938,91.04733275682611,90.25561611275015,90.8037280823407,11115100
2017-01-26,90.74284362792969,90.78852350653614,90.08054637208087,90.52208174797657,7827900
2017-01-27,91.07015991210938,91.22241644714838,90.7808812075247,90.89507215680571,7197800
2017-01-30,90.79613494873047,91.2605073751173,90.742846595276,90.925554499687,6569500
2017-01-31,91.427978515625,91.65636047165513,90.78090405086552,90.84180668020613,13298500
2017-02-01,90.86263275146484,91.19068447533363,90.46592188147098,90.86263275146484,10975500
2017-02-02,90.82451629638672,91.65608612096462,90.78636843521218,91.49587558101511,6978600
2017-02-03,90.78640747070312,91.45014212492015,90.3820655788021,91.12209016762422,10275600
2017-02-06,91.33568572998047,91.64847614438706,90.87794039493184,91.36620286172341,8433800
2017-02-07,92.00704193115234,92.31983815510685,91.14495481678456,91.38145530379087,8418400
2017-02-08,93.25820922851562,93.28109561991909,92.62499772434708,92.6326226411168,15734200
2017-02-09,92.18251037597656,92.76231837440766,92.05281694110755,92.62500002257974,16890600
2017-02-10,92.12911987304688,92.27406898286338,91.63322663492151,91.63322663492151,7978500
2017-02-13,91.8392333984375,91.86212562002028,91.45777785975235,91.74005705377722,11536800
2017-02-14,91.17546081542969,91.77816097633932,90.65668129847879,91.73238237565022,13210500
2017-02-15,90.75588989257812,90.95424837802844,90.5193893502847,90.60331002410796,8481000
2017-02-16,91.25169372558594,91.70943870273611,90.87786933997667,90.95415919941117,10005800
2017-02-17,91.79342651367188,92.083330520034,91.64847160021709,92.01467134242749,7886400
2017-02-21,91.63323974609375,92.01469524222416,91.244153510287,91.30518778659962,8703800
2017-02-22,91.78580474853516,92.17489092131632,91.23650799179656,92.1596352649838,8101500
2017-02-23,92.06045532226562,92.11385885152494,91.80106841459126,91.98416539768776,5330800
2017-02-24,93.0827407836914,93.18191708424573,92.51055773012651,92.57921690269173,11336000
2017-02-27,92.53348541259766,92.99886163614104,92.48771261046213,92.93019661238813,11039800
2017-02-28,92.87674713134766,93.13613979643162,92.55632603378518,92.69365019281864,8410500
2017-03-01,91.32046508789062,91.38161687783914,90.92298428498096,91.29753462459884,10717100
2017-03-02,90.9917984008789,91.12174160482904,90.6707601916762,90.96886793332968,8201200
2017-03-03,91.22876739501953,91.22876739501953,90.61726678976662,91.13704551169828,9515200
2017-03-06,90.7930679321289,91.0529602003236,90.59432747195149,91.0529602003236,4489200
2017-03-07,90.51791381835938,90.71665432945382,90.38797056684946,90.56378060200203,7080100
2017-03-08,90.0286636352539,90.15860681855506,89.608258189558,89.66940414938713,11336300
2017-03-09,89.31014251708984,89.79935100625623,89.2566361586779,89.69233245767668,10575400
2017-03-10,89.62354278564453,89.67704914508214,89.18784647829371,89.53946053056316,9218500
2017-03-13,89.05789184570312,89.50122769614958,89.04260098396925,89.30249314764964,6993100
2017-03-14,89.48597717285156,89.70000266561574,89.21079987308126,89.25666081245721,9869200
2017-03-15,90.57901000976562,90.8312567537179,89.76112382353837,89.86049110217625,14600500
2017-03-16,90.12039184570312,90.31148682169835,89.914006005845,90.1891832378186,8018200
2017-03-17,90.68598937988281,90.77007159695499,90.21971738766557,90.28086915130955,7266800
2017-03-20,91.07586669921875,91.13701849114086,90.57901859542432,90.6172399233146,5497800
2017-03-21,91.8326416015625,91.9549452392525,90.97653363300782,90.99946993889351,12540700
2017-03-22,92.19955444335938,92.61996011184804,92.05432031931768,92.27599130747014,11661400
2017-03-23,92.0695571899414,92.5052535023574,91.77144949364393,92.36002528605599,6746500
2017-03-24,92.39826965332031,92.56643421798333,92.03137045019892,92.13073776942811,5819600
2017-03-27,92.81866455078125,93.23143045467222,92.63521498185969,93.12441772015492,6878500
2017-03-28,92.19955444335938,93.11680847620639,92.10018127143235,93.09387800014905,6811200
2017-03-29,92.7498550415039,92.78043093757,92.39824098437754,92.44410774435464,6291000
2017-03-30,92.00078582763672,92.55878001377695,91.97020992498071,92.54349497832752,7042400
2017-03-31,92.26830291748047,92.34473974600728,91.88611294309024,91.93961930623462,5144800
2017-04-03,93.19898223876953,93.35218535670624,92.22616727730228,92.26446367371042,12996500
2017-04-04,92.69347381591797,93.13774847417676,92.64750993505339,92.9692337246879,6976700
2017-04-05,92.9768295288086,93.08406877481306,92.19551418733316,92.34871144045364,8555200
2017-04-06,92.8389663696289,92.99983111168363,92.31808743354682,92.86960699458687,6497000
2017-04-07,92.46363830566406,93.64327618756037,92.44832091368458,93.3292141330097,10270000
2017-04-10,92.89257049560547,93.16067445820731,92.68575361679048,92.79299286419095,5314500
2017-04-11,93.77346801757812,93.9496501181985,93.23727178803888,93.2985530268721,11297400
2017-04-12,94.2867202758789,94.36332477493319,93.67392519216395,93.84244573951896,11532500
2017-04-13,94.57782745361328,94.78464445910876,94.14887020126457,94.56250421225553,8396700
2017-04-17,94.2867202758789,94.63908460804089,94.11054395390067,94.57014172771258,8015000
2017-04-18,95.51997375488281,95.73445816116956,94.63908049506938,94.87653806833013,11529700
2017-04-19,94.99906921386719,95.11397008247604,94.75395008808206,95.06035045633871,7344000
2017-04-20,94.63140106201172,94.92247822102233,94.32500066909975,94.61607782811035,7932900
2017-04-21,94.63140106201172,95.16759736653162,94.5930988213597,94.84587958381968,9798500
2017-04-24,94.16416931152344,94.34035148829679,93.8041491828889,93.8730920674013,8066400
2017-04-25,93.03047180175781,93.80413155980908,92.97685216570092,93.61263202473415,8122300
2017-04-26,93.54369354248047,93.55901093364336,93.01515296378092,93.0840899901668,5766200
2017-04-27,93.51307678222656,93.71989375826948,93.13007762028504,93.26029593276034,4978300
2017-04-28,93.71987915039062,93.78882202772793,93.10708409326105,93.14538049702398,8166300
2017-05-01,92.94078826904297,93.75444045907537,92.65677483652728,93.40902362346408,8795900
2017-05-02,93.41667175292969,93.47808099679719,92.83330150511188,92.85632850748523,6727800
2017-05-03,93.47804260253906,93.9462776461718,93.30149841931681,93.8157874487805,8932900
2017-05-04,93.01752471923828,93.04822934161398,92.62604810433308,92.88703446637253,9707200
2017-05-05,93.10198211669922,93.24015002062352,92.79494167949973,93.17106314050675,5605400
2017-05-08,92.5953598022461,92.98683648615057,92.51860116093181,92.96380947938718,8057800
2017-05-09,92.58767700195312,92.5953487657539,92.21922736872776,92.40344925718632,5536700
2017-05-10,92.48017883300781,92.92538107401981,92.23454778902305,92.81024609739104,6517000
2017-05-11,92.48017883300781,92.54925981898508,92.04264835290039,92.11172933887765,7479800
2017-05-12,93.17869567871094,93.25545428679492,92.86398362867469,92.88701062546924,7463900
2017-05-15,92.9253921508789,93.04053299753869,92.6874386957403,92.9253921508789,5173200
2017-05-16,93.27083587646484,93.56252101212402,92.96379550106629,92.96379550106629,6722700
2017-05-17,94.62945556640625,94.82903263358028,93.9462939949364,94.13051582662435,11236400
2017-05-18,94.7369384765625,95.13609269385755,94.5603942259305,94.99024720796425,8350500
2017-05-19,94.95957946777344,95.0133111113962,94.42226303154571,94.69092124965958,11277400
2017-05-22,94.69854736328125,94.84438697018332,94.6141111326137,94.72925197955188,4062900
2017-05-23,94.06147003173828,94.89047736899137,94.01541602066042,94.80604111114289,7901300
2017-05-24,94.5910873413086,94.61411434021554,94.061442941221,94.2610200255928,7355200
2017-05-25,94.62178802490234,94.62946564346296,94.23031732291616,94.42988855503603,6464800
2017-05-26,94.7829818725586,94.9825530902331,94.60643179628553,94.83671348597967,2963800
2017-05-30,95.251220703125,95.28960294068946,94.98256260909551,95.20516670309344,4819400
2017-05-31,95.48917388916016,95.68107335201766,95.20516057586057,95.22051581242101,8000200
2017-06-01,95.49921417236328,95.52998385381383,95.12229584484822,95.1530596575821,9037300
2017-06-02,96.62996673583984,96.74534569548773,96.19150908302944,96.32227581644113,13245000
2017-06-05,96.02996826171875,96.27612569595217,95.98381667715812,96.07612571499564,6775500
2017-06-06,96.55304718017578,96.82228042372176,96.4607440052152,96.6838197925643,12841500
2017-06-07,96.09152221679688,96.55305573866002,95.99152514548696,96.33767381970503,12852400
2017-06-08,95.83763122558594,96.06070692680046,95.61456139308574,96.06070692680046,8758600
2017-06-09,95.69149780273438,95.8761099793571,95.36842502646579,95.44534627766565,5130500
2017-06-12,95.66070556640625,96.14531461651143,95.49147533245127,95.54532078246295,4335800
2017-06-13,95.67611694335938,95.78380787656235,95.37611993390601,95.39150770648685,4742600
2017-06-14,97.15304565429688,97.46842461171543,96.71458797388415,96.86073662154404,20212300
2017-06-15,96.99919128417969,97.17611547042212,96.79150328779751,96.99149739728666,5863700
2017-06-16,97.19149017333984,97.2607234128143,96.9299567255192,96.98380219234791,6672500
2017-06-19,97.05303955078125,97.29150310160486,96.94534860604143,97.16842438263573,5641300
2017-06-20,97.92223358154297,97.99915482039559,97.52992763406596,97.52992763406596,8405700
2017-06-21,98.12226104736328,98.18380040689023,97.62226989017675,97.77611242027778,5914800
2017-06-22,98.33763885498047,98.3607205153822,97.9299508852912,98.23764180143732,6608100
2017-06-23,98.29145050048828,98.38375950141388,97.99914746729475,98.05299291732287,4329900
2017-06-26,98.66070556640625,98.8991749614442,98.58379017802785,98.6684053214461,5541600
2017-06-27,97.60690307617188,98.06843663430165,97.39921502906465,98.02228503910395,8354200
2017-06-28,97.28380584716797,97.46841805051527,96.90688755362503,97.43764837183804,7357900
2017-06-29,96.46845245361328,96.70691018320963,96.07614629466644,96.16076146362983,9115800
2017-06-30,96.245361328125,96.45304933882572,96.0376674487077,96.29920680265604,10189800
2017-07-03,95.93546295166016,96.3825362650488,95.59630307518033,96.35170301438325,11021100
2017-07-05,95.9585952758789,96.08192828992405,95.67339797237265,95.73505859855344,11394500
2017-07-06,95.16463470458984,95.30338137084446,94.75610448751803,95.21088163306126,10853100
2017-07-07,94.59425354003906,94.8332038933859,94.49404400024211,94.68674741573898,9401800
2017-07-10,94.73303985595703,94.8872003004946,94.56345983845931,94.7099163773608,3859200
2017-07-11,94.89488983154297,95.06446981284363,94.58656312743656,94.7021863765818,4425600
2017-07-12,95.55005645751953,95.61172295905581,95.18777311204545,95.4960997388856,7839900
2017-07-13,94.94884490966797,95.31112833961873,94.66364168419037,95.27258529696084,7449300
2017-07-14,95.06444549560547,95.70422221382557,94.90257534054518,95.65796939749318,6566800
2017-07-17,95.32657623291016,95.5732365042356,95.01824942354216,95.06450226749645,4737300
2017-07-18,96.15902709960938,96.1744407889282,95.75820648804762,95.91236690460762,9163000
2017-07-19,96.19756317138672,96.35943336129459,96.03568710063634,96.18214360234262,5140900
2017-07-20,96.47505950927734,96.91442314677685,96.32860300316328,96.72942359773508,12239100
2017-07-21,96.88357543945312,97.14564927357942,96.79107567872758,96.91440869302829,6201500
2017-07-24,96.50590515136719,96.8604847470505,96.47507776820184,96.69860864079152,5378500
2017-07-25,95.24944305419922,95.72734963710654,95.17236286491519,95.68880660204378,9743300
2017-07-26,95.4035873413086,95.65024743391889,94.8717300083667,95.01818057905248,8459500
2017-07-27,94.93341827392578,95.10299234830288,94.67133855744875,94.89487523652444,6390800
2017-07-28,95.49610900878906,95.57318920277103,95.01049849394498,95.01820239675389,5491800
2017-07-31,95.61173248291016,95.61944226658048,95.11841218316295,95.16465912350117,5464600
2017-08-01,96.28302764892578,96.33710164270933,95.13974723932422,95.15519442599525,9676800
2017-08-02,96.33709716796875,96.69244138113005,96.31392344222695,96.38344461945235,5745600
2017-08-03,97.3335952758789,97.34904245971305,96.76195517606018,96.7851288986225,10324500
2017-08-04,96.50704193115234,96.70016416299299,96.12852400695905,96.67699043815175,8485500
2017-08-07,96.61518859863281,96.63836232315963,96.25984440410201,96.43751355455605,4684600
2017-08-08,96.26759338378906,96.5456899301815,95.90452256524205,96.46071565802691,6197400
2017-08-09,96.79290008544922,97.2950133555708,96.71564644977671,97.27956616461127,9221800
2017-08-10,97.61943817138672,97.673512166262,96.96281779895669,97.04007141474146,10378200
2017-08-11,97.66580200195312,97.6889757331248,96.98601368187776,97.1559563416783,5717800
2017-08-14,97.16364288330078,97.54988729348634,97.12502197845541,97.32586482834408,5111000
2017-08-15,96.7542724609375,96.97829503654512,96.33712758500866,96.35258066946429,7473200
2017-08-16,97.10957336425781,97.34904302361858,96.41433221524983,96.4297852927957,5283800
2017-08-17,97.83570861816406,97.85888233940236,96.95507184937777,97.10184071509423,9364700
2017-08-18,97.81254577636719,98.22196394677387,97.53444930333198,98.09064224940239,8382500
2017-08-21,98.052001953125,98.12152311500485,97.71983153902613,97.92840091828741,7669800
2017-08-22,97.67349243164062,97.95930953525152,97.54216484751488,97.94386235138967,6140700
2017-08-23,98.33784484863281,98.34556549465803,97.9207001119775,98.13699607314183,7446400
2017-08-24,97.97476196289062,98.34555330933787,97.88978771815852,98.0133828691002,5569400
2017-08-25,98.35330963134766,98.45373109024877,98.00569190208509,98.1215605494233,7303300
2017-08-28,98.29148864746094,98.40736316432327,97.89752354120085,98.04429242851191,4448500
2017-08-29,98.60821533203125,99.28028283809414,98.34556602518418,99.23393538720116,7659400
2017-08-30,98.57733154296875,98.67775300122881,98.36875619184347,98.46145700274626,4735200
2017-08-31,98.870849609375,98.90174987165605,98.5464056958576,98.60047968144383,7978400
2017-09-01,98.11463165283203,98.57133597921198,97.8669263101362,98.54811452610943,14128600
2017-09-05,99.67046356201172,99.70143335378654,98.84220471051425,98.84220471051425,15215700
2017-09-06,99.05896759033203,99.8562686352893,98.8809266833787,99.63952729169999,9066400
2017-09-07,100.07302856445312,100.29751830512406,99.33765516845021,99.33765516845021,13618900
2017-09-08,99.85626983642578,99.9801254089716,99.52342127316611,99.94141906611135,9808500
2017-09-11,98.66419219970703,99.12090226753179,98.50937863088186,98.98156769328548,17856700
2017-09-12,98.14556884765625,98.37778922124197,97.94430646594094,98.34683122937156,7557400
2017-09-13,97.75850677490234,98.2461747638164,97.75076432581405,98.23843822048637,6740000
2017-09-14,98.16096496582031,98.17644985444116,97.78941031948467,97.82037419097175,6674500
2017-09-15,98.19972229003906,98.31583539199019,97.95201709523023,98.30809294365807,9769200
2017-09-18,97.6346435546875,97.97524041875923,97.41015979480001,97.92105509090761,6863000
2017-09-19,97.39469146728516,97.7739888037755,97.32502714060178,97.7507673615477,5554900
2017-09-20,97.46438598632812,97.57275668090107,97.01541830552021,97.51082888235655,8037000
2017-09-21,97.41017150878906,97.96750975128955,97.39469251572339,97.65788264390797,6147800
2017-09-22,97.6888427734375,98.099109920661,97.58047210232448,97.92106901482751,5660700
2017-09-25,98.30033111572266,98.51707238023081,97.68880774471378,97.78169938911293,9679000
2017-09-26,98.12226867675781,98.22289683400106,97.86682115557704,98.13000521563853,7251900
2017-09-27,96.6438217163086,96.99216102511251,96.45804429506782,96.65930661310401,12145700
2017-09-28,96.35745239257812,96.48904453612911,95.96267005616518,96.14844754739951,8883700
2017-09-29,96.57415771484375,96.7831565762056,96.19485451696232,96.57415771484375,11285500
2017-10-02,96.39732360839844,96.95578990508562,96.3662970455034,96.80841521076212,7860700
2017-10-03,96.49039459228516,96.57571615312136,96.11808178884432,96.11808178884432,6219800
2017-10-04,96.4981689453125,96.6377796126639,96.08707139316623,96.59124272354677,7447000
2017-10-05,96.13358306884766,96.4128161485503,95.93967153670472,96.38954179381648,8180300
2017-10-06,95.8620834350586,96.25766454019691,95.42772358170463,95.62939319263718,10375000
2017-10-09,96.16465759277344,96.22670481654959,95.90093470029996,96.00952473904984,3590900
2017-10-10,96.31975555419922,96.85495338255097,96.19564930855356,96.2887289927878,6666800
2017-10-11,96.50592041015625,96.69207980062531,96.38182006755575,96.62226854977136,4385900
2017-10-12,96.91698455810547,96.9402589135982,96.36627649898796,96.60673083072867,7141600
2017-10-13,97.61508178710938,97.68489302854147,97.08764208738906,97.40565989823591,7746900
2017-10-16,97.54529571533203,97.65388574102582,97.25054628755244,97.36689443442793,5737300
2017-10-17,97.66938018798828,97.80123863807898,97.25828859787514,97.25828859787514,4969600
2017-10-18,97.02557373046875,97.09538496093896,96.70756188726811,96.9945530921603,5943800
2017-10-19,97.19622802734375,97.73918394366119,97.16520146775036,97.52975614583366,8966500
2017-10-20,96.16465759277344,96.39734799678891,95.90093470029996,96.18016791928916,12326900
2017-10-23,96.33525085449219,96.5601889513667,96.19563430876698,96.30423021562932,6871100
2017-10-24,95.738037109375,95.93970683395902,95.52085706030569,95.69150021820658,6842800
2017-10-25,95.2803726196289,95.38896852765127,94.95460264869372,95.03992420075446,9961400
2017-10-26,94.96237182617188,95.45102683948085,94.96237182617188,95.45102683948085,8179400
2017-10-27,95.59062957763672,95.66044080813336,95.21056462225427,95.35793928397237,10480900
2017-10-30,96.50592041015625,96.53694697523443,95.838864055256,96.07156033448621,9051600
2017-10-31,96.53699493408203,96.69212783654176,96.49045802220168,96.59128997051414,4424300
2017-11-01,96.966796875,97.26993909221373,96.61701921829001,96.65588010778885,8940400
2017-11-02,97.39433288574219,97.56533151736863,97.09895921332847,97.16114376859932,7222700
2017-11-03,97.65853118896484,97.70516660344792,97.26988692096349,97.5263935611022,10984100
2017-11-06,98.02388763427734,98.109389873724,97.72074548723657,97.88397541793216,6246700
2017-11-07,98.43585968017578,98.54467964496702,98.0394407054401,98.11717433478525,6422700
2017-11-08,98.21821594238281,98.56022492146218,98.10162143312911,98.39698905036114,3356200
2017-11-09,97.93839263916016,98.12494029800476,97.58861503754612,97.83734722608665,6280400
2017-11-10,96.46154022216797,97.03673228161999,96.35272026308901,96.93568687111612,11981000
2017-11-13,96.66363525390625,97.01341284040325,96.6247684419653,97.00564422220937,5880800
2017-11-14,97.31658172607422,97.34767399811831,96.98234721440586,96.98234721440586,6195900
2017-11-15,98.37368774414062,98.45919000317298,97.6585833324555,97.98504326862775,9568200
2017-11-16,97.51868438720703,98.194928001738,97.51090983616785,97.94619574068838,5894900
2017-11-17,98.24150085449219,98.28036765467982,97.9072665356983,97.9927687519182,6938800
2017-11-20,98.20266723632812,98.23375950093588,97.86843873484177,97.86843873484177,4232300
2017-11-21,98.5135269165039,98.94103789454371,98.1792926782836,98.7855766615112,5818400
2017-11-22,98.8322525024414,98.87111337658752,98.33478824353404,98.4202904689939,4140700
2017-11-24,98.5602798461914,98.73905305379476,98.47477755377366,98.66132531439129,3141400
2017-11-27,98.42028045654297,98.75451477745433,98.26481918504865,98.60682805209501,6079900
2017-11-28,98.55242919921875,98.85557130000376,98.30369706702997,98.53688010519593,5983000
2017-11-29,97.58082580566406,97.68964575113607,97.23881687404219,97.59636897062767,14547100
2017-11-30,97.25439453125,97.56530536376951,96.72583781362523,97.40207539762358,9630000
2017-12-01,98.5667953491211,99.45471383057419,97.43742118070837,98.03715924243379,24583100
2017-12-04,98.6135482788086,98.66027896447697,97.99044473890336,98.07612162419923,9609200
2017-12-05,99.10420227050781,99.3067117386967,98.4888893827307,98.50447023385871,10958900
2017-12-06,99.4468994140625,99.87527769817298,99.431324506897,99.59488777272315,11834200
2017-12-07,98.66805267333984,99.7740615663736,98.37208181033348,99.64164807549139,13056800
2017-12-08,98.67582702636719,98.71476727069712,98.32532917327502,98.59793465299974,4786100
2017-12-11,98.47332763671875,98.9873828879375,98.45775272586248,98.8082446724955,3863800
2017-12-12,98.43437957763672,98.4577508570091,97.88137814624234,98.27081627615564,7502400
2017-12-13,99.17433166503906,99.22106234664986,98.59795886084812,98.76931261656136,8532900
2017-12-14,99.59490203857422,99.68057889613915,98.7537143146751,98.95622379095167,6885000
2017-12-15,99.96876525878906,100.1556879410154,99.35344640390691,99.54816545436447,7239400
2017-12-18,99.0574722290039,99.69615045516315,98.84717827627314,99.6727851206768,7239700
2017-12-19,97.77229309082031,98.43433643302279,97.41401088142077,98.38760577946901,11045800
2017-12-20,96.6896743774414,97.13363349745724,96.54168602331852,96.82208188252356,10005800
2017-12-21,97.2531967163086,97.45613443068373,96.78488395268282,96.80829869762613,7026900
2017-12-22,97.38591766357422,97.44055407216634,97.19859368481869,97.33128125498212,3974300
2017-12-26,97.67467498779297,97.97907856630617,97.54198746996303,97.5497943695176,3168400
2017-12-27,98.94694519042969,99.11086033878412,98.11178542107477,98.119592322168,9059700
2017-12-28,98.8611068725586,98.99379443502761,98.63475434868238,98.7596350089704,5297100
2017-12-29,99.01720428466797,99.22014204687606,98.72060752061097,98.7362153692787,7580500
2018-01-02,97.94788360595703,98.74402083965944,97.62006519439542,98.72840703629679,16238200
2018-01-03,98.41622161865234,98.50207969432027,97.94790863177815,98.34597735033644,8605100
2018-01-04,98.40061950683594,98.4708697341729,97.85425531609538,98.07280099239159,9217900
2018-01-05,98.1196060180664,98.48645300668514,97.8464239908785,98.2444926333075,10915400
2018-01-08,98.05718231201172,98.36939295760355,97.69814215380406,98.3381712975521,8850600
2018-01-09,96.74589538574219,97.43275994748213,96.6366225609058,97.41714614112131,16226400
2018-01-10,96.62875366210938,96.7302195124133,95.73895788277292,95.85603157353971,14302600
2018-01-11,97.02684783935547,97.24539340678851,96.24632455285455,96.40243278310679,12511000
2018-01-12,97.19078826904297,97.40153295892367,96.71467438969765,96.86296981247523,9987100
2018-01-16,97.59668731689453,97.78401134357028,97.22203330861956,97.69815325740151,9125900
2018-01-17,97.46397399902344,98.06497448872041,97.25322931405562,97.62788322348625,8327000
2018-01-18,96.55854797363281,96.99563916696205,96.42586042636084,96.73026407241812,10843900
2018-01-19,96.05120849609375,96.44147019933473,95.98877114931516,96.31658955085653,11374300
2018-01-22,96.14491271972656,96.55858934134383,95.99661130634549,96.35565150538922,8984700
2018-01-23,96.55854797363281,96.9410027677959,96.19170102712252,96.63659912173861,12325700
2018-01-24,96.03561401367188,96.10585827166926,95.64535225611709,95.88731264022607,9038900
2018-01-25,96.82395935058594,96.90201052313917,95.84830480636369,96.12929379149351,12173300
2018-01-26,96.46488189697266,96.7146550958692,96.08242710727374,96.69123439228204,6462900
2018-01-29,95.79366302490234,95.98098701952307,95.45803764229058,95.98098701952307,12223000
2018-01-30,95.23165130615234,95.51264017587405,94.98968502921846,95.44238998098348,12064400
2018-01-31,95.79366302490234,95.94976536126588,95.1770486728983,95.9029358513413,18045100
2018-02-01,94.40535736083984,95.83669109074698,94.35060718377179,95.7975872313108,18632800
2018-02-02,93.52932739257812,94.06118865864245,93.26339377588596,93.9751518385938,23944400
2018-02-05,94.41314697265625,95.28133230576626,92.79409977770078,93.2086375378251,28606200
2018-02-06,93.8265609741211,94.53831918303416,93.63884694969221,94.18634867399362,10935400
2018-02-07,92.93489837646484,94.11594445826294,92.7315380653194,93.9595111545663,16271100
2018-02-08,92.83322143554688,93.21647258774665,92.17621349302689,92.30136013629561,15155100
2018-02-09,92.24664306640625,93.14610952648407,92.12931953808055,92.37960694709153,15661600
2018-02-12,92.65332794189453,93.31033590791574,92.44215043297523,92.731541613075,10944600
2018-02-13,93.06787109375,93.08351740927351,92.59858307250069,92.77065673933365,8157600
2018-02-14,92.03541564941406,92.71588701546989,91.8789883310958,92.65331370121471,12043300
2018-02-15,92.34829711914062,92.91926829791863,92.28572379074721,92.44215711173074,8222400
2018-02-16,92.84882354736328,93.239897695554,92.55942652946769,93.10693391732546,8454100
2018-02-20,92.44219207763672,92.69247951855958,92.12150812381381,92.51258262321348,8268800
2018-02-21,91.30802917480469,92.5203619353046,91.12813833203866,92.48125211697088,12054300
2018-02-22,91.5817642211914,92.02759459102344,91.51137372110388,91.6990876886567,9317900
2018-02-23,92.39523315429688,92.53602017326958,92.07455525777785,92.19969595946378,9072900
2018-02-26,92.42649841308594,93.00529267219913,92.32482124355968,92.82539586900012,8771600
2018-02-27,92.29356384277344,92.8097849455307,91.71477536749099,92.7002786171368,12525700
2018-02-28,92.88014221191406,92.94271552935047,92.48906792891653,92.66114156820665,9311600
2018-03-01,93.51421356201172,93.74933382284887,92.59725530758875,92.8166976953799,12287700
2018-03-02,92.75395965576172,93.20852211568163,92.57370604605998,93.1458226082401,10064300
2018-03-05,92.50316619873047,93.10663848480898,92.18967464564395,93.06744979841541,5658200
2018-03-06,92.58940124511719,93.01261405787156,92.57372935398806,92.7618219443159,5452000
2018-03-07,92.48750305175781,93.01259801467009,92.44831436166095,92.92638767994066,4461800
2018-03-08,93.02041625976562,93.25553040999098,92.68341392969133,92.72259663171891,7086700
2018-03-09,92.40914154052734,92.69127741787143,92.15834346403437,92.47183508029534,6570400
2018-03-12,92.94207763671875,92.99694420526251,92.6285919724192,92.72263527996675,5801300
2018-03-13,93.41227722167969,93.55334810063476,92.62855144511884,92.72259471152013,7455300
2018-03-14,94.23523712158203,94.36063618434883,93.55339915069592,93.57690998012559,10175000
2018-03-15,94.23523712158203,94.43116867263784,93.99228391166689,94.18037652646066,6757900
2018-03-16,93.8981704711914,94.05491919257226,93.69440610242482,93.89033751963662,6084300
2018-03-19,93.60037231445312,94.02358496298658,93.42011274995888,93.42795168215949,8491200
2018-03-20,93.22419738769531,93.43580673815516,93.13015410247257,93.19285361219063,5446000
2018-03-21,93.32608795166016,93.59255190568528,92.56587282028157,92.99692448632752,9742400
2018-03-22,94.25088500976562,94.6897696311128,93.78848358711384,94.29006771989762,12136600
2018-03-23,94.18031311035156,94.29003422671383,93.74926757588621,93.79628920308363,7250400
2018-03-26,93.81982421875,94.39977969475095,93.7884744660805,94.04710544108843,8237900
2018-03-27,94.8229751586914,94.92486333119406,93.89817855070307,93.91385641386633,9168500
2018-03-28,95.07378387451172,95.33241484801192,94.79164208148494,95.18350501853837,7412500
2018-03-29,95.53620910644531,95.84186179532513,95.2305564175655,95.2540672429631,9694300
2018-04-02,95.7247314453125,96.10172679705819,95.1592474059007,95.30846961434898,12036500
2018-04-03,94.98640441894531,95.4105217028335,94.90000982451618,95.31627142014688,9855000
2018-04-04,94.79006958007812,95.39482584734331,94.71938035852818,95.30843123885751,6654300
2018-04-05,94.08318328857422,94.46017240007473,94.06747191351693,94.32665567275721,7603700
2018-04-06,95.11210632324219,95.15137878926366,94.42095526307817,94.76653378922869,8831200
2018-04-09,95.26914978027344,95.26914978027344,94.52301518734849,94.75078221094867,6307500
2018-04-10,95.09638977050781,95.33200656257091,94.8607669863084,95.19063409047853,6046000
2018-04-11,95.43412017822266,95.732570535498,95.2456195389718,95.70115376228952,5901300
2018-04-12,94.7350845336914,95.08851263815923,94.57015101879743,95.06495156347937,6622800
2018-04-13,94.95500946044922,95.13564838690664,94.64084777149426,94.6565531594809,4964000
2018-04-16,94.98640441894531,95.00996549158336,94.38949794619884,94.42877039535189,4491300
2018-04-17,95.24561309814453,95.48909157601119,94.89218490968855,94.97072384133028,5590400
2018-04-18,94.48377990722656,95.30059199583216,94.46806852544388,95.26132552564837,8138400
2018-04-19,93.71407318115234,93.87900671803283,93.31351688179359,93.79261210459985,9875800
2018-04-20,93.03861999511719,93.56483733024884,93.01505891923597,93.37634273106374,7579400
2018-04-23,93.06217193603516,93.16427791101147,92.74016061037483,92.93651087962505,7073200
2018-04-24,92.6380615234375,93.0307620911369,92.48883938236361,92.84226749643902,8190800
2018-04-25,92.0176010131836,92.40244589638871,91.84481180256307,92.2139512994096,6603800
2018-04-26,92.66162872314453,92.77943409991438,92.35531676713748,92.46527843901458,6528600
2018-04-27,93.37633514404297,93.42345729197666,93.02290705027079,93.04646812423763,5401800
2018-04-30,93.54126739501953,93.90255117262991,93.415606338176,93.5255620099646,8321100
2018-05-01,93.20437622070312,93.54283748145964,93.06269210918735,93.48773843838937,7979200
2018-05-02,93.10209655761719,93.56650818171651,93.08635653890894,93.3854649371544,4644000
2018-05-03,93.51917266845703,93.91273875965376,93.416847646669,93.54278567307412,6345300
2018-05-04,93.66092681884766,93.84984300789657,93.26736043301547,93.84984300789657,4283500
2018-05-07,93.51138305664062,93.68454723558345,93.46415100297718,93.64519419710201,3647800
2018-05-08,93.42478942871094,93.66879866318149,93.11780813200723,93.31459132247609,6091200
2018-05-09,92.86592864990234,93.21226299179068,92.86592864990234,92.97612675941407,7832500
2018-05-10,93.61367797851562,93.65303700965318,93.15713964083818,93.31456976004334,7101500
2018-05-11,93.84980773925781,93.95213279919584,93.5270805415896,93.92064677952008,4273400
2018-05-14,93.35393524169922,93.66091650842736,93.34606223335224,93.51136538190968,4996200
2018-05-15,92.29135131835938,92.55110666953695,91.85842573306343,92.535360645336,12901000
2018-05-16,91.93710327148438,92.51170678892403,91.92923026285827,92.42512171007488,6518000
2018-05-17,91.47268676757812,91.95283817622034,91.37822868534917,91.80328104736093,7330300
2018-05-18,92.25982666015625,92.32279871990588,91.70883615071244,91.70883615071244,9606500
2018-05-21,92.30709075927734,92.39367587579443,92.05520842177728,92.19689261195536,4448500
2018-05-22,92.16537475585938,92.37003096110729,91.97646456927868,92.32280491579876,4700700
2018-05-23,92.83442687988281,92.96823798941291,92.6140306982225,92.68486975432236,9634000
2018-05-24,93.57434844970703,93.71603259898967,93.38543825244582,93.42479729599258,8204100
2018-05-25,94.15679168701172,94.32995579229271,94.03872061109948,94.1095596534402,8482800
2018-05-29,96.21907043457031,96.43946656298635,94.79436260063514,95.07773076726835,21668100
2018-05-30,95.57366943359375,95.62090148834237,95.03841885410367,95.2430750770888,11616300
2018-05-31,95.41619110107422,96.01441341040882,95.20366198871814,95.68381323622643,10769900
2018-06-01,94.91207122802734,95.23554231425415,94.557034940063,94.80950238027609,8718800
2018-06-04,94.2256851196289,94.78584713920353,94.17834934930691,94.76217925404254,7156500
2018-06-05,94.44658660888672,94.80162291864536,94.37558295851436,94.64382699676409,5635900
2018-06-06,93.68125915527344,93.96528569292838,93.42879179061313,93.94950911607944,7813300
2018-06-07,94.58863067626953,95.0620065571928,93.63398761093902,93.64187891442299,13238300
2018-06-08,94.30457305908203,94.55704051417801,94.23356940888267,94.32824094248183,6790600
2018-06-11,94.1310043334961,94.19412270462838,93.83909240078279,93.94165523939839,6844200
2018-06-12,94.15470123291016,94.24937881878479,93.79967081965705,93.8312300149486,6048200
2018-06-13,94.10735321044922,94.39137991183289,93.59452688743426,94.24147525851922,8834700
2018-06-14,94.88843536376953,94.91210927456262,94.26516082347423,94.50184575769623,10078800
2018-06-15,94.97520446777344,95.53536653587655,94.91209210830962,95.33024083384436,7992800
2018-06-18,94.88843536376953,95.11723501369484,94.70697751612943,95.05412264281622,4893700
2018-06-19,95.44070434570312,95.64583608714992,95.22768130131209,95.44070434570312,6133300
2018-06-20,94.60436248779297,95.29864633908204,94.59647118854603,95.28286374058816,6879100
2018-06-21,95.10140991210938,95.26709108733682,94.84894249948215,94.95939661630044,7235800
2018-06-22,95.0934829711914,95.1644926021302,94.72267028115553,94.74633815170324,4082500
2018-06-25,95.30655670166016,95.55113285355672,95.18031996564976,95.1961025673005,8363700
2018-06-26,95.44070434570312,95.48804012476758,95.19612812813611,95.28290838332079,5450000
2018-06-27,96.34010314941406,96.39533022161196,95.89828657183091,96.0560764868822,8173400
2018-06-28,96.36375427246094,96.45054051643268,96.11917814088513,96.35586297229122,7109500
2018-06-29,96.03242492675781,96.64781412709122,95.97719784517149,96.38745530562694,11164700
2018-07-02,95.95728302001953,96.27358347415911,95.90984006342387,96.26567430375005,9662000
2018-07-03,96.47125244140625,96.49497391526266,96.09959992984706,96.09959992984706,3808800
2018-07-05,96.74803161621094,96.8903665196295,96.47918015027001,96.51871393665164,3860400
2018-07-06,97.06433868408203,97.19876442620979,96.850839330875,97.06433868408203,4679900
2018-07-09,96.4396743774414,96.63736147792802,96.39223140386271,96.52665718429004,5952700
2018-07-10,96.43170928955078,96.57404416068742,96.32100506010318,96.36845403910075,5759700
2018-07-11,96.80338287353516,96.90618398964823,96.542434547458,96.82710435173684,6869100
2018-07-12,96.79547119140625,96.84291414362156,96.58196584057977,96.60568731668742,4824700
2018-07-13,97.04058837890625,97.1592017767569,96.84290139346452,96.95360562267764,4079000
2018-07-16,96.63732147216797,96.70058276603845,96.18659531096661,96.63732147216797,5517100
2018-07-17,96.4554443359375,96.77964788097071,96.39218304761397,96.70057428703056,3764300
2018-07-18,96.06797790527344,96.5028917414178,95.9889043076823,96.4870734021423,6330000
2018-07-19,96.6768798828125,96.82711794348869,96.28940890803078,96.31313642249248,6166700
2018-07-20,95.49073791503906,96.14705422325112,95.44328892879884,96.13915108631855,10469500
2018-07-23,94.31253051757812,95.19026145901182,94.24136607888714,95.19026145901182,11571800
2018-07-24,94.63674926757812,94.74745353814956,94.20974449554677,94.3204487661182,9053500
2018-07-25,94.48648834228516,95.09536775490628,94.30461965856762,94.90558386807596,7357900
2018-07-26,94.30464172363281,94.79490179699741,94.22556810208343,94.66047603707038,6821100
2018-07-27,94.46278381347656,94.78699348695216,94.41534084972122,94.77117514374685,4542000
2018-07-30,94.1385269165039,94.42319660385203,94.07526564533168,94.0910779466613,7111200
2018-07-31,94.65254974365234,94.7790723415896,94.54184548692199,94.72372021322442,6797400
2018-08-01,93.88142395019531,94.182577787134,93.57234326200627,93.74669771101874,13312600
2018-08-02,94.0161361694336,94.10331338093972,93.7546105813302,94.0082153657803,4451100
2018-08-03,94.48373413085938,94.53920999470179,94.15879975234259,94.17465345424938,6162400
2018-08-06,94.5392074584961,94.9750875065887,94.52335375701462,94.73733640210605,4200200
2018-08-07,94.04782104492188,94.38860298116882,93.9685706973697,94.3331271332409,5346900
2018-08-08,94.14295959472656,94.33316170784668,94.00030649828243,94.03993470978985,5640900
2018-08-09,94.9354476928711,94.96714904352382,94.40446367387037,94.49164087656176,7144100
2018-08-10,95.62496185302734,95.93404253946817,95.32380197137618,95.39513153939416,8457900
2018-08-13,95.4268569946289,95.6566813198806,95.26835016257226,95.30005152898359,7923200
2018-08-14,95.2128677368164,95.54572299162459,95.12569049678326,95.52987533271718,4251200
2018-08-15,95.76762390136719,95.99745425101084,95.55364725661858,95.62497683581266,7649800
2018-08-16,95.75971221923828,95.83896261201397,95.32382598934588,95.7438585128327,5400400
2018-08-17,95.8785400390625,96.2034682912343,95.69625879046794,95.96571119244386,3537600
2018-08-20,96.52050018310547,96.61560425598809,96.32237123274514,96.40162160360613,5603700
2018-08-21,96.1955795288086,96.31445812527124,95.94990153015793,96.18765872308325,4695000
2018-08-22,96.57597351074219,96.72655344391403,96.35407005959352,96.68692523631653,5309600
2018-08-23,96.72657775878906,96.78997444189977,96.51259505823703,96.68694954122992,5328700
2018-08-24,96.91675567626953,96.94845703310956,96.28274063230009,96.38577155363407,6092200
2018-08-27,96.36199951171875,96.58390902919763,96.30652364395306,96.51257945840396,6407400
2018-08-28,95.78349304199219,95.96576835274159,95.64083990703196,95.89444480847038,4929300
2018-08-29,95.91024017333984,96.01327107633209,95.59323875420384,95.84684351736134,5613300
2018-08-30,96.11634826660156,96.25900140145073,95.95784747073262,96.14012278134012,5302900
2018-08-31,95.89441680908203,96.62352993202776,95.80723958281504,96.59975542421242,9677500
2018-09-04,95.3399887084961,95.39558955980003,95.11758530328035,95.28438785719216,18343600
2018-09-05,95.08580780029297,95.23672698635355,94.95872274364037,95.12552528926827,9422600
2018-09-06,95.43529510498047,95.6338704147869,95.06991726214113,95.12551810648543,9566000
2018-09-07,94.62510681152344,94.83957154509373,94.5139051200565,94.78397069936025,11212600
2018-09-10,94.97457885742188,94.9984069199562,94.65685721687963,94.65685721687963,6386400
2018-09-11,94.25177001953125,94.65685921122217,94.20410783342216,94.58537502211308,5440000
2018-09-12,94.47419738769531,94.6568832908048,94.44242460888542,94.56157101441303,3347200
2018-09-13,94.61717987060547,94.97461305740312,94.50597816537783,94.79192107879288,4833000
2018-09-14,94.16445922851562,94.45040829577032,93.96588382403544,94.05325748680995,5579500
2018-09-17,94.16445922851562,94.37891799893643,93.8229092904081,93.87056544827041,5433000
2018-09-18,93.17945861816406,93.7831291413625,93.06031830309021,93.77518443367877,10182300
2018-09-19,92.62345123291016,93.0206017806681,92.28984622720223,93.0206017806681,13379600
2018-09-20,93.05239868164062,93.17154508887182,92.51227355422544,92.59964718219246,8657300
2018-09-21,93.01268005371094,93.15565452863021,92.80616002104134,92.82999415022616,6173800
2018-09-24,92.7744369506836,93.14775364301931,92.71089136303637,92.72677472992778,5505500
2018-09-25,92.67906951904297,92.72672565453611,92.4566661400249,92.5202116940408,6650900
2018-09-26,93.33038330078125,93.39392884594804,92.6631732566401,92.87763189653212,9512700
2018-09-27,93.39396667480469,93.44956753433736,93.01269930940983,93.12390102847516,5758500
2018-09-28,93.14773559570312,93.65609413834605,93.10802415614826,93.60843192682475,12807700
2018-10-01,92.4638900756836,93.0052200166496,92.44000885489262,92.86988904979701,22442400
2018-10-02,93.02913665771484,93.24407380022521,92.82215587612704,92.87788077037476,8266900
2018-10-03,91.4130859375,92.63107694739224,90.94339959677995,92.55942720198635,20829200
2018-10-04,90.76825714111328,91.06280639066125,90.52147641018905,90.85582567277467,16207400
2018-10-05,89.9881362915039,90.52946643698179,89.6537869270035,90.26676076192092,18096500
2018-10-08,89.68559265136719,90.04382309413772,89.66966778918983,89.94829214173974,5855900
2018-10-09,90.5931396484375,90.6329396674048,90.01200349479052,90.06772838019033,11530800
2018-10-10,90.34634399414062,90.41799373898371,89.78909519450058,90.0677195943206,15290100
2018-10-11,91.4449234008789,91.66782290739,90.58516295557375,90.75233758545708,16086800
2018-10-12,91.1264877319336,91.55636793005782,90.97523190105035,91.06280042697689,6794100
2018-10-15,91.08670806884766,91.40513861244047,90.9832207234419,91.2777700391378,7146300
2018-10-16,91.29367065429688,91.32551430967101,90.87971528154561,91.06280870800158,4762300
2018-10-17,90.75237274169922,91.3812714921573,90.73645394516285,91.27778413077498,5880700
2018-10-18,90.72047424316406,91.06278586060569,90.39408748619212,90.44981235072659,5728800
2018-10-19,90.52146911621094,90.7125249546428,90.28265083656001,90.63291886142582,10892400
2018-10-22,90.40206909179688,90.81603054986037,90.37818786797713,90.71253714856628,3244200
2018-10-23,90.68865203857422,91.56433129125985,90.62496472874642,91.35735664465375,10330700
2018-10-24,91.37328338623047,91.40512704391526,90.94340311782082,91.03893409087519,16008000
2018-10-25,90.99116516113281,91.34143322360758,90.93544028254207,91.18222102007871,12613200
2018-10-26,91.54042053222656,91.8031260453351,91.38120838258429,91.49265810204473,18582500
2018-10-29,91.33349609375,91.56435201540307,90.95934065577273,91.42105857263641,7679900
2018-10-30,90.87972259521484,91.18222823527931,90.76826675565769,90.95932870327847,9939500
2018-10-31,90.41797637939453,90.72048194489793,90.1234271712467,90.5453449061914,8706400
2018-11-01,90.50177764892578,90.62147356489426,90.04690881505817,90.05489057222168,6100200
2018-11-02,89.37657165527344,90.38205979111808,89.2967723625261,90.31023616583843,11314800
2018-11-05,89.72772216796875,89.94318093041383,89.65589852162202,89.75964311208979,4760200
2018-11-06,89.67182159423828,89.95910387346065,89.63990066451414,89.85535932978352,3159900
2018-11-07,89.79154205322266,90.49379052282363,89.70376708281901,90.32621016211334,9313100
2018-11-08,89.78355407714844,90.15063568671219,89.7037547860773,90.14265393111639,6905100
2018-11-09,90.45391082763672,90.57361285523716,89.95116961767248,89.97510880553295,6465300
2018-11-12,91.04439544677734,91.21995753617516,90.90076037904697,90.93267522412337,6840000
2018-11-13,90.9885482788086,90.9885482788086,90.5576308377273,90.7411686203552,6525800
2018-11-14,91.04439544677734,91.38753787015612,90.41397679964231,90.5576179556682,8690800
2018-11-15,91.0045166015625,91.40351921411498,90.71723423346099,91.32371990926381,7879600
2018-11-16,91.5312271118164,91.61900820263082,90.90878380480413,91.13222436749585,9236700
2018-11-19,91.78650665283203,91.78650665283203,91.2997293407222,91.2997293407222,7027200
2018-11-20,91.8184814453125,92.13768476063767,91.71474295535798,91.96212263279398,6332600
2018-11-21,91.78650665283203,91.84236674361796,91.40346776981228,91.68276822374195,4951100
2018-11-23,91.88232421875,92.37708966672592,91.84242152083536,92.30526602813893,3027900
2018-11-26,91.67486572265625,91.81850695003742,91.59506639373305,91.65890829219103,6599000
2018-11-27,91.7785873413086,91.97010690041276,91.57908602482179,91.61898263514095,5967200
2018-11-28,91.3316879272461,91.78655062392099,91.2598703853851,91.65089120820831,7814000
2018-11-29,91.69084167480469,91.97014240805866,91.44345580680886,91.70679910743375,7295600
2018-11-30,92.03392791748047,92.1057454527511,91.75462735537977,92.01796440633436,9127800
2018-12-03,92.68746185302734,92.68746185302734,91.71164107174044,91.72763553269434,9763800
2018-12-04,94.23917388916016,94.91905128022874,93.28734188020849,93.43131641851693,18100500
2018-12-06,94.53511810302734,95.34296942729209,94.48712252458509,94.81506688383323,15319400
2018-12-07,94.71105194091797,94.80703085676221,93.99917373467369,94.23113295200301,8608400
2018-12-10,95.10297393798828,95.40691732255124,94.73504054538375,95.07897921057845,8777700
2018-12-11,95.08702087402344,95.48694947038489,94.87106211705574,95.15901119463007,8071900
2018-12-12,94.66309356689453,94.95904291265951,94.57510879119214,94.84706339857024,6182200
2018-12-13,94.43913269042969,94.84706154230028,94.3671484766779,94.75107648820553,5564200
2018-12-14,94.76704406738281,94.99899718814194,94.55907957376665,94.82303380384599,8169200
2018-12-17,95.31897735595703,95.42296269346959,94.84706455545697,94.85505873339955,9726800
2018-12-18,95.88980102539062,96.04213628068518,95.36064643457124,95.46487227841013,10018800
2018-12-19,97.1565933227539,97.54143810593354,96.14638111919513,96.29871640458502,23046300
2018-12-20,96.8038558959961,97.83812014100054,96.74773331449519,97.82208773924427,18543700
2018-12-21,96.78780364990234,97.1806616398612,96.52322319840088,97.12453906986708,9945100
2018-12-24,97.26884460449219,97.34901882197025,96.94012847776193,97.11650930945338,8377500
2018-12-26,96.22654724121094,97.3249528211296,96.1864631968313,97.00424988159351,11700400
2018-12-27,96.24259948730469,97.31694745363647,96.19449618042437,97.22074083987582,12146500
2018-12-28,97.05236053466797,97.05236053466797,96.44302555347825,96.5312190158965,9879100
2018-12-31,97.42117309570312,97.46125714319236,96.5793285787256,96.7316638631254,17409000
2019-01-02,97.93426513671875,97.94228439049928,97.28484015226016,97.54140733805009,19841500
2019-01-03,99.04875183105469,99.30531302681128,97.99845539169202,98.04655870436468,21187000
2019-01-04,97.90220642089844,98.26299336623768,97.5334002207808,98.08660646250769,12970200
2019-01-07,97.61358642578125,98.33516652212388,97.50936056843727,98.31111487172912,8498100
2019-01-08,97.3570327758789,97.76592921471587,97.3249618672544,97.565490623488,7737100
2019-01-09,97.20470428466797,97.35703958205895,96.85193649893735,97.22074279855164,9349200
2019-01-10,96.57929992675781,97.34097000589362,96.48308723090636,97.23673805616326,8222900
2019-01-11,96.95616912841797,97.22876271442954,96.75573050920904,96.87599490411465,5786900
2019-01-14,96.59535217285156,97.02028093539228,96.40292675378083,96.93208748087636,6730500
2019-01-15,96.24259948730469,96.66752834314937,96.17043841008352,96.65950908636908,8997400
2019-01-16,96.33881378173828,96.52321387237316,95.8176721867731,95.88180789135436,6048400
2019-01-17,96.36288452148438,96.63547814142255,96.12235570173729,96.38693618007868,8153400
2019-01-18,95.85774993896484,96.30673654293659,95.7214531649468,96.08224018250053,14106400
2019-01-22,96.50712585449219,96.7877385156217,96.26659722101132,96.45901645765767,8881100
2019-01-23,96.46707916259766,96.70760790442233,96.07422126005734,96.11430530576146,5776800
2019-01-24,97.1004638671875,97.22072823569732,96.77976092346128,96.94011545377433,7121900
2019-01-25,96.63542175292969,96.81180863556573,96.46705412411303,96.68352504204918,6460800
2019-01-28,96.53921508789062,96.96414378645989,96.53921508789062,96.6434409198553,6435800
2019-01-29,97.0283203125,97.04435882687613,96.52321721386977,96.6354623468987,5750100
2019-01-30,96.95616912841797,96.99625929902025,96.4751176656968,96.88400804471412,10571300
2019-01-31,97.78997802734375,97.95834570505808,97.41315250807351,97.45324267191509,11843400
2019-02-01,97.1993637084961,97.68953956528128,97.10293356051884,97.61722155234087,12024600
2019-02-04,96.76542663574219,96.86989415061818,96.44399897509469,96.78150139067205,8966200
2019-02-05,97.20738983154297,97.41631872927421,96.95828630818207,97.01453568864171,6983300
2019-02-06,97.25563049316406,97.56098961768826,97.01456427618254,97.52080884949577,5184000
2019-02-07,97.8984603881836,97.96274714818341,97.41632194963076,97.60113872122662,8781000
2019-02-08,98.3163070678711,98.41273720296785,98.09130955003457,98.24398906459045,5885400
2019-02-11,97.93061065673828,98.1797142058562,97.83418050995556,97.92257327849222,4352800
2019-02-12,97.68148040771484,97.834159908623,97.3921961590057,97.76184191180671,7939600
2019-02-13,97.31185913085938,97.54489404906911,97.15918573189126,97.35203989048019,4757700
2019-02-14,97.8663101196289,98.19576901267315,97.6975619845493,98.14755701142825,5868900
2019-02-15,98.01902770996094,98.05116496946071,97.66545654821529,97.68152517796517,5527200
2019-02-19,98.26807403564453,98.46896550939536,97.99485844336836,98.37253539493531,5872800
2019-02-20,97.98685455322266,98.09935331947135,97.70560150687795,97.99488580029545,4455800
2019-02-21,97.11090087890625,97.36001038211508,96.99036481357538,97.28768629062898,7382500
2019-02-22,97.68952178955078,97.99487467316459,97.56898565919299,97.60916641288634,6374600
2019-02-25,97.40022277832031,97.47254689787086,97.16718792977952,97.36807940637799,6293500
2019-02-26,97.88237762451172,97.89041500153482,97.52077535786253,97.81809700049394,6028900
2019-02-27,96.7734375,97.33593115398361,96.65290139394035,97.32789990944173,7737300
2019-02-28,96.44401550292969,96.92616014188853,96.1949119353317,96.8779419995584,9533400
2019-03-01,95.55258178710938,96.25315718761384,95.53647307464162,96.09210692497858,13541100
2019-03-04,96.30144500732422,96.44639266198598,95.87465639739568,96.0598696786693,9808500
2019-03-05,96.5028076171875,96.52697069106698,96.04380751227774,96.05186187023757,5595200
2019-03-06,96.85710144042969,97.0503629774477,96.54304913889786,96.56720606306592,7766700
2019-03-07,97.48519897460938,97.64625536350705,97.12283285101745,97.14698977343383,8187200
2019-03-08,97.89586639404297,97.9925002089299,97.31607579206519,97.53350033964279,7517600
2019-03-11,97.60597229003906,97.77507686041108,97.42076515549103,97.75897429623505,5157800
2019-03-12,98.29044342041016,98.4273428603339,97.64623642081031,97.67844769234108,6422300
2019-03-13,98.10523986816406,98.2099218967046,97.93613529421147,97.96834656691749,4386300
2019-03-14,97.39663696289062,98.04890470347033,97.37248003614215,97.99253649316583,8188400
2019-03-15,98.04084777832031,98.2018980482073,97.75900673418109,98.03279342172377,4302000
2019-03-18,97.9844741821289,98.137476230681,97.85562905836426,97.89589469545912,3893300
2019-03-19,97.76705932617188,97.93616394960321,97.3483188021452,97.50936906912538,5220200
2019-03-20,98.78971099853516,98.9266042976761,98.02471325046801,98.03276146076666,10123700
2019-03-21,99.00714111328125,99.11987750751257,98.83803652193428,99.01519546820427,7182600
2019-03-22,100.54523468017578,100.88344398864466,99.90102120756126,100.02181200163585,13077000
2019-03-25,100.70626068115234,101.41489655880524,100.2633694012928,100.50494478748705,9736300
2019-03-26,100.63375091552734,100.89143491382637,100.3519100023364,100.4163263941578,7502000
2019-03-27,101.55986785888672,101.73702072581138,100.9076000340723,100.9961795393721,14207200
2019-03-28,101.91415405273438,102.0188422473468,101.47126278152462,101.66452431544026,9143200
2019-03-29,101.8175277709961,101.84168469511171,101.17331445743672,101.20552573748203,10841400
2019-04-01,100.37130737304688,101.17027318223435,100.22604030253909,101.11378077465969,16501500
2019-04-02,100.55693054199219,100.66991536601466,100.274468481936,100.46008992552213,9725000
2019-04-03,99.68531799316406,99.96778618193294,99.56426723478941,99.75795460539936,10407000
2019-04-04,99.96776580810547,99.9839038535296,99.62073933799898,99.74986217301971,7503400
2019-04-05,100.09693908691406,100.2099239334493,99.73377438836684,99.76605665269295,6321800
2019-04-08,99.74181365966797,100.03234780368464,99.68532125150976,99.93550719381955,4446400
2019-04-09,100.05655670166016,100.34708466694524,99.88707333252935,100.25024406425362,7020300
2019-04-10,100.29867553710938,100.49236292127621,100.15340845968151,100.29060343358258,7519900
2019-04-11,99.70954895019531,100.08885164417606,99.59656412097357,100.01622117848126,8679300
2019-04-12,98.99935150146484,99.31409583371786,98.9670692421041,99.17690084934324,7005500
2019-04-15,99.24954223632812,99.25760818364694,99.03971061901677,99.08813093177643,3070000
2019-04-16,98.62809753417969,98.967051962469,98.5716051294648,98.87021135850652,8927300
2019-04-17,98.66850280761719,98.9186827065704,98.54744583298341,98.56358388956829,6118500
2019-04-18,99.1849594116211,99.34636452917654,99.08811264676149,99.11232279867374,27589400
2019-04-22,98.70879364013672,98.91862519702866,98.65230123911311,98.83792264659635,6241200
2019-04-23,98.91864776611328,99.02356048989097,98.77338067930731,98.95093002509365,6239700
2019-04-24,99.7257080078125,99.7418460622958,99.33832697087354,99.35447118256954,7302000
2019-04-25,99.58041381835938,99.76603525912729,99.34637207009158,99.66111638326285,5380900
2019-04-26,99.91934967041016,100.08882687229735,99.78215471991243,100.05655077811778,5950700
2019-04-29,99.28182983398438,99.54815389941851,99.144634827141,99.45131326268785,10246000
2019-04-30,99.790283203125,99.86291369187974,99.2092146642336,99.22535272044132,7957400
2019-05-01,100.20185852050781,100.646657251903,99.95923654328631,100.03202560450603,14371900
2019-05-02,99.72476196289062,100.12912804811215,99.50640699173118,100.0239950872038,6612800
2019-05-03,100.00779724121094,100.18571308968585,99.77326423214625,100.00779724121094,6191700
2019-05-06,100.28279113769531,100.59010714735186,100.22618013143918,100.53349614109572,4482500
2019-05-07,101.05106353759766,101.20472459600325,100.59817558036308,100.71139756967172,8984900
2019-05-08,100.6143569946289,101.334128023318,100.52539597578996,101.21281698216163,6907600
2019-05-09,101.02680206298828,101.33412417827479,100.5334750391042,101.18046312063153,9411900
2019-05-10,100.88933563232422,101.45544566881969,100.75993552676147,101.00255763962332,6037800
2019-05-13,101.68183135986328,101.84357521909088,101.29363745953123,101.41494843901829,10501600
2019-05-14,101.38265991210938,101.61719296930436,101.25325981015224,101.50397096516008,5690400
2019-05-15,102.0053482055664,102.11857017338238,101.71420423971547,102.07004823578539,9566300
2019-05-16,101.66567993164062,101.76272997470623,101.52010795210937,101.74655188246146,7666400
2019-05-17,101.89214324951172,102.14285436593501,101.64952735088548,102.12667627061195,4747100
2019-05-20,101.68183135986328,102.20750198741933,101.61713134811914,101.99723620445,6043100
2019-05-21,101.5201187133789,101.67377975532082,101.33411382378763,101.57672970196776,4021800
2019-05-22,102.10238647460938,102.16708649736599,101.67375962158094,101.71419250820348,5675300
2019-05-23,103.25079345703125,103.59045935204223,102.61189455729101,102.61998360340107,9743700
2019-05-24,103.33975219726562,103.33975219726562,103.02434727733785,103.16183020753525,4981900
2019-05-28,104.08380889892578,104.2455528354822,103.59048187125232,103.73606005234303,8098600
2019-05-29,104.39920043945312,105.0542713192582,104.32641752842362,104.86826643320398,13260600
2019-05-30,105.29690551757812,105.32116649072178,104.23746855606775,104.59331261586966,13024800
2019-05-31,106.61512756347656,106.67173237938015,105.79021757247861,105.863000481613,18933600
2019-06-03,107.32830047607422,107.44175484244138,106.60705221154048,106.89879377728438,17822400
2019-06-04,106.10454559326172,106.77717197416828,105.79660525382398,106.4773310975395,14250000
2019-06-05,105.5049057006836,106.1207989895162,105.44817234173476,105.77233646659165,8815200
2019-06-06,105.84526062011719,106.63944102516461,105.61025246756091,106.13700212726057,9621100
2019-06-07,106.76102447509766,107.02845526371931,106.51790445220543,106.801534174248,11378500
2019-06-10,105.75613403320312,105.91820992641794,105.6102694389892,105.90199862741706,8288700
2019-06-11,105.8209457397461,105.96681030484268,105.61024835718582,105.69128010481876,5115100
2019-06-12,105.9019775390625,105.95871089146922,105.59403711295423,105.66696939553812,5278700
2019-06-13,106.26666259765625,106.3639056401081,105.99112003471697,105.99923186531824,5560400
2019-06-14,106.53408813476562,106.73668604039072,106.23423482583598,106.24234665604168,5838800
2019-06-17,106.720458984375,106.77717995946378,106.26664172129274,106.4773390604115,6046400
2019-06-18,107.25537109375,107.66866650413087,106.93120691988366,107.5714234347704,10320700
2019-06-19,107.40931701660156,107.555193961593,106.63134786196979,106.85825656253712,11962500
2019-06-20,107.69293975830078,108.19537859577824,107.44981980398782,107.70915105274686,10721500
2019-06-21,106.509765625,107.40120136113778,106.46925593611684,107.38499006622757,14495000
2019-06-24,107.30399322509766,107.40123629499887,107.03656241727045,107.10139525240422,6378800
2019-06-25,107.63621520996094,107.8550120325584,107.55517110601023,107.61189208630043,9604600
2019-06-26,106.9473876953125,107.5389701410721,106.8744554141083,107.52275884560606,12766800
2019-06-27,107.7010498046875,107.85502620306752,106.96360277046095,107.22292167910433,9724200
2019-06-28,107.62810516357422,107.84691435539142,107.3363636963494,107.44171856011218,8149200
2019-07-01,107.37638092041016,107.79048680485194,106.84858579216508,107.64433615970114,14131200
2019-07-02,108.20462036132812,108.3101818919428,107.5550452525175,107.64436368845662,10494300
2019-07-03,108.97601318359375,109.04096078301018,108.40761637496567,108.41574411728105,5380300
2019-07-05,107.53064727783203,107.62809343144174,106.91354612426072,107.61996569122967,12180100
2019-07-08,107.67679595947266,108.17210484231457,107.67679595947266,108.03406956543682,6490000
2019-07-09,107.63623046875,107.75803508784179,107.31144293087263,107.73366425214313,6215700
2019-07-10,107.04350280761719,107.53881192648146,106.78366282860871,107.46573657857988,9470000
2019-07-11,105.61442565917969,106.70247775145762,105.3627010200532,106.62127465627452,14126800
2019-07-12,105.73619842529297,105.92295064197299,105.29772161587842,105.49260157449051,6992000
2019-07-15,106.34516906738281,106.41012904424709,105.92293541268938,105.92293541268938,6055500
2019-07-16,106.02853393554688,106.04477703289515,105.52510942642763,105.6956185840989,6172700
2019-07-17,107.17345428466797,107.197812741125,106.4101896093987,106.41830496493246,9662200
2019-07-18,107.18153381347656,107.44137378197135,106.5644324730789,106.75118470677725,5724900
2019-07-19,106.92979431152344,107.12466184833521,106.78363126906613,106.84859124461956,5804800
2019-07-22,107.13282775878906,107.57942000617776,106.97043395697123,107.56317690904011,5204100
2019-07-23,106.54817199707031,106.97040568207228,106.34517670099143,106.85672881186208,8108900
2019-07-24,107.01100158691406,107.10032001842302,106.75117403424737,106.85673555962624,6389700
2019-07-25,106.49942779541016,106.70242303942862,105.97163272705428,106.57250310969366,8893100
2019-07-26,106.7512435913086,107.00295595597647,106.57260661189426,106.93799592802048,6188400
2019-07-29,106.78363800048828,107.14091169362963,106.69431957720295,107.03536256781915,6231800
2019-07-30,107.04350280761719,107.26274124117407,106.7187028338566,107.18153815027088,5678500
2019-07-31,107.90419006347656,108.26146380329112,106.90545657434104,106.93793037348289,15798700
2019-08-01,110.04717254638672,110.15294417400582,108.41997785445103,108.52574948207014,26664800
2019-08-02,111.06417846679688,111.06417846679688,110.16108484107582,110.3726281139095,15143100
2019-08-05,112.98429870605469,113.00057413469005,111.99985252762028,112.39037591326696,18543000
2019-08-06,113.88741302490234,113.88741302490234,112.34971372732079,112.43920997911727,12747400
2019-08-07,113.92811584472656,116.39331655133509,113.7247163645475,115.85633894417784,32582000
2019-08-08,114.17216491699219,114.2535172369904,112.26020538655949,113.20398168305033,14746000
2019-08-09,113.94439697265625,115.16479391471,113.79794288405957,114.44882373605884,10626000
2019-08-12,116.3200912475586,116.69433932457432,115.13223286657617,115.30309388574845,14094300
2019-08-13,115.92139434814453,117.08484548988443,115.49018856950038,117.00348075581309,15974900
2019-08-14,118.53297424316406,118.56551266773432,117.73565248886239,118.10176873418914,15068900
2019-08-15,119.85106658935547,120.90061449907404,118.44354614555047,118.7445733002766,23588700
2019-08-16,118.89099884033203,119.20015742816166,117.84145118212645,118.83404106010626,17150500
2019-08-19,117.1905517578125,117.69499053483969,116.75934617414251,116.80817244121725,13614700
2019-08-20,118.40288543701172,118.47610625865946,117.84150097534494,118.1994859894233,7451500
2019-08-21,117.61370086669922,118.61442272619885,117.39402597551033,117.74387949959025,9372000
2019-08-22,116.8326416015625,117.7275916758285,116.73500142991216,117.15807573501988,13878800
2019-08-23,118.75272369384766,119.00493699014886,116.6943101272098,116.76754335397102,16191800
2019-08-26,118.27259826660156,119.0211060570432,118.20750901336677,118.67939678843977,12174500
2019-08-27,120.09512329101562,120.18461950948073,119.17575417537523,119.2978012448343,11332300
2019-08-28,120.24971771240234,121.14466754889372,120.13581455450296,121.047039817698,10095900
2019-08-29,119.79409790039062,119.87545020000645,118.89100419742196,119.80222940599849,8884900
2019-08-30,119.82666015625,119.98937720233863,119.07815181263044,119.28155122386994,13550800
2019-09-03,119.98152160644531,121.17146786229436,119.45989877446983,119.88370877537726,15660800
2019-09-04,120.16083526611328,120.31569420388847,119.3865530137084,119.42730732940782,7962200
2019-09-05,117.98468017578125,118.83232510676315,117.27560239496515,118.71822049333906,19382900
2019-09-06,118.8241195678711,119.01973272878745,118.24545084274952,118.39215138608789,9466400
2019-09-09,116.71322631835938,117.36525801685819,116.7050804303486,117.2267033018536,15862700
2019-09-10,114.6674575805664,116.78654447177396,114.64300748679427,116.41978062872523,13851400
2019-09-11,114.46370697021484,115.04237581422404,114.42295266542614,114.43109855179678,10941700
2019-09-12,113.71385955810547,115.57214118828166,113.33893741608541,115.32762782926562,19163300
2019-09-13,111.28504943847656,113.05368912986363,111.28504943847656,112.70321705859794,18922200
2019-09-16,112.70325469970703,112.9396222669037,111.86376803650015,112.37724504978102,10971600
2019-09-17,113.31453704833984,113.7791138779818,112.49135456277311,112.76846402090787,9081200
2019-09-18,113.79534149169922,114.64298603877386,113.72199122410561,114.04800070438692,10984600
2019-09-19,114.1376953125,114.9119898642552,114.0806492298,114.72452253253086,13176200
2019-09-20,115.64552307128906,115.7188733681009,114.46372268893263,114.73268621371214,11519800
2019-09-23,115.62104034423828,116.68058993290474,115.49063156239436,115.9307580920011,15246700
2019-09-24,117.01477813720703,117.24298732691699,116.0693329589983,116.07747884560648,12421600
2019-09-25,115.30321502685547,116.9984924447739,115.03425148859979,116.76212489457798,14147100
2019-09-26,116.0448989868164,116.54207174129415,115.65367251883829,115.95524447579682,9636500
2019-09-27,116.3301773071289,116.53393646916447,115.84930866947835,115.99602173310953,10386900
2019-09-30,116.61538696289062,116.6235328481804,115.60473754598483,115.63734596007609,8006900
2019-10-01,116.96651458740234,117.49722314706663,115.23561657464344,115.33358817287815,16613700
2019-10-02,117.2522201538086,117.79108857775587,116.95013291230784,117.12975572029026,12891500
2019-10-03,118.32181549072266,118.93416273568045,117.5053524974456,117.55433828372436,13470500
2019-10-04,119.1954345703125,119.22808760778854,118.55042184147449,118.67289876304142,11516200
2019-10-07,118.20751953125,118.8198668195214,118.1503735959615,118.51777947727683,11013900
2019-10-08,118.52589416503906,119.14640136087449,118.07683716755099,119.05660241960958,14529700
2019-10-09,117.85643768310547,118.06871357570837,117.40738054660262,118.06055343076707,8608800
2019-10-10,116.10102844238281,116.90115864124519,115.71728986106154,116.85217285779751,15054200
2019-10-11,114.66404724121094,115.2029157243773,114.06803283553373,115.10493170856135,26294000
2019-10-14,115.49689483642578,115.53770803163009,115.1866348201351,115.51321513121138,5936900
2019-10-15,114.10066223144531,115.08041497899556,113.93737218322562,114.85180641984158,11832300
2019-10-16,114.23951721191406,114.35382154934044,113.77413971604899,114.01090853706133,7729500
2019-10-17,113.96192169189453,114.61509466754795,113.73331301915158,113.91293589891222,6219300
2019-10-18,113.96192169189453,114.4926177268539,113.85577750160734,114.14970471773947,6456100
2019-10-21,113.1045913696289,113.48016974151733,112.85965003650459,113.13725685843679,8038000
2019-10-22,113.76600646972656,113.92113650809594,113.19448458487307,113.7986719821426,6683300
2019-10-23,113.88027954101562,114.55794546756685,113.78230794718534,114.32933677646997,5995400
2019-10-24,113.6516342163086,114.50076261660047,113.51283701704142,114.04353292354739,6161700
2019-10-25,113.09651184082031,113.9374681326614,112.9250490479459,113.9211353766156,5669800
2019-10-28,112.06773376464844,112.32900796724574,111.8472976717266,112.32900796724574,11402100
2019-10-29,112.14119720458984,112.45961727390731,111.99422738739285,112.36163324303044,5296600
2019-10-30,113.78227996826172,113.85575864556611,112.48410683627233,112.48410683627233,10914100
2019-10-31,115.31723022460938,115.67646345358428,114.65588477775196,114.69671041643242,15834100
2019-11-01,114.96228790283203,115.54299363469231,114.33251090799277,115.1013273079309,11425500
2019-11-04,113.44921112060547,113.80089684978037,113.30198484143314,113.66185743499196,11124300
2019-11-05,112.1732177734375,112.41041203602153,111.82970666759593,112.23047586439486,13493000
2019-11-06,112.85211944580078,113.20381757811987,112.32867191860659,112.8848419362355,9351900
2019-11-07,110.80743408203125,111.5271793294419,109.96501065834707,111.51900494434942,19209800
2019-11-08,110.3411865234375,111.19178388503651,110.23485717324863,110.53747150228384,10222900
2019-11-11,110.41487121582031,110.7338470112446,110.1204310600456,110.7256726246879,4577000
2019-11-12,110.92190551757812,111.1918099066267,110.24305735360265,110.6438267458215,5772900
2019-11-13,111.64163208007812,112.01786578193838,111.37172773569453,111.89517518177956,6672400
2019-11-14,112.79486846923828,113.22834784718185,112.5985709758406,112.70490034476096,10213300
2019-11-15,112.67217254638672,112.99933501996584,112.40226818567355,112.44316505486746,4657600
2019-11-18,112.87665557861328,113.36739309754162,112.8112230774246,113.04024307157174,5943900
2019-11-19,113.81726837158203,113.88270089267823,113.1711300257428,113.1711300257428,7893100
2019-11-20,114.99504852294922,114.99504852294922,114.31620004006936,114.43070385164069,7905500
2019-11-21,114.27522277832031,114.56966272670874,113.78448537101602,114.20979029201503,5980900
2019-11-22,114.42244720458984,114.7332484235897,114.24251097042907,114.58603467562462,4664800
2019-11-25,114.75782775878906,114.93776406148645,114.65149835811063,114.7496533741125,4157300
2019-11-26,115.42853546142578,115.57574930851992,115.27313474728402,115.32220602964873,4281100
2019-11-27,115.09308624267578,115.24848680539174,114.84771758996467,114.99494377357857,4095700
2019-11-29,114.8477554321289,115.06040167856216,114.32430795785518,115.01133042784465,6251100
2019-12-02,113.31652069091797,113.61146695172144,113.02157443011448,113.17724224851506,17702200
2019-12-03,115.69242858886719,116.15123090086499,114.64372151675386,114.73384429242667,13062400
2019-12-04,114.53724670410156,115.11074971842733,114.05386648498614,114.97965974331626,8586300
2019-12-05,113.98011016845703,114.2422900947749,113.55408654033094,113.60324215115881,7273800
2019-12-06,113.34925079345703,113.98009773215249,112.9477925131208,113.08707089574547,7931100
2019-12-09,113.5950927734375,113.97197346322073,113.5295602635412,113.87366219694364,4016900
2019-12-10,113.603271484375,114.16858615771778,113.39844805208733,114.0292952225036,4947600
2019-12-11,114.49628448486328,114.81580849964762,114.07024829800795,114.1276048526396,6256700
2019-12-12,112.61188507080078,114.1111936226641,111.92368155561226,114.0374602106281,14857000
2019-12-13,113.91456604003906,114.38156934925526,112.43164676229985,113.16081749837045,11335100
2019-12-16,112.89045715332031,113.4393948544691,112.59551096376887,113.3902267383539,9156600
2019-12-17,112.73480987548828,113.34107916823254,112.41528585591449,113.23457949599383,6179700
2019-12-18,111.8089828491211,112.61188696367022,111.65331508681099,112.4889979415446,6244700
2019-12-19,111.98789978027344,112.30793504202803,111.40526506198623,111.60221465438569,6591100
2019-12-20,112.13558959960938,112.16842078859015,111.54475341225364,111.70888431429788,5455700
2019-12-23,111.97149658203125,112.39821448542986,111.60222701164689,112.26691474262526,5175000
2019-12-24,112.2915267944336,112.4720608022568,111.51195495415995,111.53657208964201,4667400
2019-12-26,112.56230926513672,112.60334199132537,112.02070733087864,112.34895661895779,5290200
2019-12-27,112.68548583984375,112.93987138918928,112.6608561698515,112.78395443405783,7300500
2019-12-30,112.27510833740234,112.34074567540789,111.32320415772716,111.51193967771142,7979700
2019-12-31,111.17552947998047,111.97973116094553,111.09347651676676,111.77457997075882,10707400
2020-01-02,112.43098449707031,112.8577022157733,112.15198205544526,112.25045055921241,11034100
2020-01-03,114.16246795654297,114.19529914104513,113.14492662268208,113.46496180372351,12366000
2020-01-06,113.51421356201172,114.64665169481472,113.36649825183173,114.6302361000325,11369800
2020-01-07,112.9561538696289,113.62905526879884,112.94795233601417,113.42390423560195,8381200
2020-01-08,112.20946502685547,113.49780759436457,111.86481263577473,113.185973874202,10621700
2020-01-09,112.60334777832031,112.78388176568448,111.52835791265322,111.6022093107302,7411500
2020-01-10,113.60453033447266,113.6291474767186,112.93984245096111,112.97266113347719,8776000
2020-01-13,113.25984191894531,113.31727772550056,112.74285705279034,113.14495778440327,5966900
2020-01-14,113.8424301147461,113.91629401743552,113.35827658679398,113.39109524910097,13920300
2020-01-15,114.59737396240234,114.68764092718213,114.08040181996056,114.49070392870017,6290500
2020-01-16,114.23634338378906,114.49893027915248,113.85065831626802,114.27736358641224,6798600
2020-01-17,113.25984191894531,113.35831045671519,112.71823991834786,112.89877391854702,9693100
2020-01-21,114.44966125488281,114.59736399089216,113.87524085691498,113.90805951333076,6794900
2020-01-22,114.851806640625,114.9995094343082,114.54817447344766,114.65485706095028,6317000
2020-01-23,115.65599822998047,116.01706620715483,115.52469850711147,115.5821468314032,9747400
2020-01-24,116.59150695800781,116.97719213458207,115.95143635038096,116.04990489880574,8585000
2020-01-27,118.40495300292969,118.40495300292969,117.75668131210152,118.12595063074664,10935200
2020-01-28,117.47772216796875,118.24087820589075,117.1987196931217,118.10957850428201,10612900
2020-01-29,118.6265869140625,118.7414710455271,117.69929980346373,117.70751386234556,9566800
2020-01-30,118.6429672241211,119.53742287602988,118.40498497308968,118.90555408018655,14711800
2020-01-31,119.72618103027344,119.80004494507621,119.06149344705749,119.1271433038656,14538100
2020-02-03,119.62916564941406,119.80999953486591,118.4619730974627,119.14420774853451,15309000
2020-02-04,118.01810455322266,118.4784043831212,117.59067790736128,118.3551142651947,11388300
2020-02-05,116.72765350341797,117.29481334436215,116.63723653540899,116.96603121100279,10782600
2020-02-06,117.25373840332031,117.44280008698487,116.71946418275891,116.86741241285756,6683100
2020-02-07,118.71682739257812,118.97164799769537,118.25652733805221,118.54422114324882,11374800
2020-02-10,119.04558563232422,119.39081056745142,118.92228294977252,119.2675204271317,6699300
2020-02-11,118.44557189941406,118.95518795159775,118.31405403361376,118.84832811785574,7784100
2020-02-12,117.84549713134766,117.99345782925859,117.53315795527952,117.84549713134766,5595500
2020-02-13,118.29756164550781,118.52771154320067,117.76328778491269,117.90302075549559,7883400
2020-02-14,118.81548309326172,119.2511251525597,118.73328127208826,118.98808935859421,7137400
2020-02-18,119.62916564941406,120.04837717579376,119.11954972253935,119.46477462870263,6909200
2020-02-19,119.62095642089844,119.69493050255277,119.16887168484715,119.28394665927551,5707700
2020-02-20,120.5579833984375,120.77991815676044,120.00726662515676,120.0730255365943,9332900
2020-02-21,121.68406677246094,122.3745290249311,121.36349993968977,121.4868025936658,13860300
2020-02-24,123.50059509277344,124.0841974334221,123.29510325401675,123.97733766375615,15929300
2020-02-25,124.15825653076172,124.74184672892962,123.41026271519459,123.46780648973133,20802900
2020-02-26,123.50059509277344,124.70888810804092,122.94987846997267,123.25400237782011,22589500
2020-02-27,124.84046173095703,125.82682048970136,123.9773931137187,125.51446874157669,30687900
2020-02-28,127.65987396240234,128.2105911290183,126.71461558760042,126.9529808373564,44935200
2020-03-02,126.72054290771484,128.82788521850182,126.57236372858868,127.84007008041429,28152400
2020-03-03,128.68800354003906,131.46212199773097,125.4199710116705,126.61358202825637,38608000
2020-03-04,127.32147216796875,129.52760496483225,126.9263485926917,128.75381239938204,23463700
2020-03-05,130.49070739746094,130.73766430756794,129.08306180237625,129.34648585602378,17786200
2020-03-06,137.28196716308594,139.38930956143642,135.09230159949462,137.7182523052092,76288300
2020-03-09,141.00282287597656,147.92578570646623,140.22080257895928,147.43188410028856,41552800
2020-03-10,133.77525329589844,142.35280508662737,133.38012959764623,139.64454282540558,37728300
2020-03-11,128.8525848388672,137.49598962618677,128.11172659568322,136.17889434858034,29519300
2020-03-12,129.65115356445312,136.9445459435886,128.1365018326316,134.5984724262138,24361800
2020-03-13,126.72054290771484,130.22729104418838,125.27997550111817,127.59311315570467,19812900
2020-03-16,134.92776489257812,136.77168453721717,129.90634965867247,132.02193343188273,30496700
2020-03-17,125.93033599853516,136.3435922921576,125.70808597789738,134.59021120925559,18570900
2020-03-18,118.8262939453125,126.88523797546672,114.43049373174406,125.81509915851925,47061000
2020-03-19,122.0614013671875,126.31724994260148,119.56716141448605,120.9665680204386,21175300
2020-03-20,131.23988342285156,131.23988342285156,125.21419848616068,126.19378695042579,20863100
2020-03-23,136.648193359375,137.2161908716143,128.88559418746146,129.65114731386484,19971800
2020-03-24,134.1045684814453,136.19544501404363,132.04661369863788,132.73808349107898,11948600
2020-03-25,133.79995727539062,137.20792924743304,133.04263156613194,134.66430063251693,10750600
2020-03-26,134.4584503173828,136.38469182831236,133.57765272833453,135.00175306992756,10576200
2020-03-27,138.0475616455078,138.5003140699231,135.487466184638,136.25303165878665,12550000
2020-03-30,136.9115753173828,140.0314281817182,136.59876227720096,138.541471434755,13473200
2020-03-31,135.80023193359375,137.4054330967241,135.46272455651865,136.40115081809878,11464800
2020-04-01,137.702880859375,139.28568372643937,137.17528409665323,138.88997672022376,11334700
2020-04-02,138.57676696777344,139.50005844144513,137.88428578361675,139.1785542619414,5771200
2020-04-03,138.90647888183594,140.4150789453322,138.6097048926416,138.9476999373435,6570800
2020-04-06,138.54379272460938,138.7169161749215,137.2825060601614,137.66996144899483,9434800
2020-04-07,137.0928955078125,137.19181599945503,134.9577777038426,135.9882414214616,13811400
2020-04-08,136.09535217285156,137.00216494994945,135.30396336638273,136.11184310849833,10147100
2020-04-09,136.34268188476562,136.67242516298967,135.0154444347292,135.42762982195916,14259100
2020-04-13,135.09791564941406,136.60651600115855,135.09791564941406,135.8151143524605,8750300
2020-04-14,135.06497192382812,135.80691353762978,134.76819779408865,135.06497192382812,9019100
2020-04-15,138.64266967773438,138.98891646960962,137.45558633848938,137.5050465719288,10027800
2020-04-16,140.21719360351562,140.40680790003685,139.33512359456262,139.53296448985822,8265400
2020-04-17,138.33770751953125,140.83555086029256,137.89255267556274,139.99470142402936,8612100
2020-04-20,139.4506072998047,139.55776698070036,138.46136457358352,138.85705914829126,6462600
2020-04-21,141.20648193359375,141.9154413907036,140.78605731488608,141.7340787915196,7850700
2020-04-22,139.76385498046875,140.46457536792195,139.0796381141504,140.11834105447906,6230200
2020-04-23,140.50579833984375,140.909732088221,139.82156888534135,140.03590082164553,5968600
2020-04-24,140.8354949951172,140.8354949951172,139.7885532062337,139.82152250130355,6211800
2020-04-27,138.2140350341797,139.9369672825213,138.0326724207856,139.86277691674252,9039500
2020-04-28,139.8050537109375,140.01939818899356,138.86527141633394,138.94771353541722,9905400
2020-04-29,139.07960510253906,140.35736979687317,138.4613269940934,139.75558262674483,8619600
2020-04-30,137.45565795898438,139.50833418965354,137.4309278293792,139.10440035349774,11606100
2020-05-01,138.6327362060547,138.76480971533883,137.38632552464642,138.2612904820133,10209400
2020-05-04,137.98057556152344,138.4097953618361,137.41926972195145,138.3107465764127,8300900
2020-05-05,137.09735107421875,137.24593685028034,136.4204967027876,136.66813126607883,7831800
2020-05-06,134.88523864746094,135.07508644075241,133.76263903435967,134.73665280406814,14721500
2020-05-07,137.1386260986328,137.32847380658475,134.82739115821684,135.00898899894204,9164800
2020-05-08,135.35565185546875,136.52777518025846,135.10801732877454,135.7766343294135,8129800
2020-05-11,134.29908752441406,135.55375987016495,133.8038310740073,135.09151547836595,8713500
2020-05-12,135.67758178710938,136.13982621622503,134.65404414984363,134.67880634460224,10057300
2020-05-13,136.62686157226562,137.26244143975973,136.05730583511524,136.27191574677613,13305600
2020-05-14,137.96409606933594,138.79778626725061,137.88980946258727,138.11268187805314,10080000
2020-05-15,137.60922241210938,139.07850582671543,137.29555092071303,138.92167008101725,7225600
2020-05-18,134.58802795410156,136.247158231994,134.0679965944439,136.13984697486643,10073100
2020-05-19,135.09153747558594,135.12454953956913,134.11751155265117,134.15053621185143,8639100
2020-05-20,135.49595642089844,135.94995089122008,134.44765680195346,134.68702883437024,10927300
2020-05-21,135.8344268798828,136.49478150828506,135.61155451631345,136.08206143993576,8920000
2020-05-22,136.6516876220703,136.7589863304286,135.8757714781916,135.96657044386302,4956700
2020-05-26,134.81918334960938,135.19887888396428,134.53027416872195,135.13285473511905,8098900
2020-05-27,134.57156372070312,135.29795539124623,134.20836788543158,134.37345346640342,8047400
2020-05-28,134.07626342773438,134.19183716247633,133.44068345797103,133.68831806986745,10272600
2020-05-29,135.03378295898438,135.44650313131103,134.0102449925551,134.30740402043912,14632700
2020-06-01,134.1245880126953,134.2568312060794,133.62042187289785,133.97582387869198,13341400
2020-06-02,133.63697814941406,133.96757357768584,133.2733156114708,133.62044459457832,11517100
2020-06-03,131.86000061035156,132.51294364406948,131.36410743947775,132.38896089279507,12255700
2020-06-04,129.95074462890625,131.4219153539186,129.91769013895941,131.34753329298522,14038600
2020-06-05,129.0250701904297,129.06639776225444,126.58689478962027,127.78531870411261,17778500
2020-06-08,129.52096557617188,129.63667520127862,128.1489710131893,128.16550456289121,10346700
2020-06-09,130.9921875,131.9426588918294,130.83515024485763,131.45502618163547,9095300
2020-06-10,132.9344024658203,132.98399050227061,131.45497139564043,131.612008585335,13135500
2020-06-11,135.44705200195312,135.7363199219766,134.41392526313277,134.92635208993633,17086400
2020-06-12,134.14112854003906,135.26517051944384,133.93450326890883,134.2320441637926,9716100
2020-06-15,134.21546936035156,135.7279673935338,134.00884415272668,135.45522060610077,7759800
2020-06-16,132.15756225585938,133.256810576668,131.16576314736895,131.75258466126297,13698900
2020-06-17,132.70301818847656,132.87658897319116,131.6946858102835,132.4633384120106,7113900
2020-06-18,134.10806274414062,134.2898939934237,133.57084207851707,133.92623149485757,7691400
2020-06-19,134.21546936035156,134.30638495616256,132.99225166240487,133.06663371041338,8565500
2020-06-22,134.23204040527344,135.06680193716014,133.95103307114192,134.8767102242365,9319700
2020-06-23,133.31463623046875,133.94277255594344,133.1658594675313,133.46340038199966,9088600
2020-06-24,134.74449157714844,134.7940796320409,133.49647928719355,133.5047397592064,11436500
2020-06-25,135.1329345703125,135.8354655744149,135.0502794128629,135.7197559208293,10968000
2020-06-26,136.5792999267578,136.63716105433144,135.6949377406259,135.75279886819953,12119300
2020-06-29,136.14950561523438,136.5958232157078,135.86023783331692,136.24869431056425,7274400
2020-06-30,135.4883270263672,136.61236909117596,135.1164040323554,136.56278104016195,14841700
2020-07-01,135.2252197265625,135.34106508477393,134.17432871737486,134.7204622458847,13181000
2020-07-02,135.3658447265625,135.489972830205,134.24876755093808,134.62939676591185,7599800
2020-07-06,134.81150817871094,134.89426028890944,133.843369095145,134.3233035566579,7972700
2020-07-07,136.7063446044922,136.81390713469372,135.04312157615695,135.22516601334976,12791900
2020-07-08,136.1602325439453,136.46639249692038,135.5644529521818,135.9699179212468,7253900
2020-07-09,138.32818603515625,138.55987667137347,136.2015942756926,136.2512404654259,13373100
2020-07-10,137.6331787109375,139.18882739226433,137.4925102319535,138.97367696753696,8478000
2020-07-13,138.08827209472656,138.1544712455626,136.72293828285265,136.94635883864964,8054000
2020-07-14,138.28683471679688,139.13085797168822,138.17098937798394,138.95708365037132,11344600
2020-07-15,137.64137268066406,138.14612994406016,137.21936747730993,137.29383675563273,7840300
2020-07-16,138.29518127441406,138.8247620140844,138.22069931596295,138.51858927116507,9107400
2020-07-17,138.00546264648438,138.5184900695104,137.7489489349714,138.4109275420257,8549900
2020-07-20,138.34475708007812,138.70056323719578,138.02204417838294,138.60954100204103,6907200
2020-07-21,138.42750549316406,138.78332429951087,138.25374379510706,138.43578827720165,8454400
2020-07-22,138.8412628173828,139.39567913619516,138.75852334716697,139.2301749433691,6592100
2020-07-23,140.4630889892578,140.5706641729016,139.41219813129365,139.7762870979077,10471800
2020-07-24,140.4547882080078,140.60372677486126,139.7348805896386,139.85072590592213,7520700
2020-07-27,139.9335479736328,140.91823996773283,139.83425554605932,140.8768639141776,6146400
2020-07-28,140.90162658691406,140.95127277940705,140.1982718567476,140.28929408504922,8520700
2020-07-29,140.66168212890625,140.99266520145548,139.8259290374979,140.71132832716916,6733700
2020-07-30,141.58848571777344,141.71260124927,141.29059581598315,141.53883950517482,9376100
2020-07-31,141.49749755859375,141.87813965726252,140.6203805880719,140.79414237404993,8886000
2020-08-03,140.78501892089844,140.81816163260757,139.97319944739763,140.19686851059103,9066200
2020-08-04,142.12701416015625,142.13529351758444,141.42287693130896,141.5140004239805,9878900
2020-08-05,140.88446044921875,141.29036394085387,140.56966783101743,140.87616844963875,6954100
2020-08-06,141.67138671875,142.69030378122991,141.34002284135528,141.9696078882855,9481800
2020-08-07,140.7270050048828,142.0689937876215,140.47848528653617,141.88674683684985,8176900
2020-08-10,140.0974884033203,141.03357432181753,140.05607896358555,141.00872360187904,6408500
2020-08-11,138.4323272705078,138.7471196833482,137.41341056609684,138.48202867459102,19234200
2020-08-12,137.1731719970703,137.57080851524327,136.6761453097069,137.26429545245554,11744800
2020-08-13,135.70692443847656,137.16488702468632,135.16846308226118,136.941218072405,12744700
2020-08-14,135.17681884765625,135.98035901911288,135.1602601308935,135.69870915124446,6398100
2020-08-17,135.51644897460938,136.237157571484,135.3839034119381,135.8312415258935,6901500
2020-08-18,136.48570251464844,136.57682603420068,135.93068203746435,136.15435115640972,8140600
2020-08-19,135.63247680664062,137.18985618316466,135.27627468640128,136.9910377605513,12497700
2020-08-20,136.85841369628906,137.22289493478922,136.6264527041713,137.00751793382497,10319900
2020-08-21,137.6785888671875,137.7862837476937,136.69280150323019,137.32238678588888,6836000
2020-08-24,137.45492553710938,138.31645933696626,137.39694473456316,137.77801019223924,6490600
2020-08-25,136.40283203125,136.75903400759404,135.71526615107848,136.146032905934,10518300
2020-08-26,135.88095092773438,136.1294707122704,135.259657786515,135.89752228410114,8276600
2020-08-27,133.5697479248047,136.5353887450327,133.50347513862602,136.48567467521755,19860100
2020-08-28,133.4703826904297,134.24079305968246,133.07275846385363,134.0088445408259,8415400
2020-08-31,134.35670471191406,135.23479692987786,133.83481446755277,133.86795717780066,11388100
2020-09-01,135.8934326171875,136.0675967396931,133.6708311506094,134.15184201020105,10587000
2020-09-02,137.1871795654297,137.30328476201623,135.58658559430685,135.6031630120211,15167700
2020-09-03,137.57701110839844,138.69660725875787,137.20381660978586,137.46090587206294,16416600
2020-09-04,134.964599609375,136.59007246818922,134.72408783705407,136.34957335038646,13780300
2020-09-08,135.7939453125,137.05451266362775,135.7939453125,136.316412478019,13790400
2020-09-09,135.42901611328125,136.21687373487777,134.98117272954076,135.95978455194268,9558900
2020-09-10,136.1173858642578,136.29983873794436,134.3094472035058,134.73241189001564,8847700
2020-09-11,136.40762329101562,136.48227229570094,136.07589774281746,136.26663930030548,5458200
2020-09-14,136.39932250976562,136.90521215143252,136.20027960575135,136.66470039393394,4274900
2020-09-15,136.06765747070312,136.39938313698931,135.83543431887517,136.15058256001316,6928500
2020-09-16,135.66128540039062,136.74770153121906,135.1636842368017,136.6564750730452,8815200
2020-09-17,136.07586669921875,136.80567792418177,135.84365633755155,136.7559077142397,7813900
2020-09-18,135.65293884277344,136.20858606761314,135.46218464050892,136.15052713965838,7246300
2020-09-21,136.3412628173828,137.1705892643365,136.12564249680108,136.74763733201635,11086900
2020-09-22,136.23350524902344,136.73939505964523,135.9017669648738,136.37448927434144,10524100
2020-09-23,136.416015625,136.44918314013037,135.57838717726656,136.25844145544514,6224800
2020-09-24,136.9384002685547,136.9384002685547,136.52373698028555,136.80571763374323,8278100
2020-09-25,136.9384002685547,137.18720077242003,136.59838598960866,136.93011155841626,5140300
2020-09-28,136.54867553710938,136.75600727199992,136.31646500639394,136.73112847617506,4470100
2020-09-29,136.70614624023438,137.0378843577611,136.4739358852233,136.67297875573934,10297600
2020-09-30,135.3958740234375,136.00958034403214,134.80705914628493,136.00958034403214,12971000
2020-10-01,135.6191864013672,135.93466113718395,134.57315659450606,134.91352322945067,11523900
2020-10-02,135.11273193359375,135.8765013098156,134.63951997170525,135.82669219122297,8828800
2020-10-05,132.4727783203125,133.6184263190379,132.4312664892239,133.6184263190379,14726000
2020-10-06,133.18670654296875,134.0002977765528,131.73388134137923,132.27350973111933,22419400
2020-10-07,132.2154541015625,133.17847316620703,131.88338467744066,132.46451250347218,9429200
2020-10-08,132.9293670654297,133.03729528997798,132.54748863148214,132.8048442429755,8431500
2020-10-09,132.90447998046875,133.0539200547001,131.8418428636621,132.43128052527584,8441500
2020-10-12,133.32789611816406,133.39429986033457,132.92110035846903,133.18675333005575,3962000
2020-10-13,134.28257751464844,134.34899391081484,133.80936544232497,133.83428267506562,7914300
2020-10-14,134.58970642089844,135.11272748415578,134.46518362851762,134.76405099786055,6954800
2020-10-15,134.3572998046875,135.47805597678672,134.1912651374666,135.3535204756462,9458800
2020-10-16,133.98367309570312,134.75575240391998,133.74292481020768,134.2078267874601,8416300
2020-10-19,133.477294921875,133.64332957697312,132.87126273033235,133.24484387121117,9286600
2020-10-20,132.2071075439453,132.83804428176677,131.95804923482598,132.713521461023,11189000
2020-10-21,131.7505645751953,132.30678788156175,131.47660157337822,131.82527830269876,10453700
2020-10-22,130.3806915283203,131.69238670403473,130.3142751395667,131.41011388492413,12664900
2020-10-23,131.1776123046875,131.34365954639546,130.13158308710777,130.18139219256977,8783800
2020-10-26,132.39804077148438,132.8463482411539,132.00785239395515,132.17389970428087,7227300
2020-10-27,133.28631591796875,133.41083870521615,132.7466876154304,133.0206504150031,6062300
2020-10-28,133.41085815429688,134.04180748200804,132.9957652461207,133.97539109658422,11765800
2020-10-29,132.11578369140625,133.5187998899931,131.55956065821843,133.43577623289517,11932400
2020-10-30,130.81239318847656,132.29012301883245,130.81239318847656,132.0244574608385,13095400
2020-11-02,131.79225158691406,132.29920929267365,131.58448224326233,131.8919768138719,10810500
2020-11-03,131.02769470214844,131.2936329343084,130.51241797775023,131.1856014718235,16228700
2020-11-04,133.8699493408203,134.77582066486053,133.4211604425676,134.33535065661218,21570800
2020-11-05,134.1026611328125,134.41847462956423,133.45442172039057,134.3353618100288,18537500
2020-11-06,132.48204040527344,132.90588527892592,132.09143304512494,132.65655954332823,12408400
2020-11-09,129.6979522705078,129.77274620180899,128.50951753571283,129.62315833920664,23245000
2020-11-10,128.9499969482422,129.4901922884702,128.63418341819292,128.78378397288256,12561000
2020-11-11,129.41537475585938,129.59821279978982,128.7920667009787,128.83362310755103,5888200
2020-11-12,131.61764526367188,131.64257655630036,130.23806724039574,130.4292113776232,15999700
2020-11-13,131.44325256347656,131.72581593902814,131.23548313770522,131.60946556784575,7344600
2020-11-16,131.12738037109375,131.54291903691197,130.9860987464636,131.0858239682652,6310400
2020-11-17,131.98336791992188,132.27425001201107,131.80052992167697,131.95013041170992,7444600
2020-11-18,132.36569213867188,132.6150178781357,131.6011025038877,132.50697376541348,10333300
2020-11-19,133.04714965820312,133.57073236696925,132.83938035234127,132.94742444938367,10637200
2020-11-20,134.22732543945312,134.25225675050766,133.29652267678594,133.41287302211933,7246800
2020-11-23,133.61228942871094,133.795127433277,133.2050570219534,133.65384582633632,11300000
2020-11-24,132.28253173828125,132.9889522990624,132.1495563675788,132.96402100220934,10891700
2020-11-25,131.8753204345703,132.8975544933498,131.8254578329189,132.3490405127215,9145800
2020-11-27,133.15518188476562,133.19673827847976,132.62329301642524,132.64822431640752,4708200
2020-11-30,132.98898315429688,133.41282798036568,132.7728949564627,132.99728936143194,13071600
2020-12-01,131.0281524658203,132.05974375989496,130.34596805502144,131.90167602109204,13662800
2020-12-02,129.98828125,130.55398415679932,129.34769544563295,130.5123980621338,12114300
2020-12-03,131.0364532470703,131.294360563861,130.26276937918828,130.562262775115,9626500
2020-12-04,129.11474609375,129.60557875393616,128.75702446844494,129.52239387776072,12734500
2020-12-07,130.27940368652344,130.51234157016336,129.92998416690097,130.07142252654762,9316100
2020-12-08,130.89498901367188,131.50230299777846,130.77852009924152,131.0863407756472,7397200
2020-12-09,130.4624481201172,130.87841050382755,129.7885783954082,130.2378248785475,7750100
2020-12-10,131.61886596679688,131.6854087990288,130.47080535118155,130.81189766367143,10025100
2020-12-11,132.08468627929688,132.60047552376824,131.7103227084979,131.98484668469737,8135900
2020-12-14,131.71865844726562,132.01815189062643,130.70370914999654,131.01984464414554,7535900
2020-12-15,131.2777557373047,131.76858839657976,130.87010795405064,131.2611136844337,6847500
2020-12-16,130.92828369140625,131.3525606224039,130.10467385506428,130.2627415433263,9954200
2020-12-17,130.58184814453125,131.96428654954443,130.27370632190818,131.6894635383741,9422700
2020-12-18,130.1905059814453,131.0649410034454,130.06557943121086,130.8484067326698,6505000
2020-12-21,130.70677185058594,131.0315603962108,130.29037562761025,130.91496996207377,8988200
2020-12-22,131.38134765625,131.43964923410198,130.81505482377497,131.2147916883106,7370800
2020-12-23,130.47357177734375,130.4902311818838,129.46590018221252,130.4319296196948,9266600
2020-12-24,130.9899139404297,131.1065043707465,130.62349595043668,130.66512540544682,3117100
2020-12-28,131.0482635498047,131.12321184518257,129.99894929228887,130.2321302384035,7791100
2020-12-29,130.88168334960938,130.98993774267205,130.2154467521351,130.24042951264235,9030900
2020-12-30,131.1648406982422,131.18982346083024,130.48194463441652,130.59854780303698,9097300
2020-12-31,131.35633850097656,131.64782091685277,131.1231576512369,131.13149370777256,7742100
2021-01-04,131.1981201171875,131.73110678962894,130.36532764728497,130.47359473474177,13152900
2021-01-05,130.22377014160156,130.70679135722781,129.63249453288068,130.70679135722781,10458100
2021-01-06,127.55049133300781,128.12512014156087,126.82595327955202,128.1001373853111,22827300
2021-01-07,126.42621612548828,126.72602190706763,125.96817774982482,126.40955671889944,14651900
2021-01-08,126.01813507080078,126.55112162661783,125.46848911115767,126.15137217920365,13622500
2021-01-11,125.80998229980469,125.92657275376457,125.32696107414048,125.75168071912154,8370700
2021-01-12,125.71001434326172,125.88490634422995,124.86056250945202,125.57676450513394,12186300
2021-01-13,127.12571716308594,127.47550105010703,126.2263128197168,126.30126106376426,12533300
2021-01-14,125.93489837646484,127.11746234721828,125.57679094951045,127.06749682424945,14835500
2021-01-15,126.43456268310547,126.88426503912112,126.1430802269104,126.74269183986794,11624700
2021-01-19,126.8426513671875,126.8842935427707,126.17641468007992,126.26802238339981,9575600
2021-01-20,126.96756744384766,126.98421414678452,126.40958521029177,126.57615389891511,5368900
2021-01-21,126.07645416259766,126.37625996636596,125.83494993250329,126.11809632844977,8162700
2021-01-22,126.48452758789062,126.59278197067538,126.10143745080747,126.45954482975532,9507200
2021-01-25,127.97522735595703,127.99188676473418,127.11745206131586,127.21738309916745,8712600
2021-01-26,127.733642578125,127.91685783694257,127.3505526622162,127.50046183188404,7690300
2021-01-27,128.0585174560547,128.66645247602298,127.85864266394996,128.30835776933404,7895200
2021-01-28,127.35066223144531,127.80037741997457,126.71774433387323,127.75039918215356,10667800
2021-01-29,126.5844497680664,126.99252263474735,126.00149760666797,126.10142863222083,14965900
2021-02-01,126.73120880126953,127.03136217310538,126.30599682539238,126.44773415068477,8165500
2021-02-02,125.9141845703125,125.97254103697682,125.49730541189602,125.68073325937065,9177500
2021-02-03,124.79682159423828,125.55554400356095,124.71345347410865,125.42213974479712,9633100
2021-02-04,124.46333312988281,124.63842782308554,124.06313304530255,124.36328628927058,8262600
2021-02-05,123.42121887207031,124.70521355730328,123.41288587047679,124.3133462060306,10258900
2021-02-08,123.9631576538086,124.4467389153393,123.42955293800574,123.64633820270498,11574800
2021-02-09,124.05482482910156,124.78853580774324,123.94644495971869,124.41334731989608,5218300
2021-02-10,124.88030242919922,124.8803024291992,124.34669768901246,124.46342332836142,8079800
2021-02-11,124.19662475585938,124.88863285348307,124.02152993937972,124.79691894430616,11962700
2021-02-12,122.6541748046875,123.4629213126833,122.58747261904298,123.14608911140711,14088400
2021-02-16,120.78652954101562,121.44520555168071,120.61144746779793,121.0783499592301,17789100
2021-02-17,121.55352783203125,122.04545453716162,120.87818613975773,121.68693211552873,11199100
2021-02-18,121.0616226196289,121.39513335253457,120.32792445150368,120.56970860099337,10755300
2021-02-19,119.45248413085938,120.32793236940992,119.10230737986606,120.11114719822277,12741700
2021-02-22,118.543701171875,119.84437428183799,118.16017963297085,119.25240052987257,13203900
2021-02-23,118.2018814086914,118.81052121834813,117.67660977011556,117.99344189778202,12658500
2021-02-24,117.42648315429688,117.70995784388755,116.02577570775105,116.18419177609246,17363100
2021-02-25,115.50879669189453,116.65938649388325,113.89965029080274,116.32588847232938,52621700
2021-02-26,119.32740783691406,119.47749085085466,116.45927907580311,117.3680847129013,45423300
2021-03-01,117.75141906738281,118.04359059782745,116.94169964152331,117.4175196646853,22048000
2021-03-02,117.75978088378906,117.80986452302304,117.10865536140801,117.2004796124858,12482200
2021-03-03,116.48255920410156,116.99176398859738,115.83144655998476,116.34900710751006,19763700
2021-03-04,115.73129272460938,116.816484836469,115.16366122029689,116.557710901418,22366600
2021-03-05,115.95665740966797,116.31559853759073,115.188678792711,115.33892966371799,20598000
2021-03-08,115.05514526367188,115.94833318272805,115.05514526367188,115.88990651837098,15236600
2021-03-09,116.64952850341797,116.71631092437899,116.00675884693202,116.25718974117474,14463400
2021-03-10,116.88326263427734,116.99177292495622,116.26553478276267,116.69961415781204,12387600
2021-03-11,116.04014587402344,116.3490161689655,115.58103741961739,116.17371071846084,14150700
2021-03-12,113.57760620117188,113.91151832177842,113.23535105409205,113.86142195060368,20402700
2021-03-15,114.24539947509766,114.4373909529077,113.86975954461957,113.93654195808458,11366500
2021-03-16,113.78628540039062,114.46243986467451,113.31882121458665,114.37897139574879,15567900
2021-03-17,112.934814453125,113.13516168635228,111.9831873858198,112.81794841810304,27107500
2021-03-18,111.79121398925781,112.25033517873271,111.1818419036518,111.2820091677392,21615100
2021-03-19,112.48403930664062,112.55082171190192,111.6910189425051,111.92475099219891,18685000
2021-03-22,113.7445297241211,113.86975151708128,113.00159294068216,113.26872257571021,17047500
2021-03-23,114.77132415771484,114.81305202855292,113.6527344479685,114.0200314209498,16768400
2021-03-24,115.3890380859375,115.43077869377973,114.32054475989152,114.41236900216633,13863000
2021-03-25,114.4791259765625,115.74796629569921,114.43738537799993,115.52257725341518,20782000
2021-03-26,114.07844543457031,114.56260836053889,113.71114854332225,113.87809820185979,8433300
2021-03-29,113.11012268066406,114.23705519718287,112.66770034157277,114.220356409639,13968100
2021-03-30,113.70281982421875,113.9532379748106,112.701096272075,112.94318413423925,15020800
2021-03-31,113.06838989257812,114.02001704924263,112.67605115156837,113.81132677157547,19271300
2021-04-01,114.94497680664062,115.03692661473221,113.93354167249645,114.14251734953518,14885900
2021-04-05,114.44342803955078,114.49358015477837,113.63260149707412,114.14250259332375,8243000
2021-04-06,115.2208480834961,115.33787397463819,114.52704717355884,114.65244025648177,9282400
2021-04-07,114.41838073730469,115.43818318609839,114.41838073730469,114.89483870657062,11052700
2021-04-08,115.36296081542969,115.4131257062037,114.81962900327835,114.844705071232,7847900
2021-04-09,114.94497680664062,115.51339728071483,114.59389919979911,114.9366223713098,8717800
2021-04-12,114.89482116699219,114.96169491218058,114.60226288101359,114.90318835692993,7659000
2021-04-13,115.75577545166016,115.78085150644966,114.6858212644416,114.76941661697994,13232800
2021-04-14,115.38802337646484,115.55521414974069,114.99516077288924,115.37966893974715,7293200
2021-04-15,117.31898498535156,117.8455951743616,116.57503186465041,116.60010793294293,23896700
2021-04-16,116.40782928466797,116.80070465463295,116.13197980650965,116.27409451893578,15238400
2021-04-19,116.07347869873047,116.44963245760053,115.81435083717255,115.9731744309961,13886800
2021-04-20,116.60843658447266,116.82576671323746,115.71401449693802,115.73073612372424,11476500
2021-04-21,116.84253692626953,116.95120841327247,116.24905285464435,116.6419155860032,11902200
2021-04-22,117.35242462158203,117.35242462158203,116.35769798569801,117.026422953549,14156400
2021-04-23,117.0765609741211,117.41928423260522,116.60010294209002,117.34405603094763,12302200
2021-04-26,116.90940856933594,117.45274048468015,116.90105413005357,117.15181485721604,9103500
2021-04-27,115.88958740234375,116.87595954076615,115.79763756532869,116.68369267391009,14137300
2021-04-28,115.96477508544922,116.09852257525527,115.32113920612511,115.8979013405462,15263700
2021-04-29,115.62205505371094,115.6554855459476,114.62732890775422,114.89481111023227,17178200
2021-04-30,115.88958740234375,115.96481560857416,115.33788838025329,115.780915934544,15692000
2021-05-03,115.95905303955078,116.90499963718835,115.7581375843588,116.10973005076856,16447700
2021-05-04,116.74594116210938,117.33192853195662,116.49480006829866,116.77105399413378,18639700
2021-05-05,116.93851470947266,117.07245837235571,116.29392200872229,116.38600668025806,11127900
2021-05-06,117.13101196289062,117.35704022247842,116.5282784530342,116.57013743052327,21907600
2021-05-07,116.55343627929688,117.70031139211983,116.28556171237578,117.28174700277881,18346900
2021-05-10,115.3730697631836,116.57015752966174,115.26423895766058,116.3190163949918,15146200
2021-05-11,114.72007751464844,115.08841607753325,114.4940620294326,114.8791339644002,15158600
2021-05-12,113.51461029052734,114.51916176396568,113.31369488641367,114.41033099004181,20859400
2021-05-13,113.69039916992188,114.15918900215227,113.53972219823277,113.79085048438127,13073900
2021-05-14,114.75359344482422,114.75359344482422,114.03366231640031,114.29317014637245,17566700
2021-05-17,114.51081085205078,114.82892379447615,114.32665431932728,114.5443031478683,6113800
2021-05-18,114.21784210205078,114.32667292081268,113.90810856996879,114.1843498007839,11423100
2021-05-19,113.94158935546875,114.93777456524536,113.53139168862826,114.30154856985436,14296000
2021-05-20,114.87919616699219,115.0968578575884,114.41040602351325,114.48574455937806,13310500
2021-05-21,115.24746704101562,115.2725798715108,114.73681819833736,115.23910035537253,10171600
2021-05-24,115.6744384765625,116.00929762314175,115.4316767721666,115.515394752204,6868700
2021-05-25,116.74594116210938,116.77942068028636,116.04274354472602,116.05112300444526,12346900
2021-05-26,116.54505157470703,117.12267238648164,116.26043089960837,116.85478508739855,9793700
2021-05-27,116.07624816894531,116.10136100363782,115.51537357153256,115.94230453487326,10695200
2021-05-28,115.89204406738281,116.61197491739145,115.80832612783318,116.00924151861379,10258000
2021-06-01,115.86605834960938,115.90796478369903,115.0612527022496,115.53910885360892,11778500
2021-06-02,116.1343765258789,116.35233870170805,115.95833359708257,116.15114678308368,7347900
2021-06-03,115.69844055175781,116.11760744240655,115.56431686863856,116.11760744240655,10994000
2021-06-04,117.28282928466797,117.28282928466797,116.12593797265897,116.12593797265897,15773700
2021-06-07,116.92240905761719,117.12361376258738,116.79666411198447,117.02300501412336,7799800
2021-06-08,117.74401092529297,117.92006669851648,117.5428189467084,117.92006669851648,11230900
2021-06-09,118.78347778320312,119.16910403659621,118.41460898990243,118.842154477435,12768300
2021-06-10,119.49605560302734,119.5128258553557,117.93675472730702,118.06251243183794,19698300
2021-06-11,119.30326843261719,119.37871539657976,118.9092505648696,119.30326843261719,8646700
2021-06-14,118.38948822021484,119.12722598262033,118.21343251165634,119.12722598262033,9401300
2021-06-15,118.24697875976562,118.28050648152076,117.7691223790389,118.03739532091171,18207300
2021-06-16,118.14636993408203,118.76674151779274,117.54278139917491,118.54038782222887,19676300
2021-06-17,119.91521453857422,121.49966429336484,118.74155279130473,118.92598717901188,35225800
2021-06-18,122.17034912109375,122.43023048437118,120.82063154462742,120.95476798759488,26616900
2021-06-21,120.12483215332031,121.13084284287149,119.89849126093287,121.04700435475645,16485000
2021-06-22,120.41822814941406,120.45175586226877,119.14395759770814,119.18587683274242,14530200
2021-06-23,120.1080551147461,120.30086825563833,119.6385903585101,119.97391867240576,12040900
2021-06-24,120.30086517333984,120.63619347864386,120.15835000398789,120.23379695388806,8788400
2021-06-25,119.05176544189453,120.21704878603857,118.51523237966902,120.0996825784254,15562200
2021-06-28,120.27572631835938,120.55237794991149,119.63020584473779,119.64697609900166,11460700
2021-06-29,120.4769287109375,120.4853074419327,119.91523393536599,119.96554469720436,11217900
2021-06-30,121.01347351074219,121.49969579499427,120.77874110042843,120.92963502479144,15708900
2021-07-01,121.02024841308594,121.13776773838327,120.48301538192008,120.86075515547257,10810000
2021-07-02,121.75047302246094,121.75047302246092,120.96981214666773,121.07053927679895,9650200
2021-07-06,123.17752075195312,123.38737749881976,122.32130163831822,122.32130163831822,20037200
2021-07-07,124.26875305175781,124.70525862762209,123.58042965196995,123.87423419139819,20964400
2021-07-08,124.7556381225586,125.44397441887874,124.3778985298013,124.97389734267946,17487800
2021-07-09,123.0011978149414,123.38733974683211,122.96762638151569,123.28659982928409,14483600
2021-07-12,122.84174346923828,123.58883298302054,122.69904241701465,123.47131371597523,10610400
2021-07-13,121.90156555175781,123.78188626630073,121.41469645222517,123.2446536062366,23340200
2021-07-14,123.2866439819336,123.32861789522444,122.39685337818369,122.56473622270707,16038600
2021-07-15,124.64647674560547,124.73881419602613,123.42090811353447,124.1931791494913,18462400
2021-07-16,124.41143798828125,124.52055475041414,123.66434873074803,123.68112804268536,12787900
2021-07-19,127.13961029052734,127.5509212946414,126.43448192457436,126.71149435251327,40203900
2021-07-20,125.91404724121094,128.1888999971701,125.71258015451488,128.03779647998823,25674800
2021-07-21,124.31913757324219,124.65490323290557,123.11875036309976,124.38628045826376,19988900
2021-07-22,125.49430847167969,125.7545287341789,124.28553181226961,124.32750571462292,18136900
2021-07-23,124.65486907958984,124.78918043011171,124.14281826328113,124.18479216139863,12639300
2021-07-26,124.28551483154297,125.12494152937441,124.13442417407806,125.0745779768861,10737700
2021-07-27,125.61181640625,125.65379030482507,125.06619415068063,125.35159616717429,13036500
2021-07-28,125.62024688720703,125.63703901382135,124.46184632361248,124.79761200406082,14346700
2021-07-29,124.92351531982422,125.25928095076146,124.68007435005259,124.88993107154782,11532000
2021-07-30,125.51100158691406,125.67888425525898,125.12485992195687,125.1836259006222,14342100
2021-08-02,126.63057708740234,127.10122695050747,125.37830219687505,125.60522724667464,21232700
2021-08-03,126.69782257080078,127.10123493247565,126.39526009348268,126.69782257080078,13361900
2021-08-04,126.9583511352539,127.59710122296667,125.8321514243087,127.32815111777248,18267900
2021-08-05,126.31117248535156,126.84065986957174,126.06744772907602,126.70618484750885,15345400
2021-08-06,124.20167541503906,125.02531266138735,124.12603800781505,124.6555255068766,21144300
2021-08-09,123.75625610351562,124.85724349472994,123.73944351359481,124.51265593472053,12942400
2021-08-10,123.18473815917969,124.02518799204822,123.1763254533331,123.95795046650913,13716900
2021-08-11,123.109130859375,123.73946845384268,122.46199349584906,123.05030601916864,17227600
2021-08-12,122.90741729736328,123.07550473891465,122.2266419990682,122.78134209801246,14709400
2021-08-13,124.84886932373047,124.85726920829649,123.38648148141638,123.40329407479965,18653800
2021-08-16,125.15142059326172,126.08432066598016,125.06737045817893,125.38674558239339,19170900
2021-08-17,125.1009750366211,125.62204988040821,124.9496873832406,125.12618750814319,14126900
2021-08-18,125.5212631225586,125.62211305936725,124.76485012373026,124.98337541915495,13144000
2021-08-19,126.44569396972656,126.45410667684921,125.90780650807287,126.32803148824759,15474300
2021-08-20,126.52972412109375,126.74823645956006,126.15992414503795,126.56333647153217,12388400
2021-08-23,126.44569396972656,126.48771903259377,126.00025651668125,126.23558147963921,10615000
2021-08-24,125.46237182617188,126.12633449109245,125.46237182617188,125.86578422526034,13835900
2021-08-25,124.42021179199219,125.53801182582306,124.0336119753284,125.40354957286347,16743800
2021-08-26,124.76475524902344,124.86561793338765,123.97473048010124,124.3613429843006,16657400
2021-08-27,125.61368560791016,125.63889808657967,124.66397283051977,124.86568548412748,15384700
2021-08-30,125.9415054321289,125.9835176953474,125.16827973051232,125.21871753003563,10596300
2021-08-31,125.08415222167969,126.14311441177932,124.80680223336259,125.79012701507945,15262400
2021-09-01,125.29369354248047,125.71445280789824,124.95709126636775,125.61347469317518,10807100
2021-09-02,125.84065246582031,125.8490758675445,125.17585859773212,125.58820722512316,9765900
2021-09-03,124.69621276855469,124.97391543135103,124.49425653419667,124.77195919699301,12928000
2021-09-07,123.64432525634766,124.1408310033115,123.41712447307566,123.92202794312416,15547800
2021-09-08,124.48584747314453,124.70465053964682,124.03143305293037,124.25864668331522,14533700
2021-09-09,125.99217224121094,126.13522886963612,124.41853648797844,124.68781577661541,20324600
2021-09-10,124.88134765625,125.5293205349623,124.67939142224911,125.30210693115725,14894600
2021-09-13,125.63871765136719,125.79860822471589,125.34418103303496,125.41991461813059,15036100
2021-09-14,127.16188049316406,127.54898471220028,125.87435801853105,126.00058067661067,19918400
2021-09-15,126.71582794189453,127.27964366553034,126.16883333916702,127.24598858316342,11940300
2021-09-16,126.13521575927734,126.60646409582759,125.80702403628311,125.95008064983915,13328900
2021-09-17,125.5293197631836,125.68921034115395,125.13380501995816,125.53773032603057,13782900
2021-09-20,127.0861587524414,127.38068259561767,126.42135178306408,126.70747790232538,14660400
2021-09-21,126.97675323486328,127.03566570598737,126.39610329061054,126.82528603578311,10035800
2021-09-22,127.73410034179688,127.73410034179688,126.5980579566065,126.89258175696493,22277800
2021-09-23,124.84766387939453,126.60643416268293,124.83082991691084,126.58118963923295,23853300
2021-09-24,123.62750244140625,124.41853199162776,123.48444581815097,124.41010858754774,20203900
2021-09-27,123.17311096191406,123.59387039031773,122.76077494003604,122.91224217079318,13464300
2021-09-28,121.25440979003906,122.07910724826034,120.87572899502764,121.45637887297063,26613500
2021-09-29,121.46480560302734,122.38205790072011,120.91782358638098,121.85190985336394,23569400
2021-09-30,121.44793701171875,121.60781471554736,120.88410840557347,121.26280194354743,22567600
2021-10-01,122.47000885009766,122.51212790885378,121.50102621845107,122.04871540769189,26151800
2021-10-04,122.15821838378906,122.56266926406559,121.41675081698803,121.89701855914358,28027600
2021-10-05,120.97865295410156,121.92234635753213,120.87754661997926,121.83809536471632,22659200
2021-10-06,121.66112518310547,121.93918041025631,121.35779337683694,121.52630818990698,18696500
2021-10-07,120.38882446289062,120.77640725017602,120.14446705377678,120.65002435363866,14856000
2021-10-08,119.5462417602539,119.94225865921157,119.25133118210017,119.86641606175195,17257800
2021-10-11,119.24291229248047,119.56308660029241,119.18392503294382,119.31032079329796,7213400
2021-10-12,121.28196716308594,121.34094156378858,120.05178456390746,120.17818032002425,17968700
2021-10-13,122.4615707397461,122.62166429971083,121.82120935674223,121.8464859339098,23584600
2021-10-14,122.91663360595703,122.984042129582,122.13302076857029,122.48690587495545,12946400
2021-10-15,122.20038604736328,122.29307112744014,121.72853940582897,122.17510946705656,11811500
2021-10-18,122.77335357666016,123.01769814197992,121.77067302100855,122.17511116840471,12115900
2021-10-19,121.07972717285156,121.94759059549698,121.03759525918962,121.8886162018542,12156300
2021-10-20,120.26240539550781,121.06286025106662,120.07703527861794,120.70055411332514,12782500
2021-10-21,120.11915588378906,120.61627894282124,119.84110073462212,120.48989608267831,13660000
2021-10-22,121.44202423095703,121.66951338123556,120.66684601587036,120.86905859389572,13740000
2021-10-25,121.25666046142578,121.58526877472829,121.02073720350876,121.05443501598835,8137900
2021-10-26,122.25936126708984,122.25936126708984,121.11344259754951,121.85491030829529,13671000
2021-10-27,124.48382568359375,124.85455321647223,122.95873219728968,123.35474917206764,22092300
2021-10-28,124.0625228881836,124.98093969457166,123.72548035130391,124.52593548399862,17497600
2021-10-29,124.44169616699219,124.7028961220422,123.28735590492234,123.41373883257255,19087300
2021-11-01,123.54572296142578,123.81568779621365,122.92140916653247,123.00578041860436,18035500
2021-11-02,124.09405517578125,124.49902159977619,123.59629842868391,123.59629842868391,9836700
2021-11-03,122.81171417236328,124.8449270050595,122.77796052988079,124.70995105485773,20639400
2021-11-04,124.1025161743164,124.3218633609313,123.04794011190121,123.06480406016493,15922400
2021-11-05,125.95857238769531,126.19479640504048,124.97149069952228,125.3005179289133,21513000
2021-11-08,125.72235870361328,125.9417059168212,125.29208337910705,125.67174110619949,12083800
2021-11-09,127.35906219482422,128.04242550202207,127.08908451268736,127.22407335375578,23430200
2021-11-10,125.030517578125,127.33370776590542,124.04343606907625,127.2493494168725,28170600
2021-11-11,124.8449478149414,125.4186439735863,124.76902141656403,125.29208710304579,5552500
2021-11-12,124.29660034179688,125.29211433219251,123.81570730107352,124.86185177463557,12712000
2021-11-15,122.73577117919922,123.98439844820788,122.51642400270748,123.92533601228183,15232700
2021-11-16,122.42357635498047,123.49502880048257,122.2042292581186,122.91290099250712,12998700
2021-11-17,123.39384460449219,123.41915340286432,121.87526520918675,121.96806842763269,14239900
2021-11-18,123.85786437988281,123.93379077725704,123.13231543406918,123.16606908173199,11054600
2021-11-19,125.1655044555664,125.36798766195898,124.50745012634172,124.50745012634172,14022100
2021-11-22,123.69754791259766,124.55808557161849,123.28416234097175,124.35560233618924,15266000
2021-11-23,121.90901184082031,123.26730653612188,121.9090118408203,123.11544086534697,15318500
2021-11-24,123.86625671386719,123.86625671386719,122.15361383530477,122.28017065051795,13769700
2021-11-26,126.9962158203125,127.12275974779627,125.4270067533248,125.56199552479934,20064800
2021-11-29,125.97547149658203,126.24543633277537,125.00525358568684,125.12336561525501,23234200
2021-11-30,127.89058685302734,128.2955534617775,126.76008403507257,127.24940903237697,31481100
2021-12-01,128.67947387695312,128.73860808900878,126.52552180282402,127.11681236783384,30826500
2021-12-02,128.8399658203125,129.22852708541498,127.34486786062756,129.17783509431644,17754200
2021-12-03,130.37728881835938,131.02768775618082,127.84323082685684,128.1219658637029,34427100
2021-12-06,128.58651733398438,130.37726001683018,128.33310901303724,130.12385169588305,30924200
2021-12-07,127.54762268066406,128.83999160121795,127.42936712221108,128.1557978066764,22115900
2021-12-08,125.34296417236328,127.10835494787446,125.31762462162476,127.0999127272571,33633900
2021-12-09,126.04405975341797,126.5677610063219,125.41898740497138,126.14541796007371,17544900
2021-12-10,125.74000549316406,126.9056767334836,125.69776859959343,126.63537092574387,14298700
2021-12-13,127.5982666015625,127.80943810405122,126.96475209409634,127.03232852155901,17860500
2021-12-14,127.29423522949219,127.48850948852346,126.1201216737001,127.01548717667792,14015500
2021-12-15,126.06941223144531,127.37022327615644,125.96805401439693,126.37349977147869,25383900
2021-12-16,126.11846160888672,126.74423842772754,125.77174690236356,125.78866327676818,18677900
2021-12-17,127.54762268066406,127.67446326066101,126.98104658431758,127.13325528031392,18093500
2021-12-20,126.59198760986328,127.70823580117222,126.50743156420684,127.47990996142084,17147300
2021-12-21,126.1099853515625,126.1691732953502,124.83306385227519,125.2727991773986,16598200
2021-12-22,126.69348907470703,126.72730891659747,126.01697610619361,126.61737184948319,12253900
2021-12-23,125.59419250488281,126.50748333421967,125.17982513034384,126.49901869380308,11642500
2021-12-27,125.89860534667969,126.00852952613529,125.42505007187974,125.54343889057972,7821800
2021-12-28,125.39959716796875,126.65960186876002,125.16281966630953,126.5073932905817,9174600
2021-12-29,124.0296859741211,124.57089361244321,123.80982480659921,124.23264367726986,11771200
2021-12-30,125.06986999511719,125.12907085583441,123.84369732916768,124.52021039075088,10355000
2021-12-31,125.31510162353516,126.02543447131131,124.67240846309855,124.99375504331685,13402300
2022-01-03,122.02554321289062,124.25802660021253,122.00862684309159,123.80983957610918,33860400
2022-01-04,121.51815032958984,121.88178129650525,120.70634526048241,121.4420460237502,21996400
2022-01-05,120.85855865478516,121.90715422257034,120.68098193413222,121.89023785280025,20911700
2022-01-06,121.17142486572266,121.29827826748874,120.32578713424648,120.57948103437089,18996400
2022-01-07,120.30043029785156,121.12916464274309,119.70848641107831,121.03614396743522,18756800
2022-01-10,120.596435546875,120.76556056598331,119.5393880481833,119.78461739037856,13775800
2022-01-11,121.39976501464844,121.45896585648455,120.67251596348764,120.82473748291675,24388700
2022-01-12,120.93467712402344,121.78031506381262,120.92622538985349,121.68729437429937,14440600
2022-01-13,122.00865936279297,122.12704817612214,120.95161177827792,121.25604199875477,15166000
2022-01-14,120.1651382446289,121.31520618506674,119.90297968404957,121.28137344667826,22997500
2022-01-18,118.47391510009766,119.49713007993749,118.40626249676212,119.20116445668613,21171700
2022-01-19,119.29415893554688,119.835366739782,118.651465796922,118.8375071893227,17930500
2022-01-20,120.02983093261719,120.07211540313551,119.3110336440319,119.54781119484402,13959000
2022-01-21,121.4590072631836,121.85645821172086,120.647188990759,121.2645012051922,28916600
2022-01-24,120.46109008789062,122.08471295453022,120.4441737206131,122.02552502417015,25001600
2022-01-25,120.26664733886719,121.52665270830359,119.91148089790273,121.01926470497555,15599000
2022-01-26,118.81214904785156,120.56262604952575,118.80369731236507,120.30046740848923,23655500
2022-01-27,120.99391174316406,121.23914113664627,120.35968311130729,120.42733571378176,21501800
2022-01-28,121.0361557006836,121.31521775365947,119.95374023039483,120.15668506644258,12826500
2022-01-31,120.41035461425781,120.88390967361892,120.04673658775111,120.2327650152936,13998400
2022-02-01,120.01073455810547,120.55269614579157,119.45183303666508,120.48494933215787,20806100
2022-02-02,120.41715240478516,121.5772983385446,120.18850861909854,120.20544854580298,18404600
2022-02-03,119.47721862792969,119.80747621919217,118.70661327452335,118.92679361628605,17234100
2022-02-04,117.7157974243164,118.67270290687222,117.52103351135102,118.42713214020951,23609800
2022-02-07,117.79205322265625,117.96987725980588,117.32630206591607,117.6311561938387,12962400
2022-02-08,117.0044937133789,117.35169116247405,116.70811604721236,117.03837356866464,16269200
2022-02-09,117.22468566894531,118.02069445715618,117.02145818012995,117.47026944643923,14349100
2022-02-10,115.3616943359375,116.71660456744455,115.03143674369763,116.57264745507143,30896200
2022-02-11,117.0722885131836,117.2924559773148,114.6249912810111,115.90367853278413,43210300
2022-02-14,115.6156997680664,116.64035203642214,115.14148523511321,116.12379415130307,23157400
2022-02-15,114.30316162109375,115.0314235256035,114.2692946838194,114.82819605919713,18198500
2022-02-16,114.98060607910156,115.22618980691877,113.90514678993215,115.12456316168661,16473700
2022-02-17,115.83589172363281,116.49641973074834,115.08222641188908,115.54797754192839,24508200
2022-02-18,117.05535888671875,117.17391259651934,116.14927258782538,116.45412683036764,17522600
2022-02-22,117.36016082763672,117.4279076203864,116.41173157190005,116.59803202161683,19534000
2022-02-23,115.74272918701172,116.73351463161339,115.64959189228979,116.58954463469443,17757800
2022-02-24,115.8189697265625,118.02068246713421,115.37862200989606,117.79205156544414,28150400
2022-02-25,115.90367126464844,116.27627227395459,115.31936631108954,115.89520775857632,15025400
2022-02-28,118.4440689086914,118.58802597982765,117.131515342044,117.22465263391635,25817700
2022-03-01,119.81350708007812,120.6868812015957,118.71118633356792,119.01644418739394,35664400
2022-03-02,115.71797943115234,119.06732845673484,115.66710527427414,118.5755233760895,30397400
2022-03-03,116.89659881591797,117.60886281187408,116.18433481996186,116.58286625689992,20649100
2022-03-04,118.91472625732422,119.40653142180689,118.12613787580167,119.01647458842552,25853100
2022-03-07,118.00741577148438,119.2538844609897,117.66824607492961,117.96501632479138,23710900
2022-03-08,116.82028198242188,117.22728811222193,116.37935112768507,116.59981008580768,28331300
2022-03-09,115.67557525634766,116.45567581972504,115.42967919532919,116.22674212313673,18819200
2022-03-10,114.01361083984375,114.61563884383717,113.3861328233024,114.32734337886873,26868900
2022-03-11,114.39519500732422,114.85307533934558,113.80164163674354,113.9033899464165,15583800
2022-03-14,111.72417449951172,112.68234745014958,111.69026271243678,112.521237349937,24385000
2022-03-15,111.52919006347656,112.90284432488866,111.24089449180916,112.65694820517145,17518800
2022-03-16,112.62303161621094,112.88589009322659,110.50318849383228,111.78356908189058,25857700
2022-03-17,111.78355407714844,113.06393449334085,111.13912651230547,112.62301649878749,19330600
2022-03-18,113.14874267578125,113.23352863316212,112.41104144794248,112.41104144794248,55891700
2022-03-21,110.52860260009766,111.64787280802767,110.01983518108851,111.3171778672196,26122000
2022-03-22,109.112548828125,109.67219046557906,108.82425329555574,109.3499831391464,21830900
2022-03-23,111.50373077392578,111.58852966093838,109.2651773048255,109.69762057620508,21266100
2022-03-24,110.63034057617188,111.23236859599687,109.8926395321499,109.9350260310312,17141600
2022-03-25,109.09561157226562,109.82483813738547,108.23919312360202,109.80787576931407,25684500
2022-03-28,110.02833557128906,110.70668797544415,109.41781970139907,109.7146029214969,17657800
2022-03-29,110.85930633544922,111.54613334865296,110.01136919549518,110.70667092224063,19319700
2022-03-30,111.72417449951172,111.93615874958262,110.22333532472383,110.29117183736554,16310200
2022-03-31,111.99555206298828,112.49583192868455,111.63941997528102,111.91075316370278,19901000
2022-04-01,112.42182922363281,112.91438749826006,110.15437139688397,110.40913174728706,23489700
2022-04-04,111.64059448242188,112.08218796824156,111.00366734423861,112.03972356736618,13609900
2022-04-05,109.11832427978516,111.06306876816534,108.9484667349669,111.04608042202125,25196900
2022-04-06,108.23511505126953,108.95697076418617,107.34342122573773,107.3688972665878,22952000
2022-04-07,107.41986846923828,107.57273122070444,106.5026984395983,107.09716109576839,23458800
2022-04-08,106.25640106201172,106.8593577900913,105.5260576495985,106.53664399255862,26859200
2022-04-11,104.5749282836914,105.46662874154003,104.08236981213393,105.23733137619291,30020700
2022-04-12,104.4305648803711,105.44115791876615,104.17579145717924,105.34774142887296,23124200
2022-04-13,104.6428451538086,105.56002145029687,104.36259576113348,104.49847661060826,17189500
2022-04-14,102.54524230957031,104.39657696405634,102.23102267144641,104.33713070594168,34274500
2022-04-18,102.03570556640625,102.8254952968304,101.64505778822908,102.64715651630318,18784300
2022-04-19,101.2713851928711,101.67052711876582,100.77882679584543,101.18646289524915,26012300
2022-04-20,103.30955505371094,103.5813102997031,101.84037400311954,102.09514738086801,31423200
2022-04-21,102.54524230957031,102.68112317335022,101.20344793594656,102.61318274146026,23323200
2022-04-22,101.89983367919922,103.13122986159613,101.74697092825191,101.9677741194329,19773400
2022-04-25,102.91889190673828,103.76812773340227,102.86793335131293,103.08024230797892,25418900
2022-04-26,103.95496368408203,104.48148576531193,103.40295908481858,103.9804397229602,26931300
2022-04-27,102.62165069580078,103.87852252736859,102.56220444912118,103.76812420615074,14560500
2022-04-28,102.7745590209961,102.8170234213982,101.91683514946234,102.23954256338178,16892500
2022-04-29,101.44123840332031,102.73208076176412,101.15250127105263,101.32234588072109,26153400
2022-05-02,99.68285369873047,100.61009337443564,99.47018333382366,100.26131735088438,29233900
2022-05-03,100.35491943359375,101.49482977638286,100.2868633411384,101.26514857707882,21256700
2022-05-04,100.90785217285156,101.20558943022448,99.82748292300283,100.35490784333875,25575700
2022-05-05,98.1431655883789,99.07891430834528,96.99473991958796,98.97683015173196,48384500
2022-05-06,96.69696807861328,97.86240411264014,96.39072220821477,97.09678943664385,32790500
2022-05-09,97.54765319824219,97.58168123955885,95.80375988951418,96.00792164722884,26773000
2022-05-10,98.432373046875,99.49572511050063,98.236719901672,98.58549600364454,33640800
2022-05-11,100.32938385009766,100.32938385009766,97.35199843203479,97.60719900232908,34173600
2022-05-12,100.1422348022461,101.13753067497595,100.09119598524003,100.39743537746168,26405700
2022-05-13,98.66202545166016,99.65732106971272,98.59396938627614,99.51270679840943,20782700
2022-05-16,98.5599594116211,99.47869699208437,98.55145077934326,98.85769663949768,11050600
2022-05-17,97.36898803710938,98.12609393101873,97.28392119884005,97.58165837787456,15040800
2022-05-18,99.4447021484375,99.52976902905742,97.49664007836257,97.59021559410057,21337300
2022-05-19,99.68285369873047,100.9929039253786,99.4021272594092,100.92484785096414,21937500
2022-05-20,100.81427764892578,101.24812058947761,99.58078544196385,99.60630485138626,22780900
2022-05-23,99.15547180175781,100.59312616803832,99.13846102087902,100.13375720206372,15925200
2022-05-24,101.11199188232422,101.7755223369389,100.26131048098559,100.29533851586122,23388200
2022-05-25,101.5118408203125,101.75853927269696,100.8823317389787,101.75003063911521,14410800
2022-05-26,101.05243682861328,101.30763733567277,100.21026412200499,101.24808990167386,14912900
2022-05-27,101.29918670654297,101.86063329971999,101.00995152991064,101.5373765636597,11190400
2022-05-31,99.15547180175781,99.72543355910003,98.61954458654773,99.68289687162213,28393700
2022-06-01,99.0420913696289,99.99654548737901,98.590429117232,99.73236715146332,15544800
2022-06-02,99.09324645996094,99.45969061773495,98.39444672905849,99.3915134484438,9832000
2022-06-03,98.88018035888672,98.90574516745889,97.891637584284,98.07911501439041,15330400
2022-06-06,97.05648040771484,98.4370385399188,96.98830325265335,98.13024784387348,20815400
2022-06-07,98.10468292236328,98.66712819663974,97.64449687882907,97.67006168651464,14278700
2022-06-08,97.23543548583984,98.11319518079313,97.21839444883003,97.72971008162766,11476100
2022-06-09,97.55925750732422,97.75525865818554,96.87749910896234,97.01384688759674,15527300
2022-06-10,96.9542236328125,97.67007082363317,96.27247152440403,97.45702207068076,21917100
2022-06-13,93.91188049316406,95.16460810465679,93.09377412482281,95.01121275423459,36968300
2022-06-14,92.72735595703125,94.57662444895567,92.53987197613938,94.1931327148405,21865900
2022-06-15,94.4572982788086,94.58512883943968,92.91482728526202,93.81815197738555,25202800
2022-06-16,95.20726013183594,95.20726013183594,92.13935834652568,92.42057785472628,26067300
2022-06-17,95.5140151977539,96.15316143462047,94.55955447674309,95.45436180904898,21614300
2022-06-21,93.89484405517578,94.61068472439617,93.57952956893435,93.81814312534115,17663800
2022-06-22,96.47701263427734,96.56223084935736,95.7696890958204,96.03387401482142,23703800
2022-06-23,97.26953125,98.14729100982146,96.71560323114494,97.06500628211236,20669200
2022-06-24,95.92306518554688,97.29509962802393,95.8719355671319,96.69004197043029,18161300
2022-06-27,95.10497283935547,95.63333614742203,94.73001141267109,94.78114103864334,12053000
2022-06-28,95.54808807373047,95.59921768372237,94.48284452069457,94.84076479409927,13706600
2022-06-29,97.03943634033203,97.06500114724915,95.59070109829479,95.7696612484457,12925400
2022-06-30,97.89164733886719,98.65861767938459,97.78938159265648,97.88312356791657,25802100
2022-07-01,98.89665222167969,100.4080210949668,98.38432412130805,98.96496437229064,21858800
2022-07-05,99.67369842529297,100.5446556331407,99.19551983693582,99.81031622581936,16689700
2022-07-06,98.00008392333984,100.36534190982756,98.00008392333984,100.23725824201603,20205400
2022-07-07,97.13765716552734,98.34162788158439,96.92418657977348,98.28185637815751,13088000
2022-07-08,96.06178283691406,96.91566535101997,95.67753831140904,96.91566535101997,15320000
2022-07-11,97.71831512451172,98.01717269579476,97.08643738567734,97.16329019806811,13639900
2022-07-12,98.29893493652344,99.24674483205169,98.17085128571595,98.63194851985985,18547300
2022-07-13,99.42607116699219,99.60538569361536,96.87295803817183,97.1462001522556,20594800
2022-07-14,98.61490631103516,99.18701264278063,97.74394886663192,98.26481780898355,15665000
2022-07-15,99.1698989868164,99.75053926518459,98.70880172035294,98.91373166724595,16022600
2022-07-18,98.1366958618164,98.46970944736061,97.4962841181383,98.40993794520153,15838300
2022-07-19,97.60729217529297,98.32455675769471,97.05227384337684,98.11962681183944,9276800
2022-07-20,97.86345672607422,98.66610822033358,97.38528469439903,98.60633671637419,9117300
2022-07-21,99.55415344238281,99.66516233215296,98.20502409912173,98.35872320336745,14754900
2022-07-22,101.2277603149414,101.84255016574774,100.73250696340334,101.00574906863027,17715300
2022-07-25,100.23724365234375,100.36532730151254,99.45167349219591,99.65660342210295,24868100
2022-07-26,100.31412506103516,101.8169536618232,100.24581289337928,101.4924806373681,13536000
2022-07-27,99.75054168701172,101.17652373121466,99.65661410186247,100.7666638274777,15725600
2022-07-28,100.5446548461914,101.54369571300485,100.17748514540452,100.80082217775653,16637900
2022-07-29,100.27141571044922,101.87671236072666,100.18602876892705,100.5019611040197,16655900
2022-08-01,102.6863021850586,102.73762613861686,101.00965226223637,101.15507448161398,17974600
2022-08-02,100.51348876953125,103.24232514884244,100.33384842383973,102.78039003430291,17896300
2022-08-03,102.09605407714844,102.21581432380998,99.51264607945022,100.23120755941945,16731200
2022-08-04,102.06184387207031,102.26715276212975,101.40316246418521,101.7795555695164,11003000
2022-08-05,99.6324234008789,100.17990077271243,99.1362699931407,100.1456826211672,19492300
2022-08-08,101.24063110351562,101.39460951272369,100.56483733679384,100.6332736356518,17476300
2022-08-09,100.84710693359375,101.24916193069751,100.47927007735446,100.7102408965789,8223200
2022-08-10,100.18842315673828,101.71965065819114,99.8548044497313,100.71023837055797,14665300
2022-08-11,97.85308837890625,100.13709544413372,97.59645558500613,99.97456743267716,20663800
2022-08-12,98.84541320800781,98.8625190184316,97.88732466316877,98.46046394580767,12178400
2022-08-15,98.75985717773438,99.87192403885156,98.75985717773438,99.51264330886987,9031800
2022-08-16,99.17046356201172,99.24744948907117,97.7247780182008,98.58876818282538,11066000
2022-08-17,98.13541412353516,98.46047677549797,97.78468296292557,98.42625862374739,14131300
2022-08-18,98.28080749511719,98.92238296742048,98.0241746956186,98.34924377850923,10738200
2022-08-19,96.69827270507812,96.95489902254992,96.441639861162,96.86080727465463,16330900
2022-08-22,96.37318420410156,96.62981045263707,95.91979876478128,96.54426836979191,10457200
2022-08-23,95.84281158447266,97.0746384458178,95.58617881287826,95.97112797026986,17813200
2022-08-24,95.1413803100586,95.69741377253847,94.83342351626801,95.37234464217944,13971600
2022-08-25,96.46729278564453,96.74103141445403,94.94462125498896,95.22691605151105,21429700
2022-08-26,97.1944351196289,97.51094159333731,95.81718555016359,96.06526224869812,18764400
2022-08-29,96.39032745361328,96.67262231046014,95.91983602553519,96.61274217656339,14278300
2022-08-30,96.62982940673828,97.10032074433823,95.98825386988955,96.33898496272657,14346600
2022-08-31,95.7059555053711,96.9548883874476,95.44932921604897,96.39886149736117,13623500
2022-09-01,93.95377349853516,94.51098241264431,93.38799686869092,94.18523262820314,22490400
2022-09-02,94.48524475097656,94.77670398563674,93.84231304367839,94.02233313689314,13024400
2022-09-06,92.14495849609375,93.41367977815726,92.08495180614581,93.35367308820932,24648500
2022-09-07,93.60231018066406,93.850911289199,92.76220965733076,92.85650685505922,17050100
2022-09-08,92.6421890258789,93.88518793163752,92.6250470550075,93.30226281839938,14671400
2022-09-09,92.84791564941406,93.2679691045204,92.26499059725181,92.86506415872944,12529800
2022-09-12,92.08496856689453,93.3451158254045,91.65634740632595,93.12223099064168,14806900
2022-09-13,92.29930114746094,92.35930786263403,91.07344407443232,91.34776142097236,22158900
2022-09-14,92.61647033691406,92.76219997628868,91.82780889298498,92.01639672851891,13077800
2022-09-15,92.55647277832031,92.74506717273532,92.22214873012686,92.45360132493727,10260200
2022-09-16,91.78494262695312,92.62504304860951,91.52776729332106,91.75065214645282,18903800
2022-09-19,91.99923706054688,92.4278581811309,91.55347397284476,91.69062933050722,11084400
2022-09-20,91.08198547363281,91.58775524188928,90.35333089789157,90.60193192542476,20133800
2022-09-21,92.60789489746094,92.61646915267939,90.84197765640812,91.46776094230489,23132900
2022-09-22,90.24190521240234,90.83340456548805,89.7790000685202,90.68767492610885,29030600
2022-09-23,90.61051940917969,91.23630924127009,89.63326359267504,90.30191162078448,23042200
2022-09-26,88.87887573242188,90.36190768578788,88.48454508672808,90.31904295767886,25104600
2022-09-27,86.53861236572266,88.27881982498339,86.49575417249086,88.04736072861941,34609500
2022-09-28,89.43608093261719,89.53894581159686,87.8501841593703,88.4073863611475,39283100
2022-09-29,88.97318267822266,89.35037139826096,88.12451459837645,88.21023752377425,19127100
2022-09-30,87.82449340820312,89.89045101719749,87.63590554792735,89.38467453033408,26485700
2022-10-03,89.21993255615234,89.95032651932797,88.63561607444156,89.2371154427388,27192200
2022-10-04,88.97077178955078,89.92458297476047,88.76454429313769,89.49493853298507,13788700
2022-10-05,88.12006378173828,88.3692517496548,87.28655264675,88.27473601870366,20522100
2022-10-06,87.63026428222656,88.3692465309166,87.24358043472269,88.15442435647638,13965700
2022-10-07,86.7795639038086,87.32091998009535,86.33273666476242,86.62489167570558,14814800
2022-10-10,85.43048095703125,86.3671090488162,84.8977261589238,86.35851432617987,15652600
2022-10-11,85.8085708618164,86.70223190438534,85.06098732612874,85.7054538568018,33246700
2022-10-12,86.22964477539062,86.39291177367706,85.23287300296595,85.31020586161463,21447600
2022-10-13,85.40470886230469,86.25540289438803,84.50245304692486,84.519642493308,30292500
2022-10-14,84.7000961303711,86.09214633623274,84.42512397862903,86.09214633623274,18728200
2022-10-17,84.28763580322266,85.63672552177354,84.15874772705196,85.31878630356142,18969900
2022-10-18,84.48524475097656,84.60554461607164,83.2392790528414,84.16730564702473,16931500
2022-10-19,82.94715118408203,83.7119177318958,82.76670131327971,83.51428496876385,25431600
2022-10-20,81.52931213378906,82.77528472261423,81.40901223636493,82.43156792032272,25434900
2022-10-21,80.05992889404297,80.7129901603489,79.27797956373489,79.93103427418812,46280300
2022-10-24,79.39830017089844,80.38648377307241,78.92568862677258,79.75919995594668,31332600
2022-10-25,81.70977020263672,81.83007666802038,81.15123771804042,81.27153762757071,31213100
2022-10-26,82.88701629638672,83.08465565130402,82.29410478748963,82.29410478748963,24843900
2022-10-27,83.75487518310547,84.12436960639111,82.68076424981614,83.33382553289485,20270000
2022-10-28,83.17916107177734,83.89236581570299,82.8440389537324,83.23071630352165,22244100
2022-10-31,82.58625793457031,83.02449711574221,81.65822433533127,82.80108016277264,23956700
2022-11-01,83.35807037353516,83.9179843429132,82.87568618920534,83.88352739089085,17585100
2022-11-02,82.99627685546875,84.09887296074757,82.66032981001634,83.47866758052163,25010500
2022-11-03,82.5483169555664,83.0220850405279,81.91087349494475,81.97978736722632,29097500
2022-11-04,81.16150665283203,82.40193083256138,81.16150665283203,81.91954000044849,23561400
2022-11-07,80.35175323486328,81.71277294863836,80.3172962908701,81.66109081864363,14522800
2022-11-08,81.23042297363281,81.79894635818584,80.7738732030765,80.79972085091364,20360600
2022-11-09,81.49746704101562,81.85063941124675,80.70497660694188,80.81695680784566,15637500
2022-11-10,84.63292694091797,84.78797989437633,83.24606623831525,83.32359600103929,45380900
2022-11-11,84.32283020019531,84.73630697836062,84.02134013902813,84.04718120541526,15943100
2022-11-14,84.1161117553711,84.40898599507959,83.63372098998103,84.34007866173107,13741100
2022-11-15,85.47712707519531,85.53742509602871,84.51235216986956,84.63294821153636,26608200
2022-11-16,87.34635925292969,87.3894255059576,85.91642558379874,86.15761763112434,28507700
2022-11-17,86.4246597290039,86.6313948364835,85.9508849285397,86.3126730096266,24528900
2022-11-18,85.8302993774414,86.90705444447272,85.752776167171,86.6572464802825,14941300
2022-11-21,86.1921157836914,86.8467849194114,85.96815538809771,86.73480472161455,15534000
2022-11-22,87.41526794433594,87.53586396082518,86.5969303215989,86.70030115229969,18103100
2022-11-23,88.93997192382812,88.93997192382812,87.9321307199838,87.98381286213224,23234600
2022-11-25,88.63845825195312,88.66429931615998,88.23359738740606,88.38865034463707,9486100
2022-11-28,88.88829040527344,89.42235673653171,88.45758835903719,89.25007854683388,14563200
2022-11-29,87.84599304199219,88.69016537998736,87.78569501784968,87.99243016176804,16576400
2022-11-30,88.49201965332031,88.49201965332031,87.32050990147492,87.53586086215253,21581700
2022-12-01,91.3189926147461,91.36216140742144,89.02219940494197,89.06537478525546,53156800
2022-12-02,92.46735382080078,92.47599021170016,90.32599001228144,90.92177581925277,24479500
2022-12-05,91.17220306396484,91.5175863541264,90.57642364076544,91.38806679686103,20159700
2022-12-06,92.34650421142578,92.72642649723963,91.69028319292356,91.95795211921688,21754500
2022-12-07,94.52241516113281,94.70373991151774,93.42582367707917,93.57261602631904,30546700
2022-12-08,94.26335906982422,94.50512536014813,93.65894334401445,93.85753425922167,13377300
2022-12-09,91.8111572265625,93.39991101350203,91.75934545515338,93.20132008395349,25872200
2022-12-12,92.1047134399414,93.34809034530589,91.75070043016423,93.13222666521548,16897100
2022-12-13,92.9941177368164,94.18569006909159,92.78689034375813,94.15115107230854,23854700
2022-12-14,93.39126586914062,93.52941519905336,92.29467468341109,92.95953850825363,19517500
2022-12-15,93.75568389892578,94.44812143077675,93.61720035469982,93.81627168769471,20246200
2022-12-16,92.70835876464844,93.33155110056072,92.01592136839648,92.2669297594485,20838300
2022-12-19,91.15038299560547,91.60911998962386,90.8647586620666,91.60046930927946,26126800
2022-12-20,89.53180694580078,89.8520537615497,89.23751877061416,89.47986985396093,28869000
2022-12-21,89.75686645507812,90.36275092221308,89.11636605594546,90.26754060028577,15894100
2022-12-22,89.73955535888672,90.12039663331186,89.47988965294718,89.73089807440255,11322500
2022-12-23,88.4239273071289,88.98652530039944,88.30274514159875,88.78745399300081,15408900
2022-12-27,86.67552185058594,87.4804775352636,86.56300357768978,86.97846074190063,26475700
2022-12-28,86.16486358642578,87.22947846162762,85.99175091319192,87.11696017670556,17302900
2022-12-29,87.1429443359375,87.41126078320536,86.37261093271874,86.43319873060422,16593000
2022-12-30,86.17350769042969,87.03040049949722,86.00905891787525,86.44183066256977,20810200
2023-01-03,87.81803131103516,88.57970711481615,87.2813920334521,88.45853156884125,25313200
2023-01-04,89.02115631103516,89.56645299534846,88.46720894545307,89.34140981446403,21678200
2023-01-05,89.39334106445312,89.40199834936783,88.09502567733522,88.17292803442054,14771100
2023-01-06,91.037841796875,91.14170936701026,88.83936108912853,88.89129157241061,27473700
2023-01-09,91.52259063720703,91.68704605631247,90.2502403187217,90.37142251419245,21472200
2023-01-10,90.00788116455078,90.72628396973016,89.58376663047002,90.47527552200819,20545200
2023-01-11,91.47064208984375,91.50526462406879,90.62240651026335,90.85610696538905,18794000
2023-01-12,93.27096557617188,93.31423878724992,90.50122252784655,91.59180914203094,32029600
2023-01-13,92.39676666259766,93.30558995972443,92.07651319711326,92.69970556044902,17750800
2023-01-17,91.7995376586914,92.31886901983628,91.44466827238648,91.46197623609078,13911700
2023-01-18,94.02399444580078,94.14517001578642,92.7170284261596,93.87685362561443,35497200
2023-01-19,93.43543243408203,93.79896577824248,92.99400993632995,93.56526529959834,17194700
2023-01-20,91.92072296142578,92.82088905166032,91.84282721113854,92.57853791266895,22754100
2023-01-23,91.48794555664062,91.92071730781409,91.30618221357652,91.37542727862176,12961500
2023-01-24,92.80357360839844,93.00264491214104,91.21962744445273,91.85147709468835,16417200
2023-01-25,93.02861785888672,93.40080182632256,92.30155788836358,92.93340754603759,11906500
2023-01-26,92.59583282470703,93.17574529898066,92.1717118179351,92.7343163303436,15549400
2023-01-27,92.36216735839844,92.57855328321997,91.8428424595416,91.91208754034234,11845500
2023-01-30,92.02461242675781,92.75167262002566,91.91209411508862,92.14578802503998,11459700
2023-01-31,92.76032257080078,92.85553291206729,91.63511965226677,92.59587374790165,13705300
2023-02-01,93.87537384033203,94.23115615439733,92.34809654293575,93.32868103652211,25305800
2023-02-02,93.99687194824219,94.89067423440524,93.79728188038526,94.51753276711216,19548400
2023-02-03,92.5910873413086,92.94687633825713,92.05307399839783,92.65183099681666,20619500
2023-02-06,91.90555572509766,92.25265854892841,91.70596564288918,91.76670929911576,15182400
2023-02-07,91.16795349121094,92.18324986172536,91.11588938728393,91.40225520000756,18290300
2023-02-08,91.601806640625,91.61916574957094,90.58651724577517,91.15056911643404,13530700
2023-02-09,90.73405456542969,92.52166576948747,90.58653521293101,92.39149890881625,20469900
2023-02-10,89.71874237060547,90.62990354523684,89.48444737686134,90.59519194976366,16598300
2023-02-13,90.47373962402344,90.61257943898724,89.8836555141618,89.99646327760505,13134300
2023-02-14,90.26545715332031,90.96835554737825,89.50182172804716,90.42165606082635,15440300
2023-02-15,89.4237289428711,90.2047168891697,88.94645264630039,89.8576140777311,15246900
2023-02-16,88.1567611694336,88.7034605688996,87.93114571052298,88.57329372995244,19267300
2023-02-17,88.8423080444336,88.8423080444336,87.61875554159643,87.73156328083188,19560900
2023-02-21,87.11549377441406,87.81838587225225,87.02003847463794,87.65351395310087,22728000
2023-02-22,87.91378784179688,88.24354472119177,87.60139007213886,87.63610167105203,15165400
2023-02-23,88.77290344238281,89.0245510007488,88.05265251171627,88.1133961672808,15829100
2023-02-24,87.61876678466797,88.33901771055501,87.26297778974958,88.02661987813562,21403600
2023-02-27,87.86173248291016,88.25222642349861,87.56669379367642,87.89644408527198,14209200
2023-02-28,88.26092529296875,88.26960485059882,87.0200133743754,87.27166758114609,14955700
2023-03-01,87.31272888183594,87.8868651087026,86.95606316886689,87.70418509847794,19000000
2023-03-02,86.53849029541016,86.68637313012144,86.0165399474596,86.17312372446989,23763600
2023-03-03,88.63497161865234,88.64367256149487,87.48669272780704,87.79986030138983,30877300
2023-03-06,87.94775390625,89.02643866008799,87.85206343389838,88.92205388070484,16631900
2023-03-07,88.48706817626953,89.0525098656609,87.75634179572,88.26089017313834,23096500
2023-03-08,88.5740737915039,89.57446978756398,88.22610910110808,89.07862226073414,20252400
2023-03-09,88.79156494140625,89.18302113198864,88.1478344762956,88.33921541813605,21550400
2023-03-10,91.85363006591797,91.94062622043306,90.47047881587515,90.49657500747978,43921500
2023-03-13,92.06241607666016,94.90701388743827,91.37518758069618,94.12409492767709,51502500
2023-03-14,90.54876708984375,91.87103164633247,90.25300140347441,91.46217361421918,38417800
2023-03-15,92.29728698730469,93.69784014960844,91.64485563729517,92.88882501012165,45164100
2023-03-16,91.57526397705078,93.97621327183901,91.37518874066224,93.41077142500708,43089300
2023-03-17,92.94970703125,93.71523063641226,92.61044330146184,92.77572801382627,38129000
2023-03-20,92.13202667236328,93.04542675652968,91.96674190799577,92.97583247291428,24242800
2023-03-21,91.34039306640625,91.70575304582184,90.94023595034987,91.40998733968785,18934900
2023-03-22,92.55826568603516,92.60175712889064,90.8532458232217,91.04462675503625,26388500
2023-03-23,92.55826568603516,92.6887532883519,91.183808663799,91.6535600500142,25475100
2023-03-24,92.94970703125,93.45425547340257,92.43646428403811,93.1584831795333,23652700
2023-03-27,90.76624298095703,92.00151800348142,90.75754867515116,91.38388381065656,22224500
2023-03-28,90.93153381347656,91.06202141494808,90.48787862322345,90.67925955379833,17794300
2023-03-29,90.74884796142578,90.86193366905941,90.12251282434016,90.20950234074101,16804400
2023-03-30,91.16641998291016,91.38389712348307,90.70536286992008,90.87064762055569,14315800
2023-03-31,92.53215789794922,92.69743597908966,91.4099752776436,91.6448476228823,25396700
2023-04-03,92.96736145019531,93.40341849888638,92.18245743181087,92.33943823548776,18234800
2023-04-04,93.42955017089844,94.01387148104192,92.22603550713042,92.25219785686663,18052400
2023-04-05,94.40634155273438,94.51099762923404,93.67376897834224,93.98772390043754,23047700
2023-04-06,94.65055847167969,94.94708077655476,94.52846300899691,94.55462537189983,16447300
2023-04-10,93.12430572509766,93.9789801329082,92.93243963434223,93.87432408694163,19134400
2023-04-11,93.31620788574219,93.3946949602801,92.88887384350774,93.35981625184269,13971200
2023-04-12,93.22027587890625,93.46446676300069,92.33943877239199,93.35981732907597,20563000
2023-04-13,92.48767852783203,93.65630791925992,92.33941411319502,93.35979239738745,22079400
2023-04-14,91.64173889160156,92.05163352802973,91.37137903246928,91.9120920970322,19801900
2023-04-17,90.55162048339844,91.21442249571518,90.44696438233102,91.06616467614724,19528800
2023-04-18,90.87425994873047,91.21438381583924,90.52541973383984,90.5341360816217,15922600
2023-04-19,90.78707122802734,90.909166662669,90.24636477567208,90.6213740831292,16093900
2023-04-20,91.5632553100586,91.81616919146505,91.3539497940921,91.42372051731506,16450100
2023-04-21,91.04869079589844,91.97312938350599,90.9353117326403,91.83359462202792,15244700
2023-04-24,91.92952728271484,91.99929133630077,91.43241598357207,91.53707204450227,17034300
2023-04-25,93.28130340576172,93.42956117419426,92.6882656783304,92.73187403549343,21899900
2023-04-26,92.28710174560547,93.52550200901466,92.15628331694639,93.13305337673904,19610400
2023-04-27,91.37138366699219,91.80744068042456,91.23184888261886,91.7463929646921,20247600
2023-04-28,92.84527587890625,93.10691279741559,92.32200869559082,92.62724733138289,26954100
2023-05-01,90.1681137084961,92.17029608455532,89.9145615294673,92.03914748567907,32487300
2023-05-02,92.41509246826172,92.41509246826172,90.83258445904505,90.92875964230625,30057800
2023-05-03,92.93093872070312,93.20197422614204,92.04787873555544,92.67738657960156,23656200
2023-05-04,92.01290130615234,93.07082157031121,91.93421616433996,91.99541794258077,25110500
2023-05-05,91.70690155029297,91.71564656819666,91.0249369046779,91.23477064090694,15096500
2023-05-08,90.42168426513672,90.81513014173075,90.33425407161455,90.50911445865889,20587000
2023-05-09,90.09817504882812,90.61401776358029,90.05445662498695,90.49161418141892,19182500
2023-05-10,90.97246551513672,91.13858080563982,90.6139932141434,90.64022159314426,22886800
2023-05-11,91.93421173095703,92.25770397013274,91.5582560626095,92.06536029814677,19147200
2023-05-12,91.16481018066406,92.02164170351426,91.14732681797018,91.84678139460273,14198500
2023-05-15,90.2205581665039,90.46536527529769,90.15935638930546,90.39541848121563,20085300
2023-05-16,89.94951629638672,89.96700633021021,89.27629674503838,89.52984887153134,29251700
2023-05-17,89.6872329711914,90.19433726459152,89.4861375891555,90.12439046470999,21340900
2023-05-18,89.0227279663086,89.40742859254334,88.96152620036145,89.35496517137993,25536600
2023-05-19,88.39325714111328,89.05773849887325,88.24462517189572,88.53315076190275,29038000
2023-05-22,88.07848358154297,88.9265701251551,88.01728180367887,88.5243860605491,20131100
2023-05-23,88.33202362060547,88.52437394485088,87.67628751731029,87.80743607206783,21749500
2023-05-24,87.8948974609375,88.62058060744884,87.8948974609375,88.55063379731632,18473400
2023-05-25,87.67630767822266,88.13095521652805,87.45772892686271,88.04351837958878,22492800
2023-05-26,88.38447570800781,88.45442248958464,87.43147582336937,87.53639599573461,17030300
2023-05-30,89.26756286621094,89.38996643627408,88.52439642782926,88.65554501589526,23125200
2023-05-31,90.04571533203125,90.21183734490758,89.06648663422187,89.1714001829899,23787000
2023-06-01,90.39897155761719,90.84605241186523,89.96941384369362,90.53923025064947,21040400
2023-06-02,89.40835571289062,90.35512686598439,89.36452780230823,90.29376244059242,19136500
2023-06-05,89.24182891845703,89.8028771927865,88.72460856942715,88.84733746142278,14433200
2023-06-06,89.767822265625,89.82918671943354,88.88241512791002,89.2768999469329,14332100
2023-06-07,88.43531036376953,89.79410303505252,88.34764783070476,89.56617509850605,25251100
2023-06-08,89.46973419189453,89.53986688570748,88.3651743613386,88.42653879636948,23845100
2023-06-09,89.34703063964844,89.65385290174554,88.83857849775971,89.0665064731277,22147400
2023-06-12,89.61001586914062,89.68014857570255,88.64571456269476,89.6275457016696,19010300
2023-06-13,88.724609375,89.70644720810263,88.51421794227196,89.51358560800898,25910800
2023-06-14,89.4346923828125,89.67138861731713,88.94377676787495,89.09280376694905,29094200
2023-06-15,90.29378509521484,90.846065062309,89.94312828147244,90.32008318580661,25732000
2023-06-16,89.94312286376953,90.14475269319857,89.44343910795722,89.80286415965448,16759100
2023-06-20,90.5655517578125,90.87238068659566,90.39022667412775,90.39022667412775,17162900
2023-06-21,90.7846908569336,90.86359180844488,89.71519069975226,90.12721190996687,19720100
2023-06-22,89.68891906738281,90.51296173087857,89.59248825832591,90.11847692162668,23630700
2023-06-23,90.58307647705078,91.12658817859335,90.27625427646669,91.0213958173773,22901900
2023-06-26,90.67949676513672,90.99508718868019,90.43403903309658,90.83729197690846,12894900
2023-06-27,90.44280242919922,91.12657946460678,90.08338408237651,90.81098903469226,18105700
2023-06-28,90.8285140991211,91.03013720556312,90.14473714993356,90.65318907715229,23826800
2023-06-29,89.18923950195312,89.71522150247222,88.9350134192537,89.5661944951662,41091600
2023-06-30,90.24117279052734,90.34636513409951,89.30316982708847,89.46972660048482,32024900
2023-07-03,89.72960662841797,90.76684175092582,89.712022621104,90.39765136700457,16011800
2023-07-05,88.87698364257812,89.65930448837179,88.55174649632977,89.56261254506377,28170300
2023-07-06,87.6199722290039,88.23527833832966,87.43538039620617,88.07705580931253,41375700
2023-07-07,87.092529296875,87.54961268437593,87.01341471257186,87.18042917451008,28996500
2023-07-10,87.20684051513672,87.48812428299229,86.89039543800745,86.89918744190938,24665200
2023-07-11,87.65512084960938,87.87487395775368,87.27714523534789,87.52326764345628,20485500
2023-07-12,88.63082122802734,88.88573562685018,87.6990635308016,87.98913923011713,31928000
2023-07-13,89.5625991821289,89.63292180428523,88.80664775978423,89.05277023099703,32441500
2023-07-14,89.03520965576172,89.60656933203873,88.99125633207287,89.41318543794476,18569000
2023-07-17,89.07913208007812,89.210985308999,88.70994840416672,88.98244686562555,18822000
2023-07-18,89.48345947265625,89.7207898552035,89.281283682364,89.48345947265625,15407400
2023-07-19,90.49433898925781,90.52071499897576,89.42194931573401,89.65927975252748,27192500
2023-07-20,89.39559173583984,89.93179003631131,89.02640799967962,89.85268210984908,56951200
2023-07-21,89.42194366455078,89.96692711694402,89.33403705038005,89.79991930395242,20657500
2023-07-24,89.09671783447266,89.7911385944951,89.04397922440364,89.65049335919913,17546700
2023-07-25,88.92967987060547,89.21975556224875,88.60444958573163,88.63081888382062,17160600
2023-07-26,89.01761627197266,89.38680671561804,88.71875516262655,89.37801471053876,19310700
2023-07-27,87.28595733642578,88.71874551716907,86.94314294528883,88.52536166445917,44794400
2023-07-28,87.73423767089844,87.77819097952982,87.15409289369752,87.37384602418777,27434000
2023-07-31,87.9452133178711,88.1913357728726,87.5672376315948,87.59360693658297,28663800
2023-08-01,86.50405883789062,87.19157728824122,86.29251625120219,87.12106085107254,34943400
2023-08-02,85.57855224609375,85.7107688894516,84.97918268253144,85.53448451485302,38121300
2023-08-03,83.60414123535156,84.01841692400298,83.33089842999341,83.90383274994072,59394800
2023-08-04,85.08494567871094,85.21716231439443,83.85093495369405,83.86856742502115,42071800
2023-08-07,84.24759674072266,84.79408238221025,84.17708029510543,84.71475642450466,35862900
2023-08-08,85.22599029541016,85.82536663160279,85.00563144717489,85.37583269825372,24010500
2023-08-09,85.66670227050781,85.75484445895154,85.35819452372789,85.39345274406897,20151100
2023-08-10,84.25639343261719,85.81653761162441,84.25639343261719,85.53447859689109,37253200
2023-08-11,84.0624771118164,84.50319471006995,83.91262801754938,84.00077691705359,26753500
2023-08-14,83.87738037109375,84.5560825445854,83.64820532655155,83.92144809804833,19072000
2023-08-15,83.36614990234375,83.91263546882217,83.34851743095044,83.56006673876543,24125000
2023-08-16,82.71389770507812,83.5512654003097,82.6081297571296,83.10173144707248,23076700
2023-08-17,82.36133575439453,82.51117817631567,81.99112773136336,82.41421973276218,32244900
2023-08-18,82.65219116210938,83.02239912602472,82.2379221896824,82.35250636612159,24181700
2023-08-21,81.5503921508789,81.76194146774068,81.294781828102,81.67379928145715,29254100
2023-08-22,82.17622375488281,82.22029148916268,81.49751474375351,81.65617338176129,21308700
2023-08-23,84.21233367919922,84.2211499155994,83.05765552904124,83.11935573420652,38294700
2023-08-24,83.65703582763672,84.22115393746311,83.63940335399434,83.85094596397465,22300800
2023-08-25,83.93025970458984,84.18587671617088,83.3044415278846,83.43665815109091,23865200
2023-08-28,84.01842498779297,84.31811653114545,83.63940748358812,84.30930029388897,16037300
2023-08-29,84.89103698730469,85.06732809340154,83.6834748534272,83.7099168381372,28478100
2023-08-30,84.80290985107422,84.97038475039223,84.51203451799113,84.75884211034057,17550100
2023-08-31,85.18190002441406,85.54329169635136,84.99679943323292,85.09375784644453,26959700
2023-09-01,83.85490417480469,84.71246201054568,83.65156975199324,84.69478339573149,32469700
2023-09-05,82.6790542602539,83.3597987780965,82.65253297293293,83.35095610066064,29435900
2023-09-06,82.88241577148438,83.20068478764594,82.62603202263266,83.18299942842125,23636300
2023-09-07,83.1122817993164,83.1653243892941,82.82053406446195,83.10343911932394,18091500
2023-09-08,83.43053436279297,83.8990951350874,83.25371452278465,83.43937029605297,17052100
2023-09-11,82.82938385009766,83.08576763196506,82.70561329953948,82.83821978585958,17061500
2023-09-12,83.3067626953125,83.31559862845032,82.73211002695938,83.00617234394852,20034300
2023-09-13,83.28907775878906,83.57198275532882,82.94428750503708,83.03269405177066,23332300
2023-09-14,82.68791198730469,83.28908600761443,82.57298413966747,83.05038763329472,27800600
2023-09-15,82.18400573730469,82.64373072151557,82.18400573730469,82.62604535943628,25642900
2023-09-18,82.65254211425781,82.68790608292589,82.06021081528911,82.08673210554332,17963400
2023-09-19,82.04254913330078,82.59951657853418,82.04254913330078,82.29009022007118,24941800
2023-09-20,82.29891967773438,82.74980190457168,82.25471976999783,82.47573954364519,29451200
2023-09-21,80.18598937988281,80.77832763388294,80.17715344332306,80.70759967146655,59958700
2023-09-22,80.83135986328125,80.99049438580778,80.15945779650383,80.28322834235902,29524500
2023-09-25,78.84217071533203,79.60247924532307,78.81564942277224,79.26653163125249,45587900
2023-09-26,78.56813049316406,79.23118997385187,78.42667456635554,79.06321274701422,38104100
2023-09-27,78.16143798828125,79.23117291068144,77.87852619559189,79.16044496250909,47111200
2023-09-28,78.40015411376953,78.44436077762249,77.00330717389085,77.46303219599797,60238000
2023-09-29,78.40899658203125,79.1162559868234,77.91390757918786,78.92175745838384,49010100
2023-10-02,77.0964126586914,77.98329189932223,76.90129814313636,77.8857346415447,44704300
2023-10-03,75.43792724609375,76.84806840583728,75.28715943667744,76.54652602065472,71362600
2023-10-04,76.50218963623047,76.54652952943542,75.71286781386969,76.0676140249103,56281600
2023-10-05,76.120849609375,76.44012668889546,75.95234038230814,76.36917472314606,35758800
2023-10-06,75.1984634399414,75.99665581060928,74.55103885974715,74.67520136559004,62787900
2023-10-09,76.96337127685547,76.98111264894801,75.34038081428372,75.82816705156515,29424900
2023-10-10,76.85693359375,77.30923698964986,75.84588535861931,76.13855703809531,54743900
2023-10-11,78.46219635009766,78.46219635009766,77.69060908452103,77.91232886316769,58517700
2023-10-12,76.33370208740234,78.21388866409404,76.20953952507246,78.08972610176416,66986700
2023-10-13,77.69949340820312,77.89460793027516,77.30926436405906,77.69062272092206,44183800
2023-10-16,76.44896697998047,76.59974155218251,76.18290734018528,76.44010306176548,38309800
2023-10-17,75.6064453125,75.94345694369585,74.94128596957478,75.28716828658783,52949100
2023-10-18,74.94129180908203,75.13640631415974,74.3648189803573,74.83486387003474,63724600
2023-10-19,73.40699005126953,75.0033753535723,73.38038475728973,74.391426526631,87696900
2023-10-20,73.82379913330078,74.08986551485683,73.40696495982593,73.60207940412046,52188800
2023-10-23,74.71068572998047,75.26055315075752,73.09656620627672,73.44244847804539,70890400
2023-10-24,75.69512939453125,75.69512939453125,74.57765984040736,74.88807293669493,46267700
2023-10-25,74.01005554199219,74.61313357908121,73.72625451079442,74.51557634026163,60737200
2023-10-26,75.14527893066406,75.22509481223604,73.96572794974557,74.03667991093272,49704100
2023-10-27,74.82598876953125,75.35811485255594,74.26725063095762,74.66635026798882,32362300
2023-10-30,74.48897552490234,74.94128577147406,73.82381618373542,74.32933701236826,45026900
2023-10-31,74.12535858154297,75.18074013476244,74.09875329052032,74.82599389932605,37269200
2023-11-01,75.73255157470703,75.75035386169912,74.77143176462855,74.78923405162062,72308500
2023-11-02,77.45901489257812,77.69929147548538,76.7292772098437,77.13864158897923,69739400
2023-11-03,77.98404693603516,79.2477443261758,77.93955480450067,79.03415765231473,77692300
2023-11-06,77.22763061523438,77.60139719632035,77.06744396768558,77.48570948015099,41341900
2023-11-07,78.3667221069336,78.75829092374072,77.94845665072286,77.96625893671379,37834200
2023-11-08,79.70162200927734,79.75502208678974,78.71380544509725,78.7405088786454,53893400
2023-11-09,77.86837005615234,79.2299530405152,77.19202574086708,79.14986311888588,88975100
2023-11-10,78.30445098876953,78.69601992210873,78.10866652209994,78.51803774672807,36516400
2023-11-13,78.12643432617188,78.25992429357352,77.33440245305904,77.61917788171105,25661500
2023-11-14,79.89739227294922,80.22666666577256,79.46133132321874,80.09317668005592,65666800
2023-11-15,78.77609252929688,79.32784801489754,78.58920924939584,79.21216030531593,56205300
2023-11-16,79.7550277709961,80.0575988102671,79.42575329627377,79.47025223244157,49473900
2023-11-17,80.12879943847656,80.47586943577238,79.77282829546974,80.23559281825406,44091400
2023-11-20,80.61822509765625,80.68052630585258,79.74610323706136,79.75500437960117,40477800
2023-11-21,80.58264923095703,80.80513030913241,79.99529592557386,80.53815029948848,27721000
2023-11-22,80.86742401123047,81.26788723250654,80.43135621343325,81.08990508740243,31197500
2023-11-24,79.91520690917969,80.32457128294789,79.90630576486757,80.18218013228916,20199600
2023-11-27,81.25009155273438,81.28568255000897,80.28007053220323,80.36016725003009,39804400
2023-11-28,81.41028594970703,81.45477809532808,80.79623594971191,80.9030293204541,44989300
2023-11-29,82.4336929321289,82.49598736718859,81.67725856652288,81.97093524162608,61647800
2023-11-30,81.48145294189453,82.13110055833691,81.12548871382016,81.84632510212793,60520900
2023-12-01,83.01609802246094,83.07858970608892,81.35559693053712,81.5162908043066,64172200
2023-12-04,82.68578338623047,82.87325842720539,82.2126243082473,82.56972254342529,33766300
2023-12-05,84.46234130859375,84.471270637826,83.53388858983423,83.5874509430626,73588600
2023-12-06,85.58717346191406,85.74786728585188,84.69443150916634,84.88190650191369,61606100
2023-12-07,85.09619140625,85.77467742661177,84.86407651303202,84.97120803553636,47970200
2023-12-08,84.39983367919922,84.56052751960456,83.83740864332114,84.2927021819019,44809200
2023-12-11,84.2212905883789,84.31057025163683,83.4981716313475,83.92669085730665,33909700
2023-12-12,84.47126770019531,84.54268189832207,83.82849223947828,84.0516777849449,36996900
2023-12-13,86.45314025878906,86.57813041690827,84.82834993621832,84.9622626112105,70828500
2023-12-14,88.70203399658203,88.70203399658203,87.25112994394135,87.46608324783078,87798600
2023-12-15,88.80056762695312,88.9796885775759,88.29006540134934,88.38858397409973,59941300
2023-12-18,88.09303283691406,88.21841887547565,87.78851900538832,88.21841887547565,34746000
2023-12-19,88.5677261352539,88.89910748959538,88.36173767600945,88.54085866952879,30018400
2023-12-20,89.16777801513672,89.28421279633172,88.29007568858174,88.7647524127633,51229400
2023-12-21,88.60353088378906,89.41854009575766,88.44231929428602,89.32897962003959,65231200
2023-12-22,88.20050048828125,89.006551558554,87.98554715871765,89.006551558554,29244200
2023-12-26,88.45126342773438,88.54978198537876,88.20049140210331,88.25422631244561,24019700
2023-12-27,90.01862335205078,90.03653271671342,89.1140466934724,89.36481879691338,45082800
2023-12-28,89.36480712890625,90.07234651867832,89.16776997820689,89.64244665960457,36213000
2023-12-29,88.5587387084961,89.40062213189967,88.48709443463086,88.78264329276082,41616200
2024-01-02,88.04825592041016,88.35276977524609,87.77061636134601,87.97661163076684,47797400
2024-01-03,88.41545867919922,88.53188662334288,87.00933791919486,87.21532634598955,58159500
2024-01-04,87.07202911376953,87.44818723282897,86.93768497609781,87.25115007531402,52604500
2024-01-05,86.23908233642578,87.48399116051681,86.1674312363137,86.42716134945123,45894800
2024-01-08,87.08992004394531,87.21530605709357,86.05995765049153,86.18535049666504,39485800
2024-01-09,86.53466033935547,87.02724640548546,86.50778604510684,86.55256970249447,34374000
2024-01-10,86.13162231445312,86.91977090179246,86.0868454930074,86.80333613337571,48227800
2024-01-11,86.61524200439453,86.72271865660001,85.71962373509086,86.13160731900753,78858900
2024-01-12,86.44506072998047,87.11677434169185,86.22115619274334,86.67792336195386,38883900
2024-01-16,84.92255401611328,85.79130513745876,84.6449144411368,85.63905161782829,61716700
2024-01-17,84.78819274902344,85.08374846255649,84.33143228231907,84.72549973400365,55506800
2024-01-18,84.00005340576172,84.70759278572895,83.74928133853817,84.60011611419327,77339100
2024-01-19,84.26872253417969,84.34037363807775,83.52536453856979,83.92839004020196,47030900
2024-01-22,84.77027893066406,85.15539509783133,84.53741624439354,84.9225324115608,35756400
2024-01-23,84.09855651855469,84.17915888261824,83.67761484037806,84.08959842265037,35786700
2024-01-24,83.6059799194336,84.67176804848074,83.38207530966916,84.64490058859323,54574900
2024-01-25,84.15229797363281,84.38516065408236,83.8030073694713,84.18812352701164,57019400
2024-01-26,83.99108123779297,84.25081135905704,83.73135111652888,84.12542534645027,29276900
2024-01-29,84.9583740234375,85.23601358025705,84.29561822666159,84.46578110034433,38243600
2024-01-30,85.72859954833984,85.83606938973071,84.85089045649731,85.51365303253155,40151400
2024-01-31,86.57046508789062,86.79436965495051,85.97935375100045,86.17639086329717,80646700
2024-02-01,88.26866149902344,88.65501687572724,87.32524036173238,87.53189157775255,84291200
2024-02-02,86.31889343261719,86.81307116721808,85.97746590553622,86.49859068792067,63823300
2024-02-05,84.5758056640625,85.22272678481993,84.47697011200171,85.02505568069836,53827400
2024-02-06,85.40242767333984,85.49227630226541,84.64768410934096,84.67463801251752,33411500
2024-02-07,84.98912811279297,85.56417453038904,84.9262333748545,84.9711611255301,40120200
2024-02-08,84.49492645263672,84.72853833230967,84.15349897850689,84.47695261688736,50087700
2024-02-09,84.32421875,84.46798203208714,84.15350842128477,84.24335704508394,27951300
2024-02-12,84.42304992675781,84.58478018323669,84.0097407946474,84.36914212626826,27890300
2024-02-13,82.97650146484375,83.61443585624812,82.95853447502125,83.43473853797006,49768500
2024-02-14,83.39879608154297,83.60545416305602,82.86868420442192,82.93157895009753,44191600
2024-02-15,83.830078125,84.20744659406115,83.56052530137742,84.06368326012563,49598500
2024-02-16,83.34485626220703,83.42571796631312,82.96748107801376,83.0932773760852,33116800
2024-02-20,83.41675567626953,83.73123623178255,83.30894003896226,83.37183477906235,24469300
2024-02-21,82.82371520996094,83.47063618909866,82.67097188294501,83.40774147473859,36343100
2024-02-22,83.22804260253906,83.34485197580996,82.90458209272917,82.95849674770426,45190700
2024-02-23,84.34221649169922,84.45901905024078,83.33589379691311,83.33589379691311,38406700
2024-02-26,84.0905990600586,84.4859411941918,83.73120459813018,84.45898729504815,27855000
2024-02-27,83.49761962890625,83.9828105349204,83.4257379713459,83.77615248318742,30242000
2024-02-28,84.0277099609375,84.09959160013243,83.47064439470289,83.63237465538626,34574200
2024-02-29,84.6207275390625,84.72855000338139,84.26132617967698,84.29726700111661,51038600
2024-03-01,85.14799499511719,85.18404874457322,83.8320640844451,84.21963329541047,45832800
2024-03-04,84.80548858642578,84.86858780596107,84.43594968509545,84.45397312171293,23864200
2024-03-05,86.0132827758789,86.23861360083127,85.59867488315268,85.83302086653744,37721900
2024-03-06,86.51800537109375,86.68024380964543,85.99524318158258,86.06734380584463,40571600
2024-03-07,86.43690490722656,86.88756655233561,86.0583507757072,86.85151279554077,39075000
2024-03-08,86.2836685180664,86.57209165215058,86.05833772967095,86.34676086375514,25023200
2024-03-11,86.23861694335938,86.53605529419718,85.95920891008518,86.49098637683946,17787900
2024-03-12,85.51753997802734,85.81497827479147,85.34629325161322,85.66175498611301,29566000
2024-03-13,85.1029281616211,85.39135128774357,84.91365112977975,85.17503566228915,38270100
2024-03-14,83.7960205078125,84.49905151617905,83.69687440390949,84.48102807753777,58365600
2024-03-15,83.76899719238281,83.99432803752991,83.63379730998422,83.87715159706035,34997700
2024-03-18,83.51660919189453,83.81404061523163,83.3723941822946,83.57970153945696,29519500
2024-03-19,83.75096130371094,84.0664230906255,83.5436607908319,83.68786894632802,26953100
2024-03-20,83.72390747070312,84.53509968699433,83.18311495202565,83.91318450841274,43460100
2024-03-21,83.9041748046875,84.21062827367071,83.57970477363234,84.06641325849029,34276600
2024-03-22,84.70634460449219,84.91364505840356,84.52607586571136,84.8956216228001,30262300
2024-03-25,84.28274536132812,84.49906103213605,84.09346828980227,84.46300727424287,24011800
2024-03-26,84.51708984375,84.6072276824867,84.07544331545701,84.28275071737914,34423000
2024-03-27,85.35531616210938,85.35531616210938,84.67031538594354,84.71537742628139,50157800
2024-03-28,85.28321075439453,85.64373456314681,85.01281102127946,85.16603432765426,34540400
2024-04-01,83.69342803955078,84.3716567695332,83.61203700431719,84.36261178799626,48945400
2024-04-02,83.23223876953125,83.37692399187628,82.59922108628398,82.80721428632381,43086300
2024-04-03,83.2141342163086,83.24126915883507,82.33696425498808,82.52686745688008,45494400
2024-04-04,83.81099700927734,83.8833430731658,83.23224229677041,83.76577899452195,47957400
2024-04-05,82.6444320678711,83.35883383428856,82.63538708621277,82.91572632322439,42495900
2024-04-08,82.6353988647461,82.82530211084168,82.4093225861608,82.49975861703531,37879800
2024-04-09,83.4040756225586,83.52163282043527,83.05139023032562,83.07852518303699,32522000
2024-04-10,81.58639526367188,82.56304628430718,81.43266507504393,82.47261026812662,74368900
2024-04-11,81.21563720703125,81.78535382424613,80.94434982201011,81.73109082780171,65751200
2024-04-12,81.64971160888672,82.24654941138705,81.64066662571682,81.96621702682634,47900100
2024-04-15,80.3836669921875,80.71826230967727,80.04907167469773,80.68208928351898,55993100
2024-04-16,79.85013580322266,80.10334010422916,79.38893831250383,79.6240595488526,45103200
2024-04-17,80.73636627197266,80.82679541112662,79.99483629202841,80.36560473165108,57947000
2024-04-18,80.32940673828125,80.72729620679712,80.11236859258284,80.70016816340956,43839500
2024-04-19,80.61878204345703,80.83581328449985,80.4017508024142,80.83581328449985,44826800
2024-04-22,80.483154296875,80.59167339315826,80.16664889017434,80.19377693942005,24969000
2024-04-23,80.5102767944336,80.97147429770948,80.0762142378327,80.23898942138302,27222700
2024-04-24,79.94058990478516,80.1485762601889,79.12671375487463,80.08527516515707,48986800
2024-04-25,79.37989807128906,79.48841716361564,78.98200163205848,79.09052072438506,49282600
2024-04-26,79.79586029052734,80.1304555782443,79.62404705568777,79.80490527108691,31589800
2024-04-29,80.46505737304688,80.50122349961246,80.01290489868548,80.17568006542756,39228600
2024-04-30,79.77778625488281,80.23898372541946,79.66926717378611,79.95864449074452,41054700
2024-05-01,80.36583709716797,80.95569615522783,80.07544590414234,80.4021368617302,59679500
2024-05-02,80.71067810058594,80.77420095510597,79.88487406835362,80.04821954047256,58925400
2024-05-03,81.52738952636719,81.78148783983333,81.01013007574268,81.6090657151348,50066100
2024-05-06,81.84500122070312,81.89944739126992,81.37311133088983,81.55461010522968,23868200
2024-05-07,82.34410858154297,82.79784513940122,82.22613956894918,82.48930760332341,30525800
2024-05-08,81.84500122070312,82.09001591172402,81.81777813541973,81.95389356183672,31171700
2024-05-09,82.24430847167969,82.37135418873844,81.5092572624866,81.55463370006714,39606700
2024-05-10,81.7814712524414,82.01740925331328,81.63627224562514,81.92666333578796,21913800
2024-05-13,81.9902114868164,82.22615648401158,81.95391172390393,82.1717103013788,23157500
2024-05-14,82.45303344726562,82.50747963560212,82.05374293687117,82.26246486461534,25746400
2024-05-15,83.57827758789062,83.7234766183837,83.15176409015577,83.36956263589538,65142900
2024-05-16,83.49662017822266,83.86868063060133,83.43309732423255,83.84145753938726,37902400
2024-05-17,82.93397521972656,83.30604255510754,82.88859879032412,83.1608435197966,24755000
2024-05-20,82.6889877319336,82.87047966236753,82.58916509315293,82.65268796115214,17922800
2024-05-21,83.11547088623047,83.27881634667963,82.97027876775977,83.2425235096655,15334400
2024-05-22,83.21529388427734,83.28789340558653,82.81601036401966,82.82508011157975,38073700
2024-05-23,82.6799087524414,83.3060676648797,82.41674061422057,83.3060676648797,51294700
2024-05-24,82.92491912841797,83.00659533691751,82.48933576132967,82.55285862417475,19164400
2024-05-28,81.73611450195312,82.90675581311577,81.69981474151344,82.87953272365384,45973700
2024-05-29,80.74698638916016,81.12812355652189,80.47474159906028,81.07367044441834,45508400
2024-05-30,81.52738952636719,81.6453654742014,81.16440578264348,81.30959789543874,29548600
2024-05-31,82.0809555053711,82.27153098705547,81.89946361854139,82.10818551952006,41308800
2024-06-03,83.40857696533203,83.47231686741233,82.50711065101693,82.53442675946158,42272100
2024-06-04,84.3829116821289,84.50129077742805,83.76372093184035,83.95494068525049,42581500
2024-06-05,85.00208282470703,85.00208282470703,84.12793260484806,84.6833833092056,43153900
2024-06-06,84.87460327148438,85.07493066671907,84.55590375503303,84.61053597295943,22891900
2024-06-07,83.31751251220703,83.61800356890593,83.22645651090882,83.61800356890593,35240500
2024-06-10,82.76206970214844,82.91686561371152,82.54353388893418,82.86223339719002,20586500
2024-06-11,83.61802673339844,83.65445053343363,82.78940091363918,82.88956462695359,30329200
2024-06-12,84.24630737304688,85.20241289672401,84.21899126330672,84.70159439439244,42554600
2024-06-13,85.48470306396484,85.58486678134732,84.6378687833593,84.88372770679983,33093800
2024-06-14,86.20404815673828,86.35884408602695,85.81250101686578,85.97640463232703,28776700
2024-06-17,85.34811401367188,85.42095466233508,84.93835149768695,85.15688733793478,31040200
2024-06-18,86.13119506835938,86.14030275395109,85.34810778568699,85.49379601951141,26881000
2024-06-20,85.55754852294922,85.59397232355097,84.99299003431659,85.05673689571685,30246300
2024-06-21,85.55754852294922,86.0310509836423,85.22063357773028,85.81250818003183,22596400
2024-06-24,85.90353393554688,85.90353393554688,85.3571910133113,85.63947363171596,56939100
2024-06-25,86.04924774169922,86.09477922305953,85.63038451227338,85.65770062223808,22890200
2024-06-26,84.81998443603516,85.11136788949635,84.78356063596132,84.938356575928,38489100
2024-06-27,85.15689086914062,85.32990217953936,85.06583484418897,85.15689086914062,23140800
2024-06-28,83.5724868774414,85.38452732817119,83.5724868774414,85.34811047891237,55119600
2024-07-01,82.13011169433594,83.1988701904291,82.04789574966928,82.59597649362284,49735400
2024-07-02,82.76956176757812,82.95225307813273,82.28542352230431,82.83350442319491,34204700
2024-07-03,83.85658264160156,83.93879162956327,83.20801254684974,83.28109184896627,35563300
2024-07-05,84.5508041381836,84.70609937734659,83.94791739697851,84.28589692928783,34895500
2024-07-08,84.73351287841797,84.8157218659131,84.24023804576979,84.53254828335103,16095700
2024-07-09,84.35897827148438,84.66042513402324,83.92051644345067,84.46859721310535,30289800
2024-07-10,84.6238784790039,84.660418123185,84.27676231312027,84.45031691144982,23572500
2024-07-11,85.44600677490234,85.99408752306248,85.38206413710407,85.57389205049888,49761800
2024-07-12,85.81138610839844,85.81138610839844,85.2632984558748,85.43686001045555,27796500
2024-07-15,84.82484436035156,85.22677348338776,84.75176507084959,84.95272963236769,37918900
2024-07-16,86.02149200439453,86.05803165080114,85.30898632252811,85.43687160033876,36383700
2024-07-17,86.03976440429688,86.23159231898862,85.58302928287132,85.79312353596114,29036800
2024-07-18,85.382080078125,85.99410357834952,85.29986411747743,85.5739080273345,34553100
2024-07-19,84.87964630126953,85.0988841593363,84.78830067835386,84.9892652303029,32164700
2024-07-22,84.6330337524414,85.42774853824551,84.31332050704745,85.31813655081105,36160400
2024-07-23,84.51427459716797,84.980146431911,84.48687160145822,84.77918183773848,23498000
2024-07-24,83.60076904296875,84.81568578229484,83.55509972575385,84.57818163741975,50757100
2024-07-25,84.285888671875,84.82483969075203,84.00271515217433,84.06665778466235,44999100
2024-07-26,84.94359588623047,85.08975447023697,84.68782533344397,84.90705624022885,34423800
2024-07-29,85.40032958984375,85.58302781681924,85.15369569495778,85.56475450950931,25801300
2024-07-30,85.72916412353516,85.91186231789267,85.22675976980491,85.63781851096816,28169800
2024-07-31,86.6061019897461,86.63350497894824,86.08542428723311,86.35033146489398,47445300
2024-08-01,87.35305786132812,87.90297255254747,87.17892473540071,87.19725196196201,77254200
2024-08-02,90.07513427734375,90.15762430114717,88.80117840409252,88.90199565959796,91912900
2024-08-05,90.55171966552734,91.59654660846013,89.72685444940745,91.36741777023,90686300
2024-08-06,88.52621459960938,90.19427925501144,88.52621459960938,89.95598330531726,61316900
2024-08-07,87.90299224853516,88.39790439359585,87.52721759150103,87.93964670987071,51337100
2024-08-08,87.36225128173828,87.43557419497763,86.92232079476003,87.17895099109776,37815800
2024-08-09,88.22377014160156,88.48039332253248,88.06795721678729,88.45289898064092,32141800
2024-08-12,88.54454040527344,88.73700777203348,87.87548118443057,88.01295987281817,24261400
2024-08-13,89.15861511230469,89.23193802094768,88.88366469357963,89.17694933569415,30366900
2024-08-14,89.71768951416016,89.96515258122713,89.36941618888734,89.40607764298828,31334100
2024-08-15,88.99365234375,88.99365234375,88.17795412013332,88.36126141291463,38723700
2024-08-16,89.30524444580078,89.39689456845919,88.91114262515906,89.30524444580078,28541000
2024-08-19,89.71768951416016,89.96515258122713,89.27776604986369,89.28692616904588,25322100
2024-08-20,90.43254089355469,90.60668099562427,89.92846179710054,90.11176201536475,25239300
2024-08-21,90.48755645751953,90.91831276443929,90.01096459726861,90.4325607859788,29230000
2024-08-22,89.58936309814453,90.09344926805777,89.29607850631945,90.02929348211029,33453800
2024-08-23,90.17594909667969,90.43257228832151,89.78184719738476,89.99264881478055,32005100
2024-08-26,89.94681549072266,90.4600618468603,89.89182680755282,90.4509017279701,23198700
2024-08-27,89.79100799560547,89.89182524129833,89.2777616484105,89.35107756054047,21507700
2024-08-28,89.6810302734375,90.00180926416597,89.57105290087777,89.82767609346055,18501400
2024-08-29,89.38773345947266,89.48855069890209,89.02112595177077,89.24109465186586,24988200
2024-08-30,88.43455505371094,89.80932793709158,88.41622782528005,89.52521044544565,42896200
2024-09-03,89.88093566894531,90.16597782364092,89.57749962446796,89.70622879208621,48947900
2024-09-04,91.03950500488281,91.05789187941312,89.93610312230004,90.00046770597636,40885200
2024-09-05,91.55442810058594,91.65557345563586,90.82802373941564,91.34294044496868,47450900
2024-09-06,91.54522705078125,92.66701583634011,91.20501724924247,91.5360371208898,57406400
2024-09-09,91.94061279296875,92.04175814489788,91.17743470370412,91.39811228281596,26961400
2024-09-10,92.58428192138672,92.78657266075263,91.78431591077107,91.83029362979605,31703400
2024-09-11,92.51068878173828,93.0899699614494,92.27161735184576,92.40034650289267,39497100
2024-09-12,92.07852935791016,92.45552690602769,91.66475806310055,92.2808200407817,41618700
2024-09-13,92.32681274414062,92.51070956832453,91.96820201111792,92.37278344257952,25722100
2024-09-16,93.17273712158203,93.20951788463053,92.32680061710634,92.52908429105321,30866300
2024-09-17,92.72217559814453,93.45777680935032,92.63022720054707,93.30146383191334,31699400
2024-09-18,91.57280731201172,92.62104154163227,91.52683661870009,92.17048244676997,48897000
2024-09-19,91.26937866210938,91.3153493556097,90.81881956539765,90.95674567632545,39979800
2024-09-20,90.91996765136719,91.26018446654304,90.77285160643548,91.0211130014137,37067600
2024-09-23,90.72686004638672,91.11304749749415,90.12918498240852,90.57054708025456,35703900
2024-09-24,90.70848846435547,90.92916604287022,89.97288718235461,90.11081329963149,31005400
2024-09-25,89.95449829101562,90.4050503831558,89.91771752621857,90.349882743567,36738200
2024-09-26,90.16600036621094,90.34070728674885,89.57752201991143,90.17519731340116,33332300
2024-09-27,90.63491821289062,90.8096250789799,90.3038983693599,90.6073343951319,28317600
2024-09-30,90.20274353027344,90.76363781635611,90.00045286772398,90.69927324329149,34175500
2024-10-01,90.8540267944336,91.62890489989074,90.76178124418222,91.13999714946253,45254200
2024-10-02,90.08837127685547,90.15294385785198,89.5348839678757,89.81162762236559,35810800
2024-10-03,89.23970031738281,89.95000579634595,89.23970031738281,89.79318062753181,39677800
2024-10-04,88.14196014404297,88.52016896477103,88.00358831679769,88.040487939922,56954100
2024-10-07,87.477783203125,87.88366499193096,87.4132106205047,87.61615503384952,42606600
2024-10-08,87.6253662109375,87.66226583143106,87.02575969421252,87.07188597930022,33709600
2024-10-09,87.12724304199219,87.55158521303554,86.9243056601294,87.33018746173887,35807700
2024-10-10,86.78594207763672,86.79516170640454,86.16788913173406,86.60144393401197,53667400
2024-10-11,86.43537902832031,86.77669523626003,86.17708872518016,86.23244167434085,27406400
2024-10-14,86.49995422363281,86.5091808884195,85.77120957679679,85.82655548975063,28795300
2024-10-15,87.55158996582031,87.63460884865037,87.05345555518714,87.1364744380172,46429100
2024-10-16,87.92057037353516,88.20654071919515,87.76375223945703,87.99436962647219,32281500
2024-10-17,86.52764129638672,87.11802120913416,86.40771575799872,86.97964937754692,43427200
2024-10-18,86.59220123291016,86.97041001026989,86.58297456871621,86.75824599898783,25258600
2024-10-21,85.0793685913086,85.87268591918095,85.0793685913086,85.8081133330326,49504700
2024-10-22,85.16239166259766,85.56828053143872,84.95022056173501,85.46680831422844,32096900
2024-10-23,84.93177795410156,85.20852165630535,84.55356906816672,84.71960684402735,33354200
2024-10-24,85.47604370117188,85.78968001335843,84.83031070414671,85.07938145830438,32507400
2024-10-25,84.996337890625,85.82656183573472,84.88563901864916,85.78043554627388,28667100
2024-10-28,84.76573181152344,85.13472106271578,84.33216996921378,85.11626772931965,33156500
2024-10-29,84.89485168457031,84.92252463852996,83.92626310657,84.1015274942753,46545200
2024-10-30,85.1439437866211,86.05718668667171,85.01479861036684,85.64207115909652,41951100
2024-10-31,85.28231048583984,85.73432565065569,84.74728347427964,85.05169308913624,52173800
2024-11-01,84.07996368408203,85.63494354254672,84.04294657508584,85.39429702587896,80402000
2024-11-04,85.38504028320312,85.68122659033786,84.81117622366271,85.41280664611598,49747600
2024-11-05,85.83857727050781,85.98667396050035,84.78341307004692,85.18141409735331,46986000
2024-11-06,83.48759460449219,83.96890178143958,82.88597122576613,82.96927031698463,98895700
2024-11-07,84.53350067138672,84.8019206001718,83.9041039222171,83.99666081381655,56221400
2024-11-08,85.60716247558594,85.70897716193343,85.00553216397911,85.15362882107993,56756200
2024-11-11,85.19066619873047,85.43131977302687,84.80192300600129,85.38503779509506,22369200
2024-11-12,83.91337585449219,85.01481505470888,83.77453696290405,84.57053907559406,57908400
2024-11-13,83.11737060546875,84.72788332685808,83.04332225786395,84.70936770913733,49009100
2024-11-14,83.59864807128906,84.2558110893838,83.55236610117706,83.82078599222486,53328300
2024-11-15,83.37652587890625,83.90410795417766,82.84894380363484,83.22842919591992,73722400
2024-11-18,83.52462768554688,83.84858039979235,82.76564972861196,82.9877947854999,36010600
2024-11-19,83.95039367675781,84.29286200401441,83.8763523873732,84.06146620329388,29585100
2024-11-20,83.68195343017578,84.07069655362254,83.40427573534974,83.44129989876903,27755400
2024-11-21,83.61717987060547,84.08922926277143,83.30248498358759,83.71899458384988,28365700
2024-11-22,83.6634521484375,83.95038063703876,83.44131419150872,83.77452465772105,21547500
2024-11-25,85.82933807373047,85.87561299935125,85.1444013828008,85.3387730183436,56858000
2024-11-26,85.49612426757812,85.56091481028065,84.97779286431847,85.30175263947058,31122200
2024-11-27,86.0885009765625,86.43096226326008,85.77379899615838,86.11626734449582,39442200
2024-11-29,86.9770736694336,86.99558223040555,86.48651559480565,86.80121056281567,31905700
2024-12-02,87.18603515625,87.44609675954395,86.37798052931757,86.62875219359468,39406000
2024-12-03,86.43370056152344,87.33463326358779,86.3686851647841,87.2417551376954,32768900
2024-12-04,87.36249542236328,87.48324336276714,85.95072949403466,86.01574489034952,35851100
2024-12-05,87.53897857666016,87.66900938378143,86.99099261609872,87.04671808025141,23695800
2024-12-06,87.66899871826172,88.09624375913262,87.32534186345077,87.97550290610823,31761500
2024-12-09,86.8609619140625,87.34393959719662,86.81452638547337,87.29749698245938,30509600
2024-12-10,86.45228576660156,86.65662190784649,86.29439223423857,86.3965532187138,28706500
2024-12-11,85.63494110107422,86.6473318671043,85.55135290856157,86.4429957260993,38748400
2024-12-12,84.59469604492188,85.21698733074898,84.52039070406711,85.11481925861052,45368400
2024-12-13,83.73091888427734,84.3810729242158,83.66590348028349,84.33463739916166,39486000
2024-12-16,83.98168182373047,84.16744516306379,83.63803204672078,84.10242976583383,23482300
2024-12-17,84.1860122680664,84.51108923226073,84.01882881703126,84.0745542719942,23839900
2024-12-18,83.13333892822266,84.26154955923066,83.1146868208404,83.88858566222682,61328400
2024-12-19,81.87456512451172,82.41536228895004,81.59484760454541,82.11699266610354,99083300
2024-12-20,82.34078216552734,82.90023152837878,82.32213717315624,82.54591265008031,45542400
2024-12-23,81.58553314208984,82.26619272004348,81.52959105288876,82.20092457807756,32764600
2024-12-24,81.9305419921875,81.94918698767225,81.10070097605701,81.1566430762066,22377600
2024-12-26,81.88390350341797,82.0144397884595,81.30580915988122,81.31513521272532,19981800
2024-12-27,81.21257781982422,81.84661431430246,81.17528071853789,81.56689672519703,27262300
2024-12-30,81.86526489257812,82.08904038242137,81.74404753723817,81.8932359395967,48519600
2024-12-31,81.4270248413086,82.31280777365448,81.36175670012199,82.1729454386278,31917300
2025-01-02,81.65080261230469,82.16362881730348,81.31513584424985,81.86525914722074,27841300
2025-01-03,81.38972473144531,81.93984088484011,81.2871594971355,81.79065961637632,21962200
2025-01-06,81.02610778808594,81.33380357017796,80.81165121198366,81.16597015391827,30231500
2025-01-07,80.11231994628906,80.90486360508605,79.99110973004254,80.74635629606527,41757200
2025-01-08,80.21490478515625,80.37341213293132,79.57154222646415,79.69275958604081,44590800
2025-01-10,79.68342590332031,80.0470637198463,79.40370833644332,79.51559251771646,47115800
2025-01-13,79.65545654296875,79.86991308443561,79.29181871875065,79.74869573390006,33258900
2025-01-14,79.52491760253906,79.59018574538517,79.1519537375496,79.46897551258355,33412900
2025-01-15,80.89556884765625,81.10069936238368,80.55990202604684,80.83961963492455,54120700
2025-01-16,81.15664672851562,81.49231357190992,80.4480159353837,80.783682778778,34651100
2025-01-17,81.29649353027344,81.5668921642084,81.15663118669407,81.52026901178384,29875600
2025-01-21,82.0237808227539,82.21025923153192,81.70675899139691,81.94918661376458,30548600
2025-01-22,81.59485626220703,82.03308824838197,81.41769683451238,81.93052301273704,25278400
2025-01-23,80.96083068847656,81.11001197884045,80.68110598771416,80.78367123708074,31949000
2025-01-24,81.32445526123047,81.38039734677682,80.74636096037553,80.85825224516168,21110400
2025-01-27,82.28482818603516,82.45266154790284,81.91186436925217,82.20091506194787,42864200
2025-01-28,82.22889709472656,82.23821603396426,81.73472299475317,81.90254926536082,25519100
2025-01-29,82.06105041503906,82.62981861892776,81.70673159797815,82.4526592103973,25342800
2025-01-30,82.36875915527344,82.71375200543652,82.2102518107504,82.43403441751845,25094900
2025-01-31,81.82796478271484,82.66713173088434,81.52026904943699,82.40605203635826,48790100
2025-02-03,82.49420166015625,83.37378557985296,82.15733730314074,82.88720769698293,70657200
2025-02-04,82.74686431884766,82.76557583648803,81.85792087987636,81.92342190023135,33414000
2025-02-05,84.11302947998047,84.38439287660523,83.64516303181546,83.70130472109112,48331200
2025-02-06,84.07559204101562,84.35631474128272,83.79487647982336,84.08495136811115,22509900
2025-02-07,83.53287506103516,83.70130727307294,83.22408862152895,83.50480421554147,31171200
2025-02-10,83.28022003173828,83.77615727843937,83.13985868252152,83.52351256110902,22736100
2025-02-11,82.74686431884766,82.98079755426913,82.70007481613304,82.84043618520109,21513000
2025-02-12,81.62397766113281,81.9701942382028,81.27775394498791,81.6801193462631,48536200
2025-02-13,82.98079681396484,83.17729987327671,82.4099991535027,82.42871067097613,42718100
2025-02-14,83.42058563232422,83.9165229042998,83.39251478886524,83.63580019155978,27460700
2025-02-18,82.43806457519531,83.13050490136466,82.38192288739315,82.84978932327856,29429200
2025-02-19,82.54100799560547,82.76558191917346,82.2415737178227,82.29771541394562,20584300
2025-02-20,82.84978485107422,83.05564721400346,82.76556518484186,82.76556518484186,27913400
2025-02-21,83.85101318359375,84.15044738119101,83.11178344660296,83.1585729402265,46912300
2025-02-24,84.09431457519531,84.27209896376401,83.52351696030466,83.58901797484579,26218000
2025-02-25,85.54469299316406,85.61955333240643,84.9645432117229,85.12361607830677,50125100
2025-02-26,86.04998016357422,86.14355200785624,85.3388212966974,85.54468363756233,32220200
2025-02-27,85.4417724609375,85.89092741329952,85.28269957452679,85.4417724609375,53373600
2025-02-28,86.48978424072266,86.5365737370294,85.5914815964168,85.94705749549365,49388600
2025-03-03,86.89342498779297,87.02483933912556,85.76701421592934,85.8045621965308,42904200
2025-03-04,85.82331848144531,87.09992096561434,85.67312658375774,86.77138514135258,56722000
2025-03-05,85.1380844116211,86.17063585203464,85.05360683642954,85.94534799510213,50215900
2025-03-06,84.85649871826172,85.23197137749978,84.22758613192653,84.93159468241839,42827500
2025-03-07,84.58425903320312,85.56987360998667,84.47161511651422,85.55109604310013,36903600
2025-03-10,85.46662139892578,86.01104911101145,85.33520707240059,85.49478058867494,41440800
2025-03-11,84.85649871826172,85.87965437410148,84.61244041552519,85.39154493017372,40555700
2025-03-12,84.349609375,84.83771880545899,84.27451341291551,84.48102372787531,32734600
2025-03-13,85.09117889404297,85.14749729344254,83.8990535887464,84.08679352265534,38675400
2025-03-14,84.64059448242188,84.86588236123931,84.34960659088047,84.49040972475514,24658000
2025-03-17,85.0630111694336,85.58866860860546,84.83772327132094,85.23197351224533,26700300
2025-03-18,85.14749145507812,85.43847938075186,84.59367480149965,84.6124452128304,23654700
2025-03-19,85.58866882324219,85.62621680635512,84.83772348407447,85.11932977664874,31378700
2025-03-20,85.64496612548828,86.58364398750845,85.56987733929992,86.5460960136424,35645800
2025-03-21,85.1380844116211,85.83271122818006,85.06299562085444,85.7294560841387,29192100
2025-03-24,84.26512908935547,84.72508651032027,84.19942190943843,84.66876095500173,27985600
2025-03-25,84.2557373046875,84.55611397116495,84.02106781020372,84.07738619718555,22333800
2025-03-26,83.70191192626953,84.10554373529908,83.62681597074206,83.90842222319783,25095600
2025-03-27,83.45787811279297,83.57051490788774,83.19504221396456,83.4015525536996,23674500
2025-03-28,84.61243438720703,84.80016712267815,84.30266892828936,84.36837610185874,39869400
2025-03-31,85.44786071777344,85.73884861807859,84.81894815060967,85.63560062244217,38824300
2025-04-01,86.18829345703125,86.58396056650993,85.92452017556737,85.96220309967406,39800100
2025-04-02,86.13179016113281,87.01732108931736,85.40641348975575,87.01732108931736,43488400
2025-04-03,86.52742004394531,87.35642987955563,86.51799751746378,87.15859275985275,57467400
2025-04-04,87.46949768066406,88.63763975983973,87.44123728002592,88.22314190500681,92794200
2025-04-07,84.83175659179688,86.84774661041916,84.59624367198322,86.55570570249715,124987600
2025-04-08,83.23025512695312,84.97304910142812,83.10779100975283,84.10636337828034,73861900
2025-04-09,83.72014617919922,83.75782911373001,80.91282864857632,82.21285754710686,131353500
2025-04-10,81.41210174560547,83.0701146595512,81.34615841769599,82.65560963424385,78592000
2025-04-11,81.8548812866211,82.24112597904586,80.07440393873094,80.8939916017617,94814100
2025-04-14,82.43892669677734,82.62733411710914,81.78890887825261,82.33530045941015,37596400
2025-04-15,82.7309799194336,83.079541635489,81.99618074417242,82.09980700604609,22553900
2025-04-16,83.19257354736328,83.37156564925277,82.40125366228328,82.7121324116861,35607300
2025-04-17,82.45777893066406,83.08895180475656,82.17516775092652,82.9382272796866,31758400
2025-04-21,81.01643371582031,82.02442859200258,80.99759584712812,81.5816632112648,39343200
2025-04-22,81.46863555908203,81.97733716089317,81.39326969685659,81.7889296926138,32552100
2025-04-23,82.25994873046875,83.89911656790623,82.11863954733299,83.72954698560004,44082200
2025-04-24,83.12662506103516,83.2302513044004,82.67444435115301,82.92879510205137,24190800
2025-04-25,83.73898315429688,83.94623569834998,83.46578727234366,83.74840568464968,22513900
2025-04-28,84.26652526855469,84.34189113270337,83.47520525684679,83.52231071876082,20130500
2025-04-29,84.97306060791016,84.98248313736553,84.12521982631236,84.14405769793903,22129500
2025-04-30,84.28536224365234,84.83175392539421,84.15347558768482,84.57739595511133,42630600
2025-05-01,83.85798645019531,84.4158385591879,83.48923503929835,84.39693137487004,29932800
2025-05-02,82.95030212402344,83.27177480007411,82.77065138521259,82.93138772323793,32090400
2025-05-05,82.48699188232422,82.64773543173953,82.09933323662887,82.59099944393935,22862800
2025-05-06,82.76117706298828,82.76117706298828,81.91966674538425,82.07095306544865,21095200
2025-05-07,83.11104583740234,83.40415415201576,83.03540265500826,83.1299530261354,23161600
2025-05-08,82.18441772460938,83.26230760056822,82.15605334056774,83.22448601726956,25483700
2025-05-09,82.30735778808594,82.55318731303562,82.18443581188009,82.26007899512507,17007900
2025-05-12,81.54145812988281,82.05203863932493,81.49418656517614,81.67383005302757,32115000
2025-05-13,81.21054077148438,81.5887494157606,80.84178932709078,81.43746307255816,53912200
2025-05-14,80.67160034179688,81.19163815868481,80.55813557800398,81.0781733948919,42119800
2025-05-15,81.38072967529297,81.61710916281429,80.8228775473328,80.96469946886201,59448000
2025-05-16,81.59820556640625,82.15605771889983,81.50364799625565,82.13715053310759,31778200
2025-05-19,81.36181640625,81.42800236925753,80.20828343920822,80.28392660085366,49361900
2025-05-20,80.77560424804688,80.9363405791784,80.42575998582241,80.77560424804688,35493100
2025-05-21,79.39514923095703,80.42576040935352,79.19659131256128,80.06646615897978,77053100
2025-05-22,79.81116485595703,79.83007203883938,78.76163946963428,78.96964733625477,61747900
2025-05-23,79.94355010986328,80.19883679685796,79.71662059505701,80.15155801117419,47139200
2025-05-27,81.05927276611328,81.34292387794966,80.51087051733973,80.69997125856398,56773400
2025-05-28,80.70941162109375,80.87960513817993,80.34066020302858,80.75669040340134,34806800
2025-05-29,81.45637512207031,81.5603826765886,80.97415893418821,81.09707367419634,38933200
2025-05-30,81.57928466796875,81.75893538046746,81.20107605868527,81.39963395547002,49042100
2025-06-02,80.820068359375,81.11426778163188,80.46892174140906,80.94344067567336,46213100
2025-06-03,80.6777114868164,81.37050507831198,80.56382433562148,81.08579806120116,33731300
2025-06-04,81.98737335205078,82.23412520256662,81.28508742121117,81.41795213135424,57441500
2025-06-05,82.0443115234375,82.49985283446998,81.82603689318422,82.26259339427428,37664700
2025-06-06,81.00038146972656,81.55082517691437,80.93394910786489,81.41796045319103,38130100
2025-06-09,81.0857925415039,81.27559720665734,80.70617597061317,80.70617597061317,26560800
2025-06-10,81.50337982177734,81.78809411447763,81.1617255667711,81.71216933767953,24857000
2025-06-11,81.7501220703125,81.99687394546909,81.34203549395463,81.43693783345041,36334800
2025-06-12,82.72760009765625,82.756070065182,82.18664899292165,82.4618707466402,43017800
2025-06-13,81.93045043945312,82.45241698339048,81.40847665493061,82.31006707905267,49374000
2025-06-16,81.10477447509766,82.02534235584305,81.10477447509766,81.69318055366281,36496600
2025-06-17,82.0917739868164,82.24362351822619,81.37999559964747,81.61725506203712,34521600
2025-06-18,82.23413848876953,82.65171025643424,81.94942421212941,82.4524131590201,38589000
2025-06-20,82.08226776123047,82.36698196439599,81.5697865398823,81.750106017926,26001900
2025-06-23,82.3479995727539,82.98386034640811,82.3479995727539,82.49984908305436,36851800
2025-06-24,82.94590759277344,83.1262198564473,82.02533974137019,82.06330212334996,32959100
2025-06-25,83.05028533935547,83.05028533935547,82.37646948840461,82.67066883781882,26345300
2025-06-26,83.4678726196289,83.4678726196289,82.75609426105135,83.12621842826496,30467500
2025-06-27,82.93640899658203,83.66717212412475,82.79405188492976,83.10723608244807,74993500
2025-06-30,83.75259399414062,83.93291351066179,83.14521032232506,83.38246979539628,53695200
2025-07-01,83.96024322509766,84.1221797773022,83.5030097520972,83.95071540802826,38960600
2025-07-02,83.42680358886719,83.43632413855133,82.96956283819736,83.05529865852085,39382200
2025-07-03,82.84573364257812,83.15055839951745,82.73142163337758,83.0362463903169,26729100
2025-07-07,82.05509185791016,82.45517298836235,81.84552347502697,82.43612462064364,38314700
2025-07-08,81.95030975341797,81.95983757131769,81.38829204646021,81.51212460877404,31407000
2025-07-09,82.80762481689453,82.80762481689453,82.09319115308868,82.10271897019936,29821900
2025-07-10,82.86479187011719,82.93147206651936,82.38850267650272,82.71238310731066,24525500
2025-07-11,81.72169494628906,82.1789284700431,81.57880674476749,82.1408317327268,40764800
2025-07-14,81.55023193359375,81.80742488659432,81.27398334401776,81.48355174077167,24609500
2025-07-15,80.97868347167969,81.83600539682661,80.87389927707308,81.81694976093685,40455000
2025-07-16,81.09297943115234,81.59785198119422,80.19756086642549,81.23586761446249,65987700
2025-07-17,81.07392883300781,81.43590592217963,80.95961683598765,81.17871301337763,31875500
2025-07-18,81.19775390625,81.40732224770252,81.06439355579731,81.3787460679761,27534900
2025-07-21,81.9217300415039,82.40754698714184,81.8836260391406,82.1312984207044,40019500
2025-07-22,82.41706848144531,82.65521304824833,82.026515171038,82.08366754144018,35190300
2025-07-23,81.9598388671875,82.11224761801459,81.7216942890986,81.96936668523787,31008500
2025-07-24,81.81694030761719,82.15034122120916,81.45496321108803,81.49306721086923,25164800
2025-07-25,82.33133697509766,82.34086479235502,81.65500730172812,81.7312153045967,27196200
2025-07-28,81.79791259765625,82.1122579569407,81.75980858825278,81.91221735826998,26812500
2025-07-29,83.17913055419922,83.19817892101186,82.11224032281355,82.14082377442517,47828300
2025-07-30,82.75047302246094,82.83620157426569,82.45516883074492,82.65520938588443,40670900
2025-07-31,82.798095703125,83.26486425550344,82.72188770262302,82.99813625374651,49814100
2025-08-01,83.97520446777344,84.08038920676172,83.68833567137325,83.72658533058505,63434500
2025-08-04,84.20469665527344,84.29076021390544,83.81265040814917,84.10907615319752,36425200
2025-08-05,84.46287536621094,84.5776170442078,83.93695169080438,84.00388676809465,28586100
2025-08-06,83.97520446777344,84.19513818439711,83.11460537394944,83.99432564969106,42589300
2025-08-07,83.83177947998047,84.38638865774345,83.75528015296956,84.0708344053565,29213100
2025-08-08,83.46841430664062,83.56403481277452,83.33454413897778,83.53534939047205,21596300
2025-08-11,83.56403350830078,83.83177383944694,83.45884876458237,83.70746791295105,20100900
2025-08-12,83.14330291748047,83.16243139756372,82.76082086034664,83.09549630802755,41052300
2025-08-13,83.83177947998047,83.96564965456086,83.60228879432512,83.61185303404582,30817500
2025-08-14,83.2102279663086,83.67878083190071,83.08592204227745,83.67878083190071,33397400
2025-08-15,82.61737823486328,82.9807390711989,82.47394382999661,82.86599738360707,36343600
2025-08-18,82.37832641601562,82.75125150543487,82.22532776631688,82.71300184301018,26777500
2025-08-19,82.8564453125,82.95206583132796,82.66519697946613,82.66519697946613,28780600
2025-08-20,83.03810119628906,83.16241440529694,82.77036089285072,82.79904631173682,25912500
2025-08-21,82.62693786621094,82.88511394427209,82.34006907247502,82.77036496770243,28643900
2025-08-22,83.23892211914062,83.47797702781665,82.92336788879784,83.02855263224544,49871900
2025-08-25,82.99987030029297,83.23892521786826,82.85643589067237,82.93293521518697,27011900
2025-08-26,82.95205688476562,82.99030654724709,82.44526162379628,82.72256620525401,30259300
2025-08-27,82.8564453125,82.86600955299619,82.23490099705135,82.34008575637549,38142800
2025-08-28,83.4014892578125,83.43973892394372,82.86600852273115,82.98075022574695,32205900
2025-08-29,82.8086166381836,83.05723577910254,82.6556252944173,82.96161527732653,41686400
2025-09-02,82.19239044189453,82.39395913624278,82.04841803386957,82.19239044189453,48760600
2025-09-03,83.09466552734375,83.32502872807734,82.4419636893368,82.48035877664475,52499500
2025-09-04,83.72815704345703,83.73775032106482,83.104249812655,83.52658104389066,40501600
2025-09-05,85.0047607421875,85.05275642385223,84.60162337941,84.67841354082843,69668000
2025-09-08,86.13740539550781,86.15660660085246,85.54229984587892,85.59028821301219,54538700
2025-09-09,85.64788818359375,85.95504157426947,85.41751764825109,85.81106182045893,37126400
2025-09-10,86.13740539550781,86.4541593756669,85.60948941835682,85.81105813579056,40713600
2025-09-11,86.71330261230469,86.84768905797944,86.2909713655874,86.3005719666598,46694400
2025-09-12,86.3389663696289,86.36776817506278,85.89743388678517,86.22378844034746,32968600
2025-09-15,86.54054260253906,86.82849474955641,86.45415183225438,86.53094200070443,24820100
2025-09-16,86.722900390625,86.8668801095728,86.4253476750822,86.47333603265633,26794200
2025-09-17,86.50214385986328,87.3852087903505,86.2621800859409,87.06845485122577,49121800
2025-09-18,85.60948181152344,85.87824007755457,85.33112294367305,85.67667137803122,55717900
2025-09-19,85.44629669189453,85.64787270466765,85.22553412264878,85.49429237552873,32509200
2025-09-22,85.13914489746094,85.3407209138819,84.98557188865603,85.25433014639958,24758200
2025-09-23,85.73426818847656,85.77266327615372,85.18715100452698,85.39832032519422,26689000
2025-09-24,85.40791320800781,85.58068742538111,85.13914761856105,85.50389725696776,28098000
2025-09-25,85.40791320800781,85.45590157093102,84.90878443643449,85.28312735355772,29882500
2025-09-26,85.33112335205078,85.8782404885507,85.12955465156277,85.41750679949698,30955100
2025-09-29,86.03182220458984,86.13740686644591,85.67668045390518,85.70547493929968,32286200
2025-09-30,85.78225708007812,86.42535827069375,85.62867674154171,86.06061595134017,38584000
2025-10-01,86.00379180908203,86.34090901809947,85.81114815492634,86.15789938380257,39408900
2025-10-02,86.25422668457031,86.38907357099039,85.90747544846036,86.0230542947609,23208300
2025-10-03,86.0904769897461,86.41796753149441,85.984524815822,86.33127604891828,25884500
2025-10-06,85.40660095214844,85.87857235716963,85.38734026251245,85.44512968002384,28371000
2025-10-07,85.89783477783203,86.09047107248767,85.54144954925515,85.69556446386252,29103300
2025-10-08,85.96526336669922,86.32164861663004,85.84967717381797,86.30238057684781,22506200
2025-10-09,85.89783477783203,86.00378694447372,85.73409319251438,85.88820075851817,21578700
2025-10-10,87.28485107421875,87.38116923419186,86.59134856464507,86.66840603206539,59389400
2025-10-13,87.23668670654297,87.24632072694347,86.55281823019568,86.95735890376375,28035500
2025-10-14,87.5160140991211,87.5738035240444,87.10183940709382,87.31374376328513,29800000
2025-10-15,87.32337951660156,87.93982455669835,87.14036986924002,87.61233399555688,31333900
2025-10-16,87.97834777832031,88.1324627158641,87.1211036468959,87.18852709492015,39631200
2025-10-17,87.84349060058594,87.93018207995864,87.55453614941919,87.89165335008231,40240400
2025-10-20,88.18062591552734,88.19025258771885,87.92055879426235,88.09393442557078,28429300
2025-10-21,88.61405181884766,88.79706145133115,88.52736768678955,88.60441779908433,24514300
2025-10-22,88.67183685302734,88.78742303865661,88.4406718303724,88.60441341522784,30496200
2025-10-23,88.06503295898438,88.41178419501242,87.93018607259614,88.2384085769984,28275100
2025-10-24,88.10355377197266,88.22876662704941,87.80496531446465,88.21913260785782,28266000
2025-10-27,88.40214538574219,88.41177940527776,87.73753766125972,87.95907601895513,30033600
2025-10-28,88.63330078125,88.78741568265399,88.43103048460948,88.46955920996048,23564500
2025-10-29,87.73754119873047,88.5081011233609,87.6701177564706,88.4984671034369,39551600
2025-10-30,87.22705078125,87.62196477439772,87.0247804488832,87.0633091810394,42649200
2025-10-31,86.96697235107422,87.32335753554139,86.88028088518645,87.22703205153215,38247300
2025-11-03,86.7494888305664,86.8268246687067,86.44015285315666,86.63349244850741,40752300
2025-11-04,86.94282531738281,87.05882169529451,86.74948572894468,86.78815364663231,26383800
2025-11-05,85.99546813964844,86.56581062945398,85.9181323147341,86.5271427169968,44643400
2025-11-06,86.7688217163086,86.85581899807895,86.54648303764374,86.5754821315672,33027400
2025-11-07,86.58515167236328,86.87515736430394,86.38215063806527,86.38215063806527,28530100
2025-11-10,86.56582641601562,86.6818227993906,86.41115473798027,86.5078208491766,24093500
2025-11-11,86.962158203125,87.06849313617508,86.788156255875,86.95248937962461,18942300
2025-11-12,87.1168212890625,87.3101534890999,86.88481379883682,86.95248080636497,23594900
2025-11-13,86.40148162841797,86.94282509953715,86.40148162841797,86.80749107554514,33825900
2025-11-14,85.9084701538086,86.84613936628676,85.9084701538086,86.79781000747971,38550500
2025-11-17,86.12112426757812,86.32413263041818,86.01479673843967,86.11146282184244,25605800
2025-11-18,86.09214782714844,86.46915081419681,85.84081741921709,86.37248470536542,31967400
2025-11-19,85.91812896728516,86.3337997910671,85.88912987785966,86.25647134431573,25782400
2025-11-20,86.25647735595703,86.44014072683558,86.02446987408348,86.02446987408348,32945000
2025-11-21,86.51748657226562,86.68181969292525,86.22748087391818,86.66248942143933,41938600
2025-11-24,87.010498046875,87.06849623964182,86.78815934934941,86.9524924789565,30865700
2025-11-25,87.23281860351562,87.57115364481963,87.12648367979854,87.30048561177642,36503300
2025-11-26,87.6194839477539,87.6194839477539,86.83647899893624,87.14581492471669,34099000
2025-11-28,87.20380401611328,87.51313990964917,86.95246629788117,87.44547291341162,40704300
2025-12-01,86.11825561523438,86.3316849503323,86.06005030620365,86.19586762826798,47086600
2025-12-02,86.15704345703125,86.30256410041652,85.81750022345723,85.93391821846292,27605700
2025-12-03,86.39958953857422,86.49660825103733,86.08914890256263,86.26377222291218,23278600
2025-12-04,85.93392181396484,86.27346506174545,85.83691051481148,86.25406576250987,25541500
2025-12-05,85.53617095947266,85.90482428029276,85.41976035415105,85.90482428029276,32808100
2025-12-08,85.25482177734375,85.56526235317095,84.94438120151656,85.55556640499523,32255200
2025-12-09,85.34214782714844,85.71079374422357,85.2160264701713,85.70109039334346,25771800
2025-12-10,85.6719970703125,85.87572305204829,85.23544245251993,85.37125977367712,46833500
2025-12-11,85.55557250976562,86.17645370572265,85.52646986018759,86.04063640670003,26778700
2025-12-12,84.73097229003906,84.88619631601732,84.5854590175456,84.76977829653363,47030100
2025-12-15,84.78916931152344,85.25482650031726,84.77946596132303,85.09960990454852,28611800
2025-12-16,85.25482177734375,85.29362777450804,84.56603198102364,84.58543868034937,41018700
2025-12-17,85.1772232055664,85.36154245326713,84.96379390681933,85.01229585558787,24668300
2025-12-18,85.58467864990234,85.73989525447824,85.43915799458945,85.49736329611942,39048900
2025-12-19,85.2652359008789,85.4697546998782,85.12889003487938,85.32366772050943,37858100
2025-12-22,85.08019256591797,85.17758140949717,84.9730626088931,85.138624386007,25547100
2025-12-23,85.21654510498047,85.29445915806107,84.75880933099826,84.79776635753856,33624100
2025-12-24,85.73271179199219,85.781409932223,85.36263118923415,85.46976115350755,25942000
2025-12-26,85.45027923583984,85.86905798035062,85.31393335904964,85.80088504195551,26522700
2025-12-29,85.77167510986328,85.77167510986328,85.4989833372707,85.65480402291209,29399800
2025-12-30,85.56715393066406,85.7424568411301,85.3821099056462,85.45028284692226,25106800
2025-12-31,84.88541412353516,85.6158415893193,84.85619078345816,85.39184056381683,36500000
2026-01-02,84.75880432128906,85.12889233640117,84.74906320765648,85.11915122276858,40731300
2026-01-05,85.17758178710938,85.23601360745744,84.83671711792479,84.90489005176171,30178000
2026-01-06,85.00227355957031,85.0607053762502,84.6321930034443,84.87566881333322,39015200
2026-01-07,85.49897003173828,85.71322994265844,85.19706239196479,85.54766073767044,39930900
2026-01-08,85.07044982910156,85.26523494283543,84.9730609873808,85.05097503287435,28204900
2026-01-09,85.63531494140625,85.7034878731846,84.84645566935798,85.02175855540118,57348800
2026-01-12,85.3821029663086,85.61584511479505,85.12889345088733,85.21654118385023,36103100
2026-01-13,85.52819061279297,85.61584577672627,85.2554988677432,85.58662243521998,30451400
2026-01-14,86.02488708496094,86.1222759366151,85.59636722133095,85.61584944983764,39233500
2026-01-15,86.00540161132812,86.34627372469564,86.00540161132812,86.32679149692405,37988900
2026-01-16,85.50870513916016,86.01513154098052,85.4210499861711,85.83008755267507,46382400
2026-01-20,84.38871765136719,84.7587982095009,84.28158770001151,84.36923542550684,66009500
2026-01-21,85.03150177001953,85.19707099172001,84.35951349010342,84.53481639579744,51220100
2026-01-22,85.40158081054688,85.46975374278324,84.86593103562382,84.99253578683638,42419300
2026-01-23,85.63531494140625,85.73270378247642,85.2165362375415,85.5379261003361,35968800
2026-01-26,86.04434967041016,86.18069552943224,85.89826269851734,86.09304780447178,38882400
2026-01-27,85.50870513916016,85.94695861322985,85.39183407860537,85.81061275772853,35180100
2026-01-28,85.31392669677734,85.4113155396947,85.01201905464582,85.22627896723945,38750300
2026-01-29,85.33340454101562,85.45026817439764,84.80749589992041,84.8756688294906,43855000
2026-01-30,84.85619354248047,85.27497226702462,84.85619354248047,85.09966937232491,45832200
2026-02-02,84.61375427246094,85.11233946437497,84.61375427246094,85.0732334271969,38171400
2026-02-03,84.81904602050781,84.83859530758416,84.4964268433998,84.55508216334195,27438200
2026-02-04,84.60396575927734,84.83859449551316,84.5257536942944,84.69194873834839,37872900
2026-02-05,85.52294158935547,85.52294158935547,84.80926952649179,84.98524294892987,50268900
2026-02-06,85.58159637451172,85.58159637451172,85.24919881922715,85.4936059344872,33461800
2026-02-09,85.56204223632812,85.62070501770357,85.08300636425716,85.24920141760843,24708900
2026-02-10,86.54945373535156,86.54945373535156,86.24639127375063,86.26594056278036,37253700
2026-02-11,86.08995819091797,86.50056780506156,85.97264755148815,86.07040890391735,37014000
2026-02-12,87.23379516601562,87.2826721162521,86.3734773042614,86.38325567779414,48454900
2026-02-13,87.71282958984375,87.80081257403579,87.51729941600566,87.62483914693824,56785200
2026-02-17,87.8594741821289,88.10388130212722,87.75193445263258,87.91812950414021,32356700
2026-02-18,87.52706909179688,87.84968825253591,87.46841377483078,87.68349321532347,35415400
2026-02-19,87.61505889892578,87.71282024607387,87.37065180169918,87.39997945997234,28658600
2026-02-20,87.40977478027344,87.73238654254244,86.94050978077853,87.69328050435834,49610800
2026-02-23,87.73238372802734,87.9865692387124,87.52708262818268,87.54663937600439,33614600
2026-02-24,87.88880920410156,88.03545498012528,87.7519418021365,87.93768615696679,24933900
2026-02-25,87.8985824584961,88.06477751424305,87.70305228228183,87.70305228228183,23625800
2026-02-26,88.2505111694336,88.29939557224472,88.03543918971758,88.04521010330967,29447100
2026-02-27,88.78821563720703,88.82732167029954,88.52425923722404,88.66112662369125,51272000
2026-03-02,87.8966064453125,88.26933793517392,87.65138658746564,88.2595345289917,55465500
2026-03-03,87.72003173828125,87.95544066319617,87.23940300055479,87.27863906862642,51850400
2026-03-04,87.44539642333984,87.72985233570523,87.39634946194333,87.56309715706648,47069500
2026-03-05,87.09228515625,87.23941856689324,86.81764011425787,86.93534085595957,45768900
2026-03-06,86.76858520507812,87.2394105793249,86.33699590231153,86.6312626966552,58136900
2026-03-09,87.52387237548828,87.61214792962328,86.52337119419603,86.61165423184697,52478700
2026-03-10,86.59203338623047,87.24922079692662,86.58222249671553,87.10209487178273,48651500
2026-03-11,85.47383117675781,86.131018585322,85.41498080689117,86.07216821545536,54679900
2026-03-12,85.30707550048828,85.58172051221949,85.12070603530697,85.24822513612168,48977000
2026-03-13,84.88529968261719,85.48363668363957,84.81663842759079,85.26784202969503,43460000
2026-03-16,85.54249572753906,85.67000736166175,85.29727586563801,85.51307054147355,37341500
2026-03-17,85.77789306640625,85.89560127822106,85.65038144957667,85.6896175201816,19578100
2026-03-18,85.29727172851562,85.80733320729972,85.2678465438773,85.68962498523048,37596600
2026-03-19,85.817138671875,86.05255512166099,85.30708466437092,85.39536022040357,60307400
2026-03-20,84.18888854980469,85.19919322866681,84.12022728474173,85.15014626068614,78948500
2026-03-23,84.73817443847656,85.06186645054387,84.29678168276024,84.53219065357453,69686700
2026-03-24,84.36544036865234,84.64008540680327,83.92404014289605,84.08098444099146,51799400
2026-03-25,85.1795654296875,85.21880150459647,84.8264557225389,85.09128987377937,37861000
2026-03-26,84.46353149414062,84.95397122759469,84.2869728907565,84.6891295807603,39537000
2026-03-27,84.00250244140625,84.45370602024617,83.81613298015155,83.86517993843388,39928900
2026-03-30,85.12071228027344,85.28745998055595,84.83625635910664,84.97357887504705,36473200
2026-03-31,85.03243255615234,85.49344704427351,84.91472434104199,85.26784150285755,47112200
2026-04-01,84.94872283935547,85.39187917007767,84.91918008576286,84.96841550394505,31157600
2026-04-02,85.47067260742188,85.52975811996613,84.8404020955592,84.89948760810346,33310600
2026-04-06,85.33280181884766,85.52975853723419,85.07675207421141,85.18508052334916,14660300
2026-04-07,85.32294464111328,85.36233748420166,84.604045916646,85.20476611184816,22747200
2026-04-08,85.59868621826172,86.04185006374452,85.41157960713551,86.03199997471161,22244900
2026-04-09,85.38203430175781,85.8054979937831,85.07674914474548,85.37219172556944,18909100
2026-04-10,85.17522430419922,85.36233843259373,85.01766044351173,85.28355274554166,13247700
2026-04-13,85.43128204345703,85.4805249808375,84.93888272332184,85.12599686926677,12719700
2026-04-14,85.88428497314453,85.91382772898706,85.31309998213224,85.38203558357048,16606900
2026-04-15,85.51005554199219,85.74640507819078,85.41157719469413,85.69716214783361,15119600
2026-04-16,84.96842193603516,85.64793537377025,84.8896362448798,85.5986924384439,20001000
2026-04-17,85.74641418457031,85.88428538811294,85.56915013524163,85.72672151838583,29604100
2026-04-20,85.7267074584961,85.80548562373085,85.391872080939,85.78579296077612,14623500
2026-04-21,85.25401306152344,85.7661050189707,85.21462021657874,85.64793399755352,19798700
2026-04-22,85.42142486572266,85.83504597051451,85.39188211111254,85.72671752799958,13676800
2026-04-23,85.23431396484375,85.71686313052847,84.92902131791084,85.51005634523501,21106700
2026-04-24,85.39187622070312,85.50020465574545,84.9388698166244,85.14567659804624,22285700
2026-04-27,84.96842193603516,85.30325736673689,84.87979366854816,85.17522874025518,19250100
2026-04-28,85.05706024169922,85.05706024169922,84.63359653094076,84.81086058459354,14553600
2026-04-29,84.39723205566406,84.6828245344934,84.24951828507699,84.6828245344934,29020800
2026-04-30,84.3184585571289,84.59420096206748,84.09195157397677,84.58435087234338,28516200
2026-05-01,84.61992645263672,85.00541552439633,84.35304476224249,84.51119799227774,21281000
2026-05-04,83.97743225097656,84.37280773828542,83.77974827790223,84.36292127728365,27226000
2026-05-05,84.44200897216797,84.50131266364617,84.10593712441536,84.16524835705475,18226500
2026-05-06,85.0844955444336,85.17345108401756,84.92634230806915,85.05484369790561,22530700
2026-05-07,84.65946960449219,85.29206747850932,84.61004483198774,85.28218101577613,21178300
2026-05-08,85.0844955444336,85.28217954872777,84.99553246368825,85.06472261930735,30797600
2026-05-11,84.57050323486328,84.9263404678113,84.50131308074346,84.88680215957694,17713700
2026-05-12,84.00709533691406,84.21466579877284,83.93790518296113,84.20478687760898,27680600
2026-05-13,83.81929779052734,84.06640656049805,83.6117197875301,83.95767809841804,26295100
2026-05-14,83.93790435791016,84.39258358529752,83.92802543684341,84.27397620320758,25247200
2026-05-15,82.6924819946289,82.9988944547087,82.62328429986388,82.9000524554405,50796000
2026-05-18,82.59363555908203,82.94947280275325,82.35641324368837,82.7320158714918,26166200
2026-05-19,82.05987548828125,82.26745348741964,81.81276672290426,82.0005717977623,35346600
2026-05-20,82.93959045410156,83.0285459907629,82.07964922723636,82.09941461055185,44498000
2026-05-21,83.2459945678711,83.28553287169957,82.36628804587843,82.65293509276464,24887000
2026-05-22,83.70067596435547,83.70067596435547,83.1669201602917,83.63148581611539,27987700
2026-05-26,84.1158218383789,84.39258244773968,83.91813784345293,84.35304414052229,22531200
2026-05-27,84.31350708007812,84.49142567869347,84.16524032437192,84.2640823144559,23589600
2026-05-28,84.74842071533203,84.85714917622877,84.28385502625707,84.37281810388218,25417300
2026-05-29,84.76819610595703,84.96588010906906,84.56062564034099,84.81761333615437,33118600
2026-06-01,84.81383514404297,84.88329744066357,84.14898065198554,84.27797989690306,26322400
2026-06-02,84.99246215820312,85.16115524265898,84.84361220157956,85.14131211482669,20319000
2026-06-03,84.65506744384766,84.7741489219402,84.4466805353031,84.63522431624384,15372000
2026-06-04,84.8436050415039,85.05199193486152,84.76421739522787,84.95276116242779,15866500
2026-06-05,84.406982421875,84.69475696786394,84.26805782323521,84.3375201225551,26461200
2026-06-08,83.97036743164062,84.6749157897616,83.97036743164062,84.575685012853,22922700
2026-06-09,84.4665298461914,84.52606679884806,84.12913611588318,84.31767989372669,22617700
2026-06-10,84.22836303710938,84.6451443990908,84.04974461649526,84.46652597847668,21258300
2026-06-11,85.3199234008789,85.37946035021127,84.38713748361768,84.5161367307787,35190500
2026-06-12,85.11153411865234,85.17107864243278,84.7543048300853,84.98253486363711,23092600
2026-06-15,85.06192016601562,85.44892549119821,85.0123009927059,85.30007554209193,17632700
2026-06-16,85.52831268310547,85.71684888486452,85.27030661075489,85.30007508625248,26472500
2026-06-17,85.66724395751953,85.92524247914956,85.27031325470422,85.66724395751953,34507500
2026-06-18,86.08401489257812,86.51071405885553,85.98478411291846,86.40155792998294,32350900
2026-06-22,85.42906951904297,85.66723245123768,85.30999562376805,85.63746397741896,28595100
2026-06-23,85.5382308959961,85.76646849400962,85.43900012022526,85.45885081787317,19145500
2026-06-24,86.70916748046875,86.7984804733566,86.45116899173159,86.48093746575337,41837000
2026-06-25,86.67940521240234,87.11602971817607,86.61986826009613,86.90764281428126,28380000
2026-06-26,86.6893310546875,86.69925640373603,86.33209419717129,86.34201954621982,21650800
2026-06-29,86.77863311767578,86.8679461140021,86.62979074183657,86.68932769217226,19457200
2026-06-30,85.75653839111328,86.51070587264417,85.71684456884087,86.48093739864547,31079500
2026-07-01,85.1768798828125,85.4458008648752,85.08724462131457,85.13704705466972,28109800
2026-07-02,85.16692352294922,85.43583690006334,85.02748583129237,85.03744023870766,20816300
2026-07-06,85.1071548461914,85.13704086330179,84.83824148246919,85.08723843356839,17940900
2026-07-07,84.21077728271484,84.8282848976807,84.20081527637477,84.77849006354909,24816400
2026-07-08,84.02153778076172,84.11117304213558,83.72273837861331,83.9717353474755,25806600
2026-07-09,84.15100860595703,84.34024872296722,83.92193566316114,83.94185207605399,18625300
2026-07-10,84.13109588623047,84.29044999272065,83.94185576091307,84.1709363125491,14454100
2026-07-13,83.63310241699219,83.94185622418513,83.59326199045368,83.85222096356179,18742500
2026-07-14,83.74266052246094,84.16097359710518,83.70282009647802,83.8422577880261,23793500
2026-07-15,83.90201568603516,84.07133939829467,83.7426615788775,83.7426615788775,17837800
2026-07-16,83.87213134765625,83.88209335327078,83.4538182972521,83.50361312775706,20817800
2026-07-17,84.1808853149414,84.4796846937536,84.15100689681695,84.2804901737347,22065600
2026-07-20,83.55342102050781,84.00161251827844,83.48370217421495,83.97173409826497,24289000
2026-07-21,83.32434844970703,83.43390012399696,83.09526789724684,83.40402170384658,14287500
2026-07-22,83.105224609375,83.3641759667048,83.04546017409714,83.27454071196385,15988400
2026-07-23,82.8363037109375,82.91598455884633,82.62714718426474,82.65702560253459,29152800
2026-07-24,82.91598510742188,83.32434375656841,82.89606869470485,82.9757419443569,15106000
2026-07-27,83.41397857666016,83.53349984869041,83.18489803829814,83.39406216404706,23816200
2026-07-28,83.90201568603516,84.00161295285675,83.51358102628191,83.52354303259939,25366900
2026-07-29,82.51759338378906,83.81238065232647,82.36819368376023,83.76257821938873,41445200
2026-07-30,82.4677963256836,82.5673935900888,82.18891334705116,82.47775073297518,40407300
2026-07-31,81.91999816894531,82.11919269336835,81.56144194595663,82.11919269336835,50359800
2026-08-03,82.19000244140625,82.3499984741211,82.01000213623047,82.23999786376953,32050800
2026-08-04,82.81999969482422,82.83999633789062,82.56999969482422,82.6500015258789,38408600
2026-08-05,83.0,83.1500015258789,82.80000305175781,82.94999694824219,29465800
2026-08-06,82.5199966430664,82.91999816894531,82.4000015258789,82.7699966430664,27566600
2026-08-07,82.76000213623047,82.8499984741211,82.4800033569336,82.80000305175781,96130000
2026-08-10,82.05999755859375,82.44999694824219,82.02999877929688,82.4000015258789,36743600
2026-08-11,82.19000244140625,82.45999908447266,82.12000274658203,82.2699966430664,23268500
2026-08-12,82.11000061035156,82.4800033569336,82.05000305175781,82.44999694824219,21444600
2026-08-13,82.58999633789062,83.0,82.48999786376953,82.58999633789062,26921500
2026-08-14,82.04000091552734,82.36000061035156,81.81999969482422,82.2300033569336,31374800
2026-08-17,81.3499984741211,81.86000061035156,81.30999755859375,81.7699966430664,31557700
2026-08-18,81.66000366210938,81.75,81.16999816894531,81.26000213623047,25037100
2026-08-19,83.0199966430664,83.05999755859375,82.61000061035156,82.80999755859375,51309500
2026-08-20,82.33999633789062,82.7699966430664,82.1500015258789,82.36000061035156,39569900
2026-08-21,82.05000305175781,82.2699966430664,81.9000015258789,82.16999816894531,24269100
2026-08-24,82.55999755859375,82.87999725341797,82.44999694824219,82.48999786376953,29038500
