Price,Close,High,Low,Open,Volume
Ticker,XLF,XLF,XLF,XLF,XLF
Date,,,,,
2013-01-02,10.705470085144043,10.711816631276445,10.62297392526947,10.661049477127776,86126792
2013-01-03,10.692779541015625,10.72450929486874,10.648358928603477,10.705471144561955,59026942
2013-01-04,10.819696426391602,10.838733830584896,10.686433852051286,10.711817057642346,54822954
2013-01-07,10.794316291809082,10.807007898215405,10.73085751479001,10.800662095012243,44491664
2013-01-08,10.762585639953613,10.78162304666954,10.711818477057125,10.775277244430898,51457154
2013-01-09,10.749892234802246,10.845079997424685,10.711816682760936,10.787967041856332,59736737
2013-01-10,10.883158683776855,10.895851035639627,10.78797088722476,10.838737314725883,75427432
2013-01-11,10.857772827148438,10.864117884054146,10.787968261337952,10.857772827148438,52621188
2013-01-14,10.826047897338867,10.857776918760617,10.762589109507777,10.845085310191918,47142130
2013-01-15,10.870464324951172,10.883155928613466,10.756238402015928,10.775276552496669,51769213
2013-01-16,10.876811981201172,10.895850134927784,10.813353952070564,10.864119630387622,71678176
2013-01-17,10.870464324951172,10.908539880925353,10.838734570808137,10.883155928613466,69721255
2013-01-18,10.883158683776855,10.895851035639627,10.807008297537681,10.864120528476445,70050794
2013-01-22,10.984689712524414,10.984689712524414,10.864117985457103,10.864117985457103,52164733
2013-01-23,10.97834587097168,10.991038222129957,10.921233643202951,10.97834587097168,46065374
2013-01-24,11.035453796386719,11.098912543203861,10.984686649935583,11.010069850667596,82546675
2013-01-25,11.086227416992188,11.092573220881025,11.016422829227437,11.086227416992188,56354565
2013-01-28,11.041804313659668,11.105262342599152,10.997382948414602,11.098917284692629,38270928
2013-01-29,11.086227416992188,11.098919024769863,11.003731221449762,11.016422829227437,46096888
2013-01-30,11.035453796386719,11.079875142654851,11.010069850667596,11.060836997118733,39875044
2013-01-31,11.029112815856934,11.048150224725173,10.978345647220863,11.016421209944774,43701239
2013-02-01,11.175066947937012,11.206795960372503,11.08622496813026,11.08622496813026,71294104
2013-02-04,11.048151016235352,11.124301402151298,11.022767802592533,11.098918188508478,61435148
2013-02-05,11.156030654907227,11.194106221163395,11.08622681591467,11.1052634815615,58311731
2013-02-06,11.175066947937012,11.18141275042411,11.079879165643161,11.092570770617359,36912889
2013-02-07,11.143339157104492,11.21314448675666,11.054497906606304,11.200452879542633,62169070
2013-02-08,11.168721199035645,11.181412804070733,11.136992186447923,11.162375396518101,54945808
2013-02-11,11.219489097595215,11.238526507656452,11.149685260704008,11.168722670765245,34986990
2013-02-12,11.308331489562988,11.321023095883325,11.194105542705051,11.232181106653515,68228421
2013-02-13,11.28294849395752,11.340061472256135,11.238527123061369,11.333715668554902,49634536
2013-02-14,11.321022033691406,11.327367836256181,11.2258342502324,11.23852511037456,38606376
2013-02-15,11.270255088806152,11.352751268750511,11.232180272672172,11.346406211048917,78615969
2013-02-19,11.37813949584961,11.384484555933142,11.295643284936158,11.308334895078584,54735061
2013-02-20,11.206796646118164,11.378135558716204,11.20045158823019,11.371789755840805,67902699
2013-02-21,11.11795425415039,11.187758828213562,11.073532890660228,11.187758828213562,64595863
2013-02-22,11.257561683654785,11.257561683654785,11.175065516899286,11.19410292192272,53303285
2013-02-25,10.952962875366211,11.327368989751603,10.946617072155227,11.327368989751603,88097007
2013-02-26,11.010072708129883,11.041802462266883,10.889501728373721,11.016419254947124,91502446
2013-02-27,11.181412696838379,11.206795906665125,10.984690585718972,10.991037133163033,77002374
2013-02-28,11.162376403808594,11.257564195148866,11.136993191447841,11.181413813079159,76742387
2013-03-01,11.194107055664062,11.22583682074085,11.016423053189254,11.079881838355274,63689232
2013-03-04,11.289291381835938,11.295637928885492,11.149682991479654,11.162374595604104,44648986
2013-03-05,11.384483337402344,11.454288675689481,11.340062706658385,11.359100864821968,81640166
2013-03-06,11.460628509521484,11.505050609986005,11.409862097532915,11.466975056007318,81642628
2013-03-07,11.543124198913574,11.555816546375604,11.486011987776983,11.486011987776983,58971794
2013-03-08,11.574854850769043,11.625622009605843,11.498704485007488,11.612930406143466,75238474
2013-03-11,11.663698196411133,11.682736348838658,11.549473006782877,11.581202019183122,60897570
2013-03-12,11.600239753723145,11.663697776237619,11.568509997478557,11.651006171734725,40250869
2013-03-13,11.631970405578613,11.644662011871558,11.574857432272898,11.612932996139193,29836732
2013-03-14,11.708118438720703,11.727155844339668,11.657351278749493,11.676388684368458,82792382
2013-03-15,11.747596740722656,11.760331138959327,11.65208800644832,11.709392798513337,61508885
2013-03-18,11.632984161376953,11.683922495253816,11.569311430905678,11.594780971593716,50767302
2013-03-19,11.569313049316406,11.69665852807309,11.499273110750162,11.683924129697285,80060793
2013-03-20,11.645723342895508,11.67119289404832,11.613887338328892,11.632988941068861,77461167
2013-03-21,11.505642890930176,11.626621189777572,11.505642890930176,11.582049293360821,70564736
2013-03-22,11.575682640075684,11.594784240352354,11.512009891654023,11.569314692484035,54333878
2013-03-25,11.543843269348145,11.652086386813405,11.480170539515965,11.620249648147713,61043567
2013-03-26,11.620251655578613,11.626619602411196,11.543845263579628,11.58841565891237,59791763
2013-03-27,11.562946319580078,11.575680717649666,11.499272834233539,11.537476775941602,39216336
2013-03-28,11.594782829284668,11.601150028602012,11.531110836111216,11.556578885881263,31685325
2013-04-01,11.537476539611816,11.632985270676658,11.49927259868631,11.588414878346065,27318475
2013-04-02,11.607515335083008,11.6202497316411,11.56294494712968,11.569311397909516,49287270
2013-04-03,11.416502952575684,11.613887681723938,11.371931797365038,11.613887681723938,109156340
2013-04-04,11.518370628356934,11.524737824876285,11.422861185568657,11.422861185568657,68118247
2013-04-05,11.480172157287598,11.499273007179951,11.314622737395231,11.333725082286207,73523198
2013-04-08,11.594782829284668,11.601150028602012,11.422866205218352,11.4674373479391,51458508
2013-04-09,11.626619338989258,11.703025729257119,11.582047449667701,11.626619338989258,62398898
2013-04-10,11.785801887512207,11.79853628705041,11.67119079666961,11.67119079666961,82560708
2013-04-11,11.811271667480469,11.874943670459258,11.75396611730011,11.792169319087384,60166233
2013-04-12,11.760332107543945,11.792168105757643,11.696659363617178,11.734863308972987,56836255
2013-04-15,11.512006759643555,11.798533675837461,11.499271615424467,11.741227395599616,88256176
2013-04-16,11.690287590026855,11.703021984329869,11.550207757695542,11.626615618511785,55160987
2013-04-17,11.47380542755127,11.594783718861205,11.378296682964125,11.582048571750114,97644397
2013-04-18,11.352825164794922,11.473802679631946,11.30188683104821,11.467435481351009,75975843
2013-04-19,11.512006759643555,11.518373958003489,11.378294099086503,11.39102849580637,66982034
2013-04-22,11.52474308013916,11.543845425906854,11.410132743029719,11.537477478984727,53919154
2013-04-23,11.734861373901367,11.741227824994912,11.60114870845423,11.613883105639815,92145028
2013-04-24,11.804902076721191,11.824003673746805,11.734862140127976,11.747596538145054,46441322
2013-04-25,11.874940872192383,11.944981553963233,11.824003281812525,11.849472077002455,44356254
2013-04-26,11.824002265930176,11.881307797683272,11.773064679926721,11.855838257182336,29434318
2013-04-29,11.874940872192383,11.894043216084102,11.824003281812525,11.874940872192383,36910920
2013-04-30,11.906779289245605,11.913146488939104,11.81763774603725,11.868576091084615,50558770
2013-05-01,11.773067474365234,11.900412217099449,11.766699527104107,11.887677070076581,49923082
2013-05-02,11.874940872192383,11.894043216084102,11.79216654032584,11.81126888421756,54011356
2013-05-03,12.002288818359375,12.059594366854048,11.9831864705282,11.995921618248792,50393078
2013-05-06,12.129632949829102,12.14236809690059,12.027757753252303,12.034124205538964,29340516
2013-05-07,12.193303108215332,12.231506296484298,12.104160840589376,12.174201514080849,48645304
2013-05-08,12.295181274414062,12.307915672834076,12.155101396795276,12.193305339554637,77939657
2013-05-09,12.206036567687988,12.301545278530831,12.17420057990675,12.301545278530831,46510750
2013-05-10,12.256978988647461,12.256978988647461,12.180571097459117,12.218775043053288,65637289
2013-05-13,12.295181274414062,12.32065081875341,12.206039737974649,12.237876481524003,38763821
2013-05-14,12.505301475524902,12.581708615894705,12.30791605144485,12.320651197755938,42067209
2013-05-15,12.619912147521973,12.651748145396914,12.47346506229852,12.505301807672824,58081658
2013-05-16,12.53713321685791,12.664477909247871,12.505297230635193,12.594438739557893,46165208
2013-05-17,12.70268440246582,12.70905309636794,12.588074822201913,12.594442021105463,59018818
2013-05-20,12.728155136108398,12.791827127360138,12.677216048108386,12.689950446358734,40420254
2013-05-21,12.759989738464355,12.823661722763719,12.721786547884738,12.753622540034419,44609840
2013-05-22,12.626276016235352,12.957373296787411,12.575338433072982,12.785457458616085,118123067
2013-05-23,12.549873352050781,12.613545349829328,12.40979271443982,12.447996660606336,73706248
2013-05-24,12.562605857849121,12.568973056667149,12.428893187671996,12.486197977034243,62105304
2013-05-28,12.689949035644531,12.80456010215522,12.632644249888413,12.734520919564408,58804501
2013-05-29,12.689949035644531,12.753622514816449,12.594441059384335,12.61990985305372,59443390
2013-05-30,12.842765808105469,12.887336200568324,12.683584340025273,12.709053135718333,68429074
2013-05-31,12.632644653320312,12.86186679366205,12.626277454699625,12.810927709698053,73854091
2013-06-03,12.645380020141602,12.696319108011338,12.447995352767403,12.683584709793557,123404549
2013-06-04,12.530774116516113,12.734526802495902,12.498938109722197,12.664486092550138,77242788
2013-06-05,12.327018737792969,12.556240926635622,12.28244833801755,12.505302579392875,108448023
2013-06-06,12.498932838439941,12.505300037113432,12.237875450329078,12.31428183441096,87829880
2013-06-07,12.71541976928711,12.734521365207607,12.530768766224542,12.56897270556479,65529331
2013-06-10,12.721784591674805,12.791823763634286,12.677212714520545,12.779089368732562,81226304
2013-06-11,12.511661529541016,12.645373388201037,12.492559942232287,12.594435822044424,86971873
2013-06-12,12.377950668334961,12.600804794183228,12.352481881666252,12.59443759751605,79029954
2013-06-13,12.613543510437012,12.626277908135705,12.339750969918,12.371588459163288,85934756
2013-06-14,12.447997093200684,12.626280188175102,12.4288954932033,12.59444418817946,54618855
2013-06-17,12.56897258758545,12.626277374809046,12.498932655701806,12.543502298265357,56877616
2013-06-18,12.651747703552246,12.683585195314032,12.568974111968153,12.581708510673398,42143039
2013-06-19,12.479830741882324,12.670847441925046,12.467096345046091,12.658113045088813,75429279
2013-06-20,12.212407112121582,12.40979178545787,12.16146877021254,12.365221390349374,126575852
2013-06-21,12.223273277282715,12.319166971930711,12.076235928583428,12.312773358476123,105462601
2013-06-24,12.005913734436035,12.133771744314929,11.878054974044936,12.06984236411938,96897057
2013-06-25,12.229667663574219,12.287204941778002,12.095416766310644,12.127381837478042,80205190
2013-06-26,12.351131439208984,12.39588223087067,12.274417082952741,12.34473857618763,82233016
2013-06-27,12.510957717895508,12.530137062380655,12.41506399751939,12.434242591492133,52961682
2013-06-28,12.43423843383789,12.491774947029956,12.363916195605844,12.466203496949996,63374219
2013-07-01,12.472600936889648,12.78585508674299,12.466208822151286,12.523744609408812,73513720
2013-07-02,12.485383033752441,12.613241794897439,12.427846516185971,12.478990170746412,74272877
2013-07-03,12.447028160095215,12.478993233482802,12.363920170107322,12.402278108069947,30829533
2013-07-05,12.670780181884766,12.670780181884766,12.504564208335172,12.587672195109969,46578332
2013-07-08,12.766671180725098,12.811421218867283,12.72191964155859,12.753883954517292,58673522
2013-07-09,12.875350952148438,12.881745316314458,12.753885051434183,12.843386636440595,93151001
2013-07-10,12.79863452911377,12.862563150213193,12.728311544880196,12.836991701773423,71055905
2013-07-11,12.920103073120117,12.971245980540445,12.824208620682482,12.971245980540445,74407918
2013-07-12,13.009605407714844,13.015998272246359,12.92010530427363,12.952069626931207,53045513
2013-07-15,13.067138671875,13.099102984704764,12.990422820059246,13.092710122138811,32258971
2013-07-16,13.015995025634766,13.105496607776157,12.958459259202415,13.067139430154592,44604916
2013-07-17,13.073531150817871,13.111888325088056,13.009601026009957,13.041566838926052,46074484
2013-07-18,13.246139526367188,13.252532388547825,13.105495057368906,13.111887919549545,57946248
2013-07-19,13.252535820007324,13.252535820007324,13.169427089115572,13.239750092335457,40687012
2013-07-22,13.342035293579102,13.342035293579102,13.239749476958357,13.258928067574747,32787439
2013-07-23,13.29089069366455,13.380392272840893,13.278104968214267,13.380392272840893,37173861
2013-07-24,13.194997787475586,13.342035148291288,13.169426333598858,13.342035148291288,45179670
2013-07-25,13.207788467407227,13.214181332547238,13.086322528722084,13.163036910402223,46240669
2013-07-26,13.194997787475586,13.194997787475584,13.060747654622773,13.143854879722133,37870484
2013-07-29,13.099108695983887,13.169430214869916,13.047964272132713,13.169430214869916,35602736
2013-07-30,13.092714309692383,13.175821549630664,13.054357122028561,13.137464361966842,29564312
2013-07-31,13.099108695983887,13.220574638721091,13.079930099924061,13.099108695983887,56247221
2013-08-01,13.310072898864746,13.322858627789563,13.207787067466205,13.220572796391021,41956665
2013-08-02,13.303677558898926,13.316463285444618,13.258927515989,13.297284695626079,38756558
2013-08-05,13.278109550476074,13.322859604995264,13.252538090750821,13.2908952803387,25892854
2013-08-06,13.15664291381836,13.265323112877207,13.143857184637882,13.25253738369673,31125712
2013-08-07,13.067138671875,13.105495847270719,13.003208545191152,13.099102984704764,47522016
2013-08-08,13.099108695983887,13.175823080223193,13.003214214659785,13.13746588810354,53167013
2013-08-09,13.05435562133789,13.131069987846676,13.028784165834962,13.067141349089354,25617110
2013-08-12,13.003212928771973,13.041571618123305,12.958462875724377,12.996820064050887,33403185
2013-08-13,13.067138671875,13.105495847270719,12.939279919531621,13.035172858020918,37451082
2013-08-14,13.015995025634766,13.111889470713086,13.009602162697838,13.047959340319403,37419446
2013-08-15,12.82420825958252,12.92010270931999,12.77945821684979,12.92010270931999,76359915
2013-08-16,12.79863452911377,12.888134598652961,12.773063080674001,12.79863452911377,40227972
2013-08-19,12.632417678833008,12.785847859146868,12.626024817195935,12.77306213587272,47041926
2013-08-20,12.753886222839355,12.785852042507612,12.606850357078489,12.657993266908356,52458696
2013-08-21,12.664385795593262,12.805030294929152,12.606850023556804,12.696350113391293,57591843
2013-08-22,12.811422348022461,12.830600937488018,12.702742173359844,12.715527899670217,39774718
2013-08-23,12.82420825958252,12.849779712572651,12.760279627107192,12.836993986077585,31125096
2013-08-26,12.741098403930664,12.875350021221251,12.741098403930664,12.843385707824527,36845430
2013-08-27,12.43423843383789,12.632419423494051,12.408666983757929,12.587668635341965,89691891
2013-08-28,12.45341968536377,12.536526910892976,12.370311709322296,12.40227602683353,63150423
2013-08-29,12.485383033752441,12.568490252830816,12.415060790173914,12.427846516185971,33458334
2013-08-30,12.427848815917969,12.517350415588766,12.389490880271577,12.491778208320389,32457777
2013-09-03,12.530133247375488,12.645205526688704,12.45981025652828,12.574883286353671,52539203
2013-09-04,12.626029968261719,12.683565746468362,12.510956910823724,12.542921982561992,38645768
2013-09-05,12.657995223999023,12.734711101629685,12.626030900413257,12.65160235928187,37273449
2013-09-06,12.657995223999023,12.734711101629685,12.517351449709238,12.72831673588771,48118067
2013-09-09,12.805030822753906,12.805030822753906,12.677172045266877,12.70913636438248,40325837
2013-09-10,12.958460807800293,12.97763939890301,12.900923533467562,12.90731789819305,45371583
2013-09-11,12.9712495803833,12.977642445585019,12.900926562139452,12.932892389172984,39921576
2013-09-12,12.875350952148438,12.977638263437985,12.8625652258653,12.958459674013278,42265400
2013-09-13,12.913707733154297,12.932886319758929,12.856170472316169,12.894529146549665,36197555
2013-09-16,13.05435562133789,13.111891396219479,13.028784165834962,13.067141349089354,48338416
2013-09-17,13.118284225463867,13.118284225463869,13.047961221991839,13.073534178451881,42906382
2013-09-18,13.233358383178711,13.310072755903642,13.054356679129127,13.092713865491593,62847843
2013-09-19,13.182215690612793,13.303681631000664,13.156644229694281,13.29089590054141,49697070
2013-09-20,13.11225700378418,13.221364292834497,13.093002776304711,13.214946217008007,54032652
2013-09-23,12.926127433776855,13.048072359187136,12.906873209808502,13.0352362098749,62269273
2013-09-24,12.842695236206055,12.958222111904456,12.829859084122273,12.913294072666856,49559198
2013-09-25,12.913291931152344,12.951800381017526,12.797766581556798,12.8619473313321,48181217
2013-09-26,12.913291931152344,12.99672841280435,12.85552925635457,12.932547663029046,35533800
2013-09-27,12.868368148803711,12.900458530530434,12.810605461695612,12.83627776707699,60591420
2013-09-30,12.77851390838623,12.842696180468522,12.70149699022085,12.714333143248414,49069260
2013-10-01,12.868368148803711,12.89404045418509,12.784933156314233,12.797769309004922,50421391
2013-10-02,12.86195182800293,12.87478798244564,12.746424931073877,12.77851531718066,46893960
2013-10-03,12.765677452087402,12.849113951728857,12.66298823030646,12.82985972264493,57469112
2013-10-04,12.868368148803711,12.874786225149057,12.759259343988422,12.77209549667911,36588767
2013-10-07,12.720748901367188,12.804183880840071,12.70791275067905,12.759257353431595,35878480
2013-10-08,12.560294151306152,12.740001748432865,12.541039927358009,12.720747524484722,90449818
2013-10-09,12.605222702026367,12.656568057885732,12.502532743779732,12.592386551429549,96983596
2013-10-10,12.964639663696289,12.971057739478653,12.765676300554405,12.77209437633677,94071174
2013-10-11,13.035237312316895,13.048073462714736,12.894038150996485,12.93254810913417,47829520
2013-10-14,13.099419593811035,13.118675328600284,12.932549619155157,12.951802340055725,45458737
2013-10-15,13.003146171569824,13.13792724976445,12.977473872284005,13.099417293891646,57169733
2013-10-16,13.279129028320312,13.291965180501178,13.0865837317186,13.093003314753407,92827371
2013-10-17,13.3946533203125,13.413909053978996,13.18927339499766,13.18927339499766,65763713
2013-10-18,13.420327186584473,13.452417564591249,13.336890696822595,13.433163337787184,51511564
2013-10-21,13.3946533203125,13.45241750742348,13.381817169164337,13.426745205127157,35925381
2013-10-22,13.420327186584473,13.50376216940209,13.401072959780407,13.452417564591249,38892953
2013-10-23,13.311219215393066,13.375399975365,13.279128835407102,13.35614574737342,44094297
2013-10-24,13.330477714538574,13.35615002675289,13.266296934002789,13.35615002675289,34263777
2013-10-25,13.38823413848877,13.38823413848877,13.311215739688448,13.343306111295265,34527334
2013-10-28,13.356144905090332,13.38823678999683,13.33047260272054,13.381817207460124,26414798
2013-10-29,13.3946533203125,13.40748947146066,13.349726791293934,13.381817169164337,27109328
2013-10-30,13.34330940246582,13.433163972071789,13.298382871135,13.41390974435858,43636119
2013-10-31,13.202109336853027,13.336890428716295,13.195691261380691,13.324054277771625,60161063
2013-11-01,13.234199523925781,13.253455257010147,13.163600694745204,13.202109147025519,41068991
2013-11-04,13.240620613098145,13.266292917539989,13.202110649490997,13.253456765319067,23064878
2013-11-05,13.170021057128906,13.221365669085433,13.150766827645208,13.19569336310717,31916014
2013-11-06,13.234199523925781,13.266291407770252,13.202109147025519,13.234199523925781,35278244
2013-11-07,13.086580276489258,13.291961671045307,13.080163709037357,13.272707447857673,55046504
2013-11-08,13.38823413848877,13.38823413848877,13.086580124552805,13.099416273195533,78709894
2013-11-11,13.3946533203125,13.420327129553076,13.336890640145771,13.38823675168267,28828050
2013-11-12,13.266289710998535,13.375396978504499,13.227779756699475,13.36256082938615,35299294
2013-11-13,13.381819725036621,13.433165846380417,13.18927591409487,13.20853014449459,52414257
2013-11-14,13.497344017028809,13.503762092593659,13.349726772093014,13.381817149917262,43016187
2013-11-15,13.561531066894531,13.574367222555443,13.484512625984276,13.5101849373061,45884171
2013-11-18,13.555106163024902,13.65137879964864,13.523015786465052,13.612870347776822,52683107
2013-11-19,13.574363708496094,13.644962546354856,13.535855251482221,13.561527556158136,35699492
2013-11-20,13.53585433959961,13.64496162712191,13.490926302499076,13.606453172702276,39271362
2013-11-21,13.728401184082031,13.747655415591161,13.567947747894648,13.574365825064358,45735589
2013-11-22,13.792580604553223,13.79899868109417,13.715563686061863,13.741235992225649,34106702
2013-11-25,13.811833381652832,13.869596064446732,13.786161078188876,13.837505685116788,34048598
2013-11-26,13.798995971679688,13.869594799768114,13.792577896398921,13.818250197521985,34307478
2013-11-27,13.837507247924805,13.856762984641836,13.798998788379727,13.831089171333959,19686029
2013-11-29,13.786158561706543,13.888849263761847,13.779740487012088,13.888849263761847,14792804
2013-12-02,13.779743194580078,13.882432409868638,13.741234738846869,13.805415498402217,37823829
2013-12-03,13.638541221618652,13.74123192280678,13.567942400575838,13.7091415496055,34143508
2013-12-04,13.670634269714355,13.734815028674982,13.555107396640897,13.580781207169478,53872745
2013-12-05,13.542271614074707,13.64496233815587,13.529435461932607,13.612871957800621,45227309
2013-12-06,13.728401184082031,13.766909647100292,13.63854659676146,13.702727368458563,37371314
2013-12-09,13.786158561706543,13.818248935178811,13.760486262928728,13.773322412317635,27234152
2013-12-10,13.73481273651123,13.818249216179897,13.73481273651123,13.754068467930214,37960839
2013-12-11,13.548690795898438,13.747652655153862,13.523016985430099,13.74123457927286,79264090
2013-12-12,13.548690795898438,13.61287155470847,13.516598909549096,13.542271213073109,48718056
2013-12-13,13.561531066894531,13.625711845199092,13.529439170797469,13.593621456046812,89187304
2013-12-16,13.644959449768066,13.67704982333037,13.619287150918222,13.619287150918222,84071637
2013-12-17,13.555106163024902,13.644960724336672,13.542270012400962,13.644960724336672,33255096
2013-12-18,13.869596481323242,13.882432633441034,13.478090827841843,13.600035779905236,122031246
2013-12-19,13.850339889526367,13.88884984625222,13.805413364780998,13.850339889526367,56205614
2013-12-20,13.934812545776367,13.97350358631395,13.870330001597315,13.876778256015221,81181865
2013-12-23,13.99930191040039,14.031543194710927,13.979957139814069,13.99930191040039,36429968
2013-12-24,14.0250883102417,14.03153656405666,13.98639878735193,14.0250883102417,9107923
2013-12-26,14.057336807250977,14.070231806092336,14.025094011040386,14.070231806092336,18352240
2013-12-27,14.050887107849121,14.070231877254939,14.025094081974698,14.063783620786333,14700479
2013-12-30,14.0250883102417,14.07667434076139,14.005743548796815,14.050881325501544,19989840
2013-12-31,14.096026420593262,14.102476191786831,14.044440363291077,14.05088862045385,22770053
2014-01-02,14.018646240234375,14.083128806828089,13.979956700278148,14.070232293509346,43679450
2014-01-03,14.115367889404297,14.160505674140953,14.031539060863082,14.037987315825463,30349074
2014-01-06,14.128267288208008,14.22499113242132,14.102474263084458,14.186301594735996,42798546
2014-01-07,14.134714126586914,14.205644938561361,14.089576337148628,14.205644938561361,58506229
2014-01-08,14.179854393005371,14.199199163286696,14.121820082161396,14.160509622724046,44270453
2014-01-09,14.231438636779785,14.25078491863087,14.1411630536171,14.224990380839595,35872817
2014-01-10,14.205639839172363,14.244329359088256,14.141157305979208,14.224984599130309,44795967
2014-01-13,13.992851257324219,14.212093467122333,13.96705823429273,14.186300444090845,52459804
2014-01-14,14.108915328979492,14.128261604069273,13.999295016307288,14.07022580685989,38581263
2014-01-15,14.276576042175293,14.289472552339147,14.16695419175222,14.173402446834148,75928326
2014-01-16,14.186301231384277,14.24433553642584,14.154059950805632,14.23788879434066,57911287
2014-01-17,14.141160011291504,14.231435575032329,14.108917224496741,14.205642556820663,70660016
2014-01-21,14.154060363769531,14.23143943941592,14.070231517788681,14.218542926808189,51099056
2014-01-22,14.160511016845703,14.19275230382211,14.121821472474013,14.179855789031548,22301904
2014-01-23,13.928367614746094,14.102473553632501,13.86388505518114,14.096023783645492,64648058
2014-01-24,13.612399101257324,13.85743429739588,13.612399101257324,13.85743429739588,86803719
2014-01-27,13.528572082519531,13.696228243551236,13.451193014672794,13.63174568701229,79350014
2014-01-28,13.709123611450195,13.722020121682352,13.586605250214392,13.599503274476865,43538500
2014-01-29,13.547917366027832,13.683332253953077,13.515676086529082,13.56081387782733,79334380
2014-01-30,13.741365432739258,13.767158454227886,13.625296836040436,13.670434623645534,56607904
2014-01-31,13.580156326293945,13.709122936294396,13.509225523510331,13.535018542704373,65974214
2014-02-03,13.238395690917969,13.599502498915873,13.21905092667294,13.567259711143928,129496030
2014-02-04,13.367362976074219,13.438293781893874,13.257741125777171,13.302880425329077,67895066
2014-02-05,13.35446548461914,13.399603266823949,13.257740151578645,13.348017230018455,58062823
2014-02-06,13.560815811157227,13.567264067976287,13.373814849373746,13.380263106192807,49232368
2014-02-07,13.728468894958496,13.741365405677412,13.573709252301136,13.618847039817341,63056129
2014-02-10,13.741365432739258,13.754261943483572,13.663986368273378,13.734917177367102,53244320
2014-02-11,13.88322925567627,13.921920303864546,13.72202134932155,13.786505420281708,46243500
2014-02-12,13.88322925567627,13.947711812605977,13.831643210132503,13.902574022755182,47764154
2014-02-13,13.934812545776367,13.941262314224424,13.76070967649293,13.76070967649293,39783458
2014-02-14,13.954161643981934,13.967058155424853,13.889677572736868,13.915470595622711,37421046
2014-02-18,13.979951858520508,14.005744876224947,13.915467800229253,13.967055349668287,26168844
2014-02-19,13.786506652832031,14.01864539256325,13.780058396562568,13.934816547029657,78908823
2014-02-20,13.82519245147705,13.85743372410483,13.722018865037983,13.799397919344651,39164019
2014-02-21,13.850984573364258,13.902570606230876,13.79939702646756,13.850984573364258,53100785
2014-02-24,13.954161643981934,14.025092456918,13.850988038408104,13.857436294129565,51914224
2014-02-25,13.870333671569824,13.954162515213142,13.83809239094953,13.94771274505853,49380703
2014-02-26,13.850984573364258,13.915467114447532,13.780053778172658,13.902570606230876,52231699
2014-02-27,13.921916961669922,13.92836370178479,13.786502110595737,13.831639889610436,47711837
2014-02-28,13.992851257324219,14.070230326418683,13.902574162683543,13.92836718571503,69264062
2014-03-03,13.88322925567627,13.902574022755182,13.79295367597468,13.863884488597357,61089483
2014-03-04,14.166954040527344,14.166954040527344,14.018642661195855,14.044435681248236,61500268
2014-03-05,14.315265655517578,14.315265655517578,14.14116125326759,14.173402528863827,58700112
2014-03-06,14.360405921936035,14.392647203101555,14.3088198720712,14.315268128304306,53457898
2014-03-07,14.42488956451416,14.502268636984477,14.366853746130891,14.450682588670933,81544764
2014-03-10,14.431333541870117,14.508712591398654,14.341056470056738,14.392642503075763,29071542
2014-03-11,14.334609031677246,14.46357563559407,14.302367759205584,14.450679126605406,55578050
2014-03-12,14.308818817138672,14.31526707289637,14.205645210985008,14.244334745531207,39319248
2014-03-13,14.14760684967041,14.373297250461068,14.115365580133178,14.353952488738727,70116160
2014-03-14,14.057336807250977,14.2120949617148,14.044438780348365,14.096024831836306,54433958
2014-03-17,14.205639839172363,14.257225865726888,14.160502065937155,14.173398572575787,46338656
2014-03-18,14.276576042175293,14.289472552339147,14.218540232407639,14.244333252735348,44158186
2014-03-19,14.270129203796387,14.373301295349892,14.166955598212423,14.28947397096267,69971394
2014-03-20,14.495820999145508,14.52806228071646,14.24433597483089,14.24433597483089,112214267
2014-03-21,14.497760772705078,14.659566080806924,14.478344318089793,14.594843045781513,82702027
2014-03-24,14.491286277770996,14.58189638465638,14.40714680173655,14.543063481705502,68496287
2014-03-25,14.47834587097168,14.562483849995516,14.407150676771767,14.536595241065104,42096507
2014-03-26,14.329483985900879,14.568955123708156,14.329483985900879,14.56248297186583,62505872
2014-03-27,14.251812934875488,14.36184100719956,14.174147132981412,14.297117985980366,81009033
2014-03-28,14.310060501098633,14.400672111645278,14.258283306295183,14.290645572687948,48922771
2014-03-31,14.4589262008667,14.504232780828842,14.400676837596796,14.413621140545663,41048557
2014-04-01,14.484814643859863,14.530119698918297,14.445980219883133,14.49775894530513,51651775
2014-04-02,14.51717472076416,14.54953547286885,14.471869667817593,14.497758269501347,44565278
2014-04-03,14.491286277770996,14.549535632197315,14.44597970468743,14.530119180721876,46626833
2014-04-04,14.348899841308594,14.601316791884791,14.335955538165315,14.568954514385464,60202301
2014-04-07,14.128840446472168,14.342424439212486,14.115896146262546,14.335952289107677,72897112
2014-04-08,14.148262023925781,14.180624305818274,14.031763279821618,14.141791391116886,56290676
2014-04-09,14.271235466003418,14.284179771834378,14.122374429305948,14.193569631017667,44907126
2014-04-10,13.941153526306152,14.284180692211832,13.93468137297365,14.284180692211832,94458692
2014-04-11,13.772872924804688,13.941150393273826,13.714623557902708,13.779345076682684,98050873
2014-04-14,13.882902145385742,13.954095821782191,13.740513272951516,13.93467936458316,69247689
2014-04-15,14.01233959197998,14.038229710870501,13.811702947794004,13.915257344793218,103855038
2014-04-16,14.122371673583984,14.12884382523654,13.992928640532833,14.07706661201608,49363100
2014-04-17,14.148262023925781,14.180624305818274,14.077068346973237,14.141791391116886,58956037
2014-04-21,14.1353178024292,14.167680084512641,14.102957039987102,14.154735779535802,37683618
2014-04-22,14.232401847839355,14.27123476342046,14.102957276260971,14.154736016677148,33032777
2014-04-23,14.264760971069336,14.277705274775071,14.20003945254066,14.219455908099262,32197667
2014-04-24,14.258282661437988,14.329477820713405,14.200033319918541,14.329477820713405,36918798
2014-04-25,14.1417875289917,14.23886978923198,14.115897406620036,14.22592548786661,35205738
2014-04-28,14.05765151977539,14.180623932735802,13.921734802255074,14.14179101905608,54068967
2014-04-29,14.193564414978027,14.200036565515035,14.077064185671006,14.09000848674502,34182162
2014-04-30,14.212984085083008,14.245344845096055,14.1417904130543,14.154734717059519,46774307
2014-05-01,14.238872528076172,14.25828898385898,14.167678856872543,14.212983920365762,33615533
2014-05-02,14.232401847839355,14.36184641941774,14.200041084855103,14.245346153033058,34600209
2014-05-05,14.174147605895996,14.187091906643557,14.051175229153323,14.102952432143566,23206197
2014-05-06,13.973509788513184,14.135313552070771,13.973509788513184,14.135313552070771,73906286
2014-05-07,14.161200523376465,14.174146342611065,14.005868928249821,14.044701827031481,50411420
2014-05-08,14.200035095214844,14.27770089361726,14.141785746413031,14.141785746413031,35858291
2014-05-09,14.193564414978027,14.21298086658905,14.102952787819035,14.193564414978027,29373014
2014-05-12,14.335959434509277,14.342431587839972,14.232403461576629,14.2647642282301,25643084
2014-05-13,14.32301139831543,14.381260763124272,14.30359494337915,14.34242785325171,28989311
2014-05-14,14.219453811645508,14.323009745664756,14.193565208050938,14.3100639242265,31432723
2014-05-15,14.05765151977539,14.174151780455848,13.95409556365484,14.154735323615988,49008449
2014-05-16,14.077065467834473,14.077065467834473,13.96703737904291,14.064121165581469,41206002
2014-05-19,14.148262023925781,14.161206328826243,14.031763279821618,14.038235432271849,24674780
2014-05-20,14.064122200012207,14.154733842088842,14.012343467550785,14.122371564435028,24000561
2014-05-21,14.154732704162598,14.21298206390264,14.10942764658701,14.115898278028222,39055814
2014-05-22,14.219453811645508,14.245342415240076,14.135314330322187,14.174148755355011,22555244
2014-05-23,14.264760971069336,14.271233122922204,14.206511604393526,14.238872363657865,20383390
2014-05-27,14.387730598449707,14.445979953880828,14.297118970360396,14.297118970360396,28444963
2014-05-28,14.361845016479492,14.400677928267198,14.329484256656402,14.355372864514873,40448075
2014-05-29,14.394203186035156,14.407147487635038,14.329481678035751,14.394203186035156,18361350
2014-05-30,14.426567077636719,14.439512901693107,14.355373403353619,14.361845555561173,33521607
2014-06-02,14.465401649475098,14.478345954014546,14.368317845787933,14.439513040396198,24982776
2014-06-03,14.484814643859863,14.484814643859863,14.4006751648247,14.426563767715233,19306758
2014-06-04,14.523649215698242,14.536593518629683,14.439511246643884,14.439511246643884,24081684
2014-06-05,14.65957260131836,14.666044755735573,14.484822912411786,14.549544456583925,38203470
2014-06-06,14.756647109985352,14.776065082604939,14.672509147078108,14.698397751049567,36753598
2014-06-09,14.821370124816895,14.840786577776182,14.750176463966174,14.763120765939032,39739634
2014-06-10,14.814896583557129,14.814896583557129,14.756645710504706,14.78253583166181,26550947
2014-06-11,14.717818260192871,14.763124849270213,14.672513190756943,14.756651176852237,25320439
2014-06-12,14.627206802368164,14.717816933069596,14.601318193596327,14.711344780876637,36993766
2014-06-13,14.633682250976562,14.698403787485471,14.588375655778707,14.666043019231017,34428485
2014-06-16,14.562487602233887,14.607792679535624,14.523654678832399,14.607792679535624,41736316
2014-06-17,14.711343765258789,14.72428806875108,14.53659414847169,14.543066300217836,30098442
2014-06-18,14.795488357543945,14.821376973452228,14.646627296429632,14.704876682223267,38125793
2014-06-19,14.776067733764648,14.814900646689338,14.724288996890463,14.801956342381107,28443117
2014-06-20,14.834549903869629,14.854043208687717,14.78906400030491,14.841047672142325,30669011
2014-06-23,14.867035865783691,14.880031399812106,14.782563368943444,14.834547030712656,23893956
2014-06-24,14.769566535949707,14.89952339045986,14.750073236621498,14.834545726032495,27761266
2014-06-25,14.78256607055664,14.802059375161795,14.685099547530873,14.698095083934309,31616881
2014-06-26,14.730579376220703,14.782561505782649,14.620115825246204,14.76306820719692,32902784
2014-06-27,14.789060592651367,14.789060592651365,14.685096324243393,14.685096324243393,22087464
2014-06-30,14.776065826416016,14.802056894867714,14.737079223738464,14.756572525077239,45984497
2014-07-01,14.867035865783691,14.932013535925764,14.808555962655829,14.808555962655829,34924332
2014-07-02,14.854042053222656,14.912521963127885,14.847544285455408,14.860539820989905,21714471
2014-07-03,14.970995903015137,14.990489196556982,14.925510025762526,14.95800037398724,27225904
2014-07-07,14.906020164489746,14.951504526560644,14.860535802418848,14.951504526560644,30418995
2014-07-08,14.776065826416016,14.893027160104245,14.74357699085139,14.880031625878395,42234379
2014-07-09,14.815052032470703,14.82804756634864,14.763069896958948,14.795558731653795,23890756
2014-07-10,14.717583656311035,14.763068019098213,14.594124574519062,14.652604469531148,31814580
2014-07-11,14.743574142456055,14.756569674171223,14.626612831364248,14.698089781452962,26102370
2014-07-14,14.834549903869629,14.893029818323889,14.815055073395692,14.886532050051194,26266093
2014-07-15,14.938504219055176,14.970994564374745,14.860531051859807,14.912513163323386,36321394
2014-07-16,14.912520408630371,14.971001838095162,14.867036039000977,14.95150701116985,32831509
2014-07-17,14.717583656311035,14.90602039922755,14.704588124086127,14.841042738103008,42034342
2014-07-18,14.886528968811035,14.899524502666587,14.763069871527751,14.763069871527751,25827980
2014-07-21,14.847542762756348,14.867036064058942,14.78256356609212,14.808556160151157,18265332
2014-07-22,14.89302921295166,14.919020284985956,14.86054037290879,14.886531444943087,15999553
2014-07-23,14.925514221191406,14.951505286553058,14.873532090468103,14.899523155829755,17625827
2014-07-24,14.958005905151367,14.983996972818128,14.932013311829076,14.964502146412524,25123971
2014-07-25,14.873536109924316,14.945011558984538,14.86054057373155,14.899527182309852,44700318
2014-07-28,14.880030632019043,14.91901723209262,14.782562606179622,14.860537331982254,51911024
2014-07-29,14.802050590515137,14.938505167424669,14.79555282616968,14.899518581351925,34997453
2014-07-30,14.867035865783691,14.925515768911556,14.776065601929236,14.860538098769485,49021005
2014-07-31,14.561636924743652,14.8020558160551,14.555139158104302,14.763069216218994,61818850
2014-08-01,14.438178062438965,14.581130456432414,14.37320039501262,14.522650555748704,61016238
2014-08-04,14.555139541625977,14.574632842057667,14.425182679759184,14.490160347864826,32232135
2014-08-05,14.405686378479004,14.529145447817474,14.347206489365872,14.48365956396318,49123055
2014-08-06,14.464166641235352,14.542141354388987,14.360202391237477,14.360202391237477,45635509
2014-08-07,14.399189949035645,14.561635626188552,14.360203352676228,14.529146795889037,49004387
2014-08-08,14.542137145996094,14.548634909740553,14.360198235496435,14.392687054218733,62985100
2014-08-11,14.555139541625977,14.620117209731617,14.542144008004847,14.568135075247104,28040580
2014-08-12,14.587623596191406,14.62661018428123,14.50965042001176,14.50965042001176,27079046
2014-08-13,14.652606010437012,14.685096370071395,14.607121642866579,14.62011717645813,27864301
2014-08-14,14.743574142456055,14.743574142456053,14.665599426509754,14.672098718022625,26959269
2014-08-15,14.672097206115723,14.808551800719126,14.587624733016424,14.808551800719126,48988876
2014-08-18,14.834549903869629,14.84754544041502,14.737081854123346,14.743579622396041,30915826
2014-08-19,14.860533714294434,14.899520304877012,14.847538184100241,14.86703147939153,24872847
2014-08-20,14.899526596069336,14.951508738795102,14.815054088484212,14.834548917662126,32671479
2014-08-21,15.07496452331543,15.1009555889368,14.906021071121097,14.93201213674247,46030414
2014-08-22,15.02298641204834,15.113955166065319,15.003493107616132,15.074968557200899,30347351
2014-08-25,15.152938842773438,15.198423206400975,15.094457421025517,15.094457421025517,33893123
2014-08-26,15.185431480407715,15.230915855436638,15.133449337517515,15.13994710537879,17016729
2014-08-27,15.152938842773438,15.224414271330996,15.126946252188043,15.224414271330996,21784145
2014-08-28,15.107455253601074,15.126948555266447,15.04897534860496,15.081464184713912,25850015
2014-08-29,15.178930282592773,15.198423581771735,15.113951093007492,15.152939217020826,28003280
2014-09-02,15.237412452697754,15.250407987421934,15.152941476990584,15.224416917973574,36352415
2014-09-03,15.211421966552734,15.308888480721574,15.178933128496455,15.295894471154758,24151728
2014-09-04,15.224414825439453,15.321881322474427,15.172432693687467,15.224414825439453,31148855
2014-09-05,15.24390983581543,15.250407603013736,15.113952966193741,15.204923232625603,30005256
2014-09-08,15.250406265258789,15.308886164913712,15.198424132232189,15.230912965373813,26755908
2014-09-09,15.094461441040039,15.217920557993114,15.068470369187976,15.217920557993114,38428619
2014-09-10,15.172435760498047,15.19192906384523,15.100958789235968,15.100958789235968,38567107
2014-09-11,15.211421966552734,15.224417501775246,15.107456159116943,15.12045321999515,36650440
2014-09-12,15.198420524597168,15.269897466197792,15.139940638823559,15.21141605476908,42971009
2014-09-15,15.191924095153809,15.230910689097168,15.146439735553223,15.198421860811035,25694294
2014-09-16,15.256903648376465,15.289392480701421,15.14644161847161,15.1529393849366,39350392
2014-09-17,15.321876525878906,15.406348989186753,15.237405588226007,15.289387703704714,54889305
2014-09-18,15.471328735351562,15.51031685291217,15.380360020905513,15.399853316858238,63655749
2014-09-19,15.430879592895508,15.58094741559498,15.391731864876743,15.554848930249136,62190612
2014-09-22,15.326481819152832,15.437401897185204,15.306907958081348,15.39825417504224,39775087
2014-09-23,15.222088813781738,15.372156638133257,15.215565724334336,15.293861181233796,39927485
2014-09-24,15.306912422180176,15.313437044440175,15.18946768953913,15.254715444100194,44279193
2014-09-25,15.052451133728027,15.28081445255135,15.052451133728027,15.254715962624243,66656804
2014-09-26,15.195988655090332,15.235136375283332,15.072019342518606,15.098117822647273,49182020
2014-09-29,15.143791198730469,15.17641430112277,15.039395739114436,15.045921891553563,47184969
2014-09-30,15.117695808410645,15.209042045750214,15.085072699346862,15.176417404725452,40730589
2014-10-01,14.93500804901123,15.117699030669016,14.908909556197447,15.085075914651787,63257889
2014-10-02,14.974153518676758,15.032876650568713,14.837134920210294,14.941530407604047,69509769
2014-10-03,15.18946647644043,15.215566495357042,15.058974041662182,15.11117101557348,62092379
2014-10-06,15.143791198730469,15.293859001695724,15.124217337295088,15.293859001695724,40801003
2014-10-07,14.88933277130127,15.104648380933243,14.882809680665172,15.104648380933243,63099706
2014-10-08,15.169893264770508,15.169893264770508,14.850183721868202,14.895857607969266,72327897
2014-10-09,14.850183486938477,15.156843780949409,14.837134243104906,15.156843780949409,110277904
2014-10-10,14.732735633850098,14.987197340103304,14.72620948203592,14.81755569194766,76225243
2014-10-13,14.602239608764648,14.830602802823245,14.58919037093046,14.739256606023627,70603882
2014-10-14,14.660964012145996,14.778408707309346,14.595717810366688,14.641390151612203,78074944
2014-10-15,14.380402565002441,14.523945743716643,14.060693106039135,14.452174920339855,134405258
2014-10-16,14.380402565002441,14.491322642181741,14.119416220762588,14.13246546137655,101397347
2014-10-17,14.56309700012207,14.634869372879132,14.465227671763802,14.56962315397362,65796704
2014-10-20,14.647912979125977,14.660962217884824,14.530468298335926,14.530468298335926,60934746
2014-10-21,14.921953201293945,14.941527063556768,14.739260756252813,14.778410012739188,62988547
2014-10-22,14.784933090209961,14.96109936414747,14.784933090209961,14.94805012400103,56880817
2014-10-23,14.928479194641113,15.026348514953776,14.902380709224403,14.954577680057824,99572513
2014-10-24,15.07202434539795,15.078548967595843,14.928481125083211,14.954579613874786,32770205
2014-10-27,15.091592788696289,15.098117408549504,14.993721958937543,15.019821970310922,27325984
2014-10-28,15.25471305847168,15.261237679711316,15.130743722957744,15.130743722957744,44604546
2014-10-29,15.293862342834473,15.31996083044986,15.176417616604226,15.280813099026778,55631844
2014-10-30,15.37868595123291,15.450456801470242,15.23514271879705,15.280815078038987,41918628
2014-10-31,15.554848670959473,15.574422534642572,15.489600926721634,15.554848670959473,46879927
2014-11-03,15.613571166992188,15.65271889662744,15.548324950933434,15.593997302174563,60885014
2014-11-04,15.620095252990723,15.62661987437287,15.496127446729899,15.554849039169236,36701526
2014-11-05,15.72449016571045,15.757113271456566,15.633145469621324,15.757113271456566,30312760
2014-11-06,15.750590324401855,15.757114946244567,15.652719464800212,15.698393349660172,33192561
2014-11-07,15.757111549377441,15.796259271994366,15.678816104143595,15.757111549377441,35459694
2014-11-10,15.841938018798828,15.841938018798828,15.737542527755492,15.757116395083406,37733474
2014-11-11,15.789734840393066,15.861507198009766,15.789734840393066,15.848456425020723,47698542
2014-11-12,15.757111549377441,15.776685410685904,15.698389965452057,15.73753768806898,23048629
2014-11-13,15.750590324401855,15.80278729914354,15.685342574013763,15.770164189929988,36133543
2014-11-14,15.698395729064941,15.776691203044708,15.67882186057,15.744068088886472,14073777
2014-11-17,15.698395729064941,15.717969597559883,15.639672591618899,15.652721837282193,19907978
2014-11-18,15.750590324401855,15.80278729914354,15.685342574013763,15.691868727817461,15630130
2014-11-19,15.717967987060547,15.744066475713025,15.652720233468292,15.724492609223667,27164231
2014-11-20,15.717967987060547,15.737541853549907,15.613572500489578,15.639670989142054,19798912
2014-11-21,15.7962646484375,15.894135520251961,15.776690780466845,15.894135520251961,25110061
2014-11-24,15.90066146850586,15.93980920771082,15.841939859698423,15.848462950937943,23038411
2014-11-25,15.887604713439941,15.933277054260454,15.835406220541632,15.933277054260454,28864242
2014-11-26,15.907187461853027,15.913712085615845,15.868039719276126,15.887613590564577,10769280
2014-11-28,15.9202299118042,15.992002274511464,15.90065604887334,15.9202299118042,9621496
2014-12-01,15.809311866760254,15.881084238744878,15.770164135838268,15.83541035404158,33654309
2014-12-02,15.959382057189941,15.972431302757487,15.796264955634417,15.796264955634417,26767603
2014-12-03,16.031150817871094,16.044200060490436,15.939804587574828,15.972427694123187,17814417
2014-12-04,16.05072593688965,16.070299802349247,15.946330455810816,16.011578205970455,20925400
2014-12-05,16.194271087646484,16.252992691055358,16.115974084473493,16.13554795227645,37209929
2014-12-08,16.27256202697754,16.357383629128847,16.1681680944353,16.17469271521919,52915889
2014-12-09,16.233421325683594,16.233421325683594,16.018107214698578,16.06377957994601,55516992
2014-12-10,16.02462387084961,16.23993787478033,15.998523857438052,16.187740911878493,63708559
2014-12-11,16.06378173828125,16.207325008878254,16.037683240347544,16.07030636276468,71819494
2014-12-12,15.750590324401855,16.037676749403094,15.731016458873723,15.939805889801447,48320689
2014-12-15,15.607043266296387,15.868031139618878,15.528747823476005,15.84193265867875,45935750
2014-12-16,15.456982612609863,15.770167592555815,15.450457989359379,15.522228845114721,45497391
2014-12-17,15.809311866760254,15.815836488580587,15.496128487423384,15.528751596525039,53873361
2014-12-18,16.174697875976562,16.187747121707883,15.965906880353002,16.050728509567804,46183796
2014-12-19,16.18519401550293,16.270448991450788,16.132730362481414,16.22454329505696,49107421
2014-12-22,16.29667091369629,16.29667091369629,16.191742131635596,16.23108984748825,19475282
2014-12-23,16.38848304748535,16.44750461858853,16.32290198425049,16.35569174597448,22928360
2014-12-24,16.362253189086914,16.440948626607867,16.3556936961731,16.440948626607867,9773278
2014-12-26,16.362253189086914,16.42127476722763,16.3556936961731,16.41471681410088,18149002
2014-12-29,16.42127799987793,16.486857544055212,16.316349189406907,16.349138961495548,22126486
2014-12-30,16.401599884033203,16.440947600337534,16.349134722507124,16.395041931315816,20298451
2014-12-31,16.217979431152344,16.473742750331162,16.19830556656743,16.460626840607887,29869969
2015-01-02,16.217979431152344,16.329466203587657,16.093378288781228,16.303234384141106,40511471
2015-01-05,15.876957893371582,16.145837040893348,15.837610176110937,16.113047276509477,50770502
2015-01-06,15.634316444396973,15.929425945696503,15.562178942694018,15.876962308094354,57454463
2015-01-07,15.798266410827637,15.837614137931219,15.673663735212232,15.765475098453923,36287049
2015-01-08,16.034358978271484,16.073708256610736,15.949105544743432,15.981895326869605,37995923
2015-01-09,15.817936897277832,16.0737001484209,15.81137894416068,16.067140655516685,36300590
2015-01-12,15.68678092956543,15.857289300772525,15.640875244183237,15.817941570444932,38356360
2015-01-13,15.634316444396973,15.89663617219516,15.522829674704967,15.79170889699086,45785445
2015-01-14,15.411340713500977,15.470362291513451,15.20804108743943,15.385107361263922,71356023
2015-01-15,15.221153259277344,15.437568738468093,15.194921453263117,15.358871780638724,58038203
2015-01-16,15.404784202575684,15.411343696744996,15.122790624364454,15.181812213802006,89499855
2015-01-20,15.339200019836426,15.509708321988946,15.286736400647003,15.450685210613948,39330942
2015-01-21,15.378557205200195,15.45725422223723,15.234280623788834,15.332651510138168,49251571
2015-01-22,15.758919715881348,15.778593580721713,15.365437799711575,15.470366618647681,97345387
2015-01-23,15.588407516479492,15.77859126155781,15.588407516479492,15.745801491643366,34069402
2015-01-26,15.667109489440918,15.673667445510592,15.522832916120315,15.562182192326123,27588310
2015-01-27,15.496602058410645,15.601529362070066,15.437580450102221,15.450694823271792,35186781
2015-01-28,15.21459674835205,15.575288734559484,15.188364939854093,15.575288734559484,85405918
2015-01-29,15.339200019836426,15.371989781829814,15.135901955690517,15.194923527278617,50409450
2015-01-30,15.090001106262207,15.339206481971555,15.083443151100779,15.162140152825458,64531113
2015-02-02,15.332649230957031,15.35232309734483,15.01130633371441,15.129351071828822,62984977
2015-02-03,15.588407516479492,15.60152342444527,15.391667357205554,15.391667357205554,66155787
2015-02-04,15.549059867858887,15.680220487938914,15.522828051800335,15.555617821873524,37523958
2015-02-05,15.70644760131836,15.732679409522824,15.581844972560333,15.59496241644938,30264135
2015-02-06,15.831053733825684,15.988446157673586,15.791706012810497,15.850727594333277,83237512
2015-02-09,15.752361297607422,15.831058302134249,15.713015105025411,15.758920792789958,37354080
2015-02-10,15.876957893371582,15.909749197542464,15.758914741589646,15.870399940494808,39742220
2015-02-11,15.876957893371582,15.922865103296013,15.772030647343195,15.85728403474126,36080733
2015-02-12,16.034358978271484,16.05403284754719,15.870408527852769,15.903198309978944,40635310
2015-02-13,16.021230697631836,16.086811751045914,15.962209135367154,16.04090455172006,23270085
2015-02-17,16.073701858520508,16.11304958140967,15.981888965325231,15.99500487295495,17869196
2015-02-18,15.975335121154785,16.05403058717747,15.935987388143445,16.05403058717747,36387868
2015-02-19,15.909751892089844,15.975331431964435,15.87040262837782,15.93598370803968,21550255
2015-02-20,16.027790069580078,16.054021877356043,15.785144307865618,15.883513587025485,40206183
2015-02-23,15.98845100402832,16.008124870499376,15.90319604286612,16.008124870499376,23616735
2015-02-24,16.067148208618164,16.119613398006123,15.995010690417933,16.027800471418036,33958612
2015-02-25,16.067148208618164,16.132729310406162,16.047474340018102,16.05403229621812,32659415
2015-02-26,16.027790069580078,16.09337112880678,15.975326454028151,16.08681317686279,33480738
2015-02-27,15.968774795532227,16.040912295346214,15.955658886475138,16.00812252270349,28937856
2015-03-02,16.08681297302246,16.099928876744247,15.942536492296032,15.9753262516005,27137641
2015-03-03,16.040910720825195,16.086817937806305,15.962215274207141,16.040910720825195,31729394
2015-03-04,15.942538261413574,15.995001882122525,15.883515148329062,15.975328024356669,47685247
2015-03-05,16.008115768432617,16.040905527240422,15.916302903984011,15.96876805786325,25112031
2015-03-06,15.8900785446167,16.172073682108437,15.863846725275602,16.067144864956575,74347599
2015-03-09,15.962212562561035,15.995002326414928,15.896631495066261,15.90318944783704,26666907
2015-03-10,15.621197700500488,15.831053752617747,15.621197700500488,15.82449579910743,49650662
2015-03-11,15.71957015991211,15.778593293144958,15.647432656812201,15.667106521293995,36531648
2015-03-12,16.060592651367188,16.073708564468863,15.831061092512083,15.8507349621646,50418806
2015-03-13,15.949100494384766,16.054027763962804,15.857287593716627,16.021237992219667,40917578
2015-03-16,16.145841598510742,16.158957507966623,16.014680964164473,16.014680964164473,39676730
2015-03-17,16.10648536682129,16.145833074415552,15.99499865551758,16.093369464289868,22247248
2015-03-18,16.19829750061035,16.250762653165857,16.008115364536753,16.06713692890165,58915168
2015-03-19,16.04747200012207,16.19830651051703,15.975334492440272,16.19830651051703,42486734
2015-03-20,16.26535415649414,16.278519026192154,16.07446200033767,16.127121479129716,47450742
2015-03-23,16.173194885253906,16.311427518316094,16.173194885253906,16.232436779908497,26417014
2015-03-24,16.04154396057129,16.160029290065047,16.03496152812912,16.160029290065047,22615686
2015-03-25,15.784828186035156,16.100788078000637,15.784828186035156,16.06129347788869,40570806
2015-03-26,15.771671295166016,15.844078091559041,15.653185900987305,15.7190102613446,40238682
2015-03-27,15.751916885375977,15.79141148765949,15.69267498195071,15.77166573205277,30154207
2015-03-30,15.98230266571045,16.021797261839023,15.863817331789933,15.870399764478028,43422048
2015-03-31,15.870399475097656,15.949388665914519,15.837487312257299,15.903311637938016,26132160
2015-04-01,15.857237815856934,15.916479720946656,15.745334894041267,15.830908080261501,32823015
2015-04-02,15.936222076416016,15.962551803839322,15.817738303011138,15.817738303011138,26472163
2015-04-06,15.962552070617676,16.002048207947325,15.771661543608397,15.804573703437583,19432443
2015-04-07,15.87697982788086,16.008630007531714,15.87697982788086,15.995465144120084,22346466
2015-04-08,15.936222076416016,16.00204794050888,15.890145053425229,15.890145053425229,22778055
2015-04-09,15.962552070617676,15.97571693454935,15.850650727198444,15.909892614890978,25595691
2015-04-10,15.955974578857422,15.995470728415661,15.929644842841999,15.969140992400238,18165005
2015-04-13,16.015213012695312,16.06787246822741,15.916474988038013,15.929639851921038,38112499
2015-04-14,16.015213012695312,16.054707604344387,15.923057419979527,16.00204814881229,32499016
2015-04-15,16.074462890625,16.140287242760753,16.008638538489247,16.0481331497707,45762179
2015-04-16,16.100788116455078,16.153449128931733,15.982304315836254,16.067875949616514,27839065
2015-04-17,15.883563995361328,16.02179662182422,15.824320558000242,16.02179662182422,49064829
2015-04-20,15.949389457702637,16.00863289929112,15.93622459191294,15.942807024807788,19100196
2015-04-21,15.870399475097656,16.028379402266147,15.857234609961514,16.00863210456193,26714793
2015-04-22,15.98230266571045,16.021797261839023,15.830905168349455,15.88356462985422,26511555
2015-04-23,16.008630752563477,16.048125344636418,15.929640022882959,15.955969750931587,26294652
2015-04-24,15.98230266571045,16.002049963774734,15.923059225982794,15.975718687487559,23031271
2015-04-27,15.923064231872559,16.067879342072402,15.896734492842638,16.002054994497602,29486759
2015-04-28,16.015213012695312,16.015213012695312,15.830903372798357,15.896727692213478,31748721
2015-04-29,16.008630752563477,16.0810375046972,15.857233270749235,15.923057590870803,49893538
2015-04-30,15.883563995361328,16.04812635152482,15.824320558000242,15.962553184463134,42838185
2015-05-01,16.02180290222168,16.04155020723789,15.9493945716269,15.96914342217845,22565584
2015-05-04,16.179773330688477,16.186355761805718,16.061288025043723,16.087617749512685,27367961
2015-05-05,16.03496551513672,16.22585764895862,16.02180064697901,16.133703571854657,37717594
2015-05-06,15.955974578857422,16.12711940849278,15.844073200791868,16.100789672477358,36626312
2015-05-07,16.06787109375,16.107365682020628,15.89014390099769,15.89014390099769,39290812
2015-05-08,16.298263549804688,16.298263549804688,16.15344847603327,16.15344847603327,40714217
2015-05-11,16.239025115966797,16.331180753354225,16.212695375437637,16.298268577692774,38354636
2015-05-12,16.179773330688477,16.21926791739192,16.048123162809244,16.166608468453997,48760649
2015-05-13,16.18636131286621,16.245603213238194,16.153449145992887,16.179778879491543,29430379
2015-05-14,16.331174850463867,16.33775728321694,16.232436813632937,16.26534897739831,26445450
2015-05-15,16.258758544921875,16.3443316741425,16.206099108807063,16.337749244628146,28494942
2015-05-18,16.350923538208008,16.364088404832895,16.245603059673975,16.265350359611304,19841750
2015-05-19,16.443078994750977,16.495740011237654,16.37067222219252,16.38383708993042,32513049
2015-05-20,16.397001266479492,16.482574448703723,16.370671532113576,16.475992015112244,37350263
2015-05-21,16.357507705688477,16.39700230975022,16.344342837667895,16.364090139698767,23172098
2015-05-22,16.364093780517578,16.40358839336641,16.324599167668744,16.324599167668744,16231966
2015-05-26,16.179773330688477,16.337753223036675,16.166608468453997,16.337753223036675,54832187
2015-05-27,16.357507705688477,16.37725500771935,16.206110177916685,16.225857479947557,31773341
2015-05-28,16.337757110595703,16.350921975962756,16.239019074808017,16.318009812545125,21900598
2015-05-29,16.19294548034668,16.33776057563254,16.153450875869204,16.33776057563254,31521478
2015-06-01,16.20610809326172,16.29826370308656,16.16003106111675,16.278514858060955,23062170
2015-06-02,16.232433319091797,16.291675201115794,16.127112872181325,16.1929387310758,26426862
2015-06-03,16.370664596557617,16.41674161217709,16.258761727375965,16.29167388138988,40898498
2015-06-04,16.22585678100586,16.36408943480259,16.19952704609887,16.324594832442106,37471271
2015-06-05,16.318008422851562,16.42332888235335,16.271931397990947,16.344338151343344,52402931
2015-06-08,16.21927833557129,16.364093458704552,16.21269590022593,16.344346152668482,28272131
2015-06-09,16.258758544921875,16.331166815113793,16.16660453172095,16.232428826864467,31163011
2015-06-10,16.489151000976562,16.548392882169594,16.32458867435036,16.35091839932504,53968148
2015-06-11,16.55498504638672,16.587898767490092,16.4957431303643,16.561567481500322,60034147
2015-06-12,16.48257827758789,16.548402628793603,16.429917251087957,16.515490453190747,42206558
2015-06-15,16.41016387939453,16.469407319114563,16.304844956398554,16.377251715958288,40678641
2015-06-16,16.502321243286133,16.51548611006527,16.364088596570216,16.41674806368677,36228207
2015-06-17,16.48257827758789,16.574732369275885,16.4430821213291,16.554985063914174,55448179
2015-06-18,16.633974075317383,16.66030381302078,16.482576537987647,16.55498331667199,70136594
2015-06-19,16.356304168701172,16.607531865996744,16.356304168701172,16.587698222970197,47071470
2015-06-22,16.607521057128906,16.673634709813843,16.587687427010913,16.594298637050244,40678518
2015-06-23,16.640583038330078,16.69347428978775,16.614138188747333,16.65380546312145,33542288
2015-06-24,16.501745223999023,16.640582229855294,16.501745223999023,16.614137381557356,26541099
2015-06-25,16.402572631835938,16.554632020948752,16.389350211242796,16.548020810652183,43711579
2015-06-26,16.45546531677246,16.501743797292708,16.409186836252214,16.47529895128114,30737208
2015-06-29,16.05878257751465,16.34967889054887,16.052172920523113,16.27695558843604,52912442
2015-06-30,16.118289947509766,16.257126937244895,16.065400257055213,16.21745966940398,77383245
2015-07-01,16.36290740966797,16.402576232446982,16.263739233450508,16.369520173707826,52375111
2015-07-02,16.29018211364746,16.395963041133324,16.224070004151194,16.356295775435566,24081438
2015-07-06,16.22407341003418,16.2637406840592,16.08523639865444,16.10507003566695,33223951
2015-07-07,16.257123947143555,16.270346367325253,15.953005178381247,16.19762150403428,63077548
2015-07-08,15.972845077514648,16.144738159631206,15.946400226772445,16.0389587566624,56789354
2015-07-09,16.098453521728516,16.22406806706541,16.065397470927138,16.19762167413265,31236625
2015-07-10,16.29018211364746,16.32984937934522,16.21745879320157,16.323238168395594,36120618
2015-07-13,16.4885196685791,16.4885196685791,16.395962717113456,16.42901877120833,41191230
2015-07-14,16.5281925201416,16.561248582305108,16.402577931628084,16.43563399379159,27691961
2015-07-15,16.667030334472656,16.69347674022966,16.54802849388197,16.607529414177314,62160945
2015-07-16,16.83230209350586,16.83230209350586,16.772801209010137,16.792634837175378,39781365
2015-07-17,16.786026000976562,16.83891723585305,16.713301135130777,16.81908205259206,22286763
2015-07-20,16.80586814880371,16.858759410484367,16.759589653089055,16.8323130034978,25354045
2015-07-21,16.786026000976562,16.878584497791643,16.746358739037966,16.81247239456065,24390172
2015-07-22,16.911643981933594,16.93147761692849,16.772806984677317,16.792640619672213,36459143
2015-07-23,16.766197204589844,16.93809027484799,16.733141143442534,16.924867850389067,36561685
2015-07-24,16.607521057128906,16.75958044032515,16.58107621697158,16.746358020246486,32149658
2015-07-27,16.4885196685791,16.534799696603734,16.42901877120833,16.495132431689886,34805048
2015-07-28,16.55463409423828,16.62074620548382,16.44885316395354,16.62074620548382,29677194
2015-07-29,16.719921112060547,16.726532325236253,16.56786165672693,16.60752893578117,33091373
2015-07-30,16.719921112060547,16.733143538411962,16.62736257530829,16.69347625935772,20597954
2015-07-31,16.667030334472656,16.739755233792707,16.620751840909612,16.70008795359581,24137571
2015-08-03,16.64719009399414,16.68685891075531,16.534799511330913,16.66702372622883,42025601
2015-08-04,16.620742797851562,16.706690077141484,16.594297958775144,16.660411608757755,30678613
2015-08-05,16.686859130859375,16.786027293340865,16.640579102742866,16.73313760668407,24771536
2015-08-06,16.627351760864258,16.72652144629217,16.56785088098232,16.70007661078909,23921408
2015-08-07,16.66042137145996,16.680253460096953,16.521584332661234,16.614141323665404,30673812
2015-08-10,16.819087982177734,16.825700747123864,16.726531005023297,16.772809493600516,30165778
2015-08-11,16.667030334472656,16.71992159369426,16.600918200811165,16.660420673398914,65448208
2015-08-12,16.514968872070312,16.54141527462029,16.263741242329363,16.52819284949141,77509300
2015-08-13,16.5744686126709,16.633969515969167,16.44885404230481,16.55463497823814,27547564
2015-08-14,16.69347381591797,16.69347381591797,16.548025595049452,16.55463680725747,33603346
2015-08-17,16.726530075073242,16.733141287359565,16.561248215623014,16.62074912619992,28771055
2015-08-18,16.71330451965332,16.752973341916732,16.673638801973926,16.706694860283427,20245642
2015-08-19,16.56124496459961,16.70669315863894,16.501742513411063,16.66702434041596,57382080
2015-08-20,16.210847854614258,16.409187310011347,16.210847854614258,16.389353674930042,67731590
2015-08-21,15.629058837890625,16.12490444379181,15.629058837890625,16.0059010637337,127715881
2015-08-24,14.961318969726562,15.49022059714706,12.244083618443959,14.670422531343048,143651668
2015-08-25,14.762974739074707,15.523270018207603,14.71008351235076,15.51004759959948,84936661
2015-08-26,15.31832218170166,15.31832218170166,14.829087997866827,15.106761915048958,146056427
2015-08-27,15.695164680480957,15.728220730514451,15.391045915589588,15.516660458008479,96219884
2015-08-28,15.622443199157715,15.675332885402526,15.523273485156892,15.635665620718918,40348364
2015-08-31,15.49022102355957,15.589389208266484,15.476998598931981,15.52327708512854,58845124
2015-09-01,14.98776912689209,15.238996829177033,14.875376928550246,15.159662255495261,86294454
2015-09-02,15.192709922790527,15.232378739978076,14.994372046020015,15.18609871197457,52533664
2015-09-03,15.27866268157959,15.437333350218255,15.212548997476265,15.238993850200648,60273576
2015-09-04,14.974541664123535,15.106767461436979,14.875371928065418,15.060487423387379,54210039
2015-09-08,15.357989311218262,15.371211730754403,15.159651465884577,15.265432374465272,49726245
2015-09-09,15.1464262008667,15.562936994882087,15.113370158236416,15.496823357330248,43741739
2015-09-10,15.219159126281738,15.331549730889076,15.086931780983035,15.13321181752521,43653476
2015-09-11,15.285270690917969,15.285270690917969,15.113377631946458,15.14643369092328,26809949
2015-09-14,15.252214431762695,15.29849291372286,15.192711974093319,15.252214431762695,31837353
2015-09-15,15.470381736755371,15.516660206050798,15.252210257785343,15.311711146879462,41048311
2015-09-16,15.569555282592773,15.596000128720977,15.404273441999534,15.48360798038414,28008328
2015-09-17,15.351384162902832,15.662114249276216,15.318328101010382,15.5563332989282,75221486
2015-09-18,15.054412841796875,15.213859410111949,15.027838673724876,15.14078044791395,85290820
2015-09-21,15.22714614868164,15.286938025487109,15.127491460789484,15.154067188141623,47097445
2015-09-22,15.034482955932617,15.087631294693258,14.921541176183103,15.001265244207218,65335941
2015-09-23,15.041126251220703,15.094274589108359,14.954758642270134,15.041126251220703,34891095
2015-09-24,14.934831619262695,14.961405794618738,14.80195918259897,14.868396180872583,51271027
2015-09-25,15.15406608581543,15.253719206575651,15.080985570708343,15.14742098454849,55416173
2015-09-28,14.801949501037598,15.074337740042157,14.755444724582057,15.047763582067562,58422891
2015-09-29,14.828532218933105,14.8750385821174,14.695661352359075,14.815245132275702,48264309
2015-09-30,15.054412841796875,15.054412841796875,14.875035647427802,15.027838673724876,49086741
2015-10-01,15.061063766479492,15.120855673950418,14.90161712000652,15.047776675930399,48512971
2015-10-02,15.080989837646484,15.080989837646484,14.602650043009636,14.7355224681671,75346063
2015-10-05,15.399873733520508,15.419804351274788,15.180635378340993,15.187278917592419,47975517
2015-10-06,15.326801300048828,15.419810889003235,15.300225571893055,15.36666255245786,36684908
2015-10-07,15.44638729095459,15.532754910213402,15.333447059463552,15.426456661867936,38597020
2015-10-08,15.539402961730957,15.552690051643745,15.353382143068158,15.386599867850128,37237011
2015-10-09,15.439741134643555,15.585900616423833,15.373305715599361,15.572613532614994,58339183
2015-10-12,15.453031539916992,15.47960727312989,15.393239649925587,15.433100909919856,25312191
2015-10-13,15.33344841003418,15.499537000385383,15.33344841003418,15.399883846174662,42452020
2015-10-14,15.2072114944458,15.366658016903486,15.187280874123918,15.34008385647431,44763838
2015-10-15,15.552680015563965,15.572610637572,15.280291728355307,15.293580369576755,55652525
2015-10-16,15.645694732666016,15.672268901437347,15.565970666468909,15.599188377433071,36542235
2015-10-19,15.632411003112793,15.665628724520365,15.539401383171596,15.546044927453108,32690313
2015-10-20,15.725419044494629,15.745349673361462,15.619120797321553,15.632407883232776,23941473
2015-10-21,15.612483978271484,15.798504802440581,15.585908237775488,15.745354881332403,29215200
2015-10-22,15.864936828613281,15.92472872208118,15.639054782295519,15.645698326014175,61204335
2015-10-23,16.037668228149414,16.044311770916533,15.918084458341278,15.991163428779583,45903498
2015-10-26,15.971226692199707,16.03766366083377,15.911434824323578,16.03766366083377,24485698
2015-10-27,15.878222465515137,15.91144018107385,15.825074120621194,15.891509551738622,28664204
2015-10-28,16.250259399414062,16.276833564338418,15.911435676862776,15.911435676862776,112058299
2015-10-29,16.230331420898438,16.31005548854761,16.15060891313241,16.243618505526108,48479611
2015-10-30,15.997803688049316,16.203755031442398,15.977873063838658,16.19046794863529,62867662
2015-11-02,16.217042922973633,16.28347990020523,16.031022194514584,16.037665736249444,73531446
2015-11-03,16.243619918823242,16.29676982184145,16.137321672670108,16.210402204363913,42479225
2015-11-04,16.19711685180664,16.283484478526233,16.150612046587177,16.243621657026104,40100564
2015-11-05,16.2635555267334,16.290129706436787,16.17054589777154,16.197120077474928,45236788
2015-11-06,16.429641723632812,16.589089882935628,16.36984983380679,16.569157693110242,85556100
2015-11-09,16.250259399414062,16.489430003499024,16.157249822178827,16.449568756112495,59169369
2015-11-10,16.32334327697754,16.32998681957782,16.18382732248843,16.210401492889552,41119339
2015-11-11,16.270193099975586,16.39642039513533,16.256904456391524,16.39642039513533,27576370
2015-11-12,16.02437973022461,16.236974639917516,16.017736188043052,16.23033109773596,66597469
2015-11-13,15.891509056091309,16.05759918858795,15.845004255759568,15.944657399327584,53877793
2015-11-16,16.08417320251465,16.08417320251465,15.811786386215973,15.845004100412973,53560564
2015-11-17,16.05095672607422,16.197116239695266,16.01773900931566,16.150611436233284,46013180
2015-11-18,16.33662986755371,16.356560494751115,16.090815679019418,16.143965578095656,83572836
2015-11-19,16.363204956054688,16.396422669915758,16.28348244278812,16.343274327738044,35613076
2015-11-20,16.38977813720703,16.456215120799655,16.343273340610406,16.409708764319873,44189330
2015-11-23,16.32334327697754,16.436285061065526,16.303412649176696,16.383135160380068,31828859
2015-11-24,16.27683448791504,16.329984380662456,16.13731855426291,16.2236861550506,35916887
2015-11-25,16.29012107849121,16.32334034540986,16.24361628864121,16.283479096967,24226080
2015-11-27,16.329986572265625,16.349917199764626,16.236975417387107,16.31669948726629,23191055
2015-11-30,16.31669807434082,16.383133493584587,16.29012234676026,16.383133493584587,30361138
2015-12-01,16.496076583862305,16.502720126317357,16.343273547512922,16.376491259788185,38268343
2015-12-02,16.303409576416016,16.53593508348416,16.27019186967527,16.53593508348416,43846620
2015-12-03,16.037668228149414,16.39642265734032,15.984519886012464,16.39642265734032,59308595
2015-12-04,16.462858200073242,16.489432368809503,16.097458700300336,16.137319953404727,52547451
2015-12-07,16.31005859375,16.45621811236422,16.230334510922496,16.44292946532343,31381144
2015-12-08,16.104103088378906,16.25026258398871,16.064241833180738,16.130678818394212,35697769
2015-12-09,15.918084144592285,16.210401580467114,15.825072987802644,16.031024369407223,66624798
2015-12-10,15.931365013122559,16.08416800897228,15.858286065486187,15.911434391039911,58161303
2015-12-11,15.579261779785156,15.791856744817792,15.492895708943328,15.692203586154145,89542078
2015-12-14,15.612483978271484,15.718780700720218,15.439748684524666,15.592551782928535,71948873
2015-12-15,15.97787094116211,16.064236967934487,15.758630984205244,15.771918065247148,93332943
2015-12-16,16.23697280883789,16.290121140296684,15.971228031778052,16.12403104460502,102205375
2015-12-17,16.00444984436035,16.296768833643466,15.9845192168933,16.296768833643466,70913355
2015-12-18,15.57659912109375,15.910860776810406,15.57659912109375,15.890803696169005,113598773
2015-12-21,15.730359077453613,15.783842013267176,15.589970491293627,15.703618394375521,50728156
2015-12-22,15.87742805480957,15.910853891986006,15.683555059873058,15.823945145670681,57087748
2015-12-23,16.064617156982422,16.09135783145815,15.930912214946895,15.977708395279425,40627924
2015-12-24,16.051244735717773,16.138151916480233,16.011132159555356,16.084670574472565,13844688
2015-12-28,16.037874221801758,16.044559390132637,15.904169285527379,15.984392875154729,16747016
2015-12-29,16.205005645751953,16.22506115154411,16.118098453985926,16.17157980276502,38040239
2015-12-30,16.09135627746582,16.19831896503902,16.06461560557252,16.17157829314572,19339133
2015-12-31,15.930917739868164,16.118104095772306,15.89749188518125,15.930917739868164,59154720
2016-01-04,15.623390197753906,15.636760534032081,15.442889088341774,15.603334693336642,93387476
2016-01-05,15.683553695678711,15.730349863655274,15.543163622092566,15.650127861409738,52096536
2016-01-06,15.442892074584961,15.536484446630459,15.362668471746044,15.456262413448604,77248574
2016-01-07,15.008349418640137,15.262388963629128,14.94818290150652,15.12199885399383,92006910
2016-01-08,14.774362564086914,15.155420198818174,14.740935161499074,15.142049865645596,83028242
2016-01-11,14.794426918029785,14.881334135663865,14.647351595453243,14.854593453314918,70986600
2016-01-12,14.908069610595703,14.974922862773438,14.714198161628168,14.948182189765058,80633578
2016-01-13,14.520330429077148,15.035093225210142,14.453478729445793,14.968241525578788,125524947
2016-01-14,14.647350311279297,14.767683371299626,14.413366221925378,14.55375636160629,95264013
2016-01-15,14.319771766662598,14.386623456985623,14.125900295068849,14.15263940154109,94362797
2016-01-19,14.313084602355957,14.52701155122474,14.212805511193565,14.473528636764982,83779398
2016-01-20,14.03231143951416,14.166016438226565,13.724790413372888,14.018941096608673,107682217
2016-01-21,13.972139358520508,14.226177342693221,13.925341607242261,14.045676215354028,91494814
2016-01-22,14.226177215576172,14.286345303922884,14.125899684426486,14.152638789742833,59334200
2016-01-25,13.938714027404785,14.219494298397443,13.905288178395457,14.166012939982517,78982191
2016-01-26,14.17269515991211,14.21280617037469,13.972138537942385,13.992194043173676,63973716
2016-01-27,14.119213104248047,14.366567489836296,14.018935571974637,14.125899842723193,77206350
2016-01-28,14.125898361206055,14.27297205978204,14.032304437910037,14.206120378611137,79906672
2016-01-29,14.520330429077148,14.527015599040283,14.179383621642863,14.226179811384812,100518905
2016-02-01,14.460158348083496,14.533696767086047,14.353195658125976,14.453474749617907,84561575
2016-02-02,14.059048652648926,14.272975655952894,14.02562280364161,14.252921716205655,86157444
2016-02-03,14.072419166564941,14.139272435064823,13.671305834194321,14.139272435064823,151930266
2016-02-04,14.192749977111816,14.293029068063792,13.985508196778262,13.985508196778262,97011048
2016-02-05,14.005565643310547,14.279660712175474,13.965453059572948,14.20612228337068,81506726
2016-02-08,13.6512451171875,13.851801706869228,13.464057292517547,13.805005535530023,132312804
2016-02-09,13.63119125366211,13.724785188024644,13.383838434426096,13.383838434426096,168924221
2016-02-10,13.55765151977539,13.891913033561494,13.550966352285933,13.738152611647358,80836939
2016-02-11,13.143168449401855,13.290243726463759,13.056261258662506,13.196651367205996,155436893
2016-02-12,13.69804573059082,13.69804573059082,13.397209963683563,13.457376489202183,119640644
2016-02-16,13.918654441833496,13.978822522086835,13.791636252796126,13.93202477752164,97496185
2016-02-17,14.105841636657715,14.172694889141601,14.05236029039604,14.05236029039604,79846353
2016-02-18,14.025620460510254,14.159325403859812,13.95876877366392,14.159325403859812,79491948
2016-02-19,14.025620460510254,14.085786978671957,13.891915517160697,13.911971023214598,91481888
2016-02-22,14.246232032775879,14.30639854855569,14.192750685416046,14.192750685416046,52408225
2016-02-23,13.992193222045898,14.192749832246015,13.965450980316716,14.172694328191678,71553352
2016-02-24,13.958770751953125,13.998881769745608,13.671305318459433,13.791639941493997,89023089
2016-02-25,14.152637481689453,14.166009387597086,13.95876760605176,13.95876760605176,87713797
2016-02-26,14.252923011779785,14.379941249553394,14.172699397212845,14.246236271713355,100096303
2016-02-29,14.09915828704834,14.313085245530168,14.092471548990737,14.23954682346475,70846020
2016-03-01,14.573810577392578,14.600549682485443,14.19943642192536,14.19943642192536,100224943
2016-03-02,14.7342529296875,14.740938097605344,14.567122162084704,14.587177665838235,89863616
2016-03-03,14.83453369140625,14.841218860078163,14.660717736279652,14.720884254326862,76643660
2016-03-04,14.894697189331055,14.96823559946796,14.781047775295782,14.908067523963844,70707286
2016-03-07,14.888015747070312,14.908071254037484,14.747625628643155,14.794423381223513,48251261
2016-03-08,14.647350311279297,14.814481130964728,14.627293231618712,14.754313031297366,94684581
2016-03-09,14.66740608215332,14.74094295347365,14.613923151535856,14.70083193275347,59913509
2016-03-10,14.654032707214355,14.82784866399687,14.48021675043184,14.760996976640865,94740222
2016-03-11,15.03509521484375,15.055150727387154,14.801112665513296,14.801112665513296,79284278
2016-03-14,14.988292694091797,15.02840370225241,14.8946987720603,14.988292694091797,55347853
2016-03-15,14.981612205505371,14.981612205505371,14.8345368933214,14.888018254240219,75699114
2016-03-16,14.948183059692383,15.041775420668428,14.83453362313602,14.901385309547482,72379969
2016-03-17,15.128684043884277,15.175480223943037,14.841218655638167,14.948182922572196,65859485
2016-03-18,15.262979507446289,15.323413067386207,15.182401427526397,15.222690467486343,65031268
2016-03-21,15.236119270324707,15.336843441049467,15.175685713863967,15.21597475150446,47484348
2016-03-22,15.189116477966309,15.249550038743541,15.095107140133642,15.128681340565437,43482367
2016-03-23,15.074965476989746,15.18911935671675,15.068250635630744,15.162259991280735,55912266
2016-03-24,14.980958938598633,14.980958938598631,14.839945681757726,14.940668310484037,48500785
2016-03-28,15.027956008911133,15.074959880975733,14.954091204757693,15.001095076822294,36121356
2016-03-29,15.054818153381348,15.061532993491687,14.880230733888862,14.96752365532328,44438115
2016-03-30,15.142111778259277,15.256265642061848,15.121967256992422,15.135396937836992,37636102
2016-03-31,15.108536720275879,15.20254605748613,15.074962520066371,15.101821880233977,39946073
2016-04-01,15.242840766906738,15.262985294524663,14.974243912085964,15.034679071563957,45753316
2016-04-04,15.168971061706543,15.262980403757355,15.135396859768294,15.229406201819105,38544826
2016-04-05,14.954097747802734,15.054821951492725,14.92723838058515,15.027962584275139,61644172
2016-04-06,15.03467845916748,15.048108143699075,14.880235510429978,14.927239406290562,38129610
2016-04-07,14.752650260925293,14.940667399710406,14.672072162856233,14.927237716698896,51315220
2016-04-08,14.806371688842773,14.954099805490968,14.779512317929331,14.85337716456556,55956828
2016-04-11,14.866800308227539,14.99438384055044,14.85337062868024,14.873515148001188,45423161
2016-04-12,15.054818153381348,15.081677513822706,14.853371373447501,14.886945573999201,48225902
2016-04-13,15.3972806930542,15.410710375490991,15.195833879878398,15.209263562315192,69649488
2016-04-14,15.430856704711914,15.511436385385213,15.323417656022214,15.323417656022214,52055051
2016-04-15,15.377130508422852,15.491284343734613,15.350271153437337,15.471139827495477,53901797
2016-04-18,15.491293907165527,15.504723592948997,15.289845467164877,15.303276729572646,52434076
2016-04-19,15.686027526855469,15.686027526855469,15.538299391551975,15.538299391551975,57169363
2016-04-20,15.806891441345215,15.833749230791238,15.672593034371234,15.679307875888734,74743119
2016-04-21,15.665878295898438,15.867326716270354,15.625590819097859,15.800176717271667,63436754
2016-04-22,15.813604354858398,15.847178558352512,15.67930596425816,15.67930596425816,46728145
2016-04-25,15.780033111572266,15.793462795489212,15.665877645030056,15.746457325155818,38189682
2016-04-26,15.880753517150879,15.90089804020544,15.773314484236025,15.793460583914445,41664795
2016-04-27,15.907609939575195,15.961328657786982,15.813602182704567,15.867320900916354,56916147
2016-04-28,15.739736557006836,15.900894279956555,15.686017841564759,15.773310754158135,74850832
2016-04-29,15.652443885803223,15.712877441607558,15.511430678969598,15.652443885803223,60318138
2016-05-02,15.79345989227295,15.813604414445322,15.632300561646373,15.665874765266997,43564598
2016-05-03,15.592011451721191,15.625587231824385,15.457714637803553,15.612155973808838,44142060
2016-05-04,15.471144676208496,15.551722766418505,15.3972798502255,15.410709531927168,46466680
2016-05-05,15.46442699432373,15.565151175474602,15.424137952512858,15.504717612758293,47043157
2016-05-06,15.531579971313477,15.538294812911147,15.3502776715524,15.3502776715524,38964104
2016-05-09,15.491293907165527,15.578586864758083,15.430858744515612,15.504723592948997,31989258
2016-05-10,15.712881088256836,15.719595929349033,15.558438166512431,15.565153007604628,37549070
2016-05-11,15.545005798339844,15.706163533330349,15.531576118475936,15.665872917115019,31961192
2016-05-12,15.551721572875977,15.665873858579351,15.457713808179081,15.598725455224425,35254978
2016-05-13,15.363703727722168,15.625585641454835,15.336844367672382,15.518146624632065,45538875
2016-05-16,15.44428825378418,15.511438258558362,15.350280454374316,15.363710140004297,33796243
2016-05-17,15.356993675231934,15.471147567654473,15.289843677549921,15.40399756997246,45457629
2016-05-18,15.625592231750488,15.639021917439525,15.309989888185253,15.309989888185253,96899150
2016-05-19,15.477859497070312,15.625589163893729,15.383851715704113,15.55172433048202,66203303
2016-05-20,15.585294723510742,15.67258921860887,15.53157600444949,15.558435363980117,35765351
2016-05-23,15.571867942810059,15.625588248496186,15.504719531482259,15.551723419411719,38575724
2016-05-24,15.806891441345215,15.840465648932716,15.659163351336232,15.679307875888734,47386483
2016-05-25,15.974760055541992,16.055339718150172,15.867322607562734,15.874037448061438,51504178
2016-05-26,15.880753517150879,16.001622232102108,15.860608994096317,15.981477709047546,36198417
2016-05-27,15.988188743591309,15.994905160296625,15.887466142366142,15.907610662611175,37026264
2016-05-31,15.947901725769043,16.068768850619755,15.894181426989489,16.068768850619755,40884834
2016-06-01,15.981481552124023,16.001626080022753,15.766603434622445,15.833751860951539,38452378
2016-06-02,16.01505470275879,16.01505470275879,15.887471124573892,15.941189862073161,28227076
2016-06-03,15.786742210388184,15.83374609169199,15.618869629108067,15.820316411319475,86083215
2016-06-06,15.880753517150879,15.954616768350938,15.780030901878071,15.793460583914445,46925474
2016-06-07,15.847179412841797,15.94118718769427,15.833748154096146,15.894183300268034,26503799
2016-06-08,15.860605239868164,15.900894276440813,15.820314626672028,15.820314626672028,30469958
2016-06-09,15.746453285217285,15.793458743490874,15.665873625765187,15.76659780592439,39571234
2016-06-10,15.551721572875977,15.625586393190096,15.50471769052753,15.565151253546963,47349676
2016-06-13,15.44428825378418,15.645736691482448,15.43757341096919,15.46443278222915,56062079
2016-06-14,15.215977668762207,15.464428358469233,15.135398001408692,15.383850267739547,66888232
2016-06-15,15.236119270324707,15.410706676723704,15.222689591111209,15.256263789144953,58034633
2016-06-16,15.276408195495605,15.289837874610228,15.02795755525154,15.115250469496598,71488109
2016-06-17,15.26358413696289,15.337842335353283,15.19607509882664,15.297337863503978,46524537
2016-06-20,15.351344108581543,15.58762336882711,15.344593363149047,15.506612838583054,70566829
2016-06-21,15.439107894897461,15.472861627548824,15.344595858419284,15.41210490877637,40308110
2016-06-22,15.4256010055542,15.553866729812999,15.391845699656972,15.439102493891568,54005201
2016-06-23,15.74964714050293,15.74964714050293,15.601130685528414,15.607881433481802,73745517
2016-06-24,14.905792236328125,15.25008184990521,14.851784686015469,14.926042888245904,165914672
2016-06-27,14.480488777160645,14.703264942327804,14.392729094085752,14.68301270777206,140642119
2016-06-28,14.851785659790039,14.85178565979004,14.615506376183868,14.743772137136853,109722231
2016-06-29,15.189324378967285,15.189324378967285,14.946295962410199,14.980049689007839,100009025
2016-06-30,15.432353973388672,15.432353973388672,15.16232099762434,15.23657919417981,72707045
2016-07-01,15.351344108581543,15.459357620555583,15.324341126851559,15.37159634487903,45095346
2016-07-05,15.121813774108887,15.243328749588523,15.047554006017098,15.202822701059478,59557011
2016-07-06,15.162322998046875,15.18257523614305,14.959799032030894,14.993552762191182,58561132
2016-07-07,15.182578086853027,15.310843870599802,15.108319866557524,15.209581076051393,65731461
2016-07-08,15.472860336303711,15.493112574204433,15.371597561745869,15.391849799646591,55327418
2016-07-11,15.560623168945312,15.607879985288948,15.506617190329214,15.55387400667285,42557517
2016-07-12,15.756396293640137,15.7766485334131,15.655133509720942,15.675385749493906,55059306
2016-07-13,15.756396293640137,15.790150026595075,15.668635002902917,15.74289480045816,57377156
2016-07-14,15.904914855957031,16.06693596602202,15.86441195602267,16.06693596602202,67039521
2016-07-15,15.877908706665039,15.979169888880355,15.776645939395605,15.965668397918312,62710956
2016-07-18,15.931920051574707,15.952172294858038,15.87116173667007,15.884663232192288,38953149
2016-07-19,15.938669204711914,15.945419951797628,15.837406413371705,15.857658654628848,30777585
2016-07-20,15.965675354003906,15.99942909611518,15.898167869781357,15.99942909611518,31817657
2016-07-21,15.884663581848145,15.972424889729039,15.864412923173706,15.945421898090206,36524509
2016-07-22,15.98592472076416,15.992675467970841,15.87791276545726,15.904914169229464,23484772
2016-07-25,15.952168464660645,15.99267294150197,15.904911656624828,15.958919210800866,37096308
2016-07-26,15.965675354003906,15.98592759927067,15.898167869781357,15.911669366625867,34484126
2016-07-27,15.958924293518066,16.006179531549815,15.904916722141294,15.938672048647318,50709937
2016-07-28,15.992671012878418,16.026424739509018,15.864406851682135,15.918411229237016,33001387
2016-07-29,15.965675354003906,16.03993358664871,15.931921611892632,15.931921611892632,54440606
2016-08-01,15.92516803741455,16.046681487451547,15.891414301293162,15.979174015208772,39409726
2016-08-02,15.790151596069336,15.93866962088751,15.749645527442901,15.877912895529658,39709475
2016-08-03,15.952168464660645,15.958919210800866,15.790148972241072,15.790148972241072,33511513
2016-08-04,15.911674499511719,15.965680504311347,15.87792074651195,15.938677501911533,31363295
2016-08-05,16.2154483795166,16.2154483795166,16.033178242382096,16.080433463120674,51542339
2016-08-08,16.235702514648438,16.28295773629691,16.18844570794574,16.262705498447566,45019886
2016-08-09,16.24920082092285,16.276203799428096,16.208696353164985,16.22894700199,32239890
2016-08-10,16.12093734741211,16.262704589488067,16.09393436512224,16.235701607198195,33545242
2016-08-11,16.15468978881836,16.195194259027648,16.093933083504425,16.15468978881836,25139605
2016-08-12,16.107440948486328,16.134443939312945,16.039931886365146,16.0466826340718,28861534
2016-08-15,16.2154483795166,16.228949871156196,16.154691667138433,16.168193158778028,26275941
2016-08-16,16.174945831298828,16.215448722018913,16.134439770470287,16.18844573816937,27637427
2016-08-17,16.22895050048828,16.235702831624117,16.13444005534617,16.174946116889902,25676567
2016-08-18,16.2154483795166,16.24920369366978,16.168193158778028,16.20194688787701,26595016
2016-08-19,16.20870018005371,16.222201672494048,16.10743740169689,16.16819411767841,31510153
2016-08-22,16.20870018005371,16.222201672494048,16.141191132797736,16.181695610118748,32517481
2016-08-23,16.22895050048828,16.30996103852149,16.22895050048828,16.269456562032016,29855443
2016-08-24,16.222206115722656,16.276212100276133,16.181700042252825,16.235707611861027,24299201
2016-08-25,16.25596046447754,16.28296345776491,16.181700647882476,16.201952892848006,27249662
2016-08-26,16.276206970214844,16.39772039716062,16.174945781093363,16.30320995398057,64953346
2016-08-29,16.4179744720459,16.47873118645137,16.296459458180713,16.316711696315867,40451522
2016-08-30,16.566492080688477,16.566492080688477,16.424724832020438,16.444977069679556,39359132
2016-08-31,16.579994201660156,16.593495693945275,16.44497769375471,16.5732434555176,56386078
2016-09-01,16.512479782104492,16.633994758184475,16.38421406207861,16.620493270292673,62960480
2016-09-02,16.586742401123047,16.633997616865532,16.512482619902254,16.53273644027449,66918391
2016-09-06,16.559741973876953,16.60699719690524,16.431476212031615,16.579994212317647,60299920
2016-09-07,16.552988052368164,16.57324187391727,16.46522836088989,16.498982088381535,38671003
2016-09-08,16.539487838745117,16.600246137976665,16.505734108646614,16.55298933078452,72066064
2016-09-09,16.22895050048828,16.50573425994155,16.22895050048828,16.444977545207337,66476831
2016-09-12,16.411222457885742,16.471979167596466,16.08043275713021,16.154690957887766,87153077
2016-09-13,16.12093734741211,16.262704589488067,16.060179052205765,16.222200116053262,83230864
2016-09-14,16.080434799194336,16.22895121956963,16.03317957452947,16.12093927747851,82876829
2016-09-15,16.174945831298828,16.222201053035526,16.012924758093117,16.046678487905044,68626527
2016-09-16,16.02164649963379,16.116608762929324,15.974165367986021,16.109827336754293,75235766
2016-09-19,16.123809814453125,16.240710609325692,16.015260782748793,16.015260782748793,50396100
2016-09-20,16.132150650024414,16.26575011602878,16.107101745543133,16.240701211547503,39903200
2016-09-21,16.232358932495117,16.24905767938547,16.07370889229652,16.207308423211536,64029700
2016-09-22,16.265756607055664,16.332556366715018,16.232357523541936,16.3158576212741,38355700
2016-09-23,16.18225860595703,16.290809224862638,16.15720968823428,16.207309116311887,59009500
2016-09-26,15.923405647277832,16.09040582184597,15.881656399951646,16.082055653854393,54189000
2016-09-27,16.048656463623047,16.065356801148106,15.814858108799637,15.864957528742963,47620000
2016-09-28,16.123809814453125,16.148860326061286,15.965161352164655,16.11545964391707,42936400
2016-09-29,15.89836311340332,16.198961318523537,15.814862992624018,16.115461197744235,62580800
2016-09-30,16.11545753479004,16.198957636590233,15.956809093264848,15.981858008962522,47336900
2016-10-03,16.040302276611328,16.1238023506872,15.998553035889117,16.065352776623524,33170500
2016-10-04,16.107105255126953,16.224004415194166,16.02360517252254,16.082054752556147,68471600
2016-10-05,16.365957260131836,16.399356344088964,16.14885764019879,16.173908147640574,58651900
2016-10-06,16.391008377075195,16.416058887882517,16.24905866776463,16.40770871761341,53337300
2016-10-07,16.382659912109375,16.416059000783374,16.274109290496554,16.324208719823623,55532800
2016-10-10,16.466150283813477,16.54130018694125,16.449451544053915,16.466150283813477,37997400
2016-10-11,16.315860748291016,16.466159041856063,16.207310122645357,16.416059610667716,78581200
2016-10-12,16.299158096313477,16.407707113938123,16.27410758795457,16.299158096313477,51378700
2016-10-13,16.140504837036133,16.17390550817443,15.956805923670487,16.165555340389854,73171100
2016-10-14,16.215662002563477,16.382662247637622,16.16556256609418,16.332561218535954,76176500
2016-10-17,16.140504837036133,16.257404000756846,16.098755590744922,16.22400492225021,41236100
2016-10-18,16.274105072021484,16.32420448836209,16.20730531935677,16.307505744669708,45958700
2016-10-19,16.416051864624023,16.457801105475905,16.30750288283026,16.324201623592142,49835900
2016-10-20,16.416051864624023,16.51625227235257,16.34925212368214,16.39935153123069,56238200
2016-10-21,16.4077091217041,16.424409462653614,16.257409238422827,16.282459749847096,39543100
2016-10-24,16.457805633544922,16.541305730853686,16.449457057182745,16.48285614052712,33808700
2016-10-25,16.44110679626465,16.49955638626442,16.399355951527756,16.49120621731704,36177800
2016-10-26,16.541305541992188,16.566356048688366,16.34925643521709,16.365956773014542,40419200
2016-10-27,16.583059310913086,16.658209251622466,16.507909370203702,16.633158740508623,45545800
2016-10-28,16.507902145385742,16.633151460874277,16.382652829897207,16.61645112744075,55749900
2016-10-31,16.482860565185547,16.591411198615834,16.482860565185547,16.591411198615834,38579100
2016-11-01,16.416051864624023,16.583052013294452,16.28245238274026,16.54130117981112,62758900
2016-11-02,16.307506561279297,16.391005061817637,16.232356636689342,16.38265648586925,66529900
2016-11-03,16.324207305908203,16.47450717350339,16.29915838973034,16.324207305908203,53462100
2016-11-04,16.274105072021484,16.407704577350913,16.198955151194713,16.332554656524145,64891400
2016-11-07,16.683256149291992,16.691606318651832,16.53295628607877,16.549656624798455,59001800
2016-11-08,16.691606521606445,16.77510662358818,16.524607910274955,16.633156928008823,63290400
2016-11-09,17.401350021362305,17.484850099456516,16.79180215874815,17.15085137971119,268936600
2016-11-10,18.04430389404297,18.119453827311744,17.601754463974842,17.668554227699087,241635500
2016-11-11,18.09440040588379,18.119450910484808,17.868950642369835,17.927400227140474,134954500
2016-11-14,18.53695297241211,18.645501992536758,18.244703405355267,18.2697523216591,261730900
2016-11-15,18.520252227783203,18.536952566708262,18.194603581904463,18.378302532184165,122754500
2016-11-16,18.253049850463867,18.394999520204802,18.202948842815285,18.35324868049765,117887700
2016-11-17,18.50355339050293,18.520253730783296,18.211303806124988,18.253054656825896,98536400
2016-11-18,18.50355339050293,18.57035315899228,18.420053281733217,18.486853050222564,92344300
2016-11-21,18.57035255432129,18.62045198089898,18.445103191561028,18.603753233794457,71943900
2016-11-22,18.57869529724121,18.662195369912396,18.47014631761066,18.653845203382136,98286500
2016-11-23,18.687252044677734,18.712302554681365,18.511903252548574,18.653852957304977,101948400
2016-11-25,18.712295532226562,18.745696199696614,18.637145623050433,18.728995865961586,33114800
2016-11-28,18.495197296142578,18.68724636995496,18.445097883981,18.578697378166275,99791400
2016-11-29,18.54529571533203,18.60374688446108,18.4617972304107,18.52859697392667,74645700
2016-11-30,18.795799255371094,18.845898673665882,18.72899950010078,18.80414942385886,98843700
2016-12-01,19.121450424194336,19.163201272224892,18.870951706539007,18.896000622725335,120088300
2016-12-02,18.91269874572754,19.079698933016505,18.829198652083058,19.071348764388876,82108300
2016-12-05,19.138147354125977,19.204947106443118,19.029598353847515,19.079697769927442,95145700
2016-12-06,19.30514907836914,19.32184782331289,19.071349130206315,19.263398234430145,79142600
2016-12-07,19.605749130249023,19.622449469476003,19.28845064809643,19.355250412372346,120172500
2016-12-08,19.789445877075195,19.906345043956392,19.597395198101044,19.714295957613942,116856500
2016-12-09,19.831195831298828,19.831195831298828,19.647496906419494,19.7894465823909,95677300
2016-12-12,19.639150619506836,19.856250260524536,19.58904959975747,19.772750153574332,85143200
2016-12-13,19.689250946044922,19.806150145536012,19.52225072451581,19.689250946044922,113420700
2016-12-14,19.597400665283203,19.898000426988,19.463801125110436,19.538951065536637,142995800
2016-12-15,19.7643985748291,19.931398776825898,19.622448880921414,19.697598812556777,110426000
2016-12-16,19.594131469726562,19.870932057104582,19.568967198195953,19.862543966594377,83096500
2016-12-19,19.602516174316406,19.65284310882004,19.443145681879773,19.619290752574685,73717600
2016-12-20,19.845762252807617,19.845762252807617,19.719944129960535,19.719944129960535,60793600
2016-12-21,19.795438766479492,19.854153794028946,19.728335649299474,19.845765704398378,37738000
2016-12-22,19.7451114654541,19.78705031297118,19.678006749643608,19.78705031297118,37796100
2016-12-23,19.778657913208008,19.778657913208008,19.686390548940533,19.745107162478828,18276700
2016-12-27,19.803815841674805,19.82897849670709,19.778651586778896,19.820590411741787,38241100
2016-12-28,19.602516174316406,19.854152446698965,19.58573999619373,19.83737626857629,30834400
2016-12-29,19.459922790527344,19.652844048569943,19.37604349576746,19.6192916907202,39251800
2016-12-30,19.501855850219727,19.5689589461399,19.434752754299552,19.535408198111814,44761200
2017-01-03,19.719942092895508,19.854148290050826,19.510244709857314,19.8038213660836,71259900
2017-01-04,19.879308700561523,19.904471357738107,19.719938272366885,19.77865327226392,45092200
2017-01-05,19.677997589111328,19.845756100813393,19.493464506130042,19.820591844098963,62201100
2017-01-06,19.7451114654541,19.828989160488256,19.64445599160284,19.75349795506593,38060800
2017-01-09,19.61089515686035,19.736714844754808,19.568956327471394,19.69477441550206,34022400
2017-01-10,19.6528377532959,19.82059468921463,19.552182311853485,19.644449666520366,46212100
2017-01-11,19.778657913208008,19.778657913208008,19.54379625864722,19.678002461292206,48001200
2017-01-12,19.61089515686035,19.71155058720316,19.443138239440724,19.68638632965151,57418100
2017-01-13,19.719942092895508,19.95480373784935,19.636062819707416,19.745106354811156,72479700
2017-01-17,19.25021743774414,19.585732878953053,19.241829351730942,19.57734479293985,96657800
2017-01-18,19.40959358215332,19.43475784966991,19.166345395617313,19.35087855781237,68289100
2017-01-19,19.325708389282227,19.50185339393801,19.258603701949966,19.451526478302615,56729700
2017-01-20,19.41797637939453,19.485079474620246,19.31732253648795,19.384425631713665,74805200
2017-01-23,19.292152404785156,19.45152280739516,19.225049329980443,19.334091226589287,46651200
2017-01-24,19.53540802001953,19.61089760236053,19.300546386508007,19.38442565560955,45229500
2017-01-25,19.862533569335938,19.87092165545531,19.652836215943225,19.745103563392448,92850100
2017-01-26,19.912860870361328,19.963187788184648,19.803818948433495,19.896084697798933,70704400
2017-01-27,19.837369918823242,19.921249182723276,19.778654914052385,19.912861096346884,43944500
2017-01-30,19.677997589111328,19.71993801696871,19.50185259170152,19.711549931397236,46168800
2017-01-31,19.55218505859375,19.728331705897507,19.443143114921284,19.577349322455483,56477300
2017-02-01,19.577348709106445,19.803822277174167,19.51863369513277,19.703166824744912,72132200
2017-02-02,19.501855850219727,19.594123207058967,19.3760377453524,19.468303502327636,39396500
2017-02-03,19.896089553833008,19.912865730489962,19.661229480092697,19.83737453539793,86346600
2017-02-06,19.803815841674805,19.946410086357705,19.76187541684829,19.778651586778896,34952100
2017-02-07,19.753494262695312,19.929640909043144,19.728331598834323,19.92125282113475,50838500
2017-02-08,19.619285583496094,19.75349177338951,19.527019827859363,19.75349177338951,54341100
2017-02-09,19.887697219848633,19.91286147946196,19.56895793073276,19.619284850095497,76813700
2017-02-10,19.94641876220703,20.01352187125285,19.870927564547447,20.00513378263908,55078700
2017-02-13,20.172893524169922,20.26516091172128,20.03868728765769,20.072239646718018,76687000
2017-02-14,20.40775489807129,20.43291916694738,20.122566250266985,20.156118608768438,75954300
2017-02-15,20.567119598388672,20.609058434818294,20.357422216512433,20.508404587441575,76869400
2017-02-16,20.51679039001465,20.575506998865926,20.390972285061352,20.54195465095091,64048200
2017-02-17,20.52518081665039,20.52518081665039,20.340647681674962,20.365811945479688,54156600
2017-02-21,20.62583351135254,20.676160432361826,20.55873041671883,20.634221598164746,55216100
2017-02-22,20.642610549926758,20.701325560208485,20.508404355035946,20.541955103826627,50438900
2017-02-23,20.642610549926758,20.692937473044804,20.525178929499265,20.65099863709044,53509400
2017-02-24,20.483243942260742,20.533570874835007,20.39097656598764,20.42452892094671,61686800
2017-02-27,20.59227752685547,20.63421795350851,20.500011787946153,20.508399873276762,39655000
2017-02-28,20.58390235900879,20.59228884908684,20.44969451979142,20.51679763946782,48913000
2017-03-01,21.171045303344727,21.212985735321954,20.952959856654825,20.97812411584116,92150000
2017-03-02,20.843915939331055,21.2213701918358,20.835527853738007,21.212983706106492,69446200
2017-03-03,20.94457244873047,20.994900968733468,20.85230669511953,20.860694781786698,57652800
2017-03-06,20.78520393371582,20.85230702826126,20.69293657876685,20.818754681056557,49017200
2017-03-07,20.72648811340332,20.818755471857067,20.676161190548566,20.818755471857067,53726500
2017-03-08,20.734880447387695,21.020069068416294,20.72649235854987,20.952965957578055,104601000
2017-03-09,20.810367584228516,20.919411117967165,20.718101824754328,20.818755671428722,60804100
2017-03-10,20.793596267700195,20.927802484203283,20.659388451332806,20.91102630717432,62148600
2017-03-13,20.843915939331055,20.86907859624646,20.718097855162807,20.81875168255191,49418400
2017-03-14,20.78520393371582,20.8019785074542,20.634221571022586,20.760039673312292,49511100
2017-03-15,20.75165367126465,20.90263604912588,20.65938630704631,20.818756772551403,86455100
2017-03-16,20.78520393371582,20.94457278334626,20.776815846914644,20.83553085465891,89233700
2017-03-17,20.581497192382812,20.842448232826307,20.581497192382812,20.83403025015832,83056800
2017-03-20,20.41313934326172,20.59833013249583,20.41313934326172,20.53940586344706,78676400
2017-03-21,19.840728759765625,20.522569231017176,19.79022247444925,20.505734872955625,192257000
2017-03-22,19.798643112182617,19.891237713422903,19.554526423535325,19.697628922433307,133199500
2017-03-23,19.840728759765625,20.068009452038094,19.731298207319174,19.77338651082184,85238900
2017-03-24,19.815479278564453,19.97541613940052,19.680793155680572,19.874403554195226,97583400
2017-03-27,19.739717483520508,19.748133860320237,19.34408034016263,19.394588234356807,103963000
2017-03-28,20.009077072143555,20.084837272183755,19.67236596394557,19.67236596394557,82301100
2017-03-29,19.882814407348633,20.009080896359787,19.865978447329674,19.97540897632187,76524100
2017-03-30,20.143770217895508,20.19427650455353,19.87440121496484,19.899653555510902,92566000
2017-03-31,19.975412368774414,20.12693282354694,19.975412368774414,20.068008559038912,70540000
2017-04-03,19.93332290649414,20.05958940959724,19.697624256620177,20.00908312946914,93489100
2017-04-04,19.90806770324707,19.950157605327146,19.815473129802093,19.84914344590056,105795900
2017-04-05,19.756555557250977,20.169027137325884,19.756555557250977,20.09326849292265,104651200
2017-04-06,19.882814407348633,19.96699099631239,19.638697803770285,19.73971195831852,80802100
2017-04-07,19.798643112182617,19.93332762813765,19.697628922433307,19.731300854205102,61525700
2017-04-10,19.74812889099121,19.924903265056198,19.680786654577304,19.798636772475813,60429000
2017-04-11,19.6892032623291,19.722875180971634,19.48717656717026,19.64711496959139,83801200
2017-04-12,19.52927589416504,19.680794784513072,19.478767991816134,19.663960422629664,74023000
2017-04-13,19.276735305786133,19.672372392066222,19.276735305786133,19.45350969883092,120159300
2017-04-17,19.613447189331055,19.621865170767858,19.26831797825106,19.327242242742894,86681200
2017-04-18,19.428251266479492,19.57135370185546,19.310402768722355,19.478757536151786,74890400
2017-04-19,19.36932945251465,19.630280418451836,19.344075511721154,19.554520201636915,55583800
2017-04-20,19.6976318359375,19.739721756877824,19.436680748372748,19.512441000499017,85720400
2017-04-21,19.495601654052734,19.72288237104983,19.487183671323283,19.647122132050796,94675300
2017-04-24,19.93332290649414,20.042753447699308,19.85756268351914,19.941740887443107,98770600
2017-04-25,20.110097885131836,20.211112061981385,20.084845545093852,20.110097885131836,71026100
2017-04-26,20.093265533447266,20.278456336337484,20.051175619904466,20.084847550738704,71691200
2017-04-27,20.000667572021484,20.13535207239341,19.882819035587524,20.13535207239341,68871800
2017-04-28,19.80705451965332,20.025917186814553,19.80705451965332,20.009081226517793,64091900
2017-05-01,19.93332290649414,20.034335466750342,19.823890759723277,19.908068963647242,69086600
2017-05-02,19.90806770324707,19.95857398017757,19.798637168970064,19.933321644495116,76511500
2017-05-03,20.068008422851562,20.068008422851562,19.823891779471186,19.840727742235167,78115400
2017-05-04,20.1016788482666,20.261617284231885,20.01750224513667,20.19427503838847,64482800
2017-05-05,20.068008422851562,20.169020988303885,20.00066617736142,20.160604612487674,46881500
2017-05-08,20.05116844177246,20.126928653462016,20.017498128557914,20.09325834024747,45893000
2017-05-09,19.975412368774414,20.169021125176734,19.90807012282727,20.10167887922959,65737900
2017-05-10,20.04275131225586,20.04275131225586,19.908066842553673,19.941738762761982,51192700
2017-05-11,19.91649055480957,20.000668773992313,19.756552098918952,19.966996844092822,77266700
2017-05-12,19.832307815551758,19.84072579610805,19.722877279451215,19.823889834995466,55787200
2017-05-15,19.98383140563965,20.02592131505817,19.865982870399538,19.87440085228324,52192100
2017-05-16,20.04275131225586,20.059587272360016,19.92490280265783,20.025916957717232,51529600
2017-05-17,19.41141700744629,19.773382117177707,19.335656793522713,19.621861689330554,141192800
2017-05-18,19.487178802490234,19.605028925691908,19.360912304227963,19.386166246106672,101656900
2017-05-19,19.655536651611328,19.76496719668123,19.51243418155638,19.52085216280264,69775600
2017-05-22,19.706043243408203,19.76496750749289,19.57135875248155,19.76496750749289,79181900
2017-05-23,19.857566833496094,19.91649110688758,19.63028611707234,19.72288232129669,65577800
2017-05-24,19.84914779663086,19.899654084631816,19.764969579585298,19.882819725675464,59441200
2017-05-25,19.882814407348633,19.97540897632187,19.832306527291756,19.891230781792594,49362400
2017-05-26,19.8743953704834,19.93331962185084,19.832305472674207,19.832305472674207,42601700
2017-05-30,19.739717483520508,19.840730060776927,19.697627571692028,19.815477719245806,46584200
2017-05-31,19.571359634399414,19.748132434619155,19.44509311916162,19.73971605842704,115877900
2017-06-01,19.815479278564453,19.832313639054608,19.54610863836278,19.680793155680572,81187600
2017-06-02,19.739717483520508,19.840730060776927,19.630285318332426,19.672375230160906,83704500
2017-06-05,19.77338409423828,19.899650594880615,19.748130151883547,19.748130151883547,44055800
2017-06-06,19.6892032623291,19.7397111402929,19.579772737871775,19.621861030609487,60397300
2017-06-07,19.840728759765625,19.891235045082,19.689208298250644,19.722880225505467,83049100
2017-06-08,20.068008422851562,20.211110895213835,19.823891779471186,19.840727742235167,77987000
2017-06-09,20.446809768676758,20.480480088987164,20.177439178364533,20.194275141302633,133216200
2017-06-12,20.4888973236084,20.631999792234385,20.371048798469023,20.4888973236084,86644400
2017-06-13,20.598329544067383,20.665671793280207,20.539405276701896,20.598329544067383,94978600
2017-06-14,20.632001876831055,20.65725582286925,20.312124982610847,20.42155714321046,117605800
2017-06-15,20.547821044921875,20.6572531915822,20.463642841082937,20.480478802963866,59547700
2017-06-16,20.525005340576172,20.59260512647255,20.465854117674066,20.541904078270747,53818800
2017-06-19,20.736257553100586,20.77850682035673,20.63485705529712,20.66020758267455,58041300
2017-06-20,20.55881118774414,20.68556062651388,20.550361010265284,20.668660271556167,45689600
2017-06-21,20.389808654785156,20.592609668915394,20.38136008992725,20.592609668915394,51938200
2017-06-22,20.26305389404297,20.372904548746376,20.23770498273138,20.31375494007806,58380200
2017-06-23,20.18701171875,20.356012047271026,20.119411909682906,20.347561869674315,85352600
2017-06-26,20.29686164855957,20.381361809625893,20.161662035536057,20.229261842047812,60302300
2017-06-27,20.398263931274414,20.550363924046575,20.32221393488833,20.372915006950244,75943400
2017-06-28,20.719364166259766,20.753163269084887,20.51656471418872,20.533463459747892,90097600
2017-06-29,20.86300277709961,21.141852075430936,20.710902866790537,21.141852075430936,119176700
2017-06-30,20.846105575561523,21.02355442323684,20.80385631041202,21.01510585957186,72754900
2017-07-03,21.150310516357422,21.285510131319537,20.939060916515803,20.96440983700461,61454400
2017-07-05,21.184106826782227,21.234806272795215,21.057357405896596,21.209457355641884,78100200
2017-07-06,21.0235538482666,21.26860409220913,21.0235538482666,21.175653777374915,97648100
2017-07-07,21.167207717895508,21.209458601810734,21.023557935996582,21.133408622469748,59432400
2017-07-10,21.141855239868164,21.192554680324395,21.06580527333074,21.133405064507766,55022500
2017-07-11,20.955955505371094,21.1334059721483,20.8968058870141,21.12495579642498,49857200
2017-07-12,21.0235538482666,21.040454198546662,20.89680444457838,20.955954058852477,47818600
2017-07-13,21.150310516357422,21.150310516357422,21.00666072399686,21.023559467087217,48875900
2017-07-14,21.057357788085938,21.09115688213927,20.778508412393926,20.8883574827002,61742300
2017-07-17,20.98975372314453,21.040453159775556,20.90525358762213,20.998203897867374,43257000
2017-07-18,20.955955505371094,20.98975620826436,20.820755917210473,20.84610644438042,63210700
2017-07-19,20.96440887451172,21.057359209920698,20.888358893123726,20.9982095825537,48259400
2017-07-20,20.955955505371094,21.074256353791306,20.913706238460733,20.981306032541042,40163500
2017-07-21,20.955955505371094,21.023555299451406,20.8968058870141,20.8968058870141,39108400
2017-07-24,21.048908233642578,21.074258763711455,20.94750933677988,20.94750933677988,26364800
2017-07-25,21.310855865478516,21.395356015122285,21.251706244239767,21.285506948779794,75786800
2017-07-26,21.167207717895508,21.370008737275754,21.116508268903658,21.33620803014357,56086500
2017-07-27,21.048908233642578,21.217908544022283,20.9559579017631,21.209458367332658,67826200
2017-07-28,21.048908233642578,21.108057858763555,20.930608983400628,21.015109138590482,43735800
2017-07-31,21.201005935668945,21.27705590608037,21.099605437884964,21.12495596525752,43039300
2017-08-01,21.353111267089844,21.370011622938044,21.243260565783178,21.344661089165744,60987500
2017-08-02,21.38690948486328,21.40380984001434,21.277060399794564,21.378459307287752,43341500
2017-08-03,21.310855865478516,21.38690583898728,21.277056772644787,21.35310674615355,40816800
2017-08-04,21.454511642456055,21.539011815755273,21.412262361659824,21.505212713459635,50792900
2017-08-07,21.42070770263672,21.46295697389163,21.38690699626768,21.45450679729937,39486800
2017-08-08,21.36155891418457,21.62350795197048,21.353108737261614,21.386907833246998,52736500
2017-08-09,21.36155891418457,21.378457656324038,21.184108422215346,21.184108422215346,46567000
2017-08-10,20.981306076049805,21.277055780154292,20.981306076049805,21.22635633741548,71130300
2017-08-11,20.896804809570312,21.091154006067242,20.84610536955071,20.981304950740412,50477800
2017-08-14,21.184106826782227,21.243256449081766,21.057357405896596,21.06580758218315,49472900
2017-08-15,21.201005935668945,21.386904967948965,21.201005935668945,21.361556052282648,48535000
2017-08-16,21.158756256103516,21.327754933508583,21.124955553598777,21.29395584271005,35084100
2017-08-17,20.79541015625,21.141859354928542,20.786959979244855,21.10805864690797,76613100
2017-08-18,20.80385971069336,20.95595805711495,20.68555884786801,20.69400902462028,71725900
2017-08-21,20.74470329284668,20.8123030782767,20.660204769838664,20.786954166056702,45047200
2017-08-22,20.97285270690918,20.989753055817555,20.80385405294339,20.82920296459997,42644000
2017-08-23,20.905258178710938,21.023557427398856,20.803859283180262,20.820758024631118,36612700
2017-08-24,20.905258178710938,20.99820850936938,20.86300890752422,20.99820850936938,31067200
2017-08-25,20.96440887451172,21.057359209920698,20.9390599551867,20.947510132197195,37177300
2017-08-28,20.829208374023438,20.989758506936493,20.77850892583746,20.981308330287764,36486900
2017-08-29,20.761608123779297,20.795408829643613,20.575709076644646,20.592609429576804,42814200
2017-08-30,20.846105575561523,20.939055892937823,20.77850578429862,20.795406135040885,35176100
2017-08-31,20.871458053588867,20.939057851173754,20.80385825600398,20.913707322689557,44225200
2017-09-01,20.930606842041016,21.048906080180057,20.846106695496168,20.89680613874058,42132600
2017-09-05,20.482757568359375,20.803857808764324,20.423607948207483,20.770057104845375,96579200
2017-09-06,20.5334529876709,20.63485346784549,20.465853204789827,20.558803510641035,77593900
2017-09-07,20.178560256958008,20.584160697254102,20.10251188684062,20.56726034313625,87667800
2017-09-08,20.36445426940918,20.440504226363753,20.15320474713669,20.195454006908808,68639500
2017-09-11,20.719364166259766,20.778513804983806,20.558813995646815,20.60106327710491,73305700
2017-09-12,20.96440887451172,20.98130922853271,20.778509815400223,20.795410169421213,66350600
2017-09-13,20.998205184936523,21.006655360177312,20.854555429255353,20.930605394716334,51049400
2017-09-14,20.955955505371094,21.057356002344672,20.913706238460733,21.006656559710994,47163200
2017-09-15,21.017898559570312,21.034869394639074,20.899104332516902,20.92456058512004,59250200
2017-09-18,21.26397132873535,21.272456747121456,21.077296979525205,21.09426781629742,44010400
2017-09-19,21.42519187927246,21.47610277315244,21.230032104042436,21.263972160486375,58443300
2017-09-20,21.55246925354004,21.62883640120131,21.340338647464986,21.44216205048937,70595500
2017-09-21,21.603382110595703,21.654294625952264,21.484589478286853,21.50156031673904,51050100
2017-09-22,21.57792854309082,21.603383183605164,21.45913590488171,21.518532223986266,42306600
2017-09-25,21.55246925354004,21.62883640120131,21.408220376671878,21.55246925354004,39774600
2017-09-26,21.543989181518555,21.62035634813137,21.48459285602603,21.586416284319277,46811000
2017-09-27,21.80702781677246,21.91733502419801,21.722175247291496,21.815511617135222,65919100
2017-09-28,21.840970993041992,21.891881894630888,21.73066376986132,21.88339809305639,37718900
2017-09-29,21.942787170410156,21.942787170410156,21.807023732042076,21.84096378242017,42740800
2017-10-02,22.129467010498047,22.129467010498047,21.900365544225824,21.900365544225824,52774000
2017-10-03,22.205833435058594,22.205833435058594,22.070069967312694,22.112495444072714,48062900
2017-10-04,22.104005813598633,22.21431462164286,22.095522014605592,22.146432900703296,39283800
2017-10-05,22.33310890197754,22.409476046059808,22.070067415931945,22.12946372390082,61260400
2017-10-06,22.35856819152832,22.451904565967247,22.239773941035153,22.392508249934778,66077800
2017-10-09,22.27371597290039,22.417964864890592,22.222805075265104,22.417964864890592,31340200
2017-10-10,22.37553596496582,22.37553596496582,22.248256312698626,22.307654239023055,35822500
2017-10-11,22.33310890197754,22.35856515614763,22.239770921781872,22.32462348392084,33748600
2017-10-12,22.163406372070312,22.40099161440763,22.13795011677928,22.392506195977287,53834800
2017-10-13,22.17188835144043,22.248255492614604,21.968243181118616,22.05309574002636,69561400
2017-10-16,22.316139221191406,22.324624639687404,22.180375762111662,22.188861180607656,42000700
2017-10-17,22.205833435058594,22.400993217639797,22.15492253926093,22.392507798602153,37844200
2017-10-18,22.324617385864258,22.35855904881975,22.205824802375165,22.299162757075205,52201500
2017-10-19,22.341598510742188,22.350083930390532,22.129467874818534,22.16340955341191,34671600
2017-10-20,22.604633331298828,22.62160416555424,22.502811562622036,22.579178698343547,56083800
2017-10-23,22.58766746520996,22.65554919387059,22.536754954893436,22.613122101940153,43555200
2017-10-24,22.748889923095703,22.791317023164773,22.647068119786702,22.664037341385946,61259200
2017-10-25,22.613122940063477,22.842224389694945,22.485844896410928,22.816768133593182,68653500
2017-10-26,22.740402221679688,22.842225633201764,22.697976744295282,22.697976744295282,41832600
2017-10-27,22.723426818847656,22.765852284688297,22.579177969190592,22.697970568286607,56694400
2017-10-30,22.630090713500977,22.731914105693686,22.57069440906686,22.69797243548681,48157500
2017-10-31,22.57069969177246,22.714948587057517,22.545243433159232,22.630096010108375,39890800
2017-11-01,22.604633331298828,22.765853019869553,22.579178698343547,22.66402963276493,40921900
2017-11-02,22.81676483154297,22.85070650143327,22.519783312142337,22.630090502430015,51098300
2017-11-03,22.723426818847656,22.757366867834612,22.655545102445966,22.740396034127244,42387000
2017-11-06,22.697973251342773,22.740398722198393,22.62160610906028,22.6640315799159,33642100
2017-11-07,22.384016036987305,22.782822526612552,22.324619738982115,22.71494081197409,70325500
2017-11-08,22.27371597290039,22.350083128567455,22.19734881723333,22.341597709223528,55844900
2017-11-09,22.197349548339844,22.273716706522183,21.96824807379282,22.12946780978091,94577000
2017-11-10,22.129467010498047,22.25674506339542,22.112496171864198,22.214319585239046,53209600
2017-11-13,22.163406372070312,22.2143172642243,21.976730403458895,21.993701240319584,50579200
2017-11-14,22.154924392700195,22.163409812447714,22.002190074101545,22.07855723340087,54101800
2017-11-15,22.21431541442871,22.290682555514607,21.942788520980177,21.959757737999748,64952300
2017-11-16,22.222801208496094,22.36705007538698,22.205830372761174,22.316137568182214,53648100
2017-11-17,22.197349548339844,22.24826044765197,22.08704233009219,22.1124969705341,41938700
2017-11-20,22.299169540405273,22.333109595257646,22.17188988403171,22.239771612164517,35232400
2017-11-21,22.367046356201172,22.4009864035995,22.316133857462123,22.37553177265768,35972400
2017-11-22,22.256744384765625,22.42644952907315,22.256744384765625,22.367053214093975,30959400
2017-11-24,22.248258590698242,22.384022056484596,22.23128937129608,22.341596580336926,12172500
2017-11-27,22.23128890991211,22.350081535402726,22.21431807243398,22.23128890991211,42346400
2017-11-28,22.808279037475586,22.833735289472994,22.2397690236231,22.25673985828804,86507000
2017-11-29,23.198604583740234,23.3513388881082,22.96950312718829,23.028899441458456,135340600
2017-11-30,23.35133934020996,23.656806336431806,23.232545090941485,23.4022502365089,135241700
2017-12-01,23.40224838256836,23.512555585548824,22.86767996770781,23.385277545670416,148119600
2017-12-04,23.758628845214844,23.928333984337637,23.758628845214844,23.792570520410663,99820400
2017-12-05,23.6313419342041,23.88589792895716,23.571945643323556,23.860443300538382,77706200
2017-12-06,23.546497344970703,23.682260803791785,23.478615615560166,23.546497344970703,60299100
2017-12-07,23.622867584228516,23.707720161702802,23.402251530166684,23.622867584228516,59625500
2017-12-08,23.767114639282227,23.767114639282227,23.571954859109262,23.741658382483422,55001600
2017-12-11,23.707712173461914,23.801048520648763,23.639830458040677,23.767108472152024,43278400
2017-12-12,23.9453067779541,24.03864478024753,23.724690711533164,23.80105787369535,69517100
2017-12-13,23.6483211517334,23.970758967327125,23.631350314484223,23.91984807400772,97335300
2017-12-14,23.495582580566406,23.767109453462307,23.47012632932198,23.733167785136406,76970000
2017-12-15,23.706993103027344,23.86896151140476,23.553549518874423,23.638796135175376,111826100
2017-12-18,23.92011070251465,24.039456625052182,23.860438554217932,23.903062678675656,61275500
2017-12-19,23.817811965942383,24.07355016499948,23.817811965942383,24.05650051814399,57366300
2017-12-20,23.775192260742188,24.05650498228544,23.758144236666926,24.013882483181114,69680300
2017-12-21,23.979778289794922,24.047975250011945,23.87748366244128,23.903058132251584,46123500
2017-12-22,23.911584854125977,24.082078092770992,23.800765387167534,24.047978794664377,43020300
2017-12-26,23.843395233154297,23.988314042887968,23.749625386346295,23.911592224443993,33710100
2017-12-27,23.86896514892578,23.877489974449418,23.792243345157267,23.860440323402145,29421000
2017-12-28,23.96273422241211,23.97125904708858,23.868962776914987,23.928634923706227,28129700
2017-12-29,23.792238235473633,24.0394532447339,23.792238235473633,24.0394532447339,55169800
2018-01-02,23.800765991210938,23.94568475995391,23.68994652143999,23.94568475995391,55436100
2018-01-03,23.928640365600586,23.945690018830987,23.7666719118006,23.843393725392993,56906200
2018-01-04,24.150279998779297,24.32929809853798,24.022410856634156,24.065033362034416,62247000
2018-01-05,24.218473434448242,24.27814558364307,24.065029835979185,24.27814558364307,37989500
2018-01-08,24.184375762939453,24.235523087119986,24.099129138675817,24.19289896201611,44252100
2018-01-09,24.371917724609375,24.499786851647897,24.244048597570856,24.28667109793564,51418700
2018-01-10,24.576507568359375,24.67880384104178,24.406014322536734,24.44863844696444,64670900
2018-01-11,24.695852279663086,24.721426754749263,24.559458331091722,24.678804255549757,42361700
2018-01-12,24.917491912841797,24.93454156225624,24.68732652357901,24.840770116420867,44537500
2018-01-16,24.849294662475586,25.173231493941213,24.71290072057765,25.13060737088308,67563800
2018-01-17,25.036836624145508,25.105033592567008,24.712899804685403,24.9174907099499,54312000
2018-01-18,25.00274085998535,25.130609990601265,24.968643183928407,25.122085165100977,49247400
2018-01-19,25.1817569732666,25.190280172155784,25.03683820298922,25.08798552604474,60727800
2018-01-22,25.386354446411133,25.394879273445586,25.15618899431443,25.190286676507736,46868900
2018-01-23,25.411922454833984,25.45454658187668,25.207331522861626,25.32667582669279,60862000
2018-01-24,25.582408905029297,25.642081041069368,25.377818027487436,25.53126159212977,66371000
2018-01-25,25.53126335144043,25.684705300712395,25.446016740104536,25.684705300712395,45423700
2018-01-26,25.718809127807617,25.727333953037842,25.48864372442398,25.607989651702994,33871900
2018-01-29,25.61651039123535,25.855200596929656,25.599462368356047,25.735856307054505,41037700
2018-01-30,25.2840576171875,25.59094488020769,25.2840576171875,25.428976421842094,67316900
2018-01-31,25.352251052856445,25.480120185878608,25.26700442219359,25.352251052856445,49504500
2018-02-01,25.590940475463867,25.616513325684274,25.292578090653677,25.301102916041874,60824200
2018-02-02,25.02831268310547,25.607987748117083,25.01126303391241,25.539789151344856,73086000
2018-02-05,23.76666831970215,24.900444073054135,23.527979714329632,24.491262213034812,147871500
2018-02-06,24.20142364501953,24.261095793870677,23.161419387749604,23.22109153660075,159006400
2018-02-07,24.218473434448242,24.55945830552163,24.056505010959338,24.158801285253414,102699400
2018-02-08,23.15289306640625,24.303718347973934,23.13584341756667,24.261094225874977,135270500
2018-02-09,23.59617805480957,23.775194519185735,22.811911964804825,23.50240659673961,149504900
2018-02-12,23.928640365600586,24.167330632992964,23.621753111231016,23.83486889877779,83571800
2018-02-13,24.030927658081055,24.082074972670245,23.72404051865828,23.792237480091806,43365500
2018-02-14,24.602079391479492,24.610604215446255,23.928632931600557,24.013879545324258,57379700
2018-02-15,24.73847198486328,24.840766615043087,24.465684136458684,24.80666894696443,66976000
2018-02-16,24.704376220703125,24.917491960963044,24.58503192645967,24.619129599410346,47508200
2018-02-20,24.627656936645508,24.900444851856953,24.55093513224926,24.65323141342567,58236100
2018-02-21,24.661758422851562,25.06241550555408,24.610611090706307,24.63618394380675,44578800
2018-02-22,24.45716667175293,24.85782374140599,24.397494515202936,24.721429776164765,47602700
2018-02-23,24.823720932006836,24.823720932006836,24.52535858498401,24.533883409292542,41187300
2018-02-26,25.19880485534668,25.19880485534668,24.840770344082372,25.002738763115865,55124200
2018-02-27,24.960111618041992,25.377818199090765,24.94306197164561,25.21584981021266,72752100
2018-02-28,24.610607147216797,25.181757413477523,24.610607147216797,25.087985964616415,65254700
2018-03-01,24.184375762939453,24.815198180979763,24.047980188551165,24.619130457390167,82467900
2018-03-02,24.24404525756836,24.3122422243233,23.775189688427197,24.013879885041458,78991200
2018-03-05,24.58503532409668,24.721429286637065,24.04798267389266,24.05650749979447,58952100
2018-03-06,24.687328338623047,24.73847729062691,24.431590082380456,24.721427639958957,49746100
2018-03-07,24.64470672607422,24.695854053977214,24.35486915805019,24.380443634973805,41530200
2018-03-08,24.721433639526367,24.755532949137727,24.457170493816598,24.704383984720685,50803000
2018-03-09,25.318147659301758,25.33519568082948,24.88339140443929,24.98568603738112,54595700
2018-03-12,25.232908248901367,25.41192472060956,25.190284118058223,25.31815488464332,51784500
2018-03-13,24.951589584350586,25.377821036248843,24.89191744123586,25.352246563795124,47049400
2018-03-14,24.670278549194336,25.062410730842355,24.593556752620756,25.062410730842355,57278900
2018-03-15,24.678804397583008,24.815198346939354,24.602082597827046,24.764049396472625,47451600
2018-03-16,24.7001953125,24.939752788594554,24.7001953125,24.734417109715118,61278200
2018-03-19,24.520523071289062,24.751526298403544,24.28951984417458,24.665969366302317,52145000
2018-03-20,24.580415725708008,24.68308438435015,24.520526354776326,24.61463915587638,37146500
2018-03-21,24.571857452392578,24.89697347957656,24.48630214910893,24.62319259259814,53291400
2018-03-22,23.664955139160156,24.340853054163187,23.579398213837127,24.246740273121596,85160300
2018-03-23,22.9462833404541,23.7248483880338,22.903505686708666,23.69062659141003,89289500
2018-03-26,23.690624237060547,23.759069455368962,23.18584014008748,23.408287507555503,84145000
2018-03-27,23.228614807128906,23.8702892583306,23.04039088891358,23.76762225998134,78827400
2018-03-28,23.271394729614258,23.502396298249987,22.971946317693796,23.288504808572878,84244500
2018-03-29,23.587955474853516,23.750513479465713,23.27139695372014,23.374063964734262,58290000
2018-04-02,23.066057205200195,23.613620522308725,22.71527529660667,23.587952956364365,74363900
2018-04-03,23.382619857788086,23.43395336337599,23.006170342463758,23.211505996678103,75160400
2018-04-04,23.630733489990234,23.699178704286968,22.946279715160255,22.963391426700095,70327000
2018-04-05,23.818960189819336,23.990074061381062,23.741959110802842,23.84462776011244,45378300
2018-04-06,23.2457275390625,23.69917809197682,23.03183604592864,23.545175955822423,88521000
2018-04-09,23.374059677124023,23.844621892186648,23.33128203569216,23.374059677124023,54633200
2018-04-10,23.72484588623047,23.86173632201612,23.57084373800593,23.750513454888797,67801500
2018-04-11,23.442508697509766,23.62217841085994,23.382619337013935,23.510953914056813,52480800
2018-04-12,23.853185653686523,24.007187835405386,23.605072296810743,23.6221840129713,63289100
2018-04-13,23.493850708007812,24.161193034852797,23.36551608450081,24.144081316554992,70103900
2018-04-16,23.596511840820312,23.767625705357254,23.528066621378088,23.6307352664728,44633600
2018-04-17,23.596511840820312,23.827515068386358,23.51095490855184,23.80184749914699,50750100
2018-04-18,23.48529052734375,23.75051556627372,23.433955385463477,23.656402771356078,66795500
2018-04-19,23.844629287719727,23.8959627997318,23.51095737998394,23.528069094608938,76142000
2018-04-20,23.853185653686523,23.9900777511079,23.750518620449327,23.887409086007636,49800400
2018-04-23,23.827510833740234,23.947289538511264,23.750509771569583,23.92162197383356,45689200
2018-04-24,23.673513412475586,24.101296450914347,23.510955400947278,23.955850152570658,69592900
2018-04-25,23.656396865844727,23.776177201800902,23.416839457657282,23.64784101100054,51819000
2018-04-26,23.664955139160156,23.793289711213387,23.545176422825488,23.63928757200446,33456200
2018-04-27,23.699176788330078,23.759066142015147,23.58795230417567,23.622175724488564,47185200
2018-04-30,23.48529052734375,23.887406014228723,23.476734670363705,23.759071423253765,41731400
2018-05-01,23.493850708007812,23.510962426305618,23.245737320142716,23.433961325828765,46372400
2018-05-02,23.228614807128906,23.502395645210292,23.19439301829999,23.40828450203389,45430300
2018-05-03,23.031841278076172,23.151620019245264,22.638279992735935,23.11739822113822,68947900
2018-05-04,23.331287384033203,23.459621969609962,22.81794740986337,22.894948487581985,40575600
2018-05-07,23.48529052734375,23.57940169039853,23.322732508448606,23.416845303366248,36873600
2018-05-08,23.647844314575195,23.81040231559901,23.493842169590813,23.502398025630242,47718500
2018-05-09,23.998626708984375,24.058517702398646,23.67351233262047,23.759069262778144,43817000
2018-05-10,24.195405960083008,24.246739460812012,23.921623481849004,23.955846903576717,41445500
2018-05-11,24.178300857543945,24.340858891455216,24.126967342784653,24.212522656762467,25894000
2018-05-14,24.161184310913086,24.289518888081997,24.11840666247768,24.24674123964659,31292900
2018-05-15,24.118404388427734,24.246738953496376,24.024291612508218,24.12696024368065,54655800
2018-05-16,24.161184310913086,24.22962952752735,24.041405589803794,24.09273909429882,31984900
2018-05-17,24.109848022460938,24.195404941315207,23.955845894895752,24.135513955813472,45070400
2018-05-18,23.91307258605957,24.118408249412976,23.904516729437,24.1098523927904,33266100
2018-05-21,24.08418846130371,24.17830126650679,24.041410803591244,24.049966661506346,29647900
2018-05-22,24.246734619140625,24.383625014991598,24.101288369566184,24.101288369566184,52841400
2018-05-23,24.092737197875977,24.161182409102683,23.83606806374147,24.08418134248982,44968500
2018-05-24,23.90451431274414,24.032848885382833,23.664955247119327,24.01573717386764,43245200
2018-05-25,23.827510833740234,23.870288476340612,23.716286351999308,23.79328741416996,39312500
2018-05-29,23.031841278076172,23.528069589600502,22.860727391952075,23.493846159630497,126469700
2018-05-30,23.451065063476562,23.545177850223627,23.19439590380984,23.254285265607894,65843700
2018-05-31,23.254287719726562,23.43395582408182,23.185842494467956,23.399734027383964,66686900
2018-06-01,23.510953903198242,23.639288480181847,23.442508686682807,23.536621471340037,62934300
2018-06-04,23.587955474853516,23.67351240527376,23.545177825574754,23.622178899766702,44196900
2018-06-05,23.48529052734375,23.54517989434121,23.365510161485975,23.510956466421025,44996800
2018-06-06,23.91307258605957,23.930182667441926,23.596512418475495,23.622179988343216,61960000
2018-06-07,23.99007225036621,24.10985097229961,23.827514247840387,24.01573818685897,65166100
2018-06-08,24.0242977142334,24.049965286511224,23.836073746451504,23.964408344114748,47713400
2018-06-11,23.972963333129883,24.18685486544147,23.972963333129883,24.10129792614426,47319600
2018-06-12,23.91307258605957,24.101296536167826,23.793292225206326,24.0414071716726,55517200
2018-06-13,23.827510833740234,24.109847517745138,23.801843269062527,23.92162197383356,61095800
2018-06-14,23.60506820678711,23.913072516857277,23.536622985867382,23.870293233868203,70635500
2018-06-15,23.604204177856445,23.681538798563555,23.29486733395949,23.45812785417985,63387600
2018-06-18,23.561248779296875,23.59561882233121,23.320651922328505,23.39798656782077,49824600
2018-06-19,23.5010929107666,23.56124169719601,23.31205199463816,23.320644912546864,50214700
2018-06-20,23.440948486328125,23.71591535484757,23.415169727804997,23.71591535484757,42833600
2018-06-21,23.372203826904297,23.509687243856426,23.20894165467429,23.36361090847834,75190900
2018-06-22,23.260496139526367,23.56124171077829,23.243310303699054,23.53546295703732,61389400
2018-06-25,23.011310577392578,23.20034987524957,22.856641315995176,23.157386919942155,80746100
2018-06-26,22.933979034423828,23.054276636626284,22.78790267220717,23.028497876612082,56387800
2018-06-27,22.650419235229492,23.097239603055545,22.641826315222772,22.925386119716883,78099200
2018-06-28,22.84804916381836,22.942569635384356,22.60745234480116,22.65041694048195,78544800
2018-06-29,22.84804916381836,23.26049944876349,22.813677487273726,23.131608939584602,77149900
2018-07-02,22.959758758544922,22.96835167952387,22.641828876984345,22.659014718942238,66202800
2018-07-03,22.75352668762207,23.088643948680776,22.701970816279037,23.019902240579533,30717800
2018-07-05,22.805086135864258,22.925383725531375,22.727751502812044,22.873827849807146,40668500
2018-07-06,22.916790008544922,23.011310476524944,22.659008999967003,22.74493491020519,41285000
2018-07-09,23.440948486328125,23.46672560591944,23.01131234453354,23.03708946412485,73447400
2018-07-10,23.355022430419922,23.535468834877562,23.286280708874354,23.45813419327231,51260600
2018-07-11,23.243318557739258,23.36361781231895,23.191762670880586,23.226134354741095,46023700
2018-07-12,23.286277770996094,23.40657535879069,23.14879434525035,23.389389520839543,64876800
2018-07-13,23.18316650390625,23.260501142832233,22.94257130629818,23.19175942366823,64146900
2018-07-16,23.59562110900879,23.612806951657458,23.234728246979717,23.251912450696224,55812000
2018-07-17,23.62139892578125,23.715919417626566,23.492508388948973,23.62139892578125,55502200
2018-07-18,23.999473571777344,24.042436527571557,23.68154212653236,23.715913802313096,59109200
2018-07-19,23.638578414916992,23.88776650063295,23.604206740235256,23.879175220894172,61765100
2018-07-20,23.68153953552246,23.75028124063116,23.509686092216477,23.595611994403704,51562300
2018-07-23,24.008066177368164,24.042436213768593,23.672948898606776,23.681541817439808,81516200
2018-07-24,24.076807022094727,24.222883359132638,24.016658231361166,24.102584138733892,63133700
2018-07-25,24.128366470336914,24.17132943039076,23.93073423179824,24.05962475089164,44197200
2018-07-26,24.11977195739746,24.283034144895755,24.093994838640512,24.188513672302253,40056800
2018-07-27,24.171323776245117,24.29162298633291,24.033840369514632,24.111174990666967,63149400
2018-07-30,24.188512802124023,24.368960821589866,24.154142765373965,24.188512802124023,56474100
2018-07-31,24.01665496826172,24.265843015862824,23.965097464125158,24.257250098506727,84500100
2018-08-01,24.01665496826172,24.291621767931105,23.956504546769064,24.171322563877194,64046900
2018-08-02,24.025249481201172,24.068214073765958,23.784654318564883,23.86198894624987,38330700
2018-08-03,24.162738800048828,24.162738800048828,23.99088367734293,23.99088367734293,34894300
2018-08-06,24.291629791259766,24.35177859368768,24.145553425821138,24.197109308054788,38230100
2018-08-07,24.40332794189453,24.54081135032751,24.343179155571544,24.36036499135854,44608600
2018-08-08,24.46347999572754,24.506444590933683,24.35177532605502,24.368961164137477,47522000
2018-08-09,24.317401885986328,24.46347822122787,24.317401885986328,24.40332943123399,29357800
2018-08-10,24.033845901489258,24.119773460207004,23.913548302643534,23.99947586136128,83301400
2018-08-13,23.801841735839844,24.09399442895044,23.79324881675639,24.033843995366244,74413500
2018-08-14,24.025249481201172,24.068214073765958,23.819024353685084,23.887766062857114,43659000
2018-08-15,23.836214065551758,23.956511666425612,23.724509384587737,23.827621145641928,55681100
2018-08-16,24.15414047241211,24.22288217831825,23.947915354693677,23.947915354693677,49534200
2018-08-17,24.2056941986084,24.240064229052106,24.085396633658313,24.085396633658313,43193100
2018-08-20,24.283035278320312,24.325998237541718,24.171328962053718,24.20570064057631,30053700
2018-08-21,24.37755012512207,24.497847694303726,24.248657999362916,24.300215505239162,47940000
2018-08-22,24.291629791259766,24.3861486355328,24.257258110482702,24.274443950871234,27323300
2018-08-23,24.179920196533203,24.308812343078323,24.14555015933777,24.283033585982952,31767800
2018-08-24,24.26584815979004,24.317404035924124,24.222885202833595,24.27444107896768,22064500
2018-08-27,24.59237289428711,24.67829880946299,24.35177607057202,24.360368989875962,52254500
2018-08-28,24.56659507751465,24.678299754881735,24.52363211828081,24.6611155545473,28896800
2018-08-29,24.558000564575195,24.62674227824853,24.437702975379796,24.566593483650827,34015300
2018-08-30,24.36896324157715,24.54081672025695,24.3259986427083,24.44629788060921,43264100
2018-08-31,24.34318733215332,24.360373173712837,24.205703877541318,24.283038525627077,34107800
2018-09-04,24.46347999572754,24.489258752851224,24.231477737341272,24.291626531698146,43145600
2018-09-05,24.480663299560547,24.609553793972722,24.42910742958199,24.446293265885362,32727700
2018-09-06,24.36896324157715,24.515039599867507,24.291628602545085,24.44629788060921,38328900
2018-09-07,24.34318733215332,24.437707821798597,24.24007392172829,24.42052198023908,43644300
2018-09-10,24.317401885986328,24.437701104905695,24.291624769664157,24.40332943123399,29927200
2018-09-11,24.34318733215332,24.41192905945932,24.162740912574588,24.248666842508047,32065200
2018-09-12,24.11977195739746,24.39473881701663,24.10258611893832,24.343182940570976,47963400
2018-09-13,24.085399627685547,24.30021767118956,24.033842117213826,24.17991845235382,44977100
2018-09-14,24.257259368896484,24.283038130816628,24.111182995879734,24.11977591651978,34151000
2018-09-17,24.15414047241211,24.325993917711692,24.128361718097974,24.25725221180555,26907900
2018-09-18,24.274438858032227,24.300217613206577,24.11117668645789,24.214290068223683,36405600
2018-09-19,24.6868896484375,24.764224276724335,24.25725355303581,24.25725355303581,75551800
2018-09-20,24.901702880859375,24.9790374941919,24.80718407262176,24.867332852117872,78555500
2018-09-21,24.805038452148438,25.02944053030929,24.770515941924977,24.986286980979365,64710000
2018-09-24,24.528854370117188,24.813672105831674,24.511592290085385,24.779147945768074,47985100
2018-09-25,24.433917999267578,24.641058050061254,24.425286958042495,24.62379761381387,32964400
2018-09-26,24.14046859741211,24.50296408906712,24.0800529565034,24.468441571206178,60288100
2018-09-27,24.054161071777344,24.252670073169245,24.02826794916864,24.166361310676287,57492200
2018-09-28,23.803865432739258,23.96785191415214,23.76934291603284,23.95922087342486,66454900
2018-10-01,23.898807525634766,24.071423418120336,23.82112979784526,23.941961087205446,49855000
2018-10-02,23.898807525634766,23.941961087205446,23.70892790383693,23.86428335941594,47629500
2018-10-03,24.12320327758789,24.2267724564048,23.98510994169707,24.05415660964248,79591400
2018-10-04,24.28719139099121,24.468439947895508,24.09731343984624,24.114575520732863,94700800
2018-10-05,24.16636085510254,24.43391653220442,24.105945216357213,24.347607771338517,58148700
2018-10-08,24.330347061157227,24.408024780438392,24.080051822095093,24.097313903313726,56594900
2018-10-09,24.23540687561035,24.338977715073952,24.062789358571894,24.218144794665974,47963500
2018-10-10,23.484521865844727,24.287190489035023,23.484521865844727,24.22677485437813,101604400
2018-10-11,22.78542137145996,23.49315011543782,22.71637470488169,23.3464257431837,178628200
2018-10-12,22.81131935119629,23.234230479910902,22.46608594471525,23.199706316161432,137933000
2018-10-15,22.707748413085938,22.983935137138857,22.707748413085938,22.819950298609143,82196400
2018-10-16,23.087509155273438,23.1047712394502,22.707751534399403,22.863106999584367,75137300
2018-10-17,23.320541381835938,23.46726579882199,22.923521693319554,23.035723589592767,79472100
2018-10-18,22.932153701782227,23.363695929203654,22.863107011242917,23.191080025956857,81706000
2018-10-19,23.01845932006836,23.1997062405542,22.80268823594556,22.914888475360215,73614300
2018-10-22,22.52649688720703,23.096132300654823,22.52649688720703,23.04434771203295,58645800
2018-10-23,22.34524917602539,22.47471312162472,21.939600198927845,22.069062498324726,93698200
2018-10-24,21.78425407409668,22.31073618193165,21.69794528894622,22.31073618193165,98050700
2018-10-25,22.120849609375,22.30209816614473,21.861924981078403,21.88781810238912,72439400
2018-10-26,21.801511764526367,22.025913902190076,21.594371709652822,21.853296366694046,115308900
2018-10-29,21.99138832092285,22.379776927685146,21.758355156865473,22.06906604227531,97946100
2018-10-30,22.371143341064453,22.388405420778998,21.956863305130533,22.112218730156386,82719100
2018-10-31,22.681854248046875,22.966671979241642,22.55239029606536,22.58691445558111,93781100
2018-11-01,22.78542137145996,22.880361155330977,22.630065960108258,22.742267822174437,62346600
2018-11-02,22.768163681030273,23.139290202735996,22.595547804420132,23.009827883727716,73034200
2018-11-05,23.130659103393555,23.19970578310328,22.8631034252937,22.8631034252937,58705800
2018-11-06,23.251489639282227,23.251489639282227,23.001194422166623,23.113396294046904,51010900
2018-11-07,23.553571701049805,23.579463176880093,23.147921020213317,23.38095417990202,59990800
2018-11-08,23.62261962890625,23.752081953508828,23.337801856299468,23.4154779340988,46730100
2018-11-09,23.40684700012207,23.63124747003696,23.286014078395592,23.562200791708687,47051200
2018-11-12,22.940778732299805,23.45862959874455,22.897625179347127,23.355058766974594,47135500
2018-11-13,23.070247650146484,23.294649811467917,22.958047392587268,22.9753094771973,69820600
2018-11-14,22.759538650512695,23.28601906825702,22.50924335906133,23.25149654479653,104274200
2018-11-15,23.09613800048828,23.1134000830231,22.46608680379261,22.604180171665558,93998000
2018-11-16,23.122028350830078,23.225597541210387,22.845840002009858,22.975303959289143,80518300
2018-11-19,23.1133975982666,23.21696678993593,22.906257568725326,23.104766557927057,65491300
2018-11-20,22.60417938232422,22.940781748984975,22.535132700798865,22.845841944561585,103778300
2018-11-21,22.621440887451172,22.949413874853132,22.55239420266173,22.733642779110774,48618000
2018-11-23,22.44019317626953,22.630071141281896,22.379777534956634,22.50060881758243,24252300
2018-11-26,22.89763069152832,22.98393781821052,22.664597498599374,22.673228540508177,50168800
2018-11-27,22.91489028930664,22.983936975843573,22.802690041010194,22.85447464436218,47174300
2018-11-28,23.355064392089844,23.355064392089844,22.785428795663478,22.983937820981136,61375300
2018-11-29,23.156553268432617,23.311908716326382,23.06161346223025,23.182446391815834,43664100
2018-11-30,23.27738380432129,23.3723236074749,23.052981680814483,23.087505844216786,45435200
2018-12-03,23.424110412597656,23.708928202681605,23.260125559599807,23.61399003678887,65332700
2018-12-04,22.405664443969727,23.31190381750991,22.293464225292666,23.303272778195918,110918600
2018-12-06,22.0949649810791,22.103596024190605,21.516698262233643,21.90508532503235,134687100
2018-12-07,21.672046661376953,22.35388238226628,21.568475824098737,22.043173162836858,86740000
2018-12-10,21.369972229003906,21.646159003174713,20.972952506481104,21.585743352100227,101121800
2018-12-11,21.162830352783203,21.76698845847037,21.085152623362973,21.63752612483761,92308200
2018-12-12,21.283666610717773,21.594377600895726,21.180097378127304,21.456284193306253,86748900
2018-12-13,21.12830352783203,21.387229808726687,21.050625808183902,21.2750279264782,67232900
2018-12-14,20.92115592956543,21.214604620800262,20.878002388114105,20.92115592956543,66817000
2018-12-17,20.714025497436523,21.119674570794967,20.619085687121697,20.800334266249745,101180400
2018-12-18,20.63634490966797,21.059256007408827,20.506882597494663,20.834853898080542,90844000
2018-12-19,20.377424240112305,21.05062905254816,20.213437734892036,20.593195351011577,129331700
2018-12-20,20.19617462158203,20.498254490685333,20.08397437396227,20.17891253850119,107016900
2018-12-21,19.79233741760254,20.556586632934202,19.74891313143946,20.1744611970348,118502300
2018-12-24,19.375465393066406,19.75759068776121,19.349412487462885,19.531789452553667,71752700
2018-12-26,20.252626419067383,20.26131127765655,19.149674225254067,19.427584730705238,108133500
2018-12-27,20.49579620361328,20.49579620361328,19.72286040236956,19.913923966403136,98005000
2018-12-28,20.48710823059082,20.75633216315151,20.400261319822746,20.591323198338873,76348400
2018-12-31,20.686851501464844,20.773698397688925,20.426312469259365,20.60000460524076,56435400
2019-01-02,20.860549926757812,20.903972556280046,20.322100375759586,20.382892719677567,62945000
2019-01-03,20.39157485961914,20.756330530989057,20.33946737984256,20.704223051212473,65729700
2019-01-04,21.068981170654297,21.11240379943571,20.686855742802848,20.738963228633963,64638400
2019-01-07,21.09503936767578,21.28610128620819,20.895290934133495,21.02556049933593,48167000
2019-01-08,21.11240577697754,21.320837396292344,20.869236382677233,21.286099621306843,90114700
2019-01-09,21.216623306274414,21.294785373859817,21.01687653643054,21.16451581337326,61037100
2019-01-10,21.225303649902344,21.294780844481934,21.02555526607741,21.095034117123983,48630500
2019-01-11,21.277414321899414,21.32083695384701,20.999505501913443,21.121090196540496,44961600
2019-01-14,21.4250545501709,21.494531758282413,21.042929077323922,21.06898365154098,50610600
2019-01-15,21.616111755371094,21.65085118010229,21.27741064657664,21.338202983389294,59156500
2019-01-16,22.076396942138672,22.206666458657356,21.80717305380449,21.867965384415424,72982400
2019-01-17,22.197982788085938,22.27614483346208,21.85928169576724,21.989551219238518,55771300
2019-01-18,22.580110549926758,22.606165119966345,22.171932224775446,22.354309245651447,58400200
2019-01-22,22.319570541381836,22.501947554625822,22.2066690657353,22.389047735446255,79651700
2019-01-23,22.345623016357422,22.432469921354304,22.09376881398009,22.406415352915158,44072000
2019-01-24,22.397735595703125,22.45852794160447,22.197987186569456,22.26746438995202,25496900
2019-01-25,22.580110549926758,22.727749800550345,22.49326363959517,22.55405597988717,63140000
2019-01-28,22.510631561279297,22.53668612924514,22.32825289845222,22.362992322406676,66894900
2019-01-29,22.432476043701172,22.588800184066685,22.423791185184488,22.501953255367244,29442100
2019-01-30,22.562742233276367,22.701696635821833,22.34562577224068,22.501949889221116,62076800
2019-01-31,22.52800750732422,22.562745284424587,22.33694393563642,22.371683369204153,64021500
2019-02-01,22.62353515625,22.727751789059493,22.536689894787138,22.562742810639122,42920300
2019-02-04,22.719064712524414,22.72774956911584,22.510633123731267,22.632217803077182,30362500
2019-02-05,22.658273696899414,22.77985838335019,22.571426782377234,22.762488669152333,39094900
2019-02-06,22.632219314575195,22.753805658508305,22.554057256499316,22.5887966851851,51542800
2019-02-07,22.406415939331055,22.62353237927212,22.224038924884713,22.562740041123337,80395700
2019-02-08,22.293516159057617,22.38904792287103,22.006922524084366,22.28483130266849,54911100
2019-02-11,22.362995147705078,22.406417776667176,22.25009531852336,22.362995147705078,53115700
2019-02-12,22.693012237548828,22.779859155012925,22.519320059087804,22.52800491648093,37671300
2019-02-13,22.75380516052246,22.953551901692695,22.745120303541093,22.797227788962218,42969600
2019-02-14,22.475900650024414,22.649594522649064,22.345631073789693,22.58011730489271,47630100
2019-02-15,22.953556060791016,22.953556060791016,22.47589877906851,22.658277495789434,46880800
2019-02-19,22.98828887939453,23.05776607637944,22.771172431758316,22.840649628743222,23868300
2019-02-20,23.13593292236328,23.144617780843735,22.927501288234566,22.9796087826499,27509100
2019-02-21,23.01434326171875,23.17066736777647,22.93618120868989,23.092505314747612,46619900
2019-02-22,22.979602813720703,23.083819431948587,22.892757564408907,23.01434223861898,26343700
2019-02-25,23.07513999938965,23.29225648663489,23.049087081059316,23.08382485765554,33835900
2019-02-26,23.005657196044922,23.179351006195464,22.892757378973926,22.91012543481543,35659700
2019-02-27,23.092504501342773,23.135927126399512,22.93618040079138,22.962234969705598,42542400
2019-02-28,23.031713485717773,23.14461331122602,23.023028628914513,23.101190683676787,39835900
2019-03-01,23.179351806640625,23.396468248592946,23.109874611474563,23.231459288898424,82657300
2019-03-04,23.031713485717773,23.39646918911935,22.840649948980197,23.24014507959481,76611900
2019-03-05,22.94487190246582,23.083826330652176,22.771178038999153,23.0751414718321,39868100
2019-03-06,22.79722785949707,23.023029172310046,22.77985814548059,22.944867115702976,43158900
2019-03-07,22.562742233276367,22.710381493039318,22.432472687948383,22.710381493039318,62622100
2019-03-08,22.554061889648438,22.57143160755949,22.302207605808086,22.31089246476361,55826400
2019-03-11,22.788541793823242,22.858018989737122,22.562740492986386,22.66695711509071,63343500
2019-03-12,22.840656280517578,22.918818356946744,22.788548781720642,22.823288218563615,32521100
2019-03-13,22.996976852416992,23.08382377453359,22.85802243961734,22.927499646017168,42817500
2019-03-14,23.083816528320312,23.170663423174904,22.95354701427179,22.962231869403926,37665700
2019-03-15,23.245309829711914,23.31514171373391,23.07073095211864,23.088189339355,70020400
2019-03-18,23.480993270874023,23.550825155515327,23.288956004341305,23.288956004341305,43980700
2019-03-19,23.297683715820312,23.655572309953275,23.236581028762004,23.611926344252087,45029300
2019-03-20,22.817583084106445,23.25403265596723,22.79139717534551,23.245303464739255,65860300
2019-03-21,22.74775505065918,22.843774505416672,22.503344314801225,22.66046478859994,104914100
2019-03-22,22.1192684173584,22.59936236687016,22.023248961486733,22.477156997523156,121855900
2019-03-25,22.023250579833984,22.285121388293568,21.892316008065897,22.093082462438524,72835600
2019-03-26,22.285114288330078,22.337487767366614,22.066889516601154,22.197824046653935,51171500
2019-03-27,22.18910026550293,22.34622240584042,22.08435161697017,22.23274456451966,73148100
2019-03-28,22.38113784790039,22.389867040819375,22.12799791294304,22.23274489812425,52089300
2019-03-29,22.442241668701172,22.590634625984105,22.354953064942244,22.573177904186355,50234400
2019-04-01,22.992168426513672,23.009626812650563,22.616821449187153,22.6255506422556,62485300
2019-04-02,22.97471046447754,23.09691583984496,22.896149390334664,22.931066163252996,41002400
2019-04-03,23.044540405273438,23.23657931030979,22.948522617678492,23.13183066529694,52030900
2019-04-04,23.184206008911133,23.280225469106032,23.044542247676752,23.044542247676752,54378900
2019-04-05,23.219120025634766,23.30641028227598,23.14928815330643,23.227849217791203,37088800
2019-04-08,23.245309829711914,23.254039023330094,23.10564606166792,23.158021223377,34998000
2019-04-09,23.053268432617188,23.140558688228893,22.948521457821656,23.140558688228893,65954800
2019-04-10,23.12310791015625,23.158024689855594,22.93979981150577,23.053276015681256,48232700
2019-04-11,23.26276206970215,23.35005231789383,23.1405567211876,23.21038858675634,62205000
2019-04-12,23.690488815307617,23.856340164910495,23.480993162351933,23.603200208602004,84627600
2019-04-15,23.542091369628906,23.70794268764684,23.48971788259492,23.69921349565399,40030400
2019-04-16,23.87380027770996,23.89998619564486,23.577014331674885,23.5944727202472,56093400
2019-04-17,23.934898376464844,23.969813481981,23.74286113381785,23.9610859542944,58834000
2019-04-18,23.865066528320312,23.96108598221733,23.830149757840214,23.891254106180387,52495700
2019-04-22,23.795238494873047,23.86507038218684,23.71667741352959,23.795238494873047,39324100
2019-04-23,23.943628311157227,23.96981422487511,23.69048671239568,23.78650616915672,54250300
2019-04-24,23.91744041442871,24.022189062677057,23.812693431103646,23.86506692276618,39505200
2019-04-25,23.961088180541992,24.057105978324966,23.742863339789963,23.803966028812788,44532300
2019-04-26,24.17931365966797,24.196770382047227,23.926172038549023,23.961088813154443,41527900
2019-04-29,24.423725128173828,24.554659706881885,24.20550027535257,24.26660296775476,61643200
2019-04-30,24.45863914489746,24.49355425165028,24.249143509610604,24.45863914489746,38800300
2019-05-01,24.257875442504883,24.563388904562828,24.240417054694856,24.484827824341213,67969500
2019-05-02,24.284059524536133,24.39753737180408,24.109480654396528,24.240415223232077,50972900
2019-05-03,24.50228500366211,24.54593097103449,24.34516285096838,24.38880881834076,34598900
2019-05-06,24.33643341064453,24.42372367958047,24.030919966753846,24.074564268760117,42517000
2019-05-07,23.934898376464844,24.345160439588387,23.769047046724154,24.109478898815382,60090800
2019-05-08,23.882526397705078,24.083292845672222,23.777777744678584,23.83888043189264,44254200
2019-05-09,23.830154418945312,23.882529584909882,23.480994970466078,23.594472831799067,56468300
2019-05-10,23.987274169921875,24.030920137161043,23.48972179785922,23.699217445837,63453600
2019-05-13,23.28896141052246,23.55955981820742,23.21040031394879,23.507186308799586,54962500
2019-05-14,23.472261428833008,23.67302953133237,23.3151392898871,23.341326868019177,52398400
2019-05-15,23.384973526000977,23.498449704763157,23.14929031058339,23.23658057535916,49061700
2019-05-16,23.62065887451172,23.751593460266967,23.44607998181258,23.46353670563598,44872600
2019-05-17,23.463531494140625,23.69048550267188,23.350055322336605,23.38497209207521,62711500
2019-05-20,23.489717483520508,23.594466120732,23.37624131938757,23.37624131938757,44357300
2019-05-21,23.734130859375,23.734130859375,23.585737921617962,23.585737921617962,36851400
2019-05-22,23.594467163085938,23.664299036004255,23.52463529016762,23.611923882623135,25867600
2019-05-23,23.26276206970215,23.376239891828234,23.061995664307386,23.367510700516767,51832900
2019-05-24,23.44607925415039,23.45480844825297,23.280227896048448,23.35005978394555,30582000
2019-05-28,23.17547607421875,23.446076059760454,23.17547607421875,23.376244181377537,35177700
2019-05-29,23.131834030151367,23.175478334050187,22.88742159951694,22.992170259766972,39700600
2019-05-30,23.053268432617188,23.31513753452916,22.93979226576817,23.184202983573172,40641200
2019-05-31,22.70410919189453,22.86996051191768,22.686650807697745,22.75648267956173,49259200
2019-06-03,22.852502822875977,22.948522273955973,22.625548816183475,22.669193113079906,63329300
2019-06-04,23.472261428833008,23.49844900696508,23.070728553680823,23.131831237732392,45454400
2019-06-05,23.62065887451172,23.63811726325871,23.31514373113374,23.515911871876952,46599700
2019-06-06,23.707942962646484,23.803962410758505,23.498447347157377,23.629381898722674,37297600
2019-06-07,23.67302894592285,23.78650511850915,23.63811217594354,23.70794405097893,33054800
2019-06-10,23.87380027770996,24.0483791686624,23.812697582630427,23.812697582630427,37081400
2019-06-11,23.882526397705078,24.100751231997197,23.812694517328534,24.00473177213319,34273400
2019-06-12,23.6468448638916,23.899984823967582,23.594471366104067,23.85634051996522,36866000
2019-06-13,23.725400924682617,23.80396198720857,23.629381478279093,23.69048415692747,31020000
2019-06-14,23.77778434753418,23.856345442888852,23.568288648229665,23.75159676077468,29724100
2019-06-17,23.559551239013672,23.838878740703663,23.53336366138402,23.769046865281165,40981600
2019-06-18,23.87380027770996,23.96981808501055,23.507182442309194,23.507182442309194,46237400
2019-06-19,23.830154418945312,24.083296059669998,23.803968500886608,23.917444697296016,58118500
2019-06-20,23.934898376464844,24.030917830249965,23.673029257862286,23.9610859542944,50583800
2019-06-21,23.881378173828125,24.109488531941278,23.846285173644794,23.951565847600932,65322300
2019-06-24,23.784873962402344,24.004210677884753,23.758552954118173,23.837514305564348,48377800
2019-06-25,23.70591163635254,23.81996598741557,23.59185561188324,23.784872984552432,47748500
2019-06-26,23.66204261779785,23.87260564920467,23.653268948980124,23.758551301386643,31448000
2019-06-27,23.872604370117188,23.94279371689829,23.749776360062523,23.749776360062523,59459800
2019-06-28,24.214773178100586,24.302508196997135,23.898927779435535,24.153359166894894,76728100
2019-07-01,24.50429916381836,24.60957985462086,24.37269746361203,24.495525494017084,48971100
2019-07-02,24.442882537841797,24.548163217399143,24.311279178285773,24.46920187102802,56626800
2019-07-03,24.635896682739258,24.644670351051438,24.45165466840184,24.52184234149316,23706800
2019-07-05,24.706085205078125,24.80259388642338,24.59203085991152,24.71485887369189,40683100
2019-07-08,24.583261489868164,24.679768514682223,24.51307380209136,24.574487819720254,26286700
2019-07-09,24.627126693725586,24.67099504184043,24.399016303747516,24.416563642993456,25895800
2019-07-10,24.539390563964844,24.76750094365317,24.504297560462337,24.635899252057754,36566700
2019-07-11,24.679767608642578,24.714862287945827,24.530618568416592,24.574486917545656,40907500
2019-07-12,24.846467971801758,24.846467971801758,24.65345222490965,24.71486625012956,31109900
2019-07-15,24.706085205078125,24.872781561927333,24.635897529574173,24.8552342246998,28346100
2019-07-16,24.64467430114746,24.79382333954818,24.592033956243206,24.749954990955974,47287700
2019-07-17,24.434114456176758,24.63590386597547,24.399019772695272,24.55694250154874,35062600
2019-07-18,24.61835479736328,24.662223148637967,24.372698723851038,24.399018061209354,46369800
2019-07-19,24.513072967529297,24.72363602369097,24.495525627830887,24.679767674444943,29338500
2019-07-22,24.565711975097656,24.6095786485478,24.41656294259831,24.460429616048454,26683300
2019-07-23,24.820144653320312,24.855237659218382,24.618353594132373,24.627127263958492,45307600
2019-07-24,25.074569702148438,25.074569702148438,24.749950672828014,24.76749800920341,36374200
2019-07-25,24.89910316467285,25.100894214376517,24.846462821596667,25.065799536721503,34180400
2019-07-26,25.171085357666016,25.18863102549997,24.899106588657666,24.951748612379223,33642800
2019-07-29,24.978063583374023,25.197400290309396,24.951744249521795,25.12721261102633,35955100
2019-07-30,24.907875061035156,24.934196067402773,24.732406705469693,24.78504704479871,30726100
2019-07-31,24.785043716430664,25.03070138932056,24.74117705178168,24.907871716172618,64485400
2019-08-01,24.223548889160156,24.934199422651727,24.18845420928085,24.767503040037898,107976300
2019-08-02,24.214773178100586,24.337601200511973,23.890154110205252,24.17967850117945,66036400
2019-08-05,23.407621383666992,23.793654584267593,23.232151290646677,23.67959852178234,85527900
2019-08-06,23.784873962402344,23.80241962785212,23.328653192581417,23.55676357749188,53445000
2019-08-07,23.469026565551758,23.574308916350155,23.021579503119412,23.337424882108408,82354600
2019-08-08,23.916475296020508,23.925248965316136,23.583082556411856,23.69713858384872,66653200
2019-08-09,23.83751678466797,23.960344822622215,23.600632705693485,23.784876436031364,53782700
2019-08-12,23.381288528442383,23.644493534697492,23.311100861455547,23.556758532612456,56837600
2019-08-13,23.67082405090332,23.837520466305953,23.24969784995571,23.337432893504822,72255900
2019-08-14,22.793472290039062,23.26724042404761,22.775924950244725,23.144410718893678,92067300
2019-08-15,22.907527923583984,23.056676962407487,22.74083154527386,22.907527923583984,59504500
2019-08-16,23.311105728149414,23.372519740408638,23.021581332208545,23.021581332208545,48451800
2019-08-19,23.547996520996094,23.71469294012949,23.50412983494316,23.67082458066975,38297700
2019-08-20,23.23214340209961,23.460253776207697,23.205824068468154,23.4163871045511,40579300
2019-08-21,23.337425231933594,23.416386577864465,23.27601122363319,23.381291902603536,44913500
2019-08-22,23.495346069335938,23.55676007278901,23.31110238557063,23.46025139684499,43896700
2019-08-23,22.89875602722168,23.504125899141517,22.740833306424634,23.328655837498903,86245300
2019-08-26,23.118093490600586,23.13564083199495,22.90753041408791,23.047905798429692,34175500
2019-08-27,22.977712631225586,23.276010670226313,22.83733728033185,23.205822994779446,54240800
2019-08-28,23.188278198242188,23.223371203107575,22.837339782556498,22.85488544828601,51870400
2019-08-29,23.539216995239258,23.618178349223427,23.354974951547124,23.398841626691045,49818300
2019-08-30,23.61817741394043,23.741005438204514,23.530442393720516,23.670817756709848,40561000
2019-09-03,23.372520446777344,23.451481800184542,23.170731065139563,23.425162464653063,59997200
2019-09-04,23.600631713867188,23.6445000637262,23.495351021018443,23.547991367442815,43945700
2019-09-05,24.08316993713379,24.284959296229868,23.92524724796079,23.934020916626643,68639200
2019-09-06,24.074398040771484,24.179678725699887,23.986663021060274,24.10949104461218,35660800
2019-09-09,24.442882537841797,24.53938954853499,24.18845116100013,24.241091500778804,67797700
2019-09-10,24.53061294555664,24.63589528592736,24.302504275997805,24.521840951147944,77540100
2019-09-11,24.670995712280273,24.697315048458037,24.32882928131153,24.548166007627156,53285900
2019-09-12,24.802593231201172,24.89910023659077,24.521842536602087,24.600803878633844,72872200
2019-09-13,24.995615005493164,25.09212370780296,24.88156063555058,24.995615005493164,56248700
2019-09-16,24.907875061035156,24.94296973619198,24.74995236964189,24.78504704479871,36693600
2019-09-17,24.9341983795166,24.9341983795166,24.73240899887187,24.820144021493256,40868800
2019-09-18,25.02193832397461,25.08335234986786,24.76750687566634,24.837694572888154,57268900
2019-09-19,24.907875061035156,25.153532766914267,24.899101392245953,25.004383744310203,42335000
2019-09-20,24.761489868164062,25.043671820540638,24.74385307565625,24.94667282562188,82921100
2019-09-23,24.805591583251953,24.876137103811775,24.59395502157248,24.638047023133545,35827300
2019-09-24,24.567493438720703,24.929039323160882,24.49694794131621,24.876128938654517,61659700
2019-09-25,24.770315170288086,24.814405481912722,24.52340505215242,24.620405756051714,53544400
2019-09-26,24.655672073364258,24.761491151960378,24.620400168457017,24.735035961827048,53107500
2019-09-27,24.752674102783203,24.946675477114642,24.620401508790042,24.858493187140105,73386900
2019-09-30,24.69095230102539,24.840861721559122,24.673315502859623,24.81440652431047,30608000
2019-10-01,24.17068099975586,24.823227461162652,24.17068099975586,24.80559066119381,54786200
2019-10-02,23.67685890197754,24.029586439937734,23.6239501917679,24.020768041246534,78141700
2019-10-03,23.773855209350586,23.773855209350586,23.324128701009375,23.641582607959798,81128700
2019-10-04,24.214765548706055,24.23240234447303,23.782674144039724,23.800310939806696,40697200
2019-10-07,24.09131622314453,24.311771169083904,24.064862706071974,24.11777142215485,36922900
2019-10-08,23.61512565612793,23.862034027566303,23.597488863328866,23.85321563116677,60008900
2019-10-09,23.83558464050293,23.95022044963843,23.747402343201625,23.76503913904937,45131000
2019-10-10,24.08249282836914,24.258857421314822,23.897311519519842,23.897311519519842,54305400
2019-10-11,24.382308959960938,24.682127726008083,24.373490563084584,24.4616728499109,78702500
2019-10-14,24.417587280273438,24.470495989849518,24.27649626677886,24.302949780598123,35821000
2019-10-15,24.770315170288086,24.92022458452446,24.4616779431029,24.558678647002193,65130200
2019-10-16,24.708585739135742,24.832039945632612,24.64685863588731,24.770312842384175,44595200
2019-10-17,24.726224899291992,24.911406226744834,24.664496108203465,24.840860718866956,32013600
2019-10-18,24.787952423095703,24.8849514468394,24.655678121916612,24.655678121916612,40523700
2019-10-21,25.13186264038086,25.167136237381655,24.990771616253035,24.999590015503234,44145400
2019-10-22,25.06131362915039,25.228859827635304,24.981949728917403,25.087768823207202,50423000
2019-10-23,25.167129516601562,25.167129516601562,24.99958333946567,25.008401736360952,30615400
2019-10-24,25.13186264038086,25.237681749445567,25.03486193056635,25.193589753194573,33469600
2019-10-25,25.25531578063965,25.33467968854303,24.893769836607632,25.10540636370411,28330200
2019-10-28,25.387590408325195,25.502226231250386,25.343498413401946,25.352316812386597,50104600
2019-10-29,25.44931983947754,25.57277407264262,25.308228806735222,25.334682324163293,48458100
2019-10-30,25.431678771972656,25.50222427650491,25.255314169673262,25.449315568590094,51106700
2019-10-31,25.3082275390625,25.35231785385935,25.105407717958975,25.343499454512443,56795500
2019-11-01,25.6785888671875,25.705042380164194,25.44931555707701,25.502224264967893,42302300
2019-11-04,25.899044036865234,25.943134346890385,25.828498531662483,25.899044036865234,37319100
2019-11-05,25.99604606628418,26.119501976141336,25.934318952324453,25.97840926745634,39516100
2019-11-06,26.128314971923828,26.128314971923828,25.943133656421715,25.978405567115583,40179900
2019-11-07,26.32231903076172,26.481046849787564,26.22531832314867,26.287045434561467,61738600
2019-11-08,26.313499450683594,26.32231784933786,26.13713484147339,26.29586265337506,53808800
2019-11-11,26.242950439453125,26.29585914237684,26.11949623865201,26.15476814662204,19702400
2019-11-12,26.27822494506836,26.357588848267852,26.18122592710926,26.251771431960197,44640600
2019-11-13,26.110685348510742,26.198865984758154,25.969594312189493,26.075411748461516,43495400
2019-11-14,26.163589477539062,26.163589477539062,25.987224872103038,26.040135262896364,46158400
2019-11-15,26.23413848876953,26.278228805051185,26.154774573912352,26.251775288057296,30097000
2019-11-18,26.28704261779785,26.295861015902986,26.15477001009574,26.234133911104497,25440500
2019-11-19,26.339956283569336,26.428136911716948,26.269410771888648,26.348773000833962,30770900
2019-11-20,26.21649932861328,26.28704483747376,26.031317998581123,26.2341361263128,46719500
2019-11-21,26.190046310424805,26.313500532786275,26.101864002193338,26.26941021963936,37192700
2019-11-22,26.384042739868164,26.41049793360687,26.22531494131077,26.22531494131077,35195000
2019-11-25,26.551589965820312,26.58686187690209,26.41049895761822,26.419315673935547,50094100
2019-11-26,26.52513313293457,26.551588326065218,26.392860531156096,26.551588326065218,33516200
2019-11-27,26.630952835083008,26.639769551058308,26.507496946242277,26.595679243432105,31012300
2019-11-29,26.58686065673828,26.66622455545186,26.533951951575034,26.57804225888817,19444200
2019-12-02,26.419315338134766,26.683862236604302,26.39286182564404,26.63095352968538,52427800
2019-12-03,26.0489559173584,26.11950142925497,25.881409695877416,26.11068303002569,66912000
2019-12-04,26.295862197875977,26.36640770395055,26.057770484147714,26.075407281150742,41793900
2019-12-05,26.419315338134766,26.463407328848422,26.304679526154192,26.40168022378677,44933500
2019-12-06,26.772052764892578,26.86023340954862,26.701507240004954,26.710325640858155,40811300
2019-12-09,26.710315704345703,26.82495150891565,26.701497306773035,26.719132419981012,21627500
2019-12-10,26.719133377075195,26.772043764406472,26.569223976844743,26.639769478015694,37362100
2019-12-11,26.657405853271484,26.754406546577886,26.63095234196057,26.710316239768098,24490200
2019-12-12,27.17767906188965,27.25704295828078,26.675042172704046,26.692678967888156,68427500
2019-12-13,27.080678939819336,27.309952236222284,26.92195282563643,27.15122612203938,48135700
2019-12-16,27.17767906188965,27.354043649856024,27.151225551050846,27.301133264303694,45914900
2019-12-17,27.283506393432617,27.371688714055775,27.186505672553352,27.195324072809456,30911900
2019-12-18,27.168861389160156,27.37168117531391,27.168861389160156,27.37168117531391,39079700
2019-12-19,27.160045623779297,27.23940952998008,27.13359210967075,27.177682421143377,36946900
2019-12-20,27.191957473754883,27.369218240440983,27.15650430611762,27.298313595666528,97416000
2019-12-23,27.129913330078125,27.27172260503934,27.09446016608787,27.262859314041776,38293100
2019-12-24,27.191957473754883,27.2008207656642,27.121052828980428,27.18309418184557,12315900
2019-12-26,27.342628479003906,27.342628479003906,27.218544089926592,27.218544089926592,15891300
2019-12-27,27.271724700927734,27.39580740342983,27.25399811757028,27.386944111751106,19417400
2019-12-30,27.191957473754883,27.440122885215438,27.165367598026933,27.395808116168933,18819300
2019-12-31,27.280582427978516,27.28944571784933,27.13877317104488,27.174224640028445,15788100
2020-01-02,27.546472549438477,27.546472549438477,27.298305520885126,27.378073433973718,28843300
2020-01-03,27.25399398803711,27.369213381402403,27.11218472366454,27.191952646186582,51363600
2020-01-06,27.23626708984375,27.253993670308606,26.99696332506744,27.005826615299867,27956100
2020-01-07,27.059005737304688,27.218539886337346,27.059005737304688,27.17422512668934,39627500
2020-01-08,27.23626708984375,27.38693964279553,27.08559453689197,27.08559453689197,47966600
2020-01-09,27.40467071533203,27.457848774943596,27.324902780664665,27.431260590387833,27705300
2020-01-10,27.200817108154297,27.431257595310523,27.165363945284177,27.42239430459299,33458200
2020-01-13,27.386943817138672,27.413533691888812,27.191956473804357,27.262861115971383,27542700
2020-01-14,27.333765029907227,27.54647895074114,27.298311864518258,27.386943087490714,37575400
2020-01-15,27.183088302612305,27.28944609202067,27.094457093188616,27.200814882596983,41457300
2020-01-16,27.422391891479492,27.422391891479492,27.253992763664897,27.31603410272825,34444000
2020-01-17,27.502164840698242,27.564206191109257,27.395807032493636,27.502164840698242,38819400
2020-01-21,27.271724700927734,27.493301921395783,27.271724700927734,27.36921752839365,41276500
2020-01-22,27.351490020751953,27.422394656903293,27.316036857426347,27.360353311583356,27391000
2020-01-23,27.280582427978516,27.342623766574523,27.023552093223994,27.2096777995117,43072300
2020-01-24,26.934925079345703,27.28944996738641,26.766527617076314,27.28944996738641,58924900
2020-01-27,26.518356323242188,26.64243900005592,26.367683776897074,26.403136936272244,50289300
2020-01-28,26.828569412231445,26.94378881941398,26.6158554901637,26.660170256656986,34257900
2020-01-29,26.784250259399414,27.014690741070595,26.739935497366414,26.917197926498034,41167500
2020-01-30,27.12105369567871,27.138780280063827,26.527226642778388,26.544953227163504,51210000
2020-01-31,26.553808212280273,26.926057939111292,26.45631540345528,26.890606469674854,58958800
2020-02-03,26.739931106567383,27.005823016104532,26.722204528465028,26.739931106567383,40168200
2020-02-04,26.99696922302246,27.253999624416366,26.98810762135382,27.103327038547558,79273300
2020-02-05,27.537614822387695,27.56420469562122,27.298311034785698,27.360354072330598,51086900
2020-02-06,27.502164840698242,27.714878766607445,27.448985091345932,27.68828889193129,37044400
2020-02-07,27.40467071533203,27.484438649999397,27.289451304423633,27.351492655720467,27982500
2020-02-10,27.484432220458984,27.484432220458984,27.307169809221403,27.31603309883325,17723700
2020-02-11,27.58193016052246,27.706012849586234,27.555340288366,27.555340288366,27997400
2020-02-12,27.59965705871582,27.812370979938105,27.564205583762096,27.7237414473038,26964200
2020-02-13,27.590789794921875,27.652832825533103,27.431255644849344,27.511023565135474,22758700
2020-02-14,27.626245498657227,27.643972080463843,27.49329951610736,27.56420415283395,22080200
2020-02-18,27.386943817138672,27.61738432680651,27.22740794963786,27.546479684639483,37768900
2020-02-19,27.590789794921875,27.66169442512069,27.44898053452425,27.48443369487352,25643300
2020-02-20,27.537614822387695,27.723740554022555,27.351490781252753,27.4933000574984,50344300
2020-02-21,27.271724700927734,27.466712046359607,27.121052123389457,27.404670695108557,51128200
2020-02-24,26.385412216186523,26.642440877772756,26.261327840127834,26.41200039709211,70455400
2020-02-25,25.490245819091797,26.447459425516655,25.366163106009,26.394281361409767,111826900
2020-02-26,25.304113388061523,25.897940300622146,25.304113388061523,25.658638229978106,95015700
2020-02-27,24.222816467285156,25.16230320678826,24.20508988773801,24.763465309975462,143536200
2020-02-28,23.56695556640625,23.797396100672938,23.01744326307796,23.398556389345938,192063500
2020-03-02,24.77233123779297,24.77233123779297,23.36310013321728,23.611265511306176,127115500
2020-03-03,23.841703414916992,25.038220484116287,23.6023996629772,24.69256063609192,256525000
2020-03-04,24.630517959594727,24.639379558370415,23.75307091683911,24.16077377100329,124408000
2020-03-05,23.44287109375,23.877162252122485,23.176977409307614,23.815120899569283,130265700
2020-03-06,22.645185470581055,22.902215792101742,22.184306254526074,22.379293550145505,160606600
2020-03-09,20.216705322265625,21.165055564775447,19.95967662303869,20.385104484828133,134165700
2020-03-10,21.40435791015625,21.422084492479346,20.243293815992477,21.156192519632658,149282300
2020-03-11,20.2432918548584,20.9612014643946,19.959673327165074,20.748487568624604,146915400
2020-03-12,18.054109573364258,19.684916081254304,17.99206654224638,18.55930527896875,161437500
2020-03-13,20.429418563842773,20.464871729712346,18.5238548513531,19.41016371209248,160945700
2020-03-16,17.628681182861328,18.913829596594745,16.777825561175643,17.150075318288092,110661600
2020-03-17,18.585895538330078,18.780884562659203,17.318475332690443,18.036385010947846,122295100
2020-03-18,17.008272171020508,17.77049685055811,16.201731022003685,17.415973547226614,145056400
2020-03-19,17.38051414489746,17.628679498933934,16.05105109513171,16.653741281505468,105652800
2020-03-20,16.76009750366211,17.655269500032972,16.54738361697493,17.56663829128839,157840900
2020-03-23,15.784940719604492,16.625136236858157,15.63299048462069,16.482124451559866,144547900
2020-03-24,17.742414474487305,17.840733998055473,16.60725709053751,16.72345351105797,158551100
2020-03-25,18.22507667541504,18.975889213253893,17.33125238797207,18.001620603554297,162949600
2020-03-26,19.369171142578125,19.50324443618243,18.43959312456401,18.46640846521864,129753900
2020-03-27,18.779251098632812,19.369175074101086,18.368090982643995,18.582610341754975,109305600
2020-03-30,19.13677978515625,19.244039460579415,18.412782516762658,18.80606572020133,67297200
2020-03-31,18.60942268371582,19.17253297860518,18.448534028033148,18.958013634471847,83819900
2020-04-01,17.474260330200195,17.82285288563741,17.31337342557628,17.62621049415125,79185000
2020-04-02,17.912240982055664,18.05525274318374,17.304440144844,17.367007577233203,68398300
2020-04-03,17.554706573486328,18.001618669184733,17.304436890989205,17.74241054019352,68418100
2020-04-06,18.814998626708984,18.966948808083796,18.2965806616951,18.430655654840326,69015100
2020-04-07,19.00270652770996,19.860777114384813,18.99376807932776,19.84290192245512,70950900
2020-04-08,19.833959579467773,19.959094422577646,19.07420866451275,19.288726269058692,80003400
2020-04-09,20.897611618041992,21.147883038586862,20.316626157498643,20.352379948219873,147845500
2020-04-13,20.137859344482422,20.85291800496297,19.95909382694512,20.835041112242372,66236300
2020-04-14,20.22723960876465,20.683090126337902,19.85183340045928,20.620522709092715,96169000
2020-04-15,19.351295471191406,19.538999457961864,19.252975958915957,19.42280134595288,63482000
2020-04-16,19.01164436340332,19.342358418713303,18.823940363095645,19.30660633117139,68907600
2020-04-17,20.012727737426758,20.12892586394246,19.592630883860533,19.753519548368587,88698600
2020-04-20,19.664134979248047,19.985912279000992,19.440678899938412,19.619444445319957,59063100
2020-04-21,19.02952003479004,19.404924601573825,18.95801245463936,19.065272120030833,71957900
2020-04-22,19.235103607177734,19.476436630811385,19.190411359374316,19.422805933447282,47507800
2020-04-23,19.1546573638916,19.53900213266053,19.12784201787234,19.28873068431838,71740200
2020-04-24,19.431737899780273,19.512182214151956,19.065270114235663,19.360232031987042,33825300
2020-04-27,20.09316635131836,20.200425998743363,19.59262530794829,19.628377387200448,109435100
2020-04-28,20.307687759399414,20.852921135387295,20.262997225723343,20.700970934120242,46452300
2020-04-29,20.897611618041992,21.147883038586862,20.71884777893958,20.933365408763223,70064400
2020-04-30,20.370254516601562,20.700968518821206,20.2719333081844,20.47751246684357,56745700
2020-05-01,19.7177677154541,19.94122383731276,19.58369438330589,19.887594845420455,37534300
2020-05-04,19.53900146484375,19.565815105111792,19.163595157578786,19.458557134370206,50177200
2020-05-05,19.476430892944336,19.91440456337869,19.476430892944336,19.807144905084726,65123000
2020-05-06,19.05633544921875,19.708826835417444,19.03845855251434,19.65519785013891,63738400
2020-05-07,19.50324821472168,19.825025545580363,19.306607459660682,19.306607459660682,61339000
2020-05-08,19.923343658447266,19.95015729526723,19.67307225084254,19.87865142235652,42218300
2020-05-11,19.53900146484375,19.708826869323712,19.43174178926746,19.646259435585335,54994900
2020-05-12,19.02952003479004,19.690949807672897,19.01164313975237,19.619443932356766,62202700
2020-05-13,18.46640968322754,18.89544493299343,18.323397933305575,18.868631295404647,86848300
2020-05-14,18.940139770507812,18.9580149630761,17.95693257619166,18.144634884419457,103763100
2020-05-15,18.814998626708984,18.975887254615767,18.59154257791275,18.761369652351508,70285000
2020-05-18,19.78032875061035,19.932278932456025,19.378108884431352,19.512182173157687,79548500
2020-05-19,19.297666549682617,19.76245558945494,19.288728102206086,19.66413437204765,56673200
2020-05-20,19.72670555114746,19.842903685606217,19.601570672347133,19.619447570699997,50402600
2020-05-21,19.664134979248047,19.851837267547538,19.556875311052202,19.664134979248047,49939900
2020-05-22,19.59262466430664,19.6820074167521,19.395983972793992,19.6551920795682,37584500
2020-05-26,20.61159324645996,20.82611092972518,20.316631218865915,20.334508118680098,108349200
2020-05-27,21.505413055419922,21.541166847194862,21.040625696188076,21.532228399251128,121521200
2020-05-28,21.16575813293457,21.75568199096109,21.103190709330914,21.74674354404136,101590100
2020-05-29,20.92442512512207,21.112129100269755,20.709907514120736,20.915486678226046,86969000
2020-06-01,21.16575813293457,21.264079344217134,20.861857757001584,21.00486949804835,52619200
2020-06-02,21.33558464050293,21.48753482437975,21.183634456626105,21.35345982902685,52572800
2020-06-03,22.13109016418457,22.22941138402713,21.755683885044746,21.8093128663977,77622900
2020-06-04,22.613754272460938,22.613754272460938,21.916572404486764,22.095336242885587,97575100
2020-06-05,23.45395278930664,23.981309338284632,23.373508454388997,23.936618798812518,135859300
2020-06-08,23.900859832763672,23.95448880949532,23.57014582061167,23.838292409104344,80298400
2020-06-09,23.39139175415039,23.596971019723213,23.167935585962034,23.33776275113906,92833100
2020-06-10,22.515438079833984,23.382447171310037,22.497561181906274,23.25731229548571,110848900
2020-06-11,20.67415428161621,21.773559411663275,20.63840219790663,21.451782134104675,233116600
2020-06-12,21.299833297729492,21.505412480435,20.7545999215818,21.505412480435,127502900
2020-06-15,21.59479522705078,21.66630110376944,20.522205371436275,20.566897609907052,92469500
2020-06-16,21.934452056884766,22.452870151624023,21.40709551337684,22.452870151624023,108121300
2020-06-17,21.603731155395508,21.997014283902175,21.567977368788366,21.997014283902175,56320900
2020-06-18,21.576915740966797,21.78249660357954,21.326646054918136,21.3892134764303,61206500
2020-06-19,21.433908462524414,21.997018782918325,21.192575468069883,21.988080334438372,99903900
2020-06-22,21.327756881713867,21.48067634342083,21.165843671414777,21.30077220451871,47929500
2020-06-23,21.426708221435547,21.786518264455655,21.408717290357135,21.651589712786816,47218900
2020-06-24,20.671106338500977,21.156851184893924,20.608139795237364,21.14785571932632,90217500
2020-06-25,21.219818115234375,21.26479372818319,20.56316455820759,20.59914470542471,110208900
2020-06-26,20.311298370361328,20.92297636580107,20.25732728714894,20.86000981610165,123959100
2020-06-29,20.536178588867188,20.67110714623442,20.356272701904416,20.527183122948077,69107100
2020-06-30,20.815032958984375,20.958956994643827,20.410247252083348,20.4282364697584,60653100
2020-07-01,20.635129928588867,21.003935505096585,20.57216337392315,20.90498708164478,60500300
2020-07-02,20.662111282348633,21.165847069858206,20.61713566932905,21.093885059601075,50841900
2020-07-06,21.05790901184082,21.282790570459976,20.94097135627132,21.120875573740562,60271700
2020-07-07,20.626131057739258,20.89598816626428,20.572159979176185,20.88699270055216,43810900
2020-07-08,20.84202003479004,20.895991120984696,20.54517648715459,20.617138507317428,53046100
2020-07-09,20.4012508392334,20.87799854185382,20.23034041142299,20.833022926187283,71163700
2020-07-10,21.102880477905273,21.129866877276203,20.39225578490206,20.39225578490206,94440600
2020-07-13,21.19283103942871,21.507665467118155,21.066897954636776,21.372736916882566,102487100
2020-07-14,21.3007755279541,21.363742072179612,20.91397908118636,21.102878713862893,102468300
2020-07-15,21.72355079650879,21.82249919751769,21.489673849575645,21.81350373236147,90561800
2020-07-16,21.72355079650879,21.94843227828571,21.453693704660303,21.534651175356757,74678500
2020-07-17,21.54365348815918,21.78652426173543,21.53465802014375,21.768535041414662,47033200
2020-07-20,21.444700241088867,21.57063333361111,21.36374276283608,21.426709309097202,40127600
2020-07-21,21.86747932434082,21.97542321280187,21.561640308696063,21.5886267097388,46491300
2020-07-22,21.86747932434082,21.885470258369313,21.687575131185604,21.759537151589672,44437400
2020-07-23,21.885459899902344,22.011392947077418,21.750531389970604,21.822493376314803,49916100
2020-07-24,21.831499099731445,22.02039875927565,21.759537079565575,21.90346111989732,41245600
2020-07-27,21.65159034729004,21.750538755411373,21.462690712559855,21.732547823805735,43060200
2020-07-28,21.59761619567871,21.696564589723522,21.498667801633896,21.570629802109373,35370500
2020-07-29,22.002410888671875,22.02939729338257,21.525663082087245,21.561643239324702,36491600
2020-07-30,21.606616973876953,21.65159259184386,21.327762652210616,21.58862604040625,53994600
2020-07-31,21.615615844726562,21.642600533472425,21.327766010993123,21.597624908422574,50115900
2020-08-03,21.678573608398438,21.849484002506568,21.55263882108798,21.705558286193273,42982100
2020-08-04,21.588624954223633,21.62460681935469,21.471687323967217,21.588624954223633,30754400
2020-08-05,21.885459899902344,21.93943096073322,21.7055540761873,21.732540464457283,34860700
2020-08-06,21.876474380493164,21.966427333236318,21.723554875542767,21.813507828285918,33115400
2020-08-07,22.34422492980957,22.362215860736523,21.723551538506637,21.768528865824013,63302800
2020-08-10,22.506141662597656,22.58709914248331,22.371213101358144,22.47015979788859,45436100
2020-08-11,22.767004013061523,23.13580955902555,22.7130329300621,22.928918977769595,73758600
2020-08-12,22.704036712646484,23.180786124550078,22.54212175329395,23.171790658396077,58793600
2020-08-13,22.56011390686035,22.722028874977912,22.425185338665663,22.533127506937483,35222500
2020-08-14,22.650070190429688,22.758012374584776,22.425188638444816,22.452173326628547,28276900
2020-08-17,22.272266387939453,22.587100865318867,22.263270921076057,22.569109931592074,53397000
2020-08-18,22.128337860107422,22.344223873899992,22.110346930030662,22.290252799379232,35502500
2020-08-19,22.11934471130371,22.434179157776942,22.056378165151006,22.20929765539745,59847200
2020-08-20,21.91245460510254,22.038387700075855,21.84948805761588,21.867477274247968,45586100
2020-08-21,21.86747932434082,22.06537616723443,21.795517303936755,21.876474791355065,35349200
2020-08-24,22.38920021057129,22.38920021057129,21.939437238301334,21.993410030284625,51010900
2020-08-25,22.452167510986328,22.641068857892947,22.30824349225254,22.57810231416062,55236900
2020-08-26,22.34422492980957,22.45216708395206,22.2632674563479,22.398196006880816,30646600
2020-08-27,22.722023010253906,22.829965150665053,22.3262311587578,22.3262311587578,66463900
2020-08-28,22.811981201171875,22.892938683014346,22.62307983830285,22.88394321661965,49170600
2020-08-31,22.542123794555664,22.793991722545915,22.542123794555664,22.793991722545915,52259000
2020-09-01,22.605091094970703,22.686048584654458,22.35322487436342,22.42518689678121,42036100
2020-09-02,22.92891502380371,23.009872492197076,22.533123146737218,22.596091401039445,48432500
2020-09-03,22.57810401916504,23.396672580919454,22.434179989562708,23.06384719014546,98405500
2020-09-04,22.749011993408203,23.108822028595547,22.389200242511272,22.982887229497788,111105500
2020-09-08,22.16431999206543,22.578102842387974,22.083362515169924,22.524131763027533,84687600
2020-09-09,22.38920021057129,22.551115155102003,22.22728526604057,22.37121099561977,52321200
2020-09-10,22.074369430541992,22.61408367183732,22.029392099960894,22.46116417928105,55515300
2020-09-11,22.22728729248047,22.344226636729264,22.03838765044589,22.110349663941406,69285700
2020-09-14,22.533124923706055,22.73102173570025,22.3622162242506,22.425182767808884,51021000
2020-09-15,22.22728729248047,22.596094541818438,22.209298075888892,22.578103609517125,48459900
2020-09-16,22.479154586791992,22.7310224850377,22.227286688546283,22.272264018077493,62119900
2020-09-17,22.245281219482422,22.38020979848713,22.110352640477714,22.173319196299246,47334200
2020-09-18,22.20030403137207,22.42518555240994,22.155326697738587,22.245279649295707,61707200
2020-09-21,21.644052505493164,21.861125952260497,21.309396530177022,21.734500206266155,72307300
2020-09-22,21.46315574645996,21.797811700610012,21.282262081501425,21.58978320959186,84561500
2020-09-23,20.98378562927246,21.662140745841878,20.98378562927246,21.508380183746958,54282500
2020-09-24,21.029008865356445,21.327485051213717,20.748622563525988,20.992829097302817,56512300
2020-09-25,21.246082305908203,21.318440116895285,20.830025324019044,20.87524830895611,46026600
2020-09-28,21.75259017944336,21.906350766029902,21.544561657928202,21.544561657928202,62803500
2020-09-29,21.481246948242188,21.725455222320498,21.363666145063593,21.689275452021608,53250800
2020-09-30,21.77067756652832,21.951572962382887,21.562649068898015,21.571694011205377,66732200
2020-10-01,21.806856155395508,22.005839699947863,21.63500571115023,21.86112408115592,65766100
2020-10-02,21.97870635986328,22.105333828723683,21.463156717431744,21.517426372006074,63368100
2020-10-05,22.340496063232422,22.412853873977742,22.132465847836627,22.186735499755333,58911700
2020-10-06,22.1143798828125,22.684197483315952,22.03297712200537,22.53043690458542,88404900
2020-10-07,22.485210418701172,22.593746266134932,22.32240492240434,22.32240492240434,53815200
2020-10-08,22.79273223876953,22.847000164177896,22.55756892847163,22.611836853879993,57646300
2020-10-09,22.819866180419922,22.94649364457069,22.638972514005886,22.919358818292743,52031600
2020-10-12,23.0731201171875,23.145477931083,22.801777021219596,22.801777021219596,45931400
2020-10-13,22.629928588867188,23.073120420445456,22.557570774020665,23.00076260559893,60377800
2020-10-14,22.412857055664062,22.72942144439728,22.385722225852703,22.64802040525626,48982200
2020-10-15,22.584697723388672,22.59374266342358,22.168640832658433,22.204818867652147,41637200
2020-10-16,22.602792739868164,22.747508363020994,22.494256885076695,22.629927566139184,40103600
2020-10-19,22.259090423583984,22.693237231748764,22.222910660330555,22.684192290935403,42989000
2020-10-20,22.439990997314453,22.702289186501428,22.39476800442195,22.40381294802977,67293900
2020-10-21,22.322406768798828,22.54852514899307,22.322406768798828,22.40380952368046,44307200
2020-10-22,22.765600204467773,22.792735033071704,22.304318469079696,22.313363411947673,39511800
2020-10-23,22.837955474853516,22.982671094306234,22.65706008796449,22.910313284579875,45092700
2020-10-26,22.322406768798828,22.54852514899307,22.114378273055248,22.51234538009175,54015100
2020-10-27,21.91539192199707,22.31336073470596,21.89730203843161,22.31336073470596,46083300
2020-10-28,21.3546199798584,21.64405122509292,21.22799251620857,21.454110892191327,89288300
2020-10-29,21.51742935180664,21.67118821895447,21.029012743878447,21.300354153740813,60908400
2020-10-30,21.580739974975586,21.616918020771077,21.2279941088776,21.390799627823373,66221600
2020-11-02,21.987749099731445,22.087241731338285,21.67118304701112,21.942526117262627,65136000
2020-11-03,22.476163864135742,22.702282209398383,22.367626299345403,22.394761121829504,79834200
2020-11-04,22.2138671875,22.61183598385681,21.87921298102078,22.078196516626093,87397400
2020-11-05,22.756553649902344,22.919359159702566,22.403809528766082,22.403809528766082,65942300
2020-11-06,22.575660705566406,22.89222681729334,22.50330288504138,22.86509371281303,60783500
2020-11-09,24.429826736450195,24.81875057440086,24.11326070148016,24.402691913402673,162966800
2020-11-10,24.55645751953125,24.646905223177708,24.230848201609042,24.456966598151958,85851200
2020-11-11,24.45696449279785,24.710215971031275,24.312247144333497,24.69212608682994,65062400
2020-11-12,24.049951553344727,24.212757066478336,23.83287811088204,24.158487412002888,62733800
2020-11-13,24.447919845581055,24.547410759595795,24.21275652356618,24.2760693938882,45031800
2020-11-16,24.9906005859375,25.081048275682633,24.746394066315688,25.062958392704367,67556100
2020-11-17,24.95442008972168,24.999643067571405,24.538361447890885,24.710211868982693,63679700
2020-11-18,24.719263076782227,25.270992517190994,24.710218133889867,25.072007223851983,71578400
2020-11-19,24.80066680908203,24.827801638821953,24.43887770494903,24.59263828984887,47194800
2020-11-20,24.583587646484375,24.773526235183798,24.529319724733984,24.67403533283244,39974700
2020-11-23,25.04487419128418,25.117232009481626,24.773531079183915,24.90015855488929,51870500
2020-11-24,25.922212600708008,25.94934742909365,25.415707880201104,25.47902075462116,60983200
2020-11-25,25.831762313842773,25.849852197623594,25.524241190153884,25.777494387646577,45204600
2020-11-27,25.7503604888916,25.858898070337208,25.650869574808322,25.831763243689224,26981200
2020-11-30,25.216718673706055,25.668955392371235,25.171495691898006,25.596597586390654,72524200
2020-12-01,25.60564613342285,25.840809467260648,25.587557973240266,25.687048892256954,53972100
2020-12-02,25.886028289794922,25.931251267679787,25.5242375661319,25.56946226916279,57471800
2020-12-03,25.895078659057617,26.04883924154866,25.741318076566575,25.90412360216256,49566000
2020-12-04,26.21164321899414,26.256867931847733,26.048837703014016,26.06692758815545,52713100
2020-12-07,26.03074836730957,26.103106179460788,25.876987800844937,26.057881468649825,34631600
2020-12-08,26.021703720092773,26.085016590799427,25.78654039664925,25.78654039664925,31628500
2020-12-09,25.95839500427246,26.18451342164366,25.858902348582216,26.16642353421878,47589600
2020-12-10,26.003616333007812,26.03075116240804,25.678005280791094,25.759408043845273,41298300
2020-12-11,25.741315841674805,25.804630437912362,25.533287343761884,25.714182739862203,48216300
2020-12-14,25.442838668823242,26.085015747691,25.424750510024793,26.085015747691,38302900
2020-12-15,25.876983642578125,25.949341443101908,25.497104758541763,25.641820359589325,38604200
2020-12-16,25.922212600708008,25.940302486298435,25.795586851867892,25.922212600708008,55602800
2020-12-17,25.99457359313965,26.03979831263988,25.8498579410322,25.967438761439507,38510900
2020-12-18,25.768449783325195,26.03074792614443,25.614689219466474,26.03074792614443,56080100
2020-12-21,26.115812301635742,26.243118975792274,25.670243278087188,26.070346747265372,77688100
2020-12-22,25.861202239990234,26.170372863850574,25.84301532461028,26.133999033090667,42317900
2020-12-23,26.28858757019043,26.43407944228004,26.006697284816802,26.015790743622393,52681400
2020-12-24,26.324960708618164,26.352239349912978,26.1067211718604,26.34314589134808,16071000
2020-12-28,26.452266693115234,26.661411045078687,26.361333838313747,26.506825712236147,32824800
2020-12-29,26.361331939697266,26.570476276597564,26.334051564901646,26.561382818332355,23607000
2020-12-30,26.47954750061035,26.561385163422973,26.38861464432969,26.45226712340616,16616700
2020-12-31,26.806901931762695,26.843275766103698,26.37042632606992,26.44317226035205,26239300
2021-01-04,26.44317054748535,26.916019956890125,26.215839300779184,26.906926498893906,47086300
2021-01-05,26.561384201049805,26.67959743025155,26.297680835230366,26.43407924750938,35265400
2021-01-06,27.734411239624023,27.952649021578342,27.07060443604633,27.07060443604633,102254900
2021-01-07,28.134511947631836,28.425495628364494,28.0799512066948,28.143605404454675,64342700
2021-01-08,28.1163272857666,28.280006052887316,27.743504198169283,28.2709125953362,54266400
2021-01-11,28.207260131835938,28.25272568519982,27.725317287940207,27.8435305017258,56590400
2021-01-12,28.49824333190918,28.634641723988203,28.289099015094703,28.370938397222048,60546600
2021-01-13,28.480056762695312,28.55280268831345,28.27091244334313,28.452778124588306,55394700
2021-01-14,28.607362747192383,28.75285633815968,28.45277916718912,28.56189719241492,49828800
2021-01-15,28.134511947631836,28.36184316500417,27.925365909505633,28.189070954169324,68732700
2021-01-19,28.207260131835938,28.35275198387999,28.03448790713374,28.280006057857964,97457200
2021-01-20,28.08905029296875,28.298196373010846,27.98902571667025,28.298196373010846,56113100
2021-01-21,27.788969039916992,28.125420023093838,27.788969039916992,28.070861013583954,43713800
2021-01-22,27.588924407958984,27.69804245160284,27.461619445574478,27.507085008026078,37928000
2021-01-25,27.388866424560547,27.425238518239063,27.043321995416918,27.316120502803926,68321500
2021-01-26,27.170625686645508,27.534357013251878,27.152440507834793,27.497983186831437,55504600
2021-01-27,26.370426177978516,26.82508869828849,26.315867161173284,26.79780832268594,84059200
2021-01-28,26.861465454101562,27.170634405892248,26.625040709696872,26.70688011100619,62985900
2021-01-29,26.324960708618164,26.861462623147922,26.206747481674384,26.788714954628748,78260700
2021-02-01,26.67050552368164,26.70687936075288,26.38861522397959,26.615946502474795,41947400
2021-02-02,27.316125869750977,27.452524283043626,26.970581372716353,26.97967483152252,54263000
2021-02-03,27.47071075439453,27.4798042136271,27.22519429271514,27.27975331371056,46195200
2021-02-04,28.079957962036133,28.089051421046634,27.552549480226904,27.5616429392374,63061800
2021-02-05,28.08905029296875,28.30728809725625,28.02539781685155,28.280009455720247,38461900
2021-02-08,28.452781677246094,28.452781677246094,28.17998312131628,28.17998312131628,48756300
2021-02-09,28.461872100830078,28.55280494865122,28.261821223143407,28.36184752918665,33572000
2021-02-10,28.461872100830078,28.643737796472365,28.325473696298268,28.607363963583982,38899600
2021-02-11,28.370935440063477,28.58917319152249,28.179976323537165,28.480053448593246,31909500
2021-02-12,28.661924362182617,28.689203002115285,28.31637989157063,28.34366026590309,38271800
2021-02-16,29.152963638305664,29.28936032054506,28.82560605085121,28.95291100846129,71330600
2021-02-17,29.29845428466797,29.33482465045915,28.962003252301063,29.062027828626444,60460900
2021-02-18,29.12567710876465,29.280264154413356,28.889254147465895,29.089305012564726,45188200
2021-02-19,29.471220016479492,29.571246310983682,29.280262619043803,29.316636447736094,54361800
2021-02-22,29.7440242767334,29.85314579026181,29.362109385784255,29.371201110844908,65930200
2021-02-23,29.925886154174805,29.962259987346613,29.61671550981373,29.953164794653834,94331400
2021-02-24,30.507854461669922,30.589693854192067,29.953165631108693,29.971352548202475,66000600
2021-02-25,29.953166961669922,30.771560923245566,29.87132756551236,30.753374005343893,92189400
2021-02-26,29.380290985107422,29.998632241277768,29.271169491336558,29.90769766313538,103105700
2021-03-01,30.2987060546875,30.4805717324341,29.88041742402982,29.88041742402982,67590700
2021-03-02,30.189594268798828,30.43511246412894,30.16231215678437,30.26233847363738,49987000
2021-03-03,30.426021575927734,30.880684194105257,30.271437950771613,30.307811792737933,72541700
2021-03-04,30.08047103881836,30.635156345039398,29.643992009871578,30.34417263827448,101311800
2021-03-05,30.653343200683594,30.73518258485199,29.80767072054328,30.589690731752547,109299800
2021-03-08,31.044355392456055,31.444460618254787,30.75337166576587,30.88067661259287,90538200
2021-03-09,30.762470245361328,31.217132801972877,30.48057821149416,30.798840613602234,117224600
2021-03-10,31.3898983001709,31.508111517231647,30.85339643049453,30.907957177322448,73269300
2021-03-11,31.298959732055664,31.54447785828283,31.044349883582623,31.22621554769152,50904800
2021-03-12,31.617223739624023,31.780902481269614,31.51719745652963,31.662689285903614,68126000
2021-03-15,31.435359954833984,31.744530544236653,31.144376278784303,31.73543882195968,57836400
2021-03-16,31.108003616333008,31.308056201904012,30.862485480077456,31.271682373836708,67373600
2021-03-17,31.31714630126953,31.499011963380298,30.989792272028932,31.335333214360507,64051100
2021-03-18,31.4808349609375,32.09008460048983,31.371716916838608,31.635422036477674,96690500
2021-03-19,31.117101669311523,31.26259352616116,30.78974412419997,31.235311418202205,98510500
2021-03-22,30.716142654418945,30.9536135221108,30.606537499323352,30.88967892372552,68170600
2021-03-23,30.286865234375,30.743542939045415,30.17726356082293,30.53347161299795,70441900
2021-03-24,30.39646339416504,30.871408570220616,30.39646339416504,30.50606853922139,63357100
2021-03-25,30.907941818237305,30.953608883930432,30.140723268401942,30.378194100510463,60532600
2021-03-26,31.39202308654785,31.446825663042222,31.008415503609935,31.227618841238964,53779900
2021-03-29,31.118019104003906,31.318958412781885,30.79834609837934,30.95361484849,71777800
2021-03-30,31.33721923828125,31.48335593591333,31.245881624652636,31.282416670104084,55011400
2021-03-31,31.09974479675293,31.401153694204286,31.081477274103726,31.27328451983354,51138300
2021-04-01,31.483354568481445,31.483354568481445,31.054076513506264,31.054076513506264,51690100
2021-04-05,31.729969024658203,31.885237774637186,31.629499370354413,31.821303173566495,51790700
2021-04-06,31.66602897644043,31.8121691803136,31.556427307709782,31.656896955785474,41336800
2021-04-07,31.82129669189453,31.894363299303357,31.602089901320586,31.75736210384666,38660800
2021-04-08,31.830432891845703,31.866967942435473,31.483360363765446,31.702563698955693,39927400
2021-04-09,32.104434967041016,32.12269900399737,31.866960676527622,32.049632403651756,40133700
2021-04-12,32.24143981933594,32.25057532302742,32.095303117836394,32.16837321067306,44435500
2021-04-13,31.94002914428711,32.09529783977043,31.76648944442549,32.05876279936028,39950900
2021-04-14,32.13184356689453,32.36018241914127,31.812170567418853,31.857837641033324,44065300
2021-04-15,32.104434967041016,32.24143614925407,31.803026094660186,32.20490110699456,55483500
2021-04-16,32.33277893066406,32.451512610753994,32.186642222406185,32.38757801865204,39115700
2021-04-19,32.24143981933594,32.41497954773613,32.13183816425473,32.3236419316903,31172300
2021-04-20,31.638628005981445,32.0679061250979,31.52902634218489,32.049638600436126,50227700
2021-04-21,32.07703399658203,32.10443702211749,31.437684652808088,31.529022264303578,39680000
2021-04-22,31.720827102661133,32.08617059274021,31.66602453389715,32.04050352752376,43611200
2021-04-23,32.31451416015625,32.45151537597414,31.66602919559091,31.720831772422617,50437700
2021-04-26,32.442378997802734,32.74378441945865,32.40584395148875,32.43324349413734,43749700
2021-04-27,32.69811248779297,32.74377954680276,32.41497463142826,32.48804122900928,50852400
2021-04-28,32.82598114013672,32.91731874092011,32.72551500553481,32.82598114013672,35771700
2021-04-29,33.4105339050293,33.4379334452873,33.054322460807875,33.08172548523936,48573000
2021-04-30,33.11826705932617,33.346605921656305,33.06346796223864,33.227872221850305,43940900
2021-05-03,33.28266525268555,33.46533700608996,33.154796070554625,33.4014024150245,33317300
2021-05-04,33.54753494262695,33.54753494262695,32.91732113025632,33.13652441970112,66939700
2021-05-05,33.821537017822266,33.94940616974118,33.64800080938561,33.64800080938561,38954200
2021-05-06,34.323890686035156,34.33302270515778,33.75760794357032,33.958547206004525,43332900
2021-05-07,34.50656509399414,34.51570059891917,33.84895159053731,33.9311537139912,64616700
2021-05-10,34.479156494140625,34.944966081952344,34.45175695490857,34.68922775799088,56341100
2021-05-11,33.86721420288086,34.442625499405224,33.739341541701684,34.13208457631761,82723700
2021-05-12,33.5201416015625,34.25995719547389,33.38313690719234,34.13208800562126,97911900
2021-05-13,34.05902099609375,34.269092303301925,33.3740045005207,33.3922720251702,66882600
2021-05-14,34.597900390625,34.68923452867412,34.21428934563582,34.25082439452508,44850200
2021-05-17,34.66183090209961,34.69836594668627,34.3512899914602,34.48829118239976,40376700
2021-05-18,34.17775344848633,34.753168259601814,34.159489408669025,34.634431095745676,40299200
2021-05-19,33.96767807006836,33.98594559186608,33.41966635283101,33.78500982043826,63573900
2021-05-20,33.9859504699707,34.223424803252875,33.74847962086256,34.022485518810115,59216100
2021-05-21,34.323890686035156,34.506558941876825,34.10468390118205,34.122951423600945,44950300
2021-05-24,34.4882926940918,34.57049480592807,34.296488927865084,34.47002865517153,29159600
2021-05-25,34.14122009277344,34.79883350107374,34.09555302727913,34.53396312753725,38755900
2021-05-26,34.2416877746582,34.39695648531906,33.99508145404369,34.26908731555751,38601900
2021-05-27,34.63443374633789,34.725771373284246,34.351295813239716,34.55223510834749,39789500
2021-05-28,34.698368072509766,34.78970220539847,34.4426262289085,34.78970220539847,39265000
2021-06-01,34.908447265625,35.14591815538197,34.817109627891845,35.04544849596281,35710700
2021-06-02,34.96323776245117,35.0545753777135,34.77143399666094,35.01804033160857,37537500
2021-06-03,35.045440673828125,35.25551196746459,34.74403524701888,34.853636903660984,54877500
2021-06-04,35.13677978515625,35.16417932943832,34.826238841321526,35.09110923245415,27250900
2021-06-07,34.908447265625,35.19158523216124,34.8445126612991,35.19158523216124,37401800
2021-06-08,34.81710433959961,34.926709488231715,34.46089631698048,34.716634695440554,47747700
2021-06-09,34.4882926940918,34.72576701014048,34.39695856279539,34.68009994449228,40776200
2021-06-10,34.08641815185547,34.871904235858835,34.059018608888685,34.78057010318702,53775500
2021-06-11,34.30562210083008,34.32388962268305,34.14121788832689,34.15034990716661,40416700
2021-06-14,33.94941329956055,34.29648927349742,33.74847751184872,34.24169018783684,50613400
2021-06-15,34.01335144042969,34.18688768565463,33.79414464483214,33.958548870486844,51315100
2021-06-16,33.976810455322266,34.20514923058092,33.55666794504791,33.90374037483636,84961100
2021-06-17,32.97212600708008,34.16862274323821,32.87165984752363,34.15035521854411,97659900
2021-06-18,32.17750549316406,32.64331862837024,32.13183842685482,32.533713488219476,180960000
2021-06-21,32.92850875854492,32.94684864301845,32.44251406290994,32.49753021835523,89831400
2021-06-22,32.9835205078125,33.111896170388036,32.67174954242573,33.00186038789107,42576400
2021-06-23,33.0477180480957,33.20360182759852,32.96519031248378,33.01103827716252,48094900
2021-06-24,33.46035385131836,33.542881579839694,33.08439497649344,33.24027874260308,42942800
2021-06-25,33.863807678222656,33.95550356416279,33.442001006139925,33.6345644653985,56845000
2021-06-28,33.61623764038086,33.82714105830711,33.423674106358,33.799632981439615,70250700
2021-06-29,33.49703598022461,33.97386255086536,33.405340042706534,33.790467177853415,61051200
2021-06-30,33.64375305175781,33.71711260336414,33.38700161708754,33.39616981205036,42414100
2021-07-01,33.909671783447266,33.92801166897134,33.63458049653719,33.808804162052624,36615600
2021-07-02,33.872989654541016,33.94634919153083,33.73544576964799,33.90966942303592,27018400
2021-07-06,33.341148376464844,33.80880320112251,33.12107325440657,33.7904633161197,49225300
2021-07-07,33.386993408203125,33.4603529417725,33.066054193774846,33.13941022936913,43747100
2021-07-08,32.71760177612305,33.04771266479742,32.56171452403796,32.85514914572901,75084200
2021-07-09,33.66208267211914,33.70793062890067,33.09356031248339,33.19442791618769,70546500
2021-07-12,33.9921989440918,34.05638679335209,33.31364068106141,33.46035626479572,62953400
2021-07-13,33.62540817260742,33.93717922470413,33.497032474327966,33.88216306714176,44476200
2021-07-14,33.46952819824219,33.86382702945681,33.102737448934136,33.64375188027681,69632700
2021-07-15,33.57956314086914,33.79046659188402,33.13941635205864,33.13941635205864,53977600
2021-07-16,33.12107467651367,33.75378849336319,33.04771863132818,33.75378849336319,56160700
2021-07-19,32.19492721557617,32.653413781453416,32.00236369742171,32.479186647716126,89972200
2021-07-20,32.992698669433594,33.21277379890985,32.09406526185862,32.158253112544294,70635800
2021-07-21,33.561222076416016,33.726277553675075,33.2311146198735,33.25862270009147,59975000
2021-07-22,33.194435119628906,33.5245460768523,33.056887721460605,33.44201833754646,35292300
2021-07-23,33.249446868896484,33.60706935708869,33.15775094760116,33.515369937818186,36766900
2021-07-26,33.4420166015625,33.506204451248855,33.16692181950615,33.1852617048416,25396000
2021-07-27,33.43284225463867,33.57955782769455,33.0293753032288,33.18525906923653,38988400
2021-07-28,33.386993408203125,33.59789682025244,33.15775011276148,33.55204886075912,42908200
2021-07-29,33.753787994384766,33.90050358056241,33.460356822029475,33.607072408207124,41434200
2021-07-30,33.48786544799805,33.90967232789768,33.40533771080242,33.662089116310796,52385300
2021-08-02,33.49703598022461,34.10223826258099,33.451188011465575,33.71711112743411,47589900
2021-08-03,33.872989654541016,33.91884111414728,33.12107189027167,33.61623827102717,42169600
2021-08-04,33.58872604370117,33.946344997403976,33.40533072186068,33.55204627973811,52346400
2021-08-05,34.02888488769531,34.02888488769531,33.79046983464156,33.79964152789998,37168200
2021-08-06,34.71660232543945,34.78079016297082,34.340643492195134,34.349811684138984,58081000
2021-08-09,34.80830383300781,34.973359298331985,34.478192902359474,34.67075994388791,48015600
2021-08-10,35.175086975097656,35.27595457089706,34.74410851958185,34.78078828132248,40907400
2021-08-11,35.57855987548828,35.58773156646137,35.110905077141375,35.27596053490504,48372100
2021-08-12,35.64274597167969,35.68859393037014,35.39516279718123,35.61523789606043,44566400
2021-08-13,35.3768196105957,35.716098637245835,35.29429190162953,35.670250687370036,43077200
2021-08-16,35.28512954711914,35.3218093159127,34.83581462231146,35.14758566110619,48011800
2021-08-17,35.037540435791016,35.30346346765873,34.689093185041614,35.04671212542766,52414800
2021-08-18,34.60657501220703,35.14758941680883,34.57906343368446,34.900006197959634,39550400
2021-08-19,34.34980773925781,34.60656255787122,34.129736178131346,34.23060376780364,48961300
2021-08-20,34.56072235107422,34.6157420082393,34.22144321016171,34.349818912238035,33898600
2021-08-23,34.8449821472168,34.99169772160186,34.7349463409218,34.7349463409218,28807400
2021-08-24,35.055885314941406,35.1384130435636,34.881661664727964,34.909169741610306,37677300
2021-08-25,35.46853256225586,35.688604226651435,35.074233707406414,35.14759326085563,47904800
2021-08-26,35.294307708740234,35.67026666285987,35.25762793322224,35.624415194474416,38484300
2021-08-27,35.761959075927734,35.77112726991487,35.33098050104514,35.34015219300785,38511100
2021-08-30,35.25762176513672,35.798636116464564,35.23928188058616,35.78029623191401,30096500
2021-08-31,35.21177673339844,35.477696336575534,35.08339753085963,35.230113121499805,49876200
2021-09-01,35.01004409790039,35.25762733145731,34.89083657848946,35.23928744401133,43976200
2021-09-02,35.12924575805664,35.25762145079067,34.99169837414145,35.09256598928255,29611500
2021-09-03,34.90916442871094,35.13840769577522,34.826636712648806,35.06505166926147,34847500
2021-09-07,34.698265075683594,35.02837597830028,34.698265075683594,35.02837597830028,39214900
2021-09-08,34.6157341003418,34.78078953615491,34.432338782996695,34.6157341003418,32523900
2021-09-09,34.71660232543945,35.04671320301492,34.54237519673307,34.56988676851422,33421000
2021-09-10,34.45985412597656,34.94584879685557,34.45068243521934,34.90916902977693,39350500
2021-09-13,34.85414123535156,34.90916087311396,34.60656161035652,34.707425699292806,40357300
2021-09-14,34.38649368286133,35.10173163211284,34.27645788250918,34.97335594870616,45670600
2021-09-15,34.71660232543945,34.79913004483332,34.33147180227648,34.36815156600149,36371300
2021-09-16,34.6157341003418,35.019201000121235,34.45985035428204,34.84497737252949,42630200
2021-09-17,34.45985412597656,34.78996153575893,34.368154708279974,34.56988992923735,82987200
2021-09-20,33.66047668457031,33.78940818359855,33.18158575023694,33.697315259469775,95008800
2021-09-21,33.61442947387695,34.00122396234735,33.53154443875904,33.87229246619056,45837600
2021-09-22,34.17619705200195,34.415640698559855,33.964380572668716,34.03805418964079,58347800
2021-09-23,35.014259338378906,35.18002938810349,34.452483449103305,34.50774130338461,71805000
2021-09-24,35.198455810546875,35.31817591608801,34.94058928472891,34.98663926252787,48066100
2021-09-27,35.677337646484375,35.77863843761911,35.44710186885975,35.51156760554511,58794500
2021-09-28,35.08793258666992,35.84310568812359,35.032678246102634,35.66812775446165,96152700
2021-09-29,35.11555862426758,35.27211725265453,34.949788598258536,35.1984436372721,49882500
2021-09-30,34.56299591064453,35.32738042505053,34.553788024753096,35.31816902603972,73319300
2021-10-01,35.13398742675781,35.373431133032085,34.5261650043941,34.65509650108946,70444000
2021-10-04,34.830078125,35.5392049445823,34.77482025783456,35.078733257564195,69772700
2021-10-05,35.511566162109375,35.68654408126888,34.95899821039896,35.087929678529015,56058400
2021-10-06,35.54841232299805,35.57604301274479,34.93138195753599,35.18924497437146,63405900
2021-10-07,35.76023864746094,36.1378253509762,35.7141886608619,35.916797359911314,53295600
2021-10-08,35.935203552246094,36.06413503623345,35.63129061445922,35.79706066904852,38607500
2021-10-11,35.5760383605957,36.285165077283445,35.5576190742132,36.0180906944167,50748300
2021-10-12,35.46552658081055,35.70497381725442,35.37343365179063,35.52999584686855,58527700
2021-10-13,35.262908935546875,35.49314468961059,34.75639097923047,35.456306125811885,72105100
2021-10-14,35.852325439453125,35.86153332731973,35.318176602067,35.658928176173376,51893500
2021-10-15,36.38646697998047,36.570656336240226,36.08255752830367,36.202281136840476,58411100
2021-10-18,36.39567947387695,36.60749601034988,36.21149011208141,36.31279443672495,56312700
2021-10-19,36.75484085083008,36.75484085083008,36.423300755859835,36.56144363313721,33082600
2021-10-20,37.04954528808594,37.04954528808594,36.58907367847048,36.69037799468501,44670200
2021-10-21,36.89299011230469,37.123225938862234,36.699589348025214,37.04034090077672,35067600
2021-10-22,37.4087028503418,37.47316857786889,37.031116369203666,37.067954931538765,41458200
2021-10-25,37.36266326904297,37.546852601442986,37.27057035940262,37.50080614662281,33121000
2021-10-26,37.39029312133789,37.62974032456938,37.335038776837976,37.45475886533416,41586900
2021-10-27,36.77326965332031,37.463977192243505,36.764058252120684,37.29820710185232,62449500
2021-10-28,37.224525451660156,37.242944738715956,36.89298882401515,36.920615998038954,44566600
2021-10-29,37.077171325683594,37.344245694235205,37.00349769722215,37.27057206577376,42092000
2021-11-01,37.09559631347656,37.41792858776332,36.94824552078319,37.3350435473033,37503800
2021-11-02,37.18768310546875,37.29819529303402,36.9850745006665,37.086378803067625,31436800
2021-11-03,37.32582473754883,37.46396761526786,36.994284641518604,37.06796177980057,42946800
2021-11-04,36.837730407714844,37.27978275103305,36.55223673233195,37.18768983026166,48279700
2021-11-05,36.85614776611328,37.28899219995505,36.736424164878834,37.132430027091615,57866300
2021-11-08,37.05874252319336,37.32581328472082,36.96664612859921,37.08636968501249,32864600
2021-11-09,36.85614776611328,36.9850792536952,36.61670056364439,36.86535565246076,48420400
2021-11-10,36.79168701171875,37.02192284594337,36.699590570156886,36.8193141876273,60695100
2021-11-11,36.89299011230469,37.012710212668274,36.69038146073567,36.84694013649725,31438900
2021-11-12,36.975868225097656,36.98507611066263,36.64432813485048,36.94823754216422,39218800
2021-11-15,36.975868225097656,37.169265440035424,36.90219108810084,37.077169018789405,30081100
2021-11-16,36.939029693603516,37.16005407857688,36.837725386691034,37.02191471624834,32599500
2021-11-17,36.51539993286133,36.88377511152289,36.41409561696554,36.88377511152289,53557200
2021-11-18,36.33122253417969,36.62592417926685,36.16545241967807,36.5522470114347,42990100
2021-11-19,35.935203552246094,36.1470200635281,35.658921298970405,36.018088579540745,71858100
2021-11-22,36.44173049926758,36.80089786752779,36.11940171060337,36.41410332113074,81965800
2021-11-23,37.0127067565918,37.04033744212022,36.52460797406459,36.68117014832702,61571200
2021-11-24,36.9298210144043,37.077171786277134,36.791681641903246,36.939032413776076,40410300
2021-11-26,35.70497131347656,35.925995732873254,35.299757535836086,35.76943706189392,76492200
2021-11-29,35.81547927856445,36.248323692171546,35.54840491641882,36.11939221061694,79316500
2021-11-30,34.95899963378906,35.529986891783366,34.9037452955516,35.382632621499035,121263700
2021-12-01,34.572208404541016,35.80627242711869,34.572208404541016,35.57603662822822,101946500
2021-12-02,35.603660583496094,35.79705779394409,34.765602491768945,34.894533965400946,98076400
2021-12-03,35.023468017578125,35.74180608703012,34.747185766151716,35.64970966114169,97178200
2021-12-06,35.557613372802734,35.898361333443304,35.29975043103356,35.57603265623183,69716600
2021-12-07,36.19306182861328,36.29436612807711,35.79705602877414,35.9720374598913,115475500
2021-12-08,35.99966812133789,36.35883539020623,35.90757521095295,36.211484625718725,53033200
2021-12-09,35.925994873046875,36.1101842268824,35.6957590590324,35.82469406590107,45521100
2021-12-10,35.96284103393555,36.18386900779496,35.73260517134554,36.1746576059439,38900900
2021-12-13,35.5760383605957,35.88915920285886,35.45631475566929,35.87994780310779,44343000
2021-12-14,35.7878532409668,36.05492761156972,35.49315169861858,35.520778870363884,51734400
2021-12-15,35.88916015625,35.999672364361075,35.43789641069016,35.87994875625422,70424900
2021-12-16,36.340415954589844,36.59828242621161,36.11939156533613,36.303577385341114,71156600
2021-12-17,35.5391960144043,36.1470183480117,35.31816811440193,36.10097189350433,97654400
2021-12-20,34.848880767822266,35.03395253546407,34.43247017311581,34.98768547604121,85242300
2021-12-21,35.57065200805664,35.727964224936585,35.200512052365404,35.200512052365404,57667900
2021-12-22,35.73722839355469,35.76499145889964,35.41335538078941,35.468877981528216,49702700
2021-12-23,35.922298431396484,36.246171428221565,35.90379089872778,35.94080596406519,39057300
2021-12-27,36.29243087768555,36.29243087768555,35.848260819915716,36.033329029857434,36120300
2021-12-28,36.310943603515625,36.54228242901472,36.21840595534578,36.227661485137936,34055200
2021-12-29,36.264678955078125,36.486765817116094,36.21841188838923,36.38497615242998,27150500
2021-12-30,36.19989776611328,36.57929329182081,36.088856120283104,36.3757175294572,30089100
2021-12-31,36.135128021240234,36.310947808146835,36.06110142408278,36.125876020327084,28497800
2022-01-03,36.57930374145508,36.718108485857954,36.38497992325208,36.40348745783589,49884400
2022-01-04,37.54167556762695,37.66197278131536,36.986463632059724,37.004971167238814,74210200
2022-01-05,37.106746673583984,37.847033748627865,37.07898714375248,37.652706449956135,76288400
2022-01-06,37.6527099609375,37.6804730233082,37.15302072762414,37.49540123728995,57725200
2022-01-07,38.09687423706055,38.189411880732465,37.60643708042499,37.7359862516155,62185500
2022-01-10,37.96732711791992,38.36523018233951,37.56942405350033,38.33747065271268,73620000
2022-01-11,38.30046081542969,38.31896834768782,37.7545009686426,38.106137021645516,60706300
2022-01-12,38.328216552734375,38.55030338788523,38.14314830838424,38.40224667443482,51560600
2022-01-13,38.18015670776367,38.587315283820175,38.050607535363945,38.38373599579192,51659600
2022-01-14,37.78226089477539,37.81927242626759,37.328835216978106,37.569426056454866,81135500
2022-01-18,36.940181732177734,37.56942361602808,36.708842908113645,37.53241208694007,82526700
2022-01-19,36.3202018737793,37.23630533409253,36.29244233951103,37.217797801263366,85975100
2022-01-20,36.08885955810547,36.89391774447704,36.014829433866396,36.421988057280075,80314000
2022-01-21,35.34857940673828,36.04259600426606,35.20052267379706,35.940806338503165,117914300
2022-01-24,35.45036315917969,35.52438974832677,34.0715821955679,34.737839147643435,169153300
2022-01-25,35.59842300415039,35.85752138392096,34.47874029881899,35.05246318252621,97364900
2022-01-26,35.690956115722656,36.28318298403391,35.265293495367764,35.987069549878285,106682000
2022-01-27,35.36708450317383,36.40348156236534,35.13574565326809,36.03333799053588,91498900
2022-01-28,35.82976531982422,35.83901732144697,34.78411263890252,35.22828284576592,79753600
2022-01-31,36.144378662109375,36.17213819104397,35.3670800823882,35.57991137410408,58740900
2022-02-01,36.644073486328125,36.73661114697111,36.005579512670195,36.19065130400535,64601500
2022-02-02,36.8939208984375,36.95869549770879,36.39423163690913,36.625570500006845,46649400
2022-02-03,36.486759185791016,37.01421141607405,36.431236597884805,36.88466224090983,50677000
2022-02-04,37.106746673583984,37.42136762149252,36.53302736738033,36.55153489725146,77792400
2022-02-07,37.21780014038086,37.45839102237905,36.9401906604468,37.153025536383225,52710400
2022-02-08,37.73598861694336,37.82852626641562,37.38435613879993,37.4768902583218,56921200
2022-02-09,37.976585388183594,38.22643176270527,37.84703620064286,37.93957032604321,67505300
2022-02-10,37.643455505371094,38.30045694943943,37.48614326203121,37.80076421876049,67260800
2022-02-11,37.116004943847656,37.97658573166684,36.893918098947275,37.5231600412226,77962800
2022-02-14,36.69959259033203,37.227044850976135,36.3942271641462,37.097495668354846,71521600
2022-02-15,37.19929122924805,37.39361503404697,37.0142194261272,37.14376862932648,55439600
2022-02-16,37.2270393371582,37.39360355584392,36.96794101029151,37.014208064382,41168800
2022-02-17,36.30168914794922,36.95869058462029,36.19989949692544,36.838396933365324,59107800
2022-02-18,36.29243087768555,36.59779624804926,36.10735913779399,36.26466782223442,47816500
2022-02-22,36.10737609863281,36.459012216607,35.802007054877244,36.12588363431056,60719700
2022-02-23,35.47813034057617,36.48676798613838,35.385596201697524,36.375726313493786,64169800
2022-02-24,35.052467346191406,35.1635090178615,34.053081711307236,34.30292812002828,143075700
2022-02-25,36.181400299072266,36.27393797129124,35.27455229103389,35.28380782323142,99127100
2022-02-28,35.64468765258789,35.876026484551765,35.274544109465516,35.3208111698682,107370200
2022-03-01,34.33068084716797,35.40409287364143,34.09934201792842,35.30230675393437,129873100
2022-03-02,35.21902847290039,35.42260426445362,34.59903850738854,34.617546039338976,88182500
2022-03-03,35.10798645019531,35.56141219903218,34.81187297216144,35.37634039277323,71952600
2022-03-04,34.45097732543945,34.497244384355426,34.05307426485153,34.48799238455236,105904100
2022-03-07,33.19249725341797,34.17337524949469,33.17398972179946,34.13636018625767,116046200
2022-03-08,32.9981689453125,33.932776219318235,32.84086024303391,33.331297408902735,114915000
2022-03-09,34.21038818359375,34.4972460809508,33.96054181721953,34.099343000793766,88716400
2022-03-10,33.923526763916016,34.14561359961544,33.54413121414031,33.64592086675461,71547300
2022-03-11,33.68293762207031,34.43247322911542,33.66443009066849,34.21964191292047,76788200
2022-03-14,34.10859298706055,34.66380469101549,33.951280768638355,34.19187509564878,70969700
2022-03-15,34.589786529541016,34.645305595478696,34.154868353291626,34.450981804795234,51828700
2022-03-16,35.5614128112793,35.61693541309822,34.92291877514187,35.033960448828566,87007600
2022-03-17,36.005577087402344,36.01482908786804,35.1264887852372,35.35782762633589,58266400
2022-03-18,36.08885955810547,36.1813936834537,35.65394140307744,35.99632543275724,82342500
2022-03-21,36.053558349609375,36.360118574216465,35.86776244851553,36.24864245106498,46828600
2022-03-22,36.63880920410156,36.87105318533797,36.43443691037162,36.480884997866525,61053100
2022-03-23,35.96065902709961,36.49017504766047,35.94207908240739,36.40656706842654,42142600
2022-03-24,36.2486457824707,36.28580567485704,35.9513737309048,36.21148589008437,30421500
2022-03-25,36.71312713623047,36.7874433637395,36.3136672250544,36.36940705350749,48613100
2022-03-28,36.61094284057617,36.638810985675825,36.19290294527092,36.60165464013032,44761000
2022-03-29,36.69454574584961,37.16832186584471,36.48088172751757,37.05684575709791,67968600
2022-03-30,36.43443298339844,36.71312502209178,36.22076896894149,36.69454508034402,47405300
2022-03-31,35.59835433959961,36.536621933952986,35.589066140341394,36.38798239572845,66619600
2022-04-01,35.505455017089844,35.91420307960259,35.254631134265665,35.83988686085542,68422500
2022-04-04,35.34754180908203,35.63552569142083,35.096717823257165,35.42186160210989,134312400
2022-04-05,35.12458419799805,35.589072202788365,35.0409762153853,35.208192180610794,56165700
2022-04-06,34.8830451965332,35.03168120244839,34.752989134327656,34.84588530911393,55835100
2022-04-07,34.84588623046875,35.013102184514906,34.35353011231174,34.85517797445021,53346900
2022-04-08,35.19890213012695,35.35682990211307,34.892341874967,34.98523806289125,44672300
2022-04-11,35.04096984863281,35.44971794282659,34.98523002243119,35.10599787398724,54435500
2022-04-12,34.660091400146484,35.338243368108856,34.51145540091859,35.01309968346163,67215400
2022-04-13,34.660091400146484,34.67867134302019,34.269919687322165,34.33494771549926,57445600
2022-04-14,34.269920349121094,34.827308014810924,34.26063214938575,34.58577229655012,68544200
2022-04-18,34.474308013916016,34.63223226995571,34.04697980417715,34.056268007100584,52748400
2022-04-19,34.94807815551758,35.00381799450613,34.55790991388494,34.567198115168495,41519100
2022-04-20,35.189605712890625,35.440429614239484,35.10599774577434,35.21747385400886,54635800
2022-04-21,34.632225036621094,35.59836095196981,34.56719699844977,35.4311449841686,54998100
2022-04-22,33.60105514526367,34.585770832326844,33.56389880413352,34.57648263298473,73170900
2022-04-25,33.656803131103516,33.73112291890248,32.820726780940404,33.322371173533256,91392800
2022-04-26,32.81143569946289,33.628935662979394,32.79285575213722,33.27592375131685,81457500
2022-04-27,32.783565521240234,33.117997464877675,32.66279764297952,32.76498557506456,81603000
2022-04-28,33.20160675048828,33.322371089714025,32.625639027782725,33.117998761306026,62680000
2022-04-29,32.0589485168457,33.155140080839146,31.984632306686628,33.034375796360536,74631700
2022-05-02,32.0682487487793,32.319072669029346,31.436544848244775,32.20759300863253,104408800
2022-05-03,32.48628616333008,32.81142628886989,32.17972243602547,32.29119854424461,73896300
2022-05-04,33.48030090332031,33.536037203657585,32.430556873894616,32.5420330183319,87794900
2022-05-05,32.5048713684082,33.155151724779074,32.10541141020201,33.09012368914198,101093900
2022-05-06,32.27262496948242,32.421260974699024,31.8081370102103,32.374809343762294,99281900
2022-05-09,31.5015811920166,32.03109731548247,31.352945149355353,31.836013173945105,85922800
2022-05-10,31.222883224487305,31.99393144438238,30.83271147050982,31.789559138739055,107581200
2022-05-11,30.934898376464844,31.891746013183184,30.888450287791994,31.260042084698807,110212200
2022-05-12,30.702655792236328,30.990639625186066,30.10811172502851,30.674787646511643,114304100
2022-05-13,31.1485652923584,31.408680991689753,30.869873190854122,31.074249052379685,64036200
2022-05-16,30.888452529907227,31.16714462593589,30.64692032501899,31.027800349802693,55662200
2022-05-17,31.715240478515625,31.808140205960786,31.31578050990707,31.492288220171748,62859300
2022-05-18,30.842002868652344,31.46441506665657,30.72123500047164,31.417966976975404,74279300
2022-05-19,30.637632369995117,30.860588200653353,30.377520187362766,30.42396828515244,71525400
2022-05-20,30.581886291503906,31.009217917829673,29.94089416765823,30.851290165027066,77984600
2022-05-23,31.575895309448242,31.808139305845657,31.0092193912366,31.167143607781007,78189300
2022-05-24,31.5108642578125,31.61305218494034,30.860583892021182,31.390099929172518,77871200
2022-05-25,31.76168441772461,31.956772047971885,31.34364810204479,31.43654427358213,72192600
2022-05-26,32.49557876586914,32.607054889194224,32.07753887369751,32.10541056235033,50803200
2022-05-27,33.043670654296875,33.108698680204036,32.57918272995336,32.634922556628766,43862500
2022-05-31,32.95078659057617,33.201610587106956,32.59777464615178,32.77427884648251,64778900
2022-06-01,32.421260833740234,32.95077682150731,32.11469708094778,32.86716884745136,48642400
2022-06-02,32.8671760559082,32.895044205451626,32.19831211676477,32.44913609394356,45334700
2022-06-03,32.39339828491211,32.699962124188,32.356241931108904,32.56061428019662,36699400
2022-06-06,32.48628616333008,32.997222165076174,32.47699442045089,32.66279029665718,32829600
2022-06-07,32.737117767333984,32.76498591500545,32.23546984667316,32.263337994344624,32031400
2022-06-08,32.16114807128906,32.579187979307655,32.04038374300985,32.486291796975614,38251800
2022-06-09,31.352941513061523,32.14256973366331,31.33436156691341,32.123993331277575,49715100
2022-06-10,30.219593048095703,30.786269067021536,30.19172489757895,30.67479292119175,74190900
2022-06-13,29.3184814453125,29.820127553350606,29.141977284790777,29.457827487996358,104065100
2022-06-14,29.067659378051758,29.64362349564432,28.844703582727007,29.439249417124554,75592200
2022-06-15,29.392799377441406,29.810839276301273,28.891153270690626,29.374221204510683,87858800
2022-06-16,28.64962387084961,28.807549883162828,28.40808986543637,28.79825990927601,100838500
2022-06-17,28.733224868774414,29.05836678813106,28.45453103566261,28.714644925524112,116937700
2022-06-21,29.306657791137695,29.49344409050641,29.1292127661962,29.390711447721,58065800
2022-06-22,29.241283416748047,29.512123375441618,28.933087266598303,28.970445239380666,48035800
2022-06-23,29.12921714782715,29.316001693965916,28.652913615984666,29.25996650825693,69348900
2022-06-24,30.203235626220703,30.23125232984864,29.203932820089637,29.250628513687218,65489300
2022-06-27,30.100496292114258,30.436710911752883,29.96040924236634,30.436710911752883,47244800
2022-06-28,29.80164337158203,30.69821342765552,29.782964383415578,30.408698017707273,42459900
2022-06-29,29.633533477783203,29.941731411895105,29.530802614405438,29.82965927391567,64507500
2022-06-30,29.372039794921875,29.633538525876713,28.811682572219855,29.16657447051278,75294300
2022-07-01,29.773624420166016,29.867017578200258,29.082517900834752,29.278643710839294,77308400
2022-07-05,29.67089080810547,29.689569794251756,28.970444859555254,29.306657703557565,51536800
2022-07-06,29.59617805480957,29.83899954230081,29.315998593246025,29.605517548327647,48001700
2022-07-07,30.025787353515625,30.10984101806095,29.82032204848201,29.848338749112894,33120100
2022-07-08,29.960411071777344,30.203230777091893,29.838999437793827,30.109839404890717,29062200
2022-07-11,29.717588424682617,29.941732710361837,29.63353476288448,29.792302592800265,30564300
2022-07-12,29.530797958374023,30.07247601366313,29.47476100755638,29.493439991162262,38211000
2022-07-13,29.269298553466797,29.465422544196173,28.905067267068816,29.213263382019257,51441600
2022-07-14,28.70894432067871,28.80233746983411,28.363391984527738,28.671588129812246,57782300
2022-07-15,29.680233001708984,29.84833854834256,29.045161665561043,29.119875835618075,59650200
2022-07-18,29.568161010742188,30.305965002578137,29.43741165778952,30.100499697850992,38671600
2022-07-19,30.455387115478516,30.54877847344581,29.876351076921043,29.960406505478353,40568000
2022-07-20,30.567461013793945,30.623497972684838,30.2966210564665,30.39001598795132,38507700
2022-07-21,30.763587951660156,30.763587951660153,30.24992824892602,30.48341025586451,40561800
2022-07-22,30.586143493652344,30.96905384984539,30.35266148225042,30.810287792165408,25741200
2022-07-25,30.782257080078125,30.92234766443083,30.558116420295654,30.772919370358668,24699300
2022-07-26,30.352663040161133,30.810289373564704,30.277947082604246,30.632840755693568,26357800
2022-07-27,30.81962013244629,30.969048451188428,30.371335176219873,30.47406781335237,44817200
2022-07-28,31.04376792907715,31.05310564140218,30.35265964949085,30.84764034372604,40974600
2022-07-29,31.482707977294922,31.585440614111207,31.0904599777987,31.11847667414782,38724000
2022-08-01,31.221206665039062,31.39865166463233,31.006403698378215,31.18384869797148,35131300
2022-08-02,30.87566375732422,31.277253118687046,30.83830577890607,31.071787800040134,36806900
2022-08-03,31.34262466430664,31.41733705101635,30.931694068119292,31.109142666528392,27314900
2022-08-04,31.239887237548828,31.39865326168373,31.18385028409721,31.314599612832307,24505800
2022-08-05,31.46402931213379,31.613457631935514,31.043764612014805,31.155834961203055,34366100
2022-08-08,31.445350646972656,31.800244246109493,31.417333950053397,31.697511607202603,24369100
2022-08-09,31.60411834716797,31.68817199553751,31.44534876129128,31.50138571442164,26425400
2022-08-10,32.31390380859375,32.4353154327368,32.08976310841663,32.15513777618931,45366000
2022-08-11,32.69681930541992,32.902284615479005,32.57541122461479,32.61276563881873,46985200
2022-08-12,33.210479736328125,33.21981744841621,32.6874787930839,32.855586111889096,36370300
2022-08-15,33.201141357421875,33.29453629971101,32.808893287765805,32.87426796604182,25366000
2022-08-16,33.44396209716797,33.593390430795296,33.05171049473842,33.05171049473842,41300800
2022-08-17,33.2758674621582,33.42529585275164,33.042385379190094,33.061064373346,33158000
2022-08-18,33.31321334838867,33.3599126031346,33.08907260128113,33.2478386669279,15966200
2022-08-19,32.650123596191406,33.117087618663206,32.53805322834095,33.117087618663206,33587400
2022-08-22,31.931005477905273,32.1831665320784,31.846951793180896,32.17382881717726,36810100
2022-08-23,31.800247192382812,32.127124124885334,31.800247192382812,31.89364212852033,23244000
2022-08-24,31.968353271484375,32.07108591591396,31.678834324696652,31.744212558776532,20682200
2022-08-25,32.46333694458008,32.491357208247344,31.94967723761462,32.03373090331098,26402600
2022-08-26,31.492053985595703,32.61276475987025,31.464033722381973,32.60342704723412,38230600
2022-08-29,31.267906188964844,31.492050456291576,31.081119893301278,31.258568477375185,34872100
2022-08-30,31.09979820251465,31.473370785714202,30.91301191091487,31.370638147201717,41870700
2022-08-31,30.866321563720703,31.37064356941322,30.81962587341276,31.258573200143594,39768200
2022-09-01,30.95970916748047,31.006404846718432,30.361992360217872,30.7355649194255,40604600
2022-09-02,30.716894149780273,31.576109840676004,30.56746579866618,31.314607554236655,43208800
2022-09-06,30.642179489135742,30.950373881852666,30.33398153376617,30.875661493148094,45877100
2022-09-07,31.249237060546875,31.305274035718206,30.50209520486276,30.548790902845507,35023000
2022-09-08,31.800247192382812,31.818926179610315,30.95971414306032,31.090463491000317,50760900
2022-09-09,32.08976364135742,32.173817295982836,31.930994043663972,31.940335317873604,41327100
2022-09-12,32.35126876831055,32.5193761110855,32.14580344655162,32.22051940451958,41969600
2022-09-13,31.146493911743164,31.828264411071004,31.04376483579384,31.7161904984227,60771600
2022-09-14,31.053102493286133,31.361300408555707,30.772924837456095,31.21186852528402,39233200
2022-09-15,31.155839920043945,31.557429261426318,31.006411576458834,31.090465242391254,47653000
2022-09-16,30.87566375732422,30.93169716229853,30.548786790144774,30.84764349218415,53893300
2022-09-19,31.225849151611328,31.24462640081784,30.512331588734323,30.512331588734323,36491400
2022-09-20,30.765817642211914,31.038082370883135,30.484166080073447,30.972363792430624,42193600
2022-09-21,30.127405166625977,31.07563291688322,30.10862791852068,30.96297300964532,49644600
2022-09-22,29.62042999267578,30.240064849987697,29.56410003947386,30.193123520768918,52299500
2022-09-23,29.15100860595703,29.395107449625883,28.728531284400724,29.329388874541362,56801000
2022-09-26,28.69097900390625,29.207342602143687,28.48443463902948,28.93507786641353,49969700
2022-09-27,28.568925857543945,29.06651033596887,28.277885710663636,28.91629595108247,60630400
2022-09-28,29.132232666015625,29.30122251741667,28.578316412782268,28.6534236103039,46088700
2022-09-29,28.76608657836914,28.93507823848545,28.409327799776843,28.822418325539264,41860000
2022-09-30,28.50320816040039,29.141620211056033,28.42810096565836,28.78485969300881,37984300
2022-10-03,29.27305793762207,29.423272330100055,28.446876988296346,28.784860266720216,47086100
2022-10-04,30.36211585998535,30.39027994187689,29.686151034133932,29.723703740221637,53441800
2022-10-05,30.127405166625977,30.296396818179762,29.789421863518402,29.89269493740059,41766800
2022-10-06,29.704927444458008,30.164961091338572,29.63920886367422,29.958414933792927,34717900
2022-10-07,29.000791549682617,29.535930515678174,28.84118854309651,29.44204786884834,36380700
2022-10-10,28.869356155395508,29.28244663104668,28.700364515779263,29.16039631768081,31011700
2022-10-11,28.50320816040039,28.98201719839212,28.381157849759106,28.681586628727228,50431900
2022-10-12,28.437488555908203,28.813024515977826,28.33421549537779,28.512595747922127,48265700
2022-10-13,29.61104393005371,29.686151133176672,27.780303391723166,27.86479921907362,83086100
2022-10-14,29.11345672607422,30.22128749158261,29.047738149129312,29.87391735896042,60886900
2022-10-17,29.845754623413086,30.04291036313661,29.64859709299256,29.733092921644644,47222200
2022-10-18,30.324560165405273,30.662543460329402,29.977190037352713,30.6249889650281,48150700
2022-10-19,29.826974868774414,30.315172550927045,29.657983225667977,30.06168508626739,35205700
2022-10-20,29.34816551208496,30.089848860666343,29.263669691390056,29.789420071838602,43124400
2022-10-21,30.22128677368164,30.24945443555594,29.21672910477656,29.432662078379494,54487300
2022-10-24,30.624984741210938,30.765812288470897,30.30577873796255,30.39966496326696,40117200
2022-10-25,30.991132736206055,31.04746447260616,30.409052452311805,30.46538418871191,33950300
2022-10-26,31.06624412536621,31.413614239934127,31.000525551836972,31.085021372287944,38012100
2022-10-27,31.31974220275879,31.66711243507021,31.263410442899556,31.357296709331607,41232200
2022-10-28,32.09897232055664,32.13652681988049,31.347900241050542,31.404231990036315,36421300
2022-10-31,31.90180778503418,32.11774072458437,31.854866464504696,31.89242095348556,40083800
2022-11-01,31.986310958862305,32.249185279464434,31.84548338345744,32.16468945050032,38946100
2022-11-02,31.58260726928711,32.48389367279117,31.554443188363173,31.920590565949585,58039800
2022-11-03,31.26339340209961,31.50749398037569,31.056850891319367,31.18828801128668,40828100
2022-11-04,31.83609390258789,32.00508554646453,31.385450712714768,31.714043586145053,41825600
2022-11-07,32.155303955078125,32.17408120467321,31.864261958445592,32.070808122597334,30060300
2022-11-08,32.34306335449219,32.502664557005396,32.00508012400175,32.16468132651495,34839600
2022-11-09,31.798545837402344,32.249189118390625,31.73282724942871,32.127142358664976,42126200
2022-11-10,33.403961181640625,33.450902510699926,32.681053253667066,32.76554907853135,67677700
2022-11-11,33.67621612548828,33.82643049967121,33.45089635491048,33.5729430717263,46076100
2022-11-14,33.197410583496094,33.61049923776372,33.16924650611679,33.582335160384424,38002700
2022-11-15,33.272518157958984,33.68561042061507,32.934538463140726,33.55417327573126,57802100
2022-11-16,33.112911224365234,33.338230982060004,33.000251345517846,33.25373517757622,32852400
2022-11-17,32.934539794921875,32.95331346089849,32.634107418389895,32.72799365524168,35706900
2022-11-18,33.20680236816406,33.42273535019548,32.9345412229729,33.375794020431066,39455400
2022-11-21,33.31007385253906,33.37579242735117,33.12230496105003,33.159859455626574,24630900
2022-11-22,33.6480598449707,33.685614342565216,33.48845502089103,33.48845502089103,29582300
2022-11-23,33.78888702392578,33.87338285182533,33.591727704564185,33.591727704564185,27916900
2022-11-25,33.90154266357422,33.94848398840677,33.76071510768303,33.82643367872732,11266500
2022-11-28,33.3194580078125,33.85459692012438,33.263126276529604,33.713769382613656,34196600
2022-11-29,33.5166130065918,33.59171839869953,33.244348349741216,33.28190283649157,31489600
2022-11-30,34.08931350708008,34.09870034002965,32.99086781950608,33.46967867199009,58607000
2022-12-01,33.89215087890625,34.2583017931346,33.62927660536183,34.2583017931346,58157600
2022-12-02,33.73255920410156,33.76072328954792,33.43213035469247,33.53540344318829,40483300
2022-12-05,32.8969841003418,33.53539616207443,32.71860204752633,33.47906442201793,53402000
2022-12-06,32.60594177246094,33.04719811099312,32.343067484685285,32.85942922769899,45102200
2022-12-07,32.47450637817383,32.840653750557536,32.39939738825217,32.47450637817383,37775900
2022-12-08,32.50267028808594,32.727993675274405,32.390010385188575,32.56838886322554,46600900
2022-12-09,32.41817092895508,32.65288112353227,32.37122960631831,32.38062001968167,40885600
2022-12-12,32.850040435791016,32.88759134509523,32.28673381950754,32.43694820090446,72570900
2022-12-13,32.934539794921875,33.70438903013784,32.718603240859636,33.70438903013784,55659000
2022-12-14,32.521446228027344,33.16924870177989,32.380622250415534,32.85004267190876,54685100
2022-12-15,31.883037567138672,32.14591546654631,31.676494995011073,32.0144747261455,70330100
2022-12-16,31.638940811157227,31.73282347383665,31.347898826620597,31.545054567083792,59619300
2022-12-19,31.553918838500977,31.875126525019308,31.355523205760562,31.553918838500977,37456800
2022-12-20,31.68617057800293,31.903457534748032,31.563354957633795,31.67672128205505,45446400
2022-12-21,32.177433013916016,32.27190436073894,31.96959172628454,31.988486716419303,31318100
2022-12-22,31.894004821777344,31.997925442967464,31.374405319676825,31.9695847658611,25605100
2022-12-23,32.073509216308594,32.12074488507537,31.714511646750196,31.875117245177844,17116200
2022-12-27,32.06406784057617,32.215224180278156,31.93180649381836,32.13964781235287,25601100
2022-12-28,31.950695037841797,32.205771985326365,31.91290505958097,32.12074633616484,24395100
2022-12-29,32.39471435546875,32.451395712155154,32.04516250460146,32.12074245198365,26624200
2022-12-30,32.309688568115234,32.375819219845646,32.04516235734338,32.1585322778957,24735700
2023-01-03,32.42306137084961,32.77260968618534,32.186879394894206,32.545877007424686,37396500
2023-01-04,32.94266128540039,33.17884326342217,32.659243632544445,32.75371498221276,44669300
2023-01-05,32.6970329284668,32.82929425677001,32.470296648624924,32.82929425677001,45585700
2023-01-06,33.42447280883789,33.528393450405225,32.687582624929,32.91431889778961,41229700
2023-01-09,33.30165481567383,33.72678304472913,33.21662916986276,33.53783676472116,48726600
2023-01-10,33.490604400634766,33.51894508408502,33.13160679357771,33.24497313122961,34663700
2023-01-11,33.8023681640625,33.8023681640625,33.509504777728075,33.57563545231014,32014700
2023-01-12,33.868492126464844,34.06688771474376,33.65120515249343,33.91573140224839,56642400
2023-01-13,34.12357711791992,34.17081280097989,33.31111039542275,33.433926054459945,65920900
2023-01-17,33.896827697753906,34.05742966180439,33.79290708390955,34.038534677119074,65345200
2023-01-18,33.26387023925781,33.915734830922354,33.23552955400323,33.7078935287857,53693000
2023-01-19,32.87652587890625,33.046577166867785,32.649793230857846,32.85763089092714,61169500
2023-01-20,33.39612579345703,33.415020781639036,32.81984487123323,32.97100117283874,42330100
2023-01-23,33.78346633911133,33.925176958188565,33.32055171064709,33.424472350790296,44997300
2023-01-24,33.8023681640625,33.95352450651457,33.3488991367063,33.72679179476221,34333500
2023-01-25,34.06689453125,34.07634022598626,33.50005554308448,33.50950484167222,38458700
2023-01-26,34.24637985229492,34.30306481288481,33.925172283319384,34.151908521828695,29944200
2023-01-27,34.24637985229492,34.44477180858416,34.151908521828695,34.199144187061805,30787400
2023-01-30,34.076332092285156,34.32196334301579,34.01964712584333,34.0668863998035,31595000
2023-01-31,34.53925323486328,34.54869892814521,33.98186363110554,34.14246564385477,30282100
2023-02-01,34.53925323486328,34.84156587379789,34.10467566302521,34.18025562468433,51418700
2023-02-02,34.63371658325195,34.775427176704454,34.359744691297166,34.728187909653556,42107300
2023-02-03,34.56759262084961,34.86045955550771,34.350305645013265,34.35975133794059,43155000
2023-02-06,34.55814743041992,34.56759312348459,34.2936211745482,34.36920113446894,32273600
2023-02-07,34.954933166503906,35.058853814696164,34.34085857474113,34.34085857474113,33000500
2023-02-08,34.74708557128906,35.0493981636729,34.652614237613,34.699849904451035,34555500
2023-02-09,34.3597526550293,34.99272222094688,34.28417629716132,34.88880157550885,44329600
2023-02-10,34.47312545776367,34.50146614383416,34.07633783352072,34.189704181653894,28108900
2023-02-13,34.869911193847656,34.869911193847656,34.42588786968969,34.45423216100602,32209000
2023-02-14,34.68095397949219,35.03050583311576,34.463667034830394,34.80376959303156,33525300
2023-02-15,34.718753814697266,34.73764880705858,34.35975616753496,34.40699184651258,28510000
2023-02-16,34.36920166015625,34.63372431622308,34.303070996139546,34.38809665042544,34379100
2023-02-17,34.3786506652832,34.42588634358124,34.095232991643734,34.19915364621016,35889800
2023-02-21,33.67009735107422,34.133015546885375,33.51894105110841,34.085779878868024,36425200
2023-02-22,33.6323127746582,33.80236408990212,33.45281576583453,33.670102756679306,31065200
2023-02-23,33.6606559753418,33.934624326513784,33.34889403951898,33.77402231389058,42357600
2023-02-24,33.688995361328125,33.79291600259941,33.31110277558722,33.367787744603596,48732600
2023-02-27,33.6795539855957,34.057443015925124,33.613423315191774,34.000761643493895,31664600
2023-02-28,33.74567794799805,33.91572923919125,33.641757314063256,33.72678295965986,32531400
2023-03-01,33.6323127746582,33.78346909889157,33.50005144143539,33.59452639648814,32790300
2023-03-02,33.47170639038086,33.50949636747217,33.074918838623255,33.43391641328955,38401900
2023-03-03,34.000762939453125,34.01020863393461,33.537844625129964,33.6039752980545,33091600
2023-03-06,34.02910232543945,34.236943634597864,33.92518167086025,34.01965302746794,30111100
2023-03-07,33.1505012512207,33.93462351283711,33.065475598385106,33.9062828298422,53804400
2023-03-08,33.02768325805664,33.292209494557035,32.85763196453874,33.11270890481559,50860300
2023-03-09,31.68617057800293,32.895420982097576,31.52556498154322,32.838736017961715,107108500
2023-03-10,31.109888076782227,31.85622393572081,30.731995499032113,31.31772935492986,166569400
2023-03-13,29.881742477416992,30.53360522844623,29.63611481081077,30.004558112645558,165965900
2023-03-14,30.486364364624023,31.034304575550717,30.108473631954677,31.02485888391849,128115500
2023-03-15,29.673904418945312,29.79672006008993,29.248776125637853,29.626668742766945,132235000
2023-03-16,30.240739822387695,30.5525017729381,29.192093032608934,29.475512496220514,133892600
2023-03-17,29.267671585083008,29.957322559102728,29.192093420833253,29.957322559102728,136760600
2023-03-20,29.59331703186035,29.849659961786255,29.45090489663548,29.498375004754255,75384500
2023-03-21,30.343358993530273,30.419314073297826,30.200946840703647,30.267405724631487,115899200
2023-03-22,29.640790939331055,30.428806786842888,29.621803980170927,30.343359132581586,67874100
2023-03-23,29.44141387939453,30.001569911417636,29.23254284457204,29.69775683863265,82366300
2023-03-24,29.422426223754883,29.45090937948282,28.85277578527794,29.080635598494954,76619100
2023-03-27,29.830673217773438,29.992074131541973,29.659777919563382,29.92561525131999,61393300
2023-03-28,29.82118034362793,29.925616766905193,29.6407906518405,29.79269718886083,42980100
2023-03-29,30.257911682128906,30.267404255770412,30.011063117470094,30.143980878875347,52147200
2023-03-30,30.191448211669922,30.49526124455755,30.02055473882202,30.476272477284944,45061700
2023-03-31,30.523752212524414,30.533244787160065,30.248420465499873,30.3623494698164,49034400
2023-04-03,30.58070945739746,30.704134636105394,30.40032159754518,30.495261813943834,51213500
2023-04-04,30.295886993408203,30.704136467398502,30.09651035403731,30.656666356367907,45939300
2023-04-05,30.257911682128906,30.343357520983222,30.058533229152346,30.068027613662533,57965300
2023-04-06,30.371841430664062,30.428805928274713,30.17246478359242,30.20094612696338,36762300
2023-04-10,30.43829917907715,30.447791752036604,30.19144882128598,30.257909508082054,27900700
2023-04-11,30.704137802124023,30.837055567482626,30.4952649584248,30.514253728009955,53912600
2023-04-12,30.63767433166504,31.017438801288595,30.56171926469817,30.856039716589393,63645800
2023-04-13,30.913009643554688,30.931998412524184,30.44779385814543,30.65666669507253,58550300
2023-04-14,31.216821670532227,31.473164610531214,31.064915145540663,31.235810438873326,65276200
2023-04-17,31.57760238647461,31.587098583012196,31.064920047317017,31.197837824940756,69670600
2023-04-18,31.67255210876465,31.739011009884386,31.406716504285704,31.6440707573529,49507500
2023-04-19,31.748489379882812,31.833937017621118,31.5681015320961,31.62506783116726,39478900
2023-04-20,31.653554916381836,31.739002569632742,31.530129723522187,31.53962591929313,39291800
2023-04-21,31.539627075195312,31.57760099445825,31.359235566311348,31.558615845695606,41545000
2023-04-24,31.463661193847656,31.634556447955866,31.38770975965312,31.520627485795863,32774200
2023-04-25,30.922500610351562,31.321257494515745,30.913008037228753,31.264291190567384,58534300
2023-04-26,30.628183364868164,31.007951521045303,30.49526559672743,30.837056212939345,54294200
2023-04-27,31.121877670288086,31.17884397502119,30.74211317061237,30.74211317061237,46398800
2023-04-28,31.492149353027344,31.520634316042095,30.903512028955603,30.969970906428035,54598700
2023-05-01,31.406707763671875,31.739002176791676,31.36873022453319,31.577599446321006,31950600
2023-05-02,30.69464683532715,31.292776810758077,30.409818898374134,31.28328423633722,76096700
2023-05-03,30.343358993530273,30.884526260792708,30.31487764948621,30.73261972299514,65642400
2023-05-04,29.954097747802734,30.238923859415742,29.678767831865777,30.07752293942899,76076600
2023-05-05,30.69464683532715,30.742116950906762,30.40032632395328,30.44779643953289,55019400
2023-05-08,30.74211311340332,30.96997108843728,30.70413557698526,30.86553467415621,34323600
2023-05-09,30.628183364868164,30.751608558886367,30.44779548263968,30.514254366710045,29736200
2023-05-10,30.457292556762695,30.89402341374364,30.191453391077975,30.82756452775687,39706100
2023-05-11,30.409814834594727,30.45728856556791,30.13448494146245,30.267402696018127,36693200
2023-05-12,30.28639030456543,30.609193916312563,30.087013680364915,30.609193916312563,36253000
2023-05-15,30.533241271972656,30.590207578441458,30.286392709880513,30.343357205480647,33208500
2023-05-16,30.2484188079834,30.56172445812014,30.22943003801488,30.476276804130563,31241400
2023-05-17,30.856042861938477,30.94149051011795,30.41931204757107,30.485770927073183,46818800
2023-05-18,31.083908081054688,31.121882001090512,30.685151135907887,30.799080139490805,42232500
2023-05-19,30.95098876953125,31.25480188070732,30.808578410895073,31.159861641616533,40132900
2023-05-22,31.007951736450195,31.121880735399753,30.818067657042548,31.055421850867713,35286200
2023-05-23,30.647171020507812,31.03643173665381,30.62818225121564,30.87503263027647,42217200
2023-05-24,30.2484188079834,30.447795460046557,30.18195992396235,30.419314115962546,46610700
2023-05-25,30.23892593383789,30.343360552145118,30.058536231861602,30.17246704649633,41658900
2023-05-26,30.485769271850586,30.56172072069895,30.25790949269983,30.305379600947198,44183000
2023-05-30,30.476276397705078,30.59970158998572,30.276899748300767,30.533242706850952,57900500
2023-05-31,30.153474807739258,30.324370104602878,29.897131862443835,30.29588695150272,67667900
2023-06-01,30.476276397705078,30.542735280839846,30.115498827458293,30.324371672588995,48643400
2023-06-02,31.140867233276367,31.254796223912933,30.77059529740454,30.77059529740454,65752900
2023-06-05,30.979469299316406,31.178845945879324,30.837055339350066,31.178845945879324,53591100
2023-06-06,31.368728637695312,31.416198748348577,30.9319978249056,30.950982971777076,46236100
2023-06-07,31.492149353027344,31.558611852236965,31.207325075040192,31.397209134277357,48467100
2023-06-08,31.463661193847656,31.51113129293629,31.21681450554491,31.38770975965312,36261200
2023-06-09,31.47316551208496,31.60608327254287,31.38771786297097,31.406706631856007,34021700
2023-06-12,31.463661193847656,31.58708634886723,31.22630707666807,31.501638721813126,33655200
2023-06-13,31.653554916381836,31.78647268327491,31.39721195662911,31.435189496237854,46054400
2023-06-14,31.53013038635254,31.89090977674489,31.425693961101786,31.729507040883473,57195400
2023-06-15,31.9478702545166,32.0238216997265,31.397206884362916,31.425688223599508,52241800
2023-06-16,31.881410598754883,32.11876474452856,31.84343306621425,32.09027978425467,49861100
2023-06-20,31.64299964904785,31.728830715068327,31.452263542559173,31.671608791725127,50683100
2023-06-21,31.60483741760254,31.757425506239635,31.471323294793457,31.566689485946515,35967600
2023-06-22,31.356897354125977,31.557168629136825,31.25199231350449,31.547633460893348,38690000
2023-06-23,31.22338104248047,31.32828243796283,31.01357097553895,31.11847600900971,35529600
2023-06-26,31.156620025634766,31.414113204109643,31.070792604131505,31.175693998631612,25728300
2023-06-27,31.404571533203125,31.471328605873545,31.1947615116746,31.21383548072152,34348100
2023-06-28,31.328279495239258,31.37596624269277,31.185230166842892,31.366427438006845,36663200
2023-06-29,31.87187385559082,31.87187385559082,31.45225741347704,31.490405354938638,47471000
2023-06-30,32.14844512939453,32.281959303778905,32.02446976060241,32.08168804220234,44762300
2023-07-03,32.32963562011719,32.4250018173262,32.100751653633445,32.148434752237954,19128000
2023-07-05,32.26288986206055,32.348717286837356,32.043540983224815,32.138910851846546,39831600
2023-07-06,31.986318588256836,32.02446653080168,31.709751461788766,31.995853754899027,45808400
2023-07-07,32.03400421142578,32.30103255421962,31.852806927099724,31.852806927099724,33488700
2023-07-10,32.17705535888672,32.35825263291143,32.014928418558824,32.04353755709217,27254400
2023-07-11,32.55852508544922,32.5966730302331,32.224739663560904,32.29149674793857,33744600
2023-07-12,32.76832962036133,32.99720997450816,32.68249857805936,32.82554788990422,46546000
2023-07-13,32.88277053833008,32.930453643352735,32.758791554881,32.81601346370082,40453700
2023-07-14,32.66343307495117,33.130736345935524,32.61574995864385,33.12119753988091,47552700
2023-07-17,32.97814178466797,33.073507998756895,32.625278788965616,32.625278788965616,38568900
2023-07-18,33.35007858276367,33.37868772236946,33.00675435554118,33.05443746754692,47160800
2023-07-19,33.493125915527344,33.6266400763531,33.34053778344247,33.350076588066045,45599800
2023-07-20,33.74108123779297,33.75061640367507,33.42636619386745,33.435904997737296,45591500
2023-07-21,33.62663269042969,33.81736872313856,33.54080165761006,33.79829475606895,30615700
2023-07-24,33.950897216796875,34.05580226106382,33.636185721984816,33.645720890559645,32299800
2023-07-25,33.73155212402344,33.93182704495821,33.70294298017081,33.85553114403282,36218600
2023-07-26,33.93182373046875,34.036725127011124,33.64571776793437,33.69340452034906,35638700
2023-07-27,33.50267028808594,34.01765304571678,33.45498717100753,33.93182561776884,44072800
2023-07-28,33.56942367553711,33.779230095129726,33.38822275744883,33.769694927961616,32422700
2023-07-31,33.69340133666992,33.7983027233002,33.550348368919764,33.636179421972244,28627000
2023-08-01,33.69340133666992,33.72201047502472,33.51220042578798,33.62664061719525,26480300
2023-08-02,33.40729522705078,33.53127422258887,33.216562788362126,33.40729522705078,48923800
2023-08-03,33.42637252807617,33.50266842154183,33.11166106250142,33.20702729134506,31861600
2023-08-04,33.292850494384766,33.72200569886446,33.264241360081975,33.39775550414509,36195700
2023-08-07,33.760162353515625,33.81738063689504,33.49313035845378,33.50266916434269,33119300
2023-08-08,33.454978942871094,33.48358807848409,33.063968020225516,33.32146115470571,37254800
2023-08-09,33.207027435302734,33.53127770796059,33.16887948840453,33.435911478703524,38304200
2023-08-10,33.235633850097656,33.62664117875804,33.149802795611805,33.37868682023679,38097500
2023-08-11,33.30239486694336,33.35961678935667,33.05444047912952,33.1307363756806,27518700
2023-08-14,33.235633850097656,33.302390932699076,33.083045713010385,33.20702471126509,23773800
2023-08-15,32.62527847290039,32.99721179742704,32.58713053243924,32.95906749495372,57472100
2023-08-16,32.577598571777344,32.82555293319653,32.539450627562644,32.56806340471777,33566500
2023-08-17,32.415470123291016,32.73018151816441,32.320100277884215,32.68249841445482,38205400
2023-08-18,32.40593338012695,32.50130323159737,32.157979042279564,32.186588178726765,40860000
2023-08-21,32.36779022216797,32.52037836907905,32.11029704213271,32.453621282179725,32308300
2023-08-22,32.06261444091797,32.41547749215648,32.01493132636879,32.37732954532176,43133000
2023-08-23,32.37732696533203,32.38686213228668,32.07215069094914,32.11983380169869,30240500
2023-08-24,32.26288986206055,32.72065431747936,32.26288986206055,32.32964695110151,35784900
2023-08-25,32.415470123291016,32.539445465338424,32.148438194139594,32.396396154209654,40347200
2023-08-28,32.5966682434082,32.711108422966035,32.49176322965197,32.5203723650445,34905300
2023-08-29,32.89230728149414,32.901842446706226,32.52037035444797,32.56805709447087,43394300
2023-08-30,32.911376953125,33.10211299543613,32.844619884014215,32.93998972416349,33799900
2023-08-31,32.78740310668945,33.01628345746564,32.74925516889756,33.00674829201146,27999700
2023-09-01,33.083045959472656,33.18795098662445,32.95907059828251,32.98767973732821,41075700
2023-09-05,32.74925994873047,33.17841521655654,32.739724781884604,33.04490105278579,38612300
2023-09-06,32.730186462402344,32.79694354527766,32.49176726985105,32.66342937952704,35672800
2023-09-07,32.644351959228516,32.78740491484338,32.54898574747713,32.596668853352824,47632600
2023-09-08,32.71110916137695,32.777866237458284,32.548985873175944,32.67296122133396,39720800
2023-09-11,32.86369705200195,33.03535914299807,32.77786600650389,32.86369705200195,28965100
2023-09-12,33.083045959472656,33.32146515282195,32.81601762707766,32.85416557113071,48615200
2023-09-13,33.083045959472656,33.273782041749726,32.95907059828251,33.235634097696675,31994900
2023-09-14,33.388221740722656,33.43590848907579,33.14980255090948,33.311929491736265,65685500
2023-09-15,33.2165641784668,33.41683543026403,33.14980345654616,33.16887742881088,51800200
2023-09-18,33.30756378173828,33.35546003585123,33.068078856923584,33.17345280852204,32458700
2023-09-19,33.26924514770508,33.40335612023989,33.05849724557898,33.336300633972485,36112900
2023-09-20,33.03934860229492,33.48957786827077,33.02976715695993,33.38420389509003,31618000
2023-09-21,32.49331283569336,32.92438643108875,32.49331283569336,32.92438643108875,48103300
2023-09-22,32.24425506591797,32.56995475968484,32.24425506591797,32.54121773366881,41688300
2023-09-25,32.32089614868164,32.34005173231292,32.071829710463184,32.17720369169015,40141700
2023-09-26,31.889812469482422,32.22508989205289,31.83233477379184,32.081401134201194,46165400
2023-09-27,31.8419132232666,31.976024179686426,31.56410986825439,31.976024179686426,49360900
2023-09-28,32.07182312011719,32.18677486953869,31.861075200969243,31.870656645067,63638100
2023-09-29,31.774858474731445,32.27298756319505,31.698225198025504,32.22509130847259,52860500
2023-10-02,31.506635665893555,31.746120587226585,31.33420623019378,31.669487312609963,49350600
2023-10-03,31.008512496948242,31.43958616830075,30.88398294519687,31.353371434030247,52921800
2023-10-04,31.238414764404297,31.257573997259424,30.855237415801813,31.018089067945375,40136000
2023-10-05,31.382104873657227,31.439582574684593,31.085145887307945,31.152201378048115,41407800
2023-10-06,31.65033531188965,31.832342578157967,31.142624677771522,31.247998651913978,54057800
2023-10-09,31.669498443603516,31.736553952805018,31.334217243344835,31.36295792889632,61396600
2023-10-10,31.899391174316406,32.100557633635304,31.755702412338593,31.76528020143714,44743400
2023-10-11,31.947288513183594,32.11971795681232,31.70780358083814,31.99518842305274,35746400
2023-10-12,31.746122360229492,32.04308499479761,31.525796658808027,32.04308499479761,41991200
2023-10-13,31.813180923461914,32.244254578437776,31.640751461471567,31.947291915176525,53213800
2023-10-16,32.14846420288086,32.301734439963994,31.985612520464013,32.05266802079721,45589300
2023-10-17,32.301734924316406,32.51247921955906,31.99519444555368,32.00477223678031,41925200
2023-10-18,31.746122360229492,32.16761818403587,31.679066870851223,32.13887750698082,46942100
2023-10-19,31.324623107910156,31.861066901641802,31.305463878955557,31.68864114954897,66656200
2023-10-20,30.845661163330078,31.37252730322116,30.816920485490428,31.315049601792055,59921300
2023-10-23,30.65407371520996,30.99893262918613,30.62533486333689,30.7786069128681,55913700
2023-10-24,30.864824295043945,31.008513085387793,30.701972614220125,30.797768795366686,35825000
2023-10-25,30.74986457824707,30.96061249305224,30.66364985439497,30.74986457824707,59240100
2023-10-26,30.68280792236328,30.989348339025824,30.625332051020305,30.673230133076956,56046100
2023-10-27,30.127206802368164,30.682809974383165,30.04099207602529,30.644493333300293,73057300
2023-10-30,30.663652420043945,30.74028936065815,30.261319444570766,30.33795455805974,48978100
2023-10-31,30.998931884765625,31.00850967470147,30.66365076900688,30.721128471372733,41050100
2023-11-01,31.200098037719727,31.324631231094244,30.989350118816727,31.056405610422186,51764100
2023-11-02,31.937713623046875,31.956872857883784,31.43000668974519,31.48748074000552,47417000
2023-11-03,32.35920333862305,32.51247355128304,32.23467380313376,32.24425159269058,58801300
2023-11-06,32.26341247558594,32.49331597920514,32.09098302074638,32.445419720472,40599700
2023-11-07,32.215518951416016,32.29215224104388,32.11014498070842,32.16762268861728,27442000
2023-11-08,32.25383377075195,32.282574451833156,32.052667274436594,32.205937507950765,30165800
2023-11-09,32.119720458984375,32.40710532358666,32.062246409464194,32.359205409986046,34336600
2023-11-10,32.48373031616211,32.51246733358702,32.08139745521571,32.27298244371433,35146100
2023-11-13,32.43583679199219,32.52205150575397,32.32088505839305,32.36878130953855,28327300
2023-11-14,33.048919677734375,33.23092690535713,32.7615384983432,32.79027552000733,54296300
2023-11-15,33.230926513671875,33.326722675173116,33.09681554182006,33.10639698509514,35000200
2023-11-16,33.36504364013672,33.4033584533586,33.22135121424157,33.32672517266465,33222500
2023-11-17,33.537471771240234,33.54705321590072,33.40336077999699,33.489575510689136,31336100
2023-11-20,33.67158508300781,33.748218366004046,33.422518691206875,33.48957418417245,37285400
2023-11-21,33.65242004394531,33.738634756351225,33.59494235092482,33.62367937031023,27285700
2023-11-22,33.786537170410156,33.85359266404215,33.671585417648224,33.729059466904026,32719200
2023-11-24,33.89190673828125,33.94938078008439,33.77695134617525,33.786532789309014,13168500
2023-11-27,33.77695083618164,33.83442853136679,33.70031756351791,33.767373047442355,35017000
2023-11-28,33.76737594604492,33.882327692032916,33.6811612229914,33.73863892311046,39329300
2023-11-29,34.006858825683594,34.208025282562026,33.86316641119905,33.86316641119905,36651300
2023-11-30,34.390037536621094,34.390037536621094,33.978123163160866,34.083497117429765,37334500
2023-12-01,34.648677825927734,34.68699629164552,34.27508192080438,34.33255961938106,51267600
2023-12-04,34.6103630065918,34.744473982323534,34.409192888744165,34.44751135445324,41366600
2023-12-05,34.437931060791016,34.5145643323863,34.2846608633507,34.50498654378055,39510900
2023-12-06,34.26551055908203,34.754058298751325,34.21761429507535,34.629528743184096,35616100
2023-12-07,34.428348541259766,34.44750777212186,34.265500560306435,34.351715272061035,26050900
2023-12-08,34.6103630065918,34.66783705090539,34.35171884443058,34.390037310139654,33213100
2023-12-11,34.821109771728516,34.88816526443223,34.61994329361736,34.61994329361736,31165700
2023-12-12,35.07017517089844,35.07975296062088,34.76363474027779,34.90732351161549,37245700
2023-12-13,35.63535690307617,35.67367536737811,35.01269464804431,35.07975013344775,56989000
2023-12-14,35.98979568481445,36.12390666353081,35.79820700625533,35.92274019545628,66865700
2023-12-15,35.77904510498047,35.865259821190655,35.62577490441234,35.69283038877028,69246200
2023-12-18,35.89841842651367,36.02356446252657,35.85991025896771,35.95617700549163,43434000
2023-12-19,36.167972564697266,36.17760144390169,35.78289818803129,35.879168618368496,32509000
2023-12-20,35.522979736328125,36.15834993242845,35.522979736328125,36.07170837512651,52985700
2023-12-21,35.86954116821289,35.87917004780094,35.54222903670907,35.677007644550756,27522200
2023-12-22,35.946556091308594,36.09095990067532,35.8117811611484,35.97543538424537,30331400
2023-12-26,36.09096145629883,36.158348924283516,35.91767834652632,35.97543693488944,17837600
2023-12-27,36.20647430419922,36.20647430419922,35.95617490213342,36.013937150073396,32640800
2023-12-28,36.312374114990234,36.38938678212752,36.13909102350486,36.14871622976908,25308000
2023-12-29,36.19684982299805,36.36050770920135,36.09095786409146,36.30274545424585,30218300
2024-01-02,36.35087966918945,36.370133754618834,36.03319644045798,36.10058390329015,31351900
2024-01-03,36.042823791503906,36.24498986437034,35.98506520412051,36.18722760464543,46909000
2024-01-04,36.18722915649414,36.4760331228207,36.11984168676267,36.16797506909348,36904200
2024-01-05,36.34125900268555,36.53379620869131,36.16797588451454,36.18722997234929,44852300
2024-01-08,36.57229995727539,36.59155037043812,36.158346299791816,36.350879810149586,39098300
2024-01-09,36.34125900268555,36.38939238610155,36.22573814801879,36.37976717835505,36338100
2024-01-10,36.39902114868164,36.42790044416966,36.167975767752274,36.28349662204609,37095500
2024-01-11,36.26424789428711,36.399026528616126,35.97544387969521,36.35088946589891,49043500
2024-01-12,36.19684982299805,36.572298971696966,36.05244969412112,36.437520376800805,41333900
2024-01-16,35.946556091308594,36.01394355638869,35.74439369606831,35.888793833093615,44042100
2024-01-17,35.87916564941406,36.02356577445882,35.61924101752417,35.63849510199836,38715900
2024-01-18,35.93693542480469,35.975439929471335,35.571115087907366,35.831039774202154,42064900
2024-01-19,36.51454162597656,36.562675008740214,35.95618410336143,36.071708628804245,59417700
2024-01-22,36.68782424926758,36.8707325702506,36.60118269251948,36.66857016195226,51828800
2024-01-23,36.745582580566406,36.77446554750718,36.59155355546829,36.66856990418816,46255500
2024-01-24,36.88998794555664,37.09215036091335,36.86110864974619,36.89961682572132,43975500
2024-01-25,37.07289505004883,37.11140322475373,36.841853346502745,37.03439054768559,50693800
2024-01-26,37.20766830444336,37.275055764303815,36.97662296182098,37.015131130981565,38620200
2024-01-29,37.30393981933594,37.33281911372418,36.9958817713894,37.092148534244586,44175600
2024-01-30,37.775657653808594,37.8141621574649,37.32319576668548,37.342449854684524,43229300
2024-01-31,37.313560485839844,37.97781355466637,37.29431007348476,37.6986348350825,65780900
2024-02-01,37.3713264465332,37.40020574027133,36.82259783145956,37.24617671976543,63445600
2024-02-02,37.525352478027344,37.69863557133664,37.226919667918835,37.24617375299112,61778400
2024-02-05,37.30393981933594,37.42908954892097,37.14028558801379,37.31356502668481,37351300
2024-02-06,37.38095474243164,37.4387133290062,37.207671638025026,37.25580501761765,41055700
2024-02-07,37.66013717651367,37.70827056551759,37.32319978114407,37.58312448857584,39018700
2024-02-08,37.51573181152344,37.631252663595326,37.27506122750769,37.48684884424921,47331500
2024-02-09,37.62162780761719,37.64087822285766,37.37132834139057,37.467595106959756,50680400
2024-02-12,37.7949104309082,37.95856835295462,37.53498940753557,37.62163097277379,39952700
2024-02-13,37.28468322753906,37.602370133834114,36.986250406989896,37.506099705104695,62948300
2024-02-14,37.6408805847168,37.66976355407324,37.36170547811203,37.50610563552651,58722500
2024-02-15,38.2858772277832,38.36288990561757,37.74677379357581,37.75640267351868,58107900
2024-02-16,38.151100158691406,38.3243832645776,38.07408381281243,38.247366918698624,37900000
2024-02-20,38.04520797729492,38.17998292249163,37.85267076743884,37.88155006359761,39952200
2024-02-21,38.160728454589844,38.160728454589844,37.86229927100688,37.99707421486264,40242400
2024-02-22,38.60355758666992,38.73833618933659,38.30512843304729,38.37251589820991,55188200
2024-02-23,38.79609680175781,38.959754705945144,38.7190841256956,38.74796342017623,42190500
2024-02-26,38.60355758666992,39.01751125686399,38.5361701215073,38.7575866030904,38370000
2024-02-27,38.70945358276367,38.71908246207124,38.44952892658123,38.64206611697654,42599500
2024-02-28,38.853858947753906,38.988633884719015,38.62281357556971,38.63244245526242,40040800
2024-02-29,38.83460235595703,39.036764748365634,38.67094446281099,38.95012319842747,37629700
2024-03-01,38.786468505859375,38.911614553537945,38.66131878583948,38.82497667699493,40794900
2024-03-04,38.88274383544922,38.98863949325255,38.709460699469616,38.71908958054745,53413200
2024-03-05,38.89236831665039,39.113784815943994,38.74796449555635,38.74796449555635,50770200
2024-03-06,39.09453582763672,39.21005669617498,38.776848848728754,38.950131987707245,58459500
2024-03-07,39.03676986694336,39.3159486391663,38.89236971300662,39.238932285859896,35505100
2024-03-08,39.104164123535156,39.30633024986444,39.056030730539604,39.09453891387304,47266600
2024-03-11,39.17154312133789,39.21005129632819,38.892368033512454,38.95975550357463,36233100
2024-03-12,39.33519744873047,39.450718290845394,39.123406177901984,39.25818110575962,53199300
2024-03-13,39.62400817871094,39.63363338706064,39.383337574206536,39.41221687159763,43471400
2024-03-14,39.30632019042969,39.71064499492682,39.09452890864078,39.63362864797029,65563400
2024-03-15,39.26780700683594,39.4507152990084,39.007882377533335,39.084895042322394,67568000
2024-03-18,39.49296188354492,39.54127649120443,39.212735684652465,39.4059941152905,39140600
2024-03-19,39.68622589111328,39.70555247233151,39.50262889879277,39.521955480011,36748300
2024-03-20,40.15971374511719,40.18870177085002,39.570265980762464,39.63790716491779,52255300
2024-03-21,40.488258361816406,40.584887572044515,40.20802849151956,40.25634309663362,49209200
2024-03-22,40.0244255065918,40.623538370943876,39.99543748244078,40.536570612322954,32033000
2024-03-25,39.869815826416016,40.06307791822219,39.869815826416016,39.9954367390152,31784000
2024-03-26,40.005104064941406,40.13072129826183,39.87948314545297,40.01476551128605,30135500
2024-03-27,40.47859191894531,40.48825705135615,40.092071404375076,40.19836205771851,36670300
2024-03-28,40.700843811035156,40.79747670849853,40.45926709662892,40.52690828176922,41490200
2024-04-01,40.47859191894531,40.77814835882582,40.401289290498454,40.7394952015184,37537700
2024-04-02,40.26600646972656,40.41095397817187,40.19836528209696,40.35297423756009,36359800
2024-04-03,40.24667739868164,40.54623013044683,40.14038306695811,40.27566542145435,39715900
2024-04-04,39.79251480102539,40.662192406029696,39.744200197673585,40.58488609173244,52657500
2024-04-05,40.169376373291016,40.27567071899566,39.81184386278572,39.947126235075935,47540300
2024-04-08,40.34331130981445,40.410952494961414,40.15971433386816,40.17904091336274,35165700
2024-04-09,40.111392974853516,40.46892913891132,39.79251365299702,40.36263480290321,51953600
2024-04-10,39.51228713989258,39.879484780903944,39.386666215252454,39.72487582987308,59492800
2024-04-11,39.232059478759766,39.550942531730556,38.99048274875221,39.492962789508134,56870800
2024-04-12,38.71025466918945,39.135428366396425,38.565307163735525,38.971157967305615,81234800
2024-04-15,38.516990661621094,39.3673417003516,38.40103487466585,39.2127327556886,71800600
2024-04-16,38.25608825683594,38.63294733774017,38.19810851893987,38.54597957398011,66751300
2024-04-17,38.35272216796875,38.60396404347779,38.198113200797245,38.430028494638776,41561900
2024-04-18,38.488006591796875,38.826212541076764,38.40103882110085,38.526656067308586,48893400
2024-04-19,39.019474029541016,39.09677666547725,38.62328834417597,38.7005909801122,55513600
2024-04-22,39.49296188354492,39.715212027713285,39.06778817550566,39.23205857878165,50701200
2024-04-23,39.74420166015625,39.84083087041556,39.570266132755016,39.67656047574111,36488600
2024-04-24,39.73453903198242,39.79251877349345,39.53161546594631,39.63790981563236,33957500
2024-04-25,39.502620697021484,39.64756449681143,39.16441112517622,39.541270165264855,50365700
2024-04-26,39.444644927978516,39.66689505891764,39.34801571841127,39.43498348148901,35796900
2024-04-29,39.386661529541016,39.60891532598967,39.24171772866269,39.43497981600151,36596100
2024-04-30,39.000144958496094,39.38666548583101,39.000144958496094,39.29969772210124,34481600
2024-05-01,39.000144958496094,39.473633249560784,38.922838641328255,38.9711569326422,54717600
2024-05-02,39.096778869628906,39.328694162848905,38.816548965453904,39.27071441800177,37085100
2024-05-03,39.18374252319336,39.41565779202479,38.99048041352852,39.32869002698402,45012600
2024-05-06,39.68622589111328,39.68622589111328,39.39633454517673,39.48330231757454,42335600
2024-05-07,39.82150650024414,39.89881282167466,39.71521215136132,39.782853339528884,42601200
2024-05-08,39.96644973754883,40.034090918485745,39.67655843550947,39.782849086861845,28390900
2024-05-09,40.26600646972656,40.26600646972656,39.86015934394894,39.86982079096677,31594800
2024-05-10,40.420616149902344,40.497918778886124,40.36263641353851,40.410951017424374,34306800
2024-05-13,40.256343841552734,40.60421490268001,40.256343841552734,40.536573717035054,29570100
2024-05-14,40.459266662597656,40.48825837460972,40.25634310935366,40.410952057468336,30638300
2024-05-15,40.75881576538086,40.797468916984215,40.54622711772983,40.55589224871438,36138300
2024-05-16,40.75881576538086,40.95207783723022,40.73948918957918,40.797468916984215,36032700
2024-05-17,41.058380126953125,41.058380126953125,40.778150252711434,40.826464858505624,29813200
2024-05-20,40.4979248046875,41.02939289884663,40.4785982230239,40.97141684002437,35719600
2024-05-21,40.75881576538086,40.797468916984215,40.55589224871438,40.57521882451606,33413400
2024-05-22,40.52690887451172,40.845791911552595,40.43994110860677,40.67185637974269,38661100
2024-05-23,39.96644973754883,40.52690576333586,39.81184079738331,40.488256292920404,51768500
2024-05-24,40.208030700683594,40.21769214777,40.043756610868336,40.043756610868336,23477300
2024-05-28,39.76352310180664,40.12105555697292,39.61857561897749,40.12105555697292,31004900
2024-05-29,39.444644927978516,39.57026584935039,39.328689139264206,39.444644927978516,40620200
2024-05-30,39.6572380065918,39.74420577930589,39.38666955472104,39.48330246116362,32769300
2024-05-31,40.23701477050781,40.275667927388206,39.618579005093224,39.73453478956648,38664000
2024-06-03,39.985782623291016,40.2756739710585,39.63791153150263,40.227359360792,37855000
2024-06-04,39.80217742919922,40.1017338767448,39.61858045654306,39.77318940356089,27586400
2024-06-05,39.91814041137695,39.96645502040854,39.6282453848507,39.92780185871592,23817300
2024-06-06,39.8988151550293,40.10173873139931,39.74420618929474,39.98578292864052,39040200
2024-06-07,40.0824089050293,40.304659044894876,39.831170738362886,39.90847337188786,42273300
2024-06-10,39.927799224853516,39.97611383069799,39.66689592989157,39.908472645282096,31615200
2024-06-11,39.4736328125,39.75386267987851,39.28037439405639,39.73453610080054,54584900
2024-06-12,39.434974670410156,39.92778942696089,39.376994945923556,39.87947483297235,46399800
2024-06-13,39.40599060058594,39.4446437577333,39.135425872890316,39.43498231153043,39497900
2024-06-14,39.280372619628906,39.35767524628072,39.009804210927854,39.13542512617592,29083000
2024-06-17,39.62824249267578,39.637907625477744,39.11610103921538,39.18374222415663,36076900
2024-06-18,39.87948989868164,39.87948989868164,39.54128024065821,39.579933404918364,38900300
2024-06-20,40.09206771850586,40.19835836207745,39.753858152411276,39.79251130616511,42869100
2024-06-21,39.937461853027344,40.03409105865615,39.705546598883124,39.995437901937464,42530600
2024-06-24,40.34783172607422,40.600064678413624,40.008286655470464,40.10529847542476,45252000
2024-06-25,40.04708480834961,40.396333243430405,39.930669896910445,40.270214930592715,32845400
2024-06-26,39.79484939575195,39.88216149906403,39.60082208830699,39.86275839824323,37978500
2024-06-27,39.7463493347168,39.7948552435151,39.50381608996165,39.678440322246445,25466100
2024-06-28,39.882164001464844,40.134396926435464,39.717239484521386,39.83365809675088,44045100
2024-07-01,39.96947479248047,40.30901981504691,39.80455028097449,40.047083497311434,36131100
2024-07-02,40.43513870239258,40.43513870239258,39.872459856072474,39.89186295774867,27033100
2024-07-03,40.309017181396484,40.512744181625536,40.289614081265675,40.47394168212687,21113200
2024-07-05,40.29932403564453,40.396335851312784,40.066490496971774,40.396335851312784,21421100
2024-07-08,40.192604064941406,40.60005808348049,40.144098162843385,40.35752487222729,27779300
2024-07-09,40.503047943115234,40.764984266120386,40.18290231474341,40.23141191959727,33140000
2024-07-10,40.65827560424805,40.667975306322894,40.28962401241819,40.30902711733174,28445400
2024-07-11,40.978416442871094,41.046325451663655,40.57095868935232,40.697077006008534,45836600
2024-07-12,41.114234924316406,41.28885914911412,40.82319578324138,40.9299072977169,39041200
2024-07-15,41.71571350097656,41.75451970404436,41.23064706491869,41.259749866837936,46561200
2024-07-16,42.19108200073242,42.21048140231423,41.667209339702715,41.74481804832006,52243100
2024-07-17,42.511226654052734,42.588839068393,42.07466607529775,42.142575087463676,54773300
2024-07-18,41.99705123901367,42.79255986620698,41.90003573523213,42.36569905109433,58731300
2024-07-19,41.5701904296875,42.064960247134564,41.521684528171505,41.977648144100556,47220000
2024-07-22,41.80302810668945,41.880636816701674,41.47318276241979,41.66721008859549,29071100
2024-07-23,41.88064193725586,42.09407239222064,41.812732919905955,41.90974844523717,23800400
2024-07-24,41.308265686035156,41.8418381058241,41.308265686035156,41.75452598616673,47786900
2024-07-25,41.46348190307617,42.07466296742424,41.376169793774544,41.3858694944688,44862000
2024-07-26,42.113468170166016,42.239586480771926,41.66720793357678,41.68661103526717,32636300
2024-07-29,42.055267333984375,42.23959498678048,41.84184057393771,42.21048847800194,35195700
2024-07-30,42.54032516479492,42.68584657661139,42.29779194560963,42.31719504723604,31418700
2024-07-31,42.43361282348633,42.79256094461617,42.40450632123682,42.637339835417066,38694800
2024-08-01,41.83213424682617,42.64704612114971,41.6478103076777,42.588840509189,47060900
2024-08-02,40.803794860839844,41.50228809659271,40.5515582112028,41.35677036866087,78599800
2024-08-05,39.6202278137207,39.9985790528821,39.44560359552878,39.91126694378614,107913600
2024-08-06,40.26051330566406,40.7358800308619,39.68813477569759,39.79484998140097,57668900
2024-08-07,40.309017181396484,41.09482608326091,40.25081158176701,40.706771482170666,43912600
2024-08-08,40.95901870727539,41.00752461980265,40.51275469003839,40.570964005529454,41260500
2024-08-09,41.13364028930664,41.240351809650775,40.784391820504254,40.949312652570015,23838800
2024-08-12,40.92020034790039,41.31795463375452,40.832888250968374,41.211239437419515,20509300
2024-08-13,41.25974655151367,41.28885305185735,40.86199225393731,41.16273475240253,24922000
2024-08-14,41.76422119140625,41.84183360086268,41.327660640122296,41.356767144050146,30673000
2024-08-15,42.15227127075195,42.385101072371725,42.01645326967992,42.161970970501535,33329000
2024-08-16,42.46272277832031,42.46272277832031,42.10377459672141,42.10377459672141,25338900
2024-08-19,42.69554901123047,42.705252413046686,42.472418879382516,42.472418879382516,24458600
2024-08-20,42.559730529785156,42.6858488466823,42.47241841820459,42.64704264136573,19620400
2024-08-21,42.4918212890625,42.67614891292896,42.26869116085458,42.62763930616616,19914100
2024-08-22,42.734352111816406,42.734352111816406,42.501522295833524,42.54032479798854,24738700
2024-08-23,43.103004455566406,43.209719665234005,42.77315912603167,42.86047123387214,32762500
2024-08-26,43.23882293701172,43.471656460701794,43.14181112758612,43.24852633841226,23716300
2024-08-27,43.46195602416992,43.481359127531334,43.24852928872149,43.326138001403585,21583500
2024-08-28,43.568668365478516,43.811201590336616,43.30673203854017,43.34553824270066,24726200
2024-08-29,43.95672607421875,44.10224379883435,43.4134502803352,43.71419283242917,33726600
2024-08-30,44.37388610839844,44.41268861674499,43.879116194151045,44.082843240834656,28967700
2024-09-03,44.044044494628906,44.50970794143755,43.84031372977929,44.1410563249275,39893900
2024-09-04,44.0925407409668,44.40298297076405,43.86941061959772,44.121643543521756,32006100
2024-09-05,43.607479095458984,44.29627263735951,43.41345175528264,44.276869533265504,39523500
2024-09-06,42.967185974121094,43.85000674341284,42.87017046604532,43.60747352436826,51331300
2024-09-09,43.607479095458984,43.850012345488494,43.31643993557631,43.37464554709462,41010900
2024-09-10,43.16121292114258,43.791797064818724,42.66644308608692,43.75299086191961,59115000
2024-09-11,42.95747756958008,43.02538656694199,42.084360303171415,42.996283768290546,59397500
2024-09-12,43.054500579833984,43.19031859825953,42.68584902927647,43.0350974770927,37732700
2024-09-13,43.18061447143555,43.35523869241145,43.08360266012156,43.18061447143555,32912300
2024-09-16,43.74329376220703,43.75299346312688,43.364942513354926,43.364942513354926,37063700
2024-09-17,43.976131439208984,44.121649171308114,43.79180379748082,43.84030970818053,27893300
2024-09-18,43.84030532836914,44.3253717884338,43.743293516661566,43.99552644755929,41783900
2024-09-19,44.32537078857422,44.4417894009133,43.985825754493526,44.286568285224504,46457700
2024-09-20,44.2962646484375,44.2962646484375,43.98582244044971,44.22835564673786,48699200
2024-09-23,44.24271774291992,44.4666571165048,44.16482756323989,44.29140328367839,31615300
2024-09-24,43.87273406982422,44.10640832933562,43.71694999208815,44.10640832933562,40341400
2024-09-25,43.6098518371582,43.9506283785215,43.47354122061288,43.89221166525107,32546900
2024-09-26,43.83378982543945,43.92141860670738,43.590376956826965,43.736422449483086,31445200
2024-09-27,43.960357666015625,44.24271372014091,43.86299030753712,43.9311456013796,23226100
2024-09-30,44.12588119506836,44.145354668790105,43.65852896830243,43.85325999133457,23593400
2024-10-01,43.892208099365234,44.116147481808675,43.600109700000765,44.00904523059976,32703000
2024-10-02,43.940887451171875,44.03825110268192,43.64879278245652,43.8727321522778,37709400
2024-10-03,43.70721435546875,43.862998443746015,43.4930098412679,43.77536966195345,23545700
2024-10-04,44.44718551635742,44.48612874749189,43.960359842417844,44.135617382170906,40432000
2024-10-07,43.90194320678711,44.46665910583354,43.71695077185879,44.44718934568147,26599300
2024-10-08,44.155086517333984,44.26218875835841,43.989567573339926,44.06745774869446,28763000
2024-10-09,44.564022064208984,44.65165083295698,44.06745780324199,44.15508657198999,28334300
2024-10-10,44.42771530151367,44.651654682244796,44.242719154772665,44.612707734069275,34127400
2024-10-11,45.284523010253906,45.37215178101019,44.68086020848017,44.71006856067054,52850300
2024-10-14,45.56687927246094,45.61556109374287,45.23583768788497,45.3624133945659,35850800
2024-10-15,45.66424560546875,46.14133264319476,45.60582519272922,45.878446357144085,42356800
2024-10-16,46.22896194458008,46.24843541572046,45.75187490128774,45.839503664327026,44973700
2024-10-17,46.35554122924805,46.55027224150317,46.326332877374576,46.42369652640957,45823400
2024-10-18,46.36528015136719,46.462647523077415,46.102393819027775,46.3555452712889,34279600
2024-10-21,45.99528503417969,46.39448188379128,45.90765627625594,46.28737965586396,26207400
2024-10-22,45.90766525268555,45.98555543374524,45.547411558455245,45.761616056193766,30018700
2024-10-23,45.86871337890625,45.97581561627306,45.64477402540516,45.85897478595383,20697200
2024-10-24,45.90766525268555,45.96608195993398,45.62530545370029,45.87845318487598,19617500
2024-10-25,45.401363372802734,46.170545114528494,45.294261130310694,46.09265493810664,25526500
2024-10-28,45.966087341308594,46.00503429349074,45.625310795179274,45.63504567613192,31415900
2024-10-29,45.683719635009766,45.97581801184266,45.64477640372584,45.849242296160746,27930900
2024-10-30,45.88819122314453,46.18028589840532,45.70319508127063,45.74214202842148,28704300
2024-10-31,45.255313873291016,45.96607890635096,45.255313873291016,45.82976831291277,53417100
2024-11-01,45.41109848022461,45.761613561347104,45.29426135791216,45.40136360094239,40139900
2024-11-04,45.060585021972656,45.42083870953717,44.8171721751138,45.381891762635284,41705600
2024-11-05,45.479251861572266,45.49872533350139,45.01189967782833,45.09952844441688,35221800
2024-11-06,48.24442672729492,48.37100245084134,47.416824512674175,47.74786614135955,153473400
2024-11-07,47.46550369262695,48.13732179240055,47.377874921857774,48.13732179240055,70611400
2024-11-08,47.8939094543457,48.16653436302899,47.562867840661525,47.80628068265915,60376500
2024-11-11,48.57546615600586,48.818878998009644,48.36126166650326,48.37100026012713,63654700
2024-11-12,48.429420471191406,48.62414777260943,48.28337128094269,48.55599247427609,58512400
2024-11-13,48.45862579345703,48.80914085678814,48.38073190641236,48.52678108752864,31880700
2024-11-14,48.332054138183594,48.672834351311174,48.24442536500054,48.56573210473351,38252800
2024-11-15,48.555992126464844,48.692302722155134,48.302844407923615,48.33205276009006,40741500
2024-11-18,48.7020378112793,48.78966657565841,48.39046969663911,48.59493557546206,27141600
2024-11-19,48.3807373046875,48.56573344996781,48.11785097785657,48.31258200301119,27014700
2024-11-20,48.23468780517578,48.60467263655868,48.00100985161047,48.57546428518242,33932500
2024-11-21,48.84809112548828,49.07203422592106,48.351530523667876,48.47810625126347,50881800
2024-11-22,49.393333435058594,49.44201526060393,48.80914410014414,48.818878979579125,42050800
2024-11-25,49.714637756347656,49.89963017011562,49.51990674943215,49.66595221898001,47492500
2024-11-26,49.8120002746582,49.90936391881852,49.42253826964704,49.73411010216694,28418400
2024-11-27,49.90937042236328,50.25988552971094,49.860688593939535,49.88016206814612,31803700
2024-11-29,49.987266540527344,50.21120593257635,49.89963775979637,50.084630201701486,15178400
2024-12-02,49.490699768066406,50.13330950874295,49.364124052940454,50.06515049737887,55483600
2024-12-03,49.12070846557617,49.78279164182817,49.12070846557617,49.78279164182817,46924300
2024-12-04,48.93571090698242,49.110968431682274,48.77019197486857,49.072025203892714,41017400
2024-12-05,49.08176040649414,49.33490810263004,48.97465817244959,49.01360511468121,33599300
2024-12-06,49.072025299072266,49.23754423150716,48.93571100189757,49.072025299072266,23439400
2024-12-09,48.40020751953125,49.159658095077155,48.38073404690852,49.11097255642777,41998300
2024-12-10,48.39047622680664,48.66309743536009,48.088642950061455,48.43915805487899,38861800
2024-12-11,48.48783493041992,48.604672048696926,48.273634165942916,48.58520229080494,35035900
2024-12-12,48.27363204956055,48.653355452951985,48.27363204956055,48.61440851050546,23107300
2024-12-13,48.23468780517578,48.48783551686856,48.12758556454939,48.468362044556024,39160400
2024-12-16,48.14706039428711,48.32231793585592,48.059431623502704,48.26389751727126,35242800
2024-12-17,47.806278228759766,47.971800884198174,47.640759287506384,47.96206229107443,46103300
2024-12-18,46.37501907348633,48.00101519359498,46.3360721245269,47.89391294104929,72399500
2024-12-19,46.54053497314453,47.251300031054576,46.53080009363792,46.900784941852855,63641000
2024-12-20,47.23182678222656,47.60181534638433,46.34580417550669,46.443171541961505,56066100
2024-12-23,47.34524917602539,47.384362215771965,46.80745793459663,46.99324300838049,43033300
2024-12-24,47.90259552001953,47.92214830776702,47.35502421248055,47.443026677441736,18350500
2024-12-26,48.01993942260742,48.03949594385156,47.658153104653465,47.687486021507155,20805600
2024-12-27,47.66792678833008,48.07860252101762,47.413699486669906,47.76570565896288,33852400
2024-12-30,47.20835494995117,47.42347292797459,46.79767924284237,47.17902203659328,34819800
2024-12-31,47.25725173950195,47.49192252442652,47.091023180990916,47.32569769594036,25170500
2025-01-02,47.139915466308594,47.687486880937755,46.875908019792305,47.50170552080782,35879100
2025-01-03,47.51148223876953,47.54081515635077,47.012803989762844,47.41370336014865,25198100
2025-01-06,47.36480712890625,47.93193503231561,47.276804651826346,47.716817037225866,54289900
2025-01-07,47.25725173950195,47.67770387332721,47.051910140161866,47.57014860608463,57682700
2025-01-08,47.413700103759766,47.42347649894035,46.9541311997497,47.26702806587681,36422000
2025-01-10,46.2696647644043,47.071463395662114,46.10343994744762,47.03235035754597,53128700
2025-01-13,46.60212707519531,46.62168359800792,45.995889788105856,46.03500283373106,36002800
2025-01-14,47.17902755737305,47.21814059977687,46.680349321811825,46.787904593384816,39353300
2025-01-15,48.38172149658203,48.508837008506006,47.92215261272015,48.18616003132008,61176900
2025-01-16,48.70439910888672,48.74350841842934,48.36216560770931,48.36216560770931,33830400
2025-01-17,49.115074157714844,49.20307663051684,48.626172359931466,48.80217730553546,43693100
2025-01-21,49.525760650634766,49.58442648749596,49.27152959081881,49.281309716979166,33267500
2025-01-22,49.29108428955078,49.53553521416272,49.09552280385621,49.525758818389285,37226400
2025-01-23,49.57463836669922,49.662640831203205,49.359520402350746,49.369300526198046,32048800
2025-01-24,49.7213134765625,49.77020664245906,49.35952717508211,49.40841661095381,39088700
2025-01-27,50.26888656616211,50.298219482677844,49.496420771031254,49.63331268813799,61707400
2025-01-28,50.18088150024414,50.405775885331906,49.97554363516725,50.21021441524804,39885300
2025-01-29,50.14176940917969,50.59156191789255,50.03421041209672,50.04399053729964,43612200
2025-01-30,50.62089157104492,50.88489898413618,50.28843820604386,50.601335051924316,64250500
2025-01-31,50.32755661010742,50.816458450174444,50.298219963286385,50.67956653175968,40424200
2025-02-03,50.12221145629883,50.25910709505321,49.29107987899771,49.62353325592311,77416200
2025-02-04,50.0048828125,50.24933374821228,49.86799088530516,50.18088778461486,41742700
2025-02-05,50.53289031982422,50.5426667146082,50.004875480896,50.21999346639076,34758600
2025-02-06,50.953346252441406,50.972902772067265,50.61111275402601,50.8262307398857,34355900
2025-02-07,50.6697883605957,51.10002065364073,50.63067531667566,51.01201816983321,40601400
2025-02-10,50.26888656616211,50.82623436011096,50.0537685649801,50.75778840155759,37921500
2025-02-11,50.39599609375,50.49377495718943,49.88753779781095,50.19065824251246,45162900
2025-02-12,50.220001220703125,50.239557743315466,49.78976518328219,50.14177513025376,45473100
2025-02-13,50.55244827270508,50.62089422820772,50.141768809664434,50.356886801258334,36372200
2025-02-14,50.650230407714844,50.86534841317264,50.60134096920854,50.62089749061607,29574300
2025-02-18,51.01201629638672,51.041352943261934,50.60134054038402,50.728456063443204,33496800
2025-02-19,51.03157043457031,51.090239995555976,50.748010214868415,50.88490212714344,31748500
2025-02-20,50.24932861328125,50.99246147072069,49.9070988302663,50.953348429797586,47078900
2025-02-21,49.62352752685547,50.35688015040506,49.52574866905859,50.26887768637813,51789900
2025-02-24,49.83864974975586,50.268881982868216,49.555085815874584,49.8582062689916,56673900
2025-02-25,49.82887649536133,50.26888891377129,49.19330631768042,50.13199699027157,50132800
2025-02-26,49.7213134765625,50.180882379811145,49.623534604819106,49.838652598684405,31250500
2025-02-27,49.9951057434082,50.65023245188776,49.858213818055766,49.89732313242417,44378600
2025-02-28,51.021793365478516,51.10001571573465,50.034209617068086,50.249327607815864,63537100
2025-03-03,50.5915641784668,51.471585254783626,50.22977413029012,51.15868837475653,76100100
2025-03-04,48.81195831298828,50.1417719254298,48.53817447396505,50.08310609136771,99342400
2025-03-05,49.09552001953125,49.3301945350608,48.45994988959997,48.83151258831984,75561700
2025-03-06,48.28394317626953,48.85106732893046,47.97104632031355,48.51861395322414,55477700
2025-03-07,48.02971267700195,48.235054271623234,47.17902457365592,48.107938756862396,87351400
2025-03-10,46.954132080078125,47.53103638719583,46.40656068907702,47.218139515202324,78221400
2025-03-11,46.5532341003418,47.012803026498915,46.230557093459126,46.88568750287619,72972200
2025-03-12,46.621673583984375,47.12035175350443,46.17188484598204,47.05190580337471,60700100
2025-03-13,46.36744689941406,47.01280088376568,46.23055498637883,46.73901332767033,49986300
2025-03-14,47.44302749633789,47.521249838751125,46.563002831536245,46.80745371286732,49535700
2025-03-17,48.00038146972656,48.23505598763189,47.24747220939583,47.25725233473872,43570500
2025-03-18,47.941707611083984,48.19593862686532,47.76570267093524,48.03949020562472,32714200
2025-03-19,48.4697265625,48.723957599948896,47.775486867202844,47.97104834292701,44290700
2025-03-20,48.53817367553711,48.8706270731788,48.107941402716975,48.19594388238757,46326000
2025-03-21,48.36216735839844,48.53817231279818,47.94171149289071,48.29372140169019,53382800
2025-03-24,49.2149658203125,49.332727398607474,48.734100114950664,48.86167734185451,43158200
2025-03-25,49.48974609375,49.56825256794342,49.14627324995398,49.39161206511491,24873700
2025-03-26,49.3425407409668,49.96079559627774,49.15608459127063,49.63695031063985,39729200
2025-03-27,49.24440383911133,49.50937019020734,48.86167591316364,49.254215743860236,32299800
2025-03-28,48.2924919128418,49.3621693063221,48.10603575932624,49.09720293433268,45365400
2025-03-31,48.88130569458008,49.12664450378954,47.67423920249829,47.81162833668389,38042300
2025-04-01,48.82242202758789,49.03832137319096,48.282677407153294,48.694844801224896,37959100
2025-04-02,49.22477722167969,49.39160955416586,48.35137168308028,48.42987815328262,41792100
2025-04-03,46.80082702636719,47.74293084105884,46.712504910726494,47.3013202628554,101160600
2025-04-04,43.37590026855469,45.54469434608918,43.26795059837979,45.21103343080903,128135300
2025-04-07,43.26795196533203,44.798867462084324,41.42300309646231,42.04125793563173,179993200
2025-04-08,43.10111618041992,45.358236009246056,42.433798125768554,44.94606490160276,98804200
2025-04-09,46.349403381347656,46.72231938732105,42.266966098628195,42.433798421131876,177242900
2025-04-10,45.054019927978516,45.73115371106165,43.70956426725987,45.662459142208576,93318200
2025-04-11,45.79984664916992,46.094256212141225,44.52408560272897,44.74979685572003,63647400
2025-04-14,46.270896911621094,46.73213128740558,45.99611492344707,46.46716494715178,52008900
2025-04-15,46.38866424560547,47.006919116351305,46.34940913619262,46.53586529054372,41840100
2025-04-16,45.66245651245117,46.457355576565995,45.31898368796682,46.29052324497858,47934300
2025-04-17,45.78022003173828,46.32977652929673,45.5643206970844,45.6330152592792,61866600
2025-04-21,44.79887008666992,45.682087593654444,44.29837679682938,45.54469845325063,43082300
2025-04-22,46.28071212768555,46.398473706145204,45.3386120128621,45.47600114499389,38154800
2025-04-23,46.83027648925781,47.82144370302909,46.67325978974236,47.14430988828872,50290900
2025-04-24,47.35039138793945,47.43871351125574,46.47698580379684,46.66344195587646,26817900
2025-04-25,47.12467575073242,47.33075943814156,46.81064239556434,47.11486010262367,28113000
2025-04-28,47.27187728881836,47.66442085878839,46.93822012098863,47.320948042744305,33922800
2025-04-29,47.76255798339844,47.85088010520276,47.06579665781609,47.28169600968736,42475300
2025-04-30,47.85087585449219,48.01770817800164,46.61437000264666,47.25225235274359,33759900
2025-05-01,47.841064453125,48.155097807485326,47.5368430032753,47.67423587143421,34420200
2025-05-02,48.83222961425781,49.00887383711697,48.41025035250841,48.56726702354181,35032100
2025-05-05,48.5181999206543,48.90093159467822,48.18453900167117,48.420065897718736,24139900
2025-05-06,48.2434196472168,48.635963209714774,48.05696351399533,48.08640297093218,28949100
2025-05-07,48.528018951416016,48.79298532409737,48.34155905384028,48.400441717849446,30070100
2025-05-08,48.93037414550781,49.430863683829635,48.8027969127696,48.91074659096553,31294200
2025-05-09,48.93037414550781,49.1070183928151,48.79298500728508,49.02850817464597,22075000
2025-05-12,49.921539306640625,50.245388328189044,49.60750593375476,50.15706620809158,44274100
2025-05-13,50.12763214111328,50.363155324324644,49.960799788062864,50.0491219176605,33986100
2025-05-14,49.990230560302734,50.21594179813401,49.843029532276866,50.157062884352804,38764200
2025-05-15,50.32389450073242,50.40240471527414,49.882287646441036,49.921539010138815,34742500
2025-05-16,50.62812042236328,50.706626900241055,50.206137340996676,50.314087023705355,53401000
2025-05-19,50.65755081176758,50.80475557884013,50.284638557376525,50.363145021195216,26348400
2025-05-20,50.382781982421875,50.559426238469534,50.157070709377294,50.422037093448786,26903000
2025-05-21,49.352352142333984,50.21594199209199,49.313097037279654,50.06874096349756,40022000
2025-05-22,49.29347610473633,49.57807003924112,49.03832537476286,49.244409088615285,33662800
2025-05-23,49.11682891845703,49.35235582277449,48.64577885339525,48.665406407386136,33645600
2025-05-27,49.98042297363281,50.00986243306667,49.322913012215714,49.49955725596519,38636400
2025-05-28,49.64676284790039,50.068745909991655,49.568252630035396,49.941168677747655,31730200
2025-05-29,49.90190887451172,49.9117245226081,49.42104693782992,49.81358675950873,34098400
2025-05-30,50.00986099243164,50.09818311176208,49.51918338361209,49.73508272943607,37953200
2025-06-02,50.02948760986328,50.049115163077566,49.3523538700491,49.66638723433159,30142300
2025-06-03,50.12763214111328,50.176699158984526,49.47012212220344,49.87247765846523,33705400
2025-06-04,49.84303283691406,50.25520023500098,49.833217188251176,50.19632131731605,24600500
2025-06-05,49.70564651489258,49.93135778045187,49.50937470984045,49.85284756100169,42014400
2025-06-06,50.32389450073242,50.48091118624278,50.0981832492846,50.2159448275241,34982800
2025-06-09,50.04911804199219,50.40240653302502,49.74489656503098,50.38277897868173,28322100
2025-06-10,50.10799789428711,50.12762544752942,49.93135365867929,50.03930332972551,27728600
2025-06-11,50.04911804199219,50.38277897868173,49.86266189109073,50.15706771909369,39368400
2025-06-12,50.04911804199219,50.05892994737723,49.55844041412952,49.75471221398923,25500900
2025-06-13,49.028507232666016,49.51918485607598,48.88130619178693,49.411235179954076,54921900
2025-06-16,49.58787536621094,49.931351920635954,49.37197977520653,49.381791679699646,35632400
2025-06-17,49.303287506103516,49.53881066062107,49.15608272685026,49.332726964524944,31130700
2025-06-18,49.283660888671875,49.823405516896734,49.21496632200179,49.283660888671875,45728200
2025-06-20,49.421051025390625,49.63695037849314,49.28366188926109,49.43086293072565,44456100
2025-06-23,50.04339599609375,50.06309081769904,49.07837227585319,49.4328715519422,43022700
2025-06-24,50.79178237915039,50.97887754312012,50.49636382201514,50.53575346382024,41225000
2025-06-25,50.6243782043457,50.811473368037014,50.516058567744366,50.80162783580189,33123900
2025-06-26,50.99856948852539,51.03795912810955,50.62437542528145,50.65391577676818,37866000
2025-06-27,51.14627456665039,51.43184381659862,50.90994424396428,50.95917941482366,38954100
2025-06-30,51.5697021484375,51.63863213671689,51.34321736460485,51.38260700259382,42472900
2025-07-01,51.85527420043945,51.96359383258006,51.41215014004736,51.44169424834206,33844800
2025-07-02,51.815879821777344,51.95373979320258,51.54015987892687,51.943894262273275,40791100
2025-07-03,52.377174377441406,52.45595365858171,51.894664427867106,51.94389960037836,25904800
2025-07-07,51.874969482421875,52.436258711782244,51.61894057573649,52.31809354675976,34049000
2025-07-08,51.41214370727539,51.79618325942926,51.38260335907967,51.75679738063575,53715000
2025-07-09,51.599246978759766,51.697717318710524,51.3432180846435,51.678022499439834,36634900
2025-07-10,51.90450668334961,51.953741852752906,51.48107746495652,51.48107746495652,27992600
2025-07-11,51.3629150390625,51.60909465557572,51.284139515107746,51.559859483553645,30289900
2025-07-14,51.746952056884766,51.776496163745605,51.2250524979759,51.35306694396582,27636500
2025-07-15,50.86071014404297,51.64848416358884,50.86071014404297,51.540164531575755,47704600
2025-07-16,51.215206146240234,51.264445075030146,50.54560104025125,51.136430621701535,46726500
2025-07-17,51.70756530761719,51.796190120345955,51.018265382396606,51.07734608661388,48213900
2025-07-18,51.73710632324219,51.84542594970223,51.62878669678214,51.77649596130087,29791300
2025-07-21,51.58939743041992,52.13099181021964,51.56970261124869,51.7666470465584,36871400
2025-07-22,51.874969482421875,51.94389947505189,51.668179504531814,51.69771985668672,32289100
2025-07-23,52.28854751586914,52.28854751586914,51.756802414615585,51.99313273597211,32111300
2025-07-24,52.25900650024414,52.62335126560382,52.19992204245499,52.30824167020042,32371900
2025-07-25,52.62335205078125,52.67259097787489,52.18023175816039,52.28854763111928,28964700
2025-07-28,52.25900650024414,52.62335126560382,52.15068687249872,52.56427056421737,29119300
2025-07-29,51.993133544921875,52.485492771211675,51.87496838240511,52.436257599863254,37883200
2025-07-30,51.89466094970703,52.219616071623975,51.638632059563854,51.973436469164646,37260100
2025-07-31,51.5697021484375,52.180230268058715,51.471231809867696,51.67802177470587,46179400
2025-08-01,50.61452865600586,50.96902413438713,50.269874952675806,50.929638252168786,63060800
2025-08-04,51.11673355102539,51.11673355102539,50.703153613498834,50.811469485420524,40053100
2025-08-05,50.909942626953125,51.29398220642217,50.575138216779635,51.25459256842467,33551000
2025-08-06,51.156124114990234,51.23489963748556,50.87055486358878,51.01826413332133,34198700
2025-08-07,50.584983825683594,51.45153708094488,50.43727831757031,51.38260709254482,43119400
2025-08-08,51.057647705078125,51.17581661807598,50.71299776650756,50.88039809198395,39484400
2025-08-11,51.037960052490234,51.23490074117238,50.929640419873344,51.165970748853056,29351200
2025-08-12,51.658329010009766,51.74695382080799,51.24474906388658,51.254594595574034,37510000
2025-08-13,51.95374298095703,52.10145224877714,51.68787230912518,51.8552726400121,41154900
2025-08-14,52.19992446899414,52.239314109351284,51.72726005391699,51.90450967912128,35841500
2025-08-15,51.658329010009766,52.347632676617856,51.618939370454385,52.31809232515271,46108500
2025-08-18,51.69771957397461,51.75680403436418,51.49092959721539,51.58939994146183,25405100
2025-08-19,51.79618835449219,52.06206278361421,51.64848284258178,51.64848284258178,24870800
2025-08-20,52.06206512451172,52.19992511105454,51.707565869742794,51.83558032427666,39138800
2025-08-21,51.89466094970703,51.99313128812971,51.5500072524224,51.91435576867209,29037000
2025-08-22,52.75136947631836,52.85968911179218,52.14084506121488,52.16053988188312,47249800
2025-08-25,52.44610595703125,52.76121933472357,52.42641489255328,52.6528996980798,24756500
2025-08-26,52.84983444213867,52.8695292608016,52.288545257654214,52.288545257654214,27907000
2025-08-27,52.95815658569336,53.11571138608877,52.69228215570059,52.72182626330162,39530100
2025-08-28,53.0270881652832,53.08617262585324,52.879382648462396,53.066477805663226,28837300
2025-08-29,53.164947509765625,53.31265301437089,52.977848611635395,53.07632270444145,36062400
2025-09-02,52.771060943603516,52.879380572194066,52.308242078317605,52.879380572194066,38733100
2025-09-03,52.68244171142578,52.78091206253075,52.31809690465365,52.68244171142578,36420100
2025-09-04,53.2338752746582,53.253570092397396,52.75136163105401,52.86952678108676,32730000
2025-09-05,52.25900650024414,53.420974541945206,52.06206206401634,53.28311456350655,58377100
2025-09-08,52.298397064208984,52.3574777666409,52.032522634057116,52.278702244597426,49490900
2025-09-09,52.52488327026367,52.77106288743656,52.15068920036808,52.170384020510255,38884500
2025-09-10,52.347633361816406,52.5839674458394,52.12114856601257,52.35747889363273,32915900
2025-09-11,53.20433807373047,53.243727714320116,52.36732887141632,52.3771744033623,36635400
2025-09-12,52.977848052978516,53.243722466147375,52.8892232485889,53.13540284340422,25705900
2025-09-15,52.85968780517578,53.263422227887474,52.80060334463156,53.06647778247627,31922000
2025-09-16,52.741519927978516,52.84983579880125,52.45595068463931,52.79075509769842,28482500
2025-09-17,53.25357437133789,53.499753978254795,52.8301451469286,52.84983620984759,47976100
2025-09-18,53.30281066894531,53.66715544309649,53.16495068718015,53.283115849207036,36609100
2025-09-19,53.42097473144531,53.57852952970591,53.096015847056314,53.43082026291042,46731400
2025-09-22,53.3498420715332,53.40912103059155,52.99417585472003,53.05345481377837,32393000
2025-09-23,53.11273193359375,53.83394610431495,52.98429983745422,53.30044675971376,28698900
2025-09-24,52.96453857421875,53.310323082192156,52.8558623663504,53.18189098995545,23893400
2025-09-25,52.82622528076172,53.06333358315469,52.598994920648245,52.82622528076172,24757500
2025-09-26,53.21153259277344,53.448640910735726,52.99418016066737,53.063337067470435,30686100
2025-09-29,53.478275299072266,53.49803495111896,53.09297150608242,53.389358749246284,20713800
2025-09-30,53.221405029296875,53.586952948885546,52.77682226815414,53.40911984442846,32442200
2025-10-01,52.74718475341797,53.11272890479095,52.72742510080749,52.964537163364895,33210100
2025-10-02,52.707672119140625,52.836107992980054,52.42116654194801,52.66815657768676,32443400
2025-10-03,53.07321548461914,53.320205498946265,52.737308914383505,52.776824452411766,32111600
2025-10-06,53.0534553527832,53.41899951543568,52.658269825916186,53.28068571166277,32001300
2025-10-07,53.12261199951172,53.39923960572884,52.87562198859829,53.23128820731658,31250500
2025-10-08,52.865745544433594,53.300450418960786,52.69779412928907,53.28069076386693,26848700
2025-10-09,52.67802810668945,53.162130176050574,52.5495922484886,52.98429707047044,33922400
2025-10-10,51.53199768066406,53.033697456224395,51.53199768066406,52.81634503237121,73596200
2025-10-13,52.025978088378906,52.184051551723506,51.70983116168971,51.917301875685375,39651900
2025-10-14,52.598995208740234,53.004058682251284,51.620913091898736,51.818505857487466,62588700
2025-10-15,52.598995208740234,53.11273112299497,52.22356933099851,52.78670626322683,39526600
2025-10-16,51.136810302734375,52.480436567772685,50.91946165546182,52.450798972410176,85420100
2025-10-17,51.5517578125,51.72959093025254,51.107175018118646,51.27513019322656,52288900
2025-10-20,52.15441131591797,52.26308752311216,51.66043129686688,51.72958819803256,39479600
2025-10-21,52.09513473510742,52.49032027589657,52.02597783078461,52.02597783078461,31213600
2025-10-22,51.79874801635742,52.18405184991354,51.4924790305409,52.14453254165941,53727500
2025-10-23,51.90742111206055,52.04573491387408,51.66043110345969,51.95681836002703,29483700
2025-10-24,52.470558166503906,52.638509563780026,52.174170909166456,52.21368644638125,31947800
2025-10-27,52.68791198730469,52.78670648613197,52.559476123814385,52.72742752557447,27154100
2025-10-28,52.35200500488281,52.75706847693102,52.302603987087636,52.687911574539996,33648000
2025-10-29,51.46284103393555,51.94694313436615,51.24548860899503,51.818507267922335,61846300
2025-10-30,51.60115432739258,52.18405092309815,51.39368361589617,51.39368361589617,48568700
2025-10-31,51.739463806152344,51.86789966056696,51.314640707431,51.38379760547696,40425800
2025-11-03,51.522117614746094,51.70982866566683,51.028137594542464,51.69995072352088,38693200
2025-11-04,51.78886795043945,51.90742587896889,51.21585303762234,51.32452925438993,44675200
2025-11-05,51.966697692871094,52.18405011226264,51.55175627632564,51.858025251943864,38036300
2025-11-06,51.778987884521484,52.065497213567625,51.541875805952934,51.87778238547667,42625700
2025-11-07,52.144527435302734,52.1642870874948,51.462836394133916,51.650547436806065,46218700
2025-11-10,52.332244873046875,52.51007798293173,52.016097959644576,52.292725566679465,42010600
2025-11-11,52.56935119628906,52.69778705276771,52.24332635294276,52.431037397974364,29995800
2025-11-12,53.0238151550293,53.2411675764645,52.579236138484305,52.579236138484305,46052700
2025-11-13,52.34212112426758,53.11272872969404,52.24332663030924,52.92501768366586,50455300
2025-11-14,51.818504333496094,52.17417054734189,51.6406712265732,52.17417054734189,46154600
2025-11-17,50.830543518066406,51.85802283802048,50.63295076134165,51.83826318547116,70048500
2025-11-18,50.75150680541992,51.12693268035695,50.534158156787754,50.66259025000769,66043600
2025-11-19,50.93922424316406,51.02814080314244,50.57367629171478,50.761391123207304,46003900
2025-11-20,50.4946403503418,51.759228048201884,50.465002753913396,51.403561815986585,70096400
2025-11-21,51.04789352416992,51.3442845515701,50.52427590829496,50.84042282000458,68942900
2025-11-24,51.2652473449707,51.34428595944961,50.71199211869264,51.11705559597561,43789100
2025-11-25,51.90742111206055,52.0259752609338,51.28500523513122,51.4825979957656,50989800
2025-11-26,52.31248474121094,52.51007750247155,51.966696466812756,52.0358533679387,35268500
2025-11-28,52.68791198730469,52.90526063847842,52.39152095328575,52.46067785621855,16136100
2025-12-01,52.25320816040039,52.75706991298561,52.203810910029134,52.431041276751806,29296300
2025-12-02,52.20381164550781,52.50019892067965,52.00621887247036,52.35200716747807,29771500
2025-12-03,52.90525817871094,52.954655425827916,52.243326776053074,52.30260196508609,32018000
2025-12-04,53.013938903808594,53.26092892922119,52.82622784125175,52.944781998194564,33678700
2025-12-05,53.033695220947266,53.28068523081801,52.806464864118404,52.89538141842261,28532300
2025-12-08,52.83610153198242,53.06333188482322,52.63850877380004,53.05345394285988,31164200
2025-12-09,52.638511657714844,53.30044686857611,52.608874061432665,52.855864080500425,46335400
2025-12-10,53.24116897583008,53.42888380610105,52.56935580898053,52.638512714206044,45437500
2025-12-11,54.20936965942383,54.31804587348231,53.28068852170638,53.31032611871553,51786500
2025-12-12,54.28840637207031,54.54527433093248,54.05129429800876,54.49587708139382,64428900
2025-12-15,54.32792282104492,54.64406972398229,54.15996765892724,54.51563386692387,35356800
2025-12-16,53.98213577270508,54.495875443759786,53.82406231767043,54.377321294675916,37342300
2025-12-17,53.972259521484375,54.40696059425617,53.92286227188258,54.1402109238842,41112400
2025-12-18,53.883338928222656,54.35755927265885,53.705505827963044,54.11056927438365,35021600
2025-12-19,54.17972946166992,54.35756257272585,53.903101852813386,53.903101852813386,46595300
2025-12-22,54.844970703125,54.963939212523634,54.269953089414315,54.27986555605557,37987800
2025-12-23,54.95402526855469,55.08291002307049,54.83505676235428,54.83505676235428,24732900
2025-12-24,55.25144958496094,55.410075523871846,54.93419770713913,55.03333750073068,15685800
2025-12-26,55.142391204833984,55.32084585128495,54.963936558383025,55.23161852805947,20410100
2025-12-29,54.844970703125,55.201880013261636,54.78548455745532,55.112652685727475,34223800
2025-12-30,54.706172943115234,54.92428502649543,54.66651551305689,54.92428502649543,16160900
2025-12-31,54.29969024658203,54.785480496751745,54.279861532828505,54.74582685118514,22996200
2026-01-02,54.45832061767578,54.5277192305048,53.87338675101637,54.35918082276026,36087100
2026-01-05,55.648014068603516,56.024748294540416,54.34926164630579,54.34926164630579,58044100
2026-01-06,55.91569900512695,56.0346675153162,55.509219795201325,55.55878969261845,38950800
2026-01-07,55.13248062133789,55.856211698018335,55.06308201000831,55.74715565680308,44720900
2026-01-08,55.41999053955078,55.766983591342886,54.93419648510121,54.97385391443191,35358300
2026-01-09,55.25144958496094,55.677757504897876,55.24153711837806,55.499302850880525,29544900
2026-01-12,54.81522750854492,54.88462611830766,54.36909088725545,54.55745800204852,42021600
2026-01-13,53.76432800292969,54.755741029976754,53.68501692737501,54.67642995442208,77045100
2026-01-14,53.685020446777344,53.71476162931751,53.22896755016363,53.585876868408796,59754600
2026-01-15,53.90312576293945,54.23029388048211,53.74449982829651,53.754416076553284,48490800
2026-01-16,53.9725227355957,54.289774595257036,53.823813053720976,53.90312412766607,44363200
2026-01-20,52.7431755065918,53.64536123919923,52.64403193150595,53.149654709592056,57030800
2026-01-21,53.000938415527344,53.36776395089975,52.78283012583456,52.91171109367196,49360300
2026-01-22,53.347938537597656,53.585875555972954,53.17939634946949,53.18931259803388,46919300
2026-01-23,52.614288330078125,53.05050869457085,52.42592121898955,53.03068376240616,47057500
2026-01-26,52.95137023925781,53.090167459548454,52.63411836946759,52.644030835799526,31072700
2026-01-27,52.544891357421875,52.97119926910338,52.386265421582756,52.86214322910012,38633700
2026-01-28,52.534976959228516,52.75308524927419,52.30694863927544,52.47549081724852,45450800
2026-01-29,53.09016799926758,53.169482858491754,52.5349791124609,52.86214345190903,51975400
2026-01-30,52.981109619140625,53.19922169043457,52.564717972423615,52.9216272592899,42767000
2026-02-02,53.566043853759766,53.6255299960068,52.74317302001525,52.9910262731338,48031500
2026-02-03,53.07033920288086,53.70484294793634,52.70351743438453,53.2587101022784,66887100
2026-02-04,53.49664306640625,53.714755130487355,52.941454222476686,53.050506472576885,59506400
2026-02-05,52.8323974609375,53.595785892740295,52.72334143040277,53.47681361473498,64475000
2026-02-06,53.794071197509766,53.88329852456219,53.3677670593045,53.3677670593045,53073800
2026-02-09,53.4768180847168,53.92295470967735,53.43716443734078,53.615619087325,31699900
2026-02-10,53.09016799926758,53.79407035614926,52.663860085789224,53.238881469342594,57920800
2026-02-11,52.28712463378906,53.46690477274524,52.237550956957,53.20913526820454,60339900
2026-02-12,51.24613952636719,52.65394803313439,50.98837379574426,52.44575219894579,94645100
2026-02-13,51.20648193359375,51.48407635779352,50.80991522878803,51.10733836642213,56449300
2026-02-17,51.75176239013672,51.95995822467569,51.375024369108566,51.375024369108566,54064700
2026-02-18,52.13841247558594,52.32677959367693,51.831073068441064,51.900471679418835,45224000
2026-02-19,51.70219039916992,51.930214939466886,51.295711213085674,51.69227415110367,47344400
2026-02-20,52.03927230834961,52.049184774729014,51.27588381115404,51.5931356824638,52934100
2026-02-23,50.29438400268555,52.01944438848875,50.20515667614502,51.74184616039563,94600400
2026-02-24,50.542236328125,50.74051969252394,49.80859279637171,50.01678862711732,64114100
2026-02-25,51.42459487915039,51.4444235943822,50.73060497380012,50.8000073680818,47652800
2026-02-26,52.0491828918457,52.20780882176228,51.5336476741317,51.62287499608106,60884300
2026-02-27,50.988372802734375,51.61296407507679,50.5719773605259,51.4345094258361,81998700
2026-03-02,50.8594856262207,51.18665372822386,50.02669856341499,50.175412024678316,70107200
2026-03-03,50.770259857177734,51.107340435326016,49.64996586734006,49.85816169391798,94738700
2026-03-04,51.057769775390625,51.20648323896892,50.64137812847615,50.889231379813,51472400
2026-03-05,50.79009246826172,51.37502634634075,50.47284058000944,50.80000871711132,58430700
2026-03-06,50.1357536315918,50.18532352374451,49.3227952980782,50.00686888644247,75632700
2026-03-09,49.89781951904297,50.086186632881244,48.75769302396457,49.4913365468636,78178700
2026-03-10,49.6301383972168,50.254725892607524,49.32279899174948,49.89782037321595,70834200
2026-03-11,49.2137451171875,49.689622945923155,48.797353435271596,49.55082571861786,56301200
2026-03-12,48.410701751708984,48.79735224172825,48.3710443214658,48.55941144220986,67871700
2026-03-13,48.470184326171875,49.035289472805225,48.430526895756024,48.68829641151834,47595200
2026-03-16,48.87666320800781,49.32279984236711,48.688296087696415,48.827093311288046,45720100
2026-03-17,49.13443374633789,49.759021265520694,49.08486006664399,49.27323097282296,46974000
2026-03-18,48.54949951171875,49.283143069615235,48.49992583239701,48.94606247270744,49239100
2026-03-19,48.5693244934082,48.757691601752,48.1033591735772,48.35121242336978,58374000
2026-03-20,48.65855407714844,48.91631980486457,48.371043386354586,48.53958178871886,82914000
2026-03-23,49.0980110168457,49.68595162416381,49.04818631481151,49.526510296825734,81044800
2026-03-24,49.107975006103516,49.41689424450716,48.60972037722217,48.62965101854316,43296400
2026-03-25,49.16776657104492,49.775637822062485,48.81898985392719,49.416893883666475,40438800
2026-03-26,48.87877655029297,49.31724304060087,48.70937180731473,48.938568472075225,45035700
2026-03-27,47.64310836791992,48.66951167374121,47.5035938804716,48.61968697177164,64823900
2026-03-30,48.19118881225586,48.54993275698331,47.92213085371027,48.061641543019576,58128900
2026-03-31,49.197662353515625,49.28734834125269,48.34066375989061,48.7492324148303,85361900
2026-04-01,49.267417907714844,49.67598656438223,48.96846588112088,49.62616186018011,61558300
2026-04-02,49.35710144042969,49.63612661256696,48.430347543125364,48.65954801353919,39519800
2026-04-06,49.70588302612305,49.8354264931187,49.27738373958379,49.337171862387585,27345800
2026-04-07,49.70588302612305,49.84539371450678,49.32720844238067,49.44678848936942,31750000
2026-04-08,51.02127456665039,51.30029594133704,50.782110673075316,51.011307345336654,48175400
2026-04-09,51.150821685791016,51.3600877161994,50.6226691977465,50.76217988468542,30330500
2026-04-10,50.5927734375,51.11095868685646,50.46322617481564,51.05116676529884,35427500
2026-04-13,51.47966766357422,51.48963108345891,50.243994521911546,50.32371708651351,33635900
2026-04-14,51.599246978759766,51.728794243713786,51.2604336867592,51.33018902910805,36498400
2026-04-15,51.987884521484375,52.147329647049055,51.63910781276418,51.88823511938747,33804700
2026-04-16,51.84837341308594,52.22704798043669,51.73875679084907,51.908165334682685,25432000
2026-04-17,52.246978759765625,52.795058071025004,52.11743149665236,52.18718683801004,45183400
2026-04-20,52.44628143310547,52.57582489500785,52.077570283866685,52.15729284631215,26160600
2026-04-21,52.117431640625,53.00432424152071,52.01778223880475,52.526000270297665,34150100
2026-04-22,52.027748107910156,52.46621461987679,51.888237418241204,52.296806067149355,31838400
2026-04-23,51.619178771972656,51.987886132816286,51.12092414328299,51.898203948978036,44647900
2026-04-24,51.24050521850586,51.489632537852266,51.14085581131978,51.39995035221353,27225300
2026-04-27,51.629146575927734,51.71883256215918,51.091030658539076,51.13089194161553,25764300
2026-04-28,51.669002532958984,52.21708565563436,51.61917783127424,52.01778304751432,24337500
2026-04-29,51.7387580871582,52.1174326639966,51.51952863857268,51.948027917299555,22153100
2026-04-30,51.948028564453125,52.067608610751385,51.021274652534046,51.33019008891965,31406400
2026-05-01,51.7387580871582,52.42635189791492,51.7387580871582,52.21708586915465,39618200
2026-05-04,51.39994812011719,52.00781555976492,51.310262136991945,51.599246925834585,44456300
2026-05-05,51.409912109375,51.5892840776126,51.200646080224836,51.38998146830626,27419600
2026-05-06,51.65903854370117,52.05764375554715,51.59924662150997,51.738757305241755,39084600
2026-05-07,51.370052337646484,51.898204838044464,51.24050506758118,51.599249014604354,36983100
2026-05-08,51.061134338378906,51.559388950652234,50.96148113509563,51.499597028682274,29627700
2026-05-11,51.0013427734375,51.2803641418219,50.782109526060594,51.08106153524117,30759200
2026-05-12,51.39994812011719,51.519528163823836,50.63263555368586,51.0013429059203,44193700
2026-05-13,50.812007904052734,51.15082119826705,50.78211004186427,50.961482009470735,33440200
2026-05-14,51.1109619140625,51.3102645304578,50.92162271786541,51.091031272284845,37059700
2026-05-15,50.92162322998047,51.32022846677981,50.86183510542746,51.14085649035823,29789800
2026-05-18,51.559391021728516,51.61917914471908,50.79207843183987,50.831935913373194,32974600
2026-05-19,50.92162322998047,51.60921707339027,50.87179852572587,51.449775738946784,35956300
2026-05-20,51.47966766357422,51.52949236575989,50.602738459858166,51.051168382291436,42148400
2026-05-21,51.54942321777344,51.64907642393352,51.031237949884364,51.28036526321289,33344200
2026-05-22,51.758689880371094,51.987886555265035,51.65904047437588,51.71883239880171,23308000
2026-05-26,51.669002532958984,52.047677108248955,51.539459068854875,51.818480439394285,24530200
2026-05-27,51.24050521850586,51.80851900388638,51.12092516960632,51.55939168453998,45239100
2026-05-28,51.09103012084961,51.32022679405539,50.84190280631536,51.0113075555357,40564600
2026-05-29,51.39994812011719,51.609214146949085,50.9913756848058,51.100992308779,34240300
2026-06-01,51.25047302246094,51.419877776878614,51.01130912056281,51.0511704044427,34507600
2026-06-02,51.280364990234375,51.479667600112485,50.80204100735558,51.051168319357934,30988800
2026-06-03,50.69242477416992,50.981413370660654,50.34364805521982,50.961482729380485,44906700
2026-06-04,52.007816314697266,52.11743294026163,51.3002956605396,51.36008758395137,57368100
2026-06-05,52.117431640625,52.29680360500627,51.87827155570398,52.19715420318602,42101700
2026-06-08,51.7885856628418,52.28684027556452,51.778618441813975,52.05764360987779,39102700
2026-06-09,52.27687454223633,52.51603843575703,51.85834248030151,51.997853167613115,41695100
2026-06-10,52.04767608642578,52.62565325848868,52.02774544586696,52.316734031898406,31128400
2026-06-11,52.436317443847656,52.58579535695498,51.858344036020554,52.167259481083214,41295600
2026-06-12,53.153804779052734,53.36307081407163,52.625656080753274,52.775130190889115,51023300
2026-06-15,53.3730354309082,53.78160406088411,53.29331286828802,53.57233423469663,37492400
2026-06-16,54.1602783203125,54.240000888071535,53.66202367596232,53.821465010099125,37478300
2026-06-17,53.861324310302734,54.698392234037655,53.711850203331466,54.100488203390334,49571900
2026-06-18,53.382999420166016,54.41936993700088,53.273382796084114,54.359578014397734,37816800
2026-06-22,53.70000076293945,54.02000045776367,53.56999969482422,53.619998931884766,27962800
2026-06-23,53.880001068115234,54.029998779296875,53.4900016784668,53.630001068115234,33375300
2026-06-24,53.720001220703125,54.099998474121094,53.540000915527344,53.86000061035156,30809600
2026-06-25,53.45000076293945,54.68000030517578,53.400001525878906,53.91999816894531,31634800
2026-06-26,53.56999969482422,53.939998626708984,53.20000076293945,53.560001373291016,26643000
2026-06-29,53.720001220703125,54.029998779296875,53.68000030517578,53.70000076293945,31628000
2026-06-30,53.61000061035156,53.849998474121094,53.400001525878906,53.65999984741211,27725300
2026-07-01,54.779998779296875,55.08000183105469,53.75,53.83000183105469,47809800
2026-07-02,55.619998931884766,55.63999938964844,55.0099983215332,55.279998779296875,46246100
2026-07-06,56.13999938964844,56.15999984741211,55.58000183105469,55.849998474121094,32043700
2026-07-07,56.04999923706055,56.59000015258789,56.0099983215332,56.310001373291016,27116500
2026-07-08,54.970001220703125,55.79999923706055,54.95000076293945,55.790000915527344,41648100
2026-07-09,55.540000915527344,55.689998626708984,54.970001220703125,55.06999969482422,26542000
2026-07-10,55.709999084472656,56.029998779296875,55.36000061035156,55.9900016784668,24046300
2026-07-13,56.06999969482422,56.15999984741211,55.61000061035156,55.97999954223633,33391000
2026-07-14,56.18000030517578,56.79999923706055,55.59000015258789,55.599998474121094,43208800
2026-07-15,56.560001373291016,56.81999969482422,56.18000030517578,56.29999923706055,49425400
2026-07-16,56.75,56.84000015258789,56.38999938964844,56.7599983215332,27591200
2026-07-17,56.2599983215332,56.939998626708984,56.119998931884766,56.43000030517578,42881800
2026-07-20,56.040000915527344,56.380001068115234,55.88999938964844,56.29999923706055,38162600
2026-07-21,56.11000061035156,56.34000015258789,55.720001220703125,55.9900016784668,26399000
2026-07-22,56.04999923706055,56.279998779296875,55.90999984741211,56.13999938964844,25430900
2026-07-23,55.83000183105469,55.86000061035156,55.45000076293945,55.68000030517578,24311000
2026-07-24,56.310001373291016,56.380001068115234,55.689998626708984,55.83000183105469,32212900
2026-07-27,56.880001068115234,57.130001068115234,56.59000015258789,56.7599983215332,29805900
2026-07-28,57.599998474121094,57.599998474121094,56.95000076293945,57.130001068115234,34204400
2026-07-29,56.68000030517578,57.470001220703125,56.59000015258789,57.290000915527344,49038800
2026-07-30,57.0,57.04999923706055,56.18000030517578,56.81999969482422,33184200
2026-07-31,56.939998626708984,57.119998931884766,56.689998626708984,56.810001373291016,32543500
2026-08-03,57.380001068115234,57.54999923706055,57.0,57.290000915527344,31019400
2026-08-04,57.880001068115234,58.02000045776367,57.189998626708984,57.220001220703125,31466100
2026-08-05,58.0,58.40999984741211,57.79999923706055,58.18000030517578,34275600
2026-08-06,57.810001373291016,58.380001068115234,57.59000015258789,58.380001068115234,27704200
2026-08-07,57.599998474121094,57.790000915527344,57.34000015258789,57.61000061035156,20816700
2026-08-10,57.810001373291016,58.02000045776367,57.459999084472656,57.540000915527344,26070800
2026-08-11,57.79999923706055,58.099998474121094,57.720001220703125,57.779998779296875,19797000
2026-08-12,57.91999816894531,58.0,57.68000030517578,57.83000183105469,18531700
2026-08-13,58.2599983215332,58.310001373291016,57.75,58.189998626708984,23193500
2026-08-14,58.15999984741211,58.290000915527344,58.060001373291016,58.220001220703125,28130100
2026-08-17,57.58000183105469,58.27000045776367,57.54999923706055,57.959999084472656,45636700
2026-08-18,57.84000015258789,57.97999954223633,57.56999969482422,57.72999954223633,25389400
2026-08-19,57.47999954223633,58.20000076293945,57.41999816894531,57.880001068115234,35648300
2026-08-20,56.95000076293945,57.65999984741211,56.90999984741211,57.470001220703125,30704200
2026-08-21,57.47999954223633,57.70000076293945,57.25,57.31999969482422,27273100
2026-08-24,58.220001220703125,58.380001068115234,57.63999938964844,57.70000076293945,31462900
