Date,HPG,HSG,NKG,TLH,DGC,DCM,DPM,CSV,VIC,VHM,KDH,NLG,VNM,SAB,MSN,KDC,GAS,PLX,PVD,CNG,VCB,TCB,MBB,CTG,SSI,VND,HCM,VCI,GMD,HAH,VSC,VOS,FPT,CMG,ELC,CTR,POW,NT2,REE,GEG,VNINDEX
2026-03-31,26900.0,14850.0,13850.0,4600.0,50200.0,48300.0,29850.0,27000.0,135000.0,103000.0,26000.0,29000.0,60500.0,44300.0,75500.0,48800.0,78300.0,40400.0,34800.0,24400.0,58100.0,30700.0,26450.0,34600.0,26950.0,15800.0,22700.0,26700.0,79500.0,56700.0,23700.0,12600.0,74700.0,28800.0,18000.0,86200.0,13000.0,27600.0,68500.0,16550.0,1674.49
2026-03-30,26900.0,14950.0,13900.0,4510.0,49100.0,49000.0,30850.0,26950.0,129500.0,103000.0,26050.0,28750.0,60600.0,44150.0,74800.0,49000.0,80800.0,41400.0,36200.0,24200.0,58000.0,30500.0,25750.0,34050.0,26550.0,15500.0,22300.0,26150.0,78500.0,56000.0,23300.0,12650.0,74000.0,29050.0,18150.0,86000.0,13050.0,27900.0,70000.0,16900.0,1662.54
2026-03-27,26500.0,14900.0,13800.0,4500.0,51800.0,48500.0,30800.0,27500.0,132600.0,103000.0,26400.0,29350.0,61500.0,44150.0,73300.0,49350.0,82100.0,42250.0,35750.0,24100.0,58800.0,30650.0,26150.0,34800.0,27050.0,15850.0,22250.0,26700.0,78500.0,55900.0,23750.0,12950.0,76100.0,29150.0,18350.0,85600.0,13050.0,27900.0,71700.0,16950.0,1672.8
2026-03-26,25900.0,14500.0,13350.0,4500.0,52300.0,48600.0,31100.0,27400.0,130000.0,101100.0,25450.0,28400.0,61000.0,43750.0,72100.0,49400.0,80300.0,39900.0,34700.0,23850.0,57900.0,30150.0,25800.0,33800.0,26350.0,15500.0,21750.0,26400.0,77800.0,54500.0,23600.0,12750.0,74200.0,28900.0,17850.0,85000.0,13100.0,27750.0,71700.0,16700.0,1644.63
2026-03-25,26350.0,14400.0,13400.0,4510.0,54700.0,45450.0,29400.0,26750.0,128700.0,104200.0,25850.0,29300.0,62100.0,44750.0,73200.0,49600.0,82500.0,41300.0,34750.0,24450.0,58400.0,30800.0,26000.0,34050.0,26850.0,15500.0,21100.0,25788.752,77200.0,53700.0,23950.0,12850.0,77000.0,28800.0,18100.0,82800.0,13350.0,27700.0,70900.0,17150.0,1658.19
2026-03-24,25950.0,14350.0,13150.0,4470.0,52500.0,45350.0,28800.0,26200.0,124000.0,99000.0,25000.0,28200.0,61200.0,45100.0,72100.0,48050.0,80700.0,39800.0,33500.0,23400.0,58200.0,29850.0,25600.0,33550.0,25900.0,15050.0,19750.0,25051.9305,73900.0,52000.0,23500.0,12500.0,75400.0,28150.0,17200.0,81200.0,12700.0,25900.0,66300.0,16050.0,1614.77
2026-03-23,25500.0,13850.0,12850.0,4420.0,51700.0,44300.0,28700.0,25800.0,125600.0,98000.0,24000.0,26400.0,60800.0,42900.0,70800.0,49500.0,80500.0,41000.0,34300.0,23500.0,57600.0,28900.0,25000.0,32500.0,25400.0,14300.0,19100.0,24499.3144,72000.0,49700.0,23500.0,12350.0,73100.0,28150.0,16700.0,78900.0,12700.0,24650.0,65000.0,15850.0,1591.17
2026-03-20,25900.0,14200.0,13750.0,4500.0,55500.0,43600.0,28850.0,27700.0,135000.0,100000.0,25500.0,27700.0,60000.0,42600.0,71300.0,49950.0,82000.0,42800.0,34250.0,24000.0,58000.0,29850.0,25950.0,33600.0,26950.0,15350.0,20500.0,26304.527,77200.0,53400.0,25250.0,13000.0,74600.0,29600.0,17650.0,80000.0,13150.0,25950.0,67400.0,16600.0,1647.81
2026-03-19,26700.0,14600.0,13700.0,4510.0,59600.0,45050.0,30750.0,28100.0,145000.0,102300.0,26250.0,28000.0,61000.0,44350.0,75400.0,50000.0,88100.0,46000.0,36800.0,24000.0,59800.0,30050.0,26400.0,34650.0,27000.0,15600.0,20550.0,25825.5931,76500.0,56000.0,25750.0,13650.0,76800.0,29600.0,17700.0,82000.0,12950.0,25900.0,65400.0,16250.0,1699.13
2026-03-18,26800.0,14750.0,13850.0,4550.0,64000.0,44350.0,30750.0,28850.0,146000.0,102000.0,26200.0,27700.0,61700.0,44450.0,75300.0,50500.0,91700.0,48450.0,37100.0,24600.0,60500.0,30300.0,26300.0,35000.0,28000.0,16150.0,21450.0,26525.5735,79400.0,57500.0,25800.0,14300.0,78600.0,29800.0,18100.0,82500.0,13300.0,26000.0,64000.0,16350.0,1713.83
2026-03-17,26900.0,14500.0,14050.0,4580.0,68800.0,41450.0,28750.0,27500.0,146200.0,102000.0,26200.0,27800.0,61500.0,44350.0,75400.0,50600.0,86400.0,45650.0,34700.0,24400.0,60500.0,30300.0,26350.0,34400.0,28650.0,16450.0,21850.0,27446.6003,76000.0,56400.0,25100.0,14100.0,79400.0,30050.0,18400.0,82700.0,13100.0,25550.0,63000.0,15550.0,1710.29
2026-03-16,26750.0,14400.0,14000.0,4520.0,73900.0,44550.0,30900.0,27900.0,144700.0,100000.0,26200.0,28000.0,61800.0,44500.0,73500.0,50800.0,87900.0,46700.0,37200.0,24200.0,58800.0,30200.0,26100.0,34150.0,28400.0,16200.0,21750.0,27225.5539,74000.0,56000.0,25300.0,14000.0,78200.0,29900.0,17800.0,81600.0,13200.0,25950.0,63400.0,15800.0,1693.21
2026-03-13,26650.0,14350.0,13900.0,4570.0,77400.0,47900.0,33200.0,28550.0,144600.0,98000.0,26000.0,26400.0,63100.0,44400.0,73900.0,51200.0,91800.0,48400.0,40000.0,24600.0,59000.0,30000.0,26150.0,34000.0,28400.0,16250.0,21650.0,27225.5539,75900.0,56700.0,24800.0,14100.0,77000.0,29400.0,17700.0,81500.0,13300.0,26650.0,63800.0,16750.0,1696.24
2026-03-12,26800.0,14400.0,13900.0,4590.0,80900.0,50200.0,34000.0,29500.0,145000.0,95900.0,25600.0,26900.0,61600.0,43750.0,73100.0,51300.0,98700.0,52000.0,41250.0,24600.0,59800.0,30000.0,26250.0,34300.0,29150.0,16550.0,21950.0,26967.6664,76800.0,58300.0,24200.0,14400.0,77700.0,29650.0,17950.0,81000.0,13400.0,26500.0,62500.0,16500.0,1709.61
2026-03-11,27400.0,14800.0,14300.0,4600.0,77700.0,48150.0,31800.0,28800.0,146000.0,95900.0,25750.0,26850.0,63000.0,44800.0,73000.0,51300.0,103000.0,55200.0,41200.0,24850.0,60400.0,31100.0,26800.0,35100.0,30250.0,16900.0,22650.0,27409.7593,76500.0,60200.0,23350.0,14750.0,80200.0,30200.0,18050.0,82900.0,13550.0,26350.0,60400.0,15450.0,1728.34
2026-03-10,27100.0,14300.0,14000.0,4520.0,75900.0,48700.0,31300.0,28350.0,141800.0,89800.0,25050.0,25850.0,62100.0,44750.0,68300.0,50800.0,97000.0,53700.0,39550.0,24200.0,60400.0,30300.0,26550.0,35050.0,29650.0,16550.0,22000.0,26304.527,71500.0,56300.0,21850.0,14050.0,79500.0,29300.0,17250.0,79600.0,13100.0,25500.0,59600.0,14700.0,1676.73
2026-03-09,25350.0,13800.0,13500.0,4440.0,71000.0,46050.0,29950.0,27850.0,145600.0,88400.0,23950.0,24200.0,58100.0,42450.0,68200.0,49700.0,104300.0,57700.0,39500.0,23950.0,57300.0,29250.0,24850.0,33200.0,29300.0,16900.0,21750.0,26046.6395,72600.0,58600.0,22650.0,14950.0,75900.0,29250.0,17700.0,78600.0,13550.0,25750.0,57700.0,14350.0,1652.79
2026-03-06,27250.0,14800.0,14500.0,4770.0,73100.0,49500.0,31150.0,29900.0,156500.0,95000.0,25700.0,26000.0,62400.0,45600.0,73300.0,50300.0,112100.0,62000.0,42300.0,25750.0,61600.0,31450.0,26700.0,35650.0,31500.0,18150.0,23350.0,27999.2164,78000.0,63000.0,24350.0,16050.0,81600.0,31400.0,19000.0,84500.0,14550.0,27650.0,62000.0,15350.0,1767.84
2026-03-05,27250.0,15000.0,14700.0,4750.0,71000.0,47700.0,30500.0,31500.0,164800.0,95000.0,26750.0,25600.0,63200.0,45650.0,75300.0,50400.0,119700.0,64700.0,42250.0,26500.0,62500.0,32200.0,27050.0,36200.0,33500.0,18900.0,24500.0,29841.2702,77300.0,63600.0,25700.0,17250.0,84400.0,31850.0,19000.0,87000.0,15150.0,28200.0,63500.0,15150.0,1808.51
2026-03-04,27700.0,15150.0,15000.0,4720.0,70900.0,50000.0,30600.0,32450.0,155600.0,93500.0,26250.0,25700.0,64900.0,46000.0,76000.0,50600.0,128700.0,69500.0,45000.0,27550.0,63000.0,32500.0,26950.0,36400.0,33700.0,18800.0,24600.0,30099.1577,79000.0,67000.0,25600.0,18500.0,85100.0,31900.0,19250.0,86800.0,15450.0,28000.0,64500.0,15700.0,1818.27
2026-03-03,27700.0,15500.0,15400.0,4850.0,73800.0,49150.0,31350.0,34200.0,155500.0,93500.0,27300.0,25950.0,63400.0,46000.0,77000.0,50500.0,123400.0,66100.0,44150.0,28450.0,61600.0,33600.0,27050.0,35900.0,32600.0,18350.0,23900.0,28146.5807,81500.0,71000.0,27500.0,17600.0,87000.0,32450.0,18400.0,88100.0,16550.0,28800.0,64500.0,16000.0,1813.14
2026-03-02,28500.0,15700.0,15600.0,4880.0,75300.0,45950.0,29500.0,33850.0,167200.0,100500.0,27150.0,26450.0,66600.0,47200.0,78400.0,50900.0,115400.0,61800.0,41300.0,27150.0,62900.0,34650.0,27650.0,36850.0,31850.0,18100.0,23350.0,28367.6272,81000.0,67100.0,27100.0,16450.0,89600.0,33150.0,19000.0,91600.0,15500.0,28900.0,64300.0,15850.0,1846.1
2026-02-27,28800.0,16150.0,15800.0,4980.0,73800.0,42950.0,27600.0,31650.0,172000.0,108000.0,27250.0,27850.0,68200.0,48400.0,79000.0,51300.0,107900.0,57800.0,38600.0,25950.0,64900.0,36250.0,28500.0,38250.0,32400.0,18700.0,24250.0,28367.6272,84400.0,62800.0,25900.0,15400.0,92900.0,34800.0,20400.0,95300.0,14500.0,27750.0,61800.0,14850.0,1880.33
2026-02-26,29400.0,16250.0,16150.0,5050.0,73600.0,40400.0,26500.0,30350.0,168900.0,107600.0,28000.0,28350.0,70600.0,49100.0,80400.0,52000.0,106000.0,57500.0,37400.0,26000.0,65400.0,36450.0,28800.0,38500.0,32400.0,18800.0,24150.0,27372.9182,81400.0,61400.0,25100.0,14700.0,90500.0,34950.0,21000.0,95700.0,14100.0,27600.0,62200.0,14850.0,1879.64
2026-02-25,29300.0,16400.0,16150.0,5080.0,76000.0,41150.0,26800.0,30850.0,158000.0,107000.0,27950.0,28050.0,72300.0,49200.0,80300.0,52200.0,110000.0,58000.0,36600.0,26200.0,65100.0,36000.0,28750.0,38500.0,32150.0,18900.0,24150.0,26893.9842,80000.0,62500.0,24700.0,14800.0,89100.0,35150.0,20800.0,96400.0,14300.0,27800.0,62000.19,14850.0,1860.91
2026-02-24,28300.0,16300.0,15900.0,4970.0,75100.0,42000.0,26900.0,30850.0,162900.0,111000.0,28250.0,28650.0,70200.0,48800.0,80900.0,52200.0,110500.0,57700.0,37000.0,26400.0,65000.0,35800.0,28250.0,38200.0,32100.0,19000.0,24100.0,27262.395,79800.0,62600.0,24900.0,14900.0,92500.0,35000.0,21700.0,95800.0,13900.0,28200.0,61311.299,14800.0,1867.62
2026-02-23,27500.0,15900.0,15350.0,4970.0,70200.0,40000.0,25400.0,29800.0,162300.0,110700.0,28000.0,28750.0,70600.0,48850.0,79200.0,52200.0,108700.0,55600.0,36500.0,26450.0,66400.0,35850.0,28350.0,38700.0,31600.0,18850.0,23900.0,27225.5539,75500.0,60000.0,25950.0,14700.0,94500.0,35150.0,22700.0,97200.0,13850.0,27550.0,61016.06,14750.0,1860.14
2026-02-13,26850.0,15500.0,14950.0,4940.0,68400.0,39200.0,25000.0,29000.0,160000.0,109000.0,28300.0,29000.0,69500.0,48500.0,78000.0,52100.0,101600.0,52000.0,34150.0,25500.0,64400.0,35450.0,28300.0,38600.0,31400.0,18600.0,23600.0,26893.9842,75000.0,58500.0,24800.0,14100.0,96300.0,34100.0,23000.0,92900.0,13400.0,27250.0,60622.408,14550.0,1824.09
2026-02-12,26900.0,15600.0,14950.0,4940.0,67800.0,38900.0,25000.0,29250.0,159000.0,109000.0,28500.0,29700.0,69000.0,48800.0,78000.0,52000.0,101400.0,51700.0,33150.0,25450.0,64200.0,35450.0,28350.0,38000.0,31250.0,18300.0,23300.0,26451.8913,74500.0,58000.0,24300.0,13900.0,98800.0,34400.0,23000.0,93000.0,13300.0,27050.0,61016.06,14450.0,1814.09
2026-02-11,26850.0,15600.0,14950.0,4940.0,68500.0,39500.0,25250.0,28900.0,150800.0,103000.0,28550.0,28900.0,69100.0,48700.0,78000.0,51900.0,102000.0,51700.0,32600.0,25500.0,64700.0,35300.0,29000.0,37900.0,31200.0,18400.0,23400.0,26194.0038,71300.0,57800.0,23500.0,13550.0,98600.0,34300.0,22900.0,93000.0,13200.0,26900.0,60819.234,14450.0,1796.85
2026-02-10,26550.0,15450.0,14750.0,4920.0,68000.0,39000.0,25100.0,28550.0,141500.0,101300.0,27600.0,27500.0,68400.0,48350.0,76800.0,51900.0,107700.0,53300.0,32450.0,25500.0,63100.0,34600.0,27850.0,37100.0,29950.0,17750.0,22800.0,25604.5466,71000.0,56400.0,22650.0,13500.0,97800.0,34150.0,22700.0,92800.0,12950.0,26800.0,59539.865,14250.0,1754.03
2026-02-09,26750.0,15500.0,14750.0,5060.0,67200.0,39900.0,25350.0,29000.0,132300.0,95000.0,26550.0,27400.0,69600.0,49450.0,78200.0,51900.0,115700.0,57300.0,34000.0,25550.0,65000.0,34750.0,27600.0,37100.0,29600.0,17650.0,22900.0,25383.5002,71300.0,56600.0,22350.0,13900.0,99000.0,34600.0,23100.0,94500.0,13450.0,26950.0,60425.582,14550.0,1754.82
2026-02-06,26800.0,15600.0,14650.0,5060.0,65300.0,38800.0,24700.0,29500.0,131000.0,97500.0,25400.0,27050.0,69100.0,48750.0,78200.0,52100.0,115000.0,57000.0,32850.0,25250.0,65100.0,34600.0,27350.0,37400.0,29900.0,17650.0,22500.0,25236.1359,71500.0,57600.0,22300.0,14150.0,97600.0,34750.0,23000.0,94000.0,13500.0,26750.0,60327.169,14600.0,1755.49
2026-02-05,27550.0,16150.0,15300.0,5160.0,67700.0,38600.0,25000.0,30500.0,130100.0,97600.0,26600.0,28600.0,69100.0,50100.0,79400.0,52500.0,112000.0,57400.0,33550.0,26150.0,68400.0,34850.0,27050.0,38600.0,31000.0,18200.0,23150.0,26599.2556,71100.0,57700.0,21600.0,14500.0,99000.0,35600.0,23450.0,94800.0,14200.0,26750.0,61114.473,15000.0,1782.56
2026-02-04,28300.0,16500.0,15550.0,5200.0,68700.0,38300.0,25000.0,30250.0,121600.0,91300.0,26850.0,28600.0,72000.0,51700.0,82700.0,52700.0,115800.0,60000.0,33500.0,26850.0,70800.0,34550.0,27800.0,39600.0,31550.0,18550.0,23699.94,27078.1896,73300.0,59300.0,22100.0,15050.0,101900.0,37000.0,23950.0,99000.0,14450.0,27050.0,61606.538,15150.0,1791.43
2026-02-03,26750.0,15800.0,14950.0,4970.0,67900.0,37600.0,24700.0,29750.0,130700.0,97300.0,26850.0,28550.0,71600.0,52100.0,83800.0,52800.0,117000.0,60000.0,33000.0,26850.0,71800.0,34700.0,27700.0,39700.0,30900.0,18500.0,23503.26,26746.6199,72900.0,59400.0,22200.0,14100.0,103900.0,37100.0,23600.0,100800.0,14300.0,26600.0,61704.951,14850.0,1813.4
2026-02-02,26550.0,15750.0,14900.0,4960.0,67300.0,37850.0,24450.0,29100.0,130700.0,98600.0,27200.0,28750.0,72600.0,49900.0,83800.0,52000.0,114500.0,60900.0,33150.0,26750.0,71500.0,35000.0,27300.0,39350.0,30800.0,18100.0,23306.58,26525.5735,68200.0,58400.0,21350.0,13600.0,104300.0,37100.0,23000.0,99000.0,14350.0,26750.0,60228.756,14900.0,1806.5
2026-01-30,26800.0,16100.0,15200.0,5000.0,68600.0,36600.0,23950.0,28700.0,140500.0,106000.0,27500.0,29450.0,70600.0,49900.0,84000.0,50000.0,117000.0,58900.0,31000.0,27000.0,70500.0,35900.0,27200.0,38750.0,31150.0,18500.0,23159.07,27004.5074,68500.0,56500.0,20600.0,13050.0,104500.0,35800.0,24400.0,96700.0,13750.0,26300.0,61114.473,14750.0,1829.04
2026-01-29,27100.0,16250.0,15300.0,5020.0,67800.0,37000.0,23900.0,28550.0,140500.0,107000.0,26900.0,28450.0,71100.0,50300.0,84100.0,50000.0,116800.0,57700.0,30000.0,26800.0,69800.0,34900.0,26700.0,38300.0,31150.0,18450.0,23208.24,26636.0967,67900.0,56200.0,20550.0,13050.0,106100.0,35550.0,24700.0,96000.0,13400.0,26250.0,61016.06,14900.0,1814.98
2026-01-28,26700.0,16200.0,15150.0,5040.0,68100.0,36000.0,23600.0,28800.0,140500.0,104300.0,26900.0,29000.0,67700.0,48950.0,79500.0,50000.0,118000.0,58900.0,30500.0,27200.0,69600.0,34500.0,26550.0,38400.0,30950.0,18600.0,23060.73,26636.0967,65800.0,55900.0,20100.0,12950.0,104500.0,35550.0,24450.0,96700.0,13800.0,26350.0,60819.234,14550.0,1802.91
2026-01-27,26450.0,15900.0,14850.0,5100.0,67500.0,35800.0,23300.0,29150.0,151000.0,110600.0,26700.0,28050.0,67700.0,49550.0,76700.0,50000.0,115300.0,60900.0,29300.0,26300.0,70600.0,34950.0,26500.0,38250.0,30850.0,18650.0,22962.39,27262.395,65800.0,56800.0,20000.0,12900.0,102100.0,35250.0,24050.0,97000.0,14000.0,26650.0,61409.712,14650.0,1830.5
2026-01-26,26300.0,15900.0,14850.0,5120.0,68800.0,34800.0,23000.0,28850.0,159900.0,118900.0,27650.0,29350.0,68900.0,48500.0,77300.0,50000.0,107800.0,57000.0,27400.0,25850.0,69600.0,35650.0,26100.0,38200.0,31000.0,18500.0,22519.86,27115.0307,64000.0,56300.0,20350.0,13200.0,98500.0,34950.0,24400.0,94900.0,14000.0,26000.0,60819.234,14650.0,1843.72
2026-01-23,26750.0,16350.0,15350.0,5180.0,73900.0,36050.0,24550.0,30700.0,165400.0,122500.0,28900.0,29700.0,67200.0,49300.0,79000.0,50100.0,100800.0,54600.0,27600.0,26000.0,68600.0,36500.0,26950.0,39000.0,31900.0,19400.0,23257.41,26451.8913,68500.0,57700.0,21850.0,14100.0,101000.0,36000.0,25000.0,96000.0,13900.0,26050.0,61803.364,15000.0,1870.79
2026-01-22,26850.0,16650.0,15450.0,5200.0,73800.0,37950.0,25850.0,32050.0,161100.0,120500.0,29300.0,30800.0,70900.0,50600.0,79900.0,50200.0,104800.0,56500.0,29100.0,26100.0,71000.0,36000.0,26950.0,39900.0,31900.0,19200.0,23257.41,25899.2752,70000.0,59000.0,22550.0,14300.0,103500.0,37150.0,25200.0,99000.0,14800.0,26350.0,62197.016,15050.0,1882.73
2026-01-21,26800.0,16300.0,15200.0,5140.0,69000.0,35500.0,24650.0,31800.0,160500.0,122900.0,28700.0,29800.0,70300.0,50600.0,79900.0,50400.0,110000.0,59100.0,29750.0,26000.0,72800.0,35800.0,27000.0,40200.0,31700.0,19000.0,23355.75,25788.752,70500.0,59800.0,22500.0,13400.0,105000.0,37650.0,25100.0,101400.0,14650.0,26100.0,61114.473,14950.0,1885.44
2026-01-20,27250.0,16750.0,15500.0,5260.0,64500.0,35200.0,24300.0,30850.0,161000.0,123000.0,29300.0,30600.0,73400.0,52300.0,80000.0,50200.0,104500.0,59000.0,28500.0,26400.0,73500.0,35950.0,27400.0,39650.0,32600.0,19600.0,25076.7,26046.6395,68200.0,61500.0,23300.0,13900.0,104100.0,37150.0,25800.0,103600.0,14300.0,25900.0,61803.364,15000.0,1893.78
2026-01-19,27700.0,16800.0,15800.0,5250.0,65100.0,35100.0,24200.0,30600.0,162000.0,125000.0,29300.0,30100.0,70600.0,51100.0,80200.0,50000.0,105800.0,55600.0,29300.0,25600.0,72700.0,36300.0,27500.0,40000.0,32650.0,20550.0,25470.06,25641.3877,63800.0,57500.0,21800.0,13100.0,105800.0,37000.0,26500.0,102800.0,14250.0,25800.0,62295.429,14900.0,1896.59
2026-01-16,27600.0,16700.0,16150.0,5290.0,66000.0,35200.0,24100.0,30900.0,159900.0,124100.0,29750.0,30650.0,69600.0,52500.0,81400.0,50300.0,99800.0,52000.0,28900.0,25900.0,73000.0,35800.0,27050.0,39600.0,32650.0,20500.0,26060.1,25567.7055,63900.0,57600.0,21750.0,13300.0,105300.0,37900.0,26750.0,102600.0,14250.0,25950.0,62689.081,15050.0,1879.13
2026-01-15,27600.0,17000.0,16150.0,5080.0,67300.0,35700.0,24300.0,32400.0,153000.0,120000.0,30100.0,31200.0,71000.0,52700.0,81000.0,50300.0,103000.0,51800.0,29050.0,26400.0,71900.0,35600.0,27250.0,40000.0,32650.0,20800.0,25617.57,25678.2288,63500.0,57600.0,21950.0,13600.0,98500.0,36450.0,25150.0,107000.0,14250.0,25950.0,61311.299,14950.0,1864.8
2026-01-14,27250.0,16300.0,15600.0,4900.0,63900.0,36700.0,24900.0,30850.0,160200.0,126300.0,29050.0,31000.0,67700.0,53700.0,80600.0,50400.0,107000.0,48500.0,29700.0,26450.0,76000.0,36500.0,27150.0,41450.0,33350.0,20600.0,26060.1,26157.1627,63000.0,57500.0,22250.0,13750.0,99800.0,34100.0,23550.0,108000.0,14600.0,25600.0,61311.299,14850.0,1894.44
2026-01-13,27250.0,16200.0,15500.0,4830.0,63100.0,35650.0,24400.0,28850.0,167900.0,134000.0,30000.0,30950.0,63300.0,50200.0,79300.0,50000.0,103700.0,45350.0,30350.0,27050.0,74000.0,37350.0,27550.0,41300.0,32750.0,20800.0,25076.7,26267.686,62900.0,58300.0,21950.0,13250.0,98900.0,33454.512,23600.0,101000.0,14600.0,25900.0,61114.473,14900.0,1902.93
2026-01-12,27500.0,16300.0,15550.0,4840.0,63700.0,35300.0,24300.0,28600.0,163700.0,130200.0,29200.0,30000.0,62700.0,47000.0,78600.0,50100.093,97000.0,42400.0,28400.0,25800.0,72700.0,38000.0,28200.0,41500.0,32450.0,20650.0,23749.11,26415.0503,63000.0,57000.0,20550.0,13300.0,99500.0,33590.8755,23750.0,102600.0,14150.0,24400.0,60523.995,14650.0,1877.33
2026-01-09,26200.0,15600.0,14800.0,4700.0,62700.0,34650.0,23750.0,28450.0,176000.0,140000.0,28600.0,29150.0,61000.0,46949.903,76500.0,50295.415,97100.0,43000.0,29500.0,25700.0,68000.0,36650.0,27300.0,40750.0,30350.0,19300.0,22224.84,24720.3608,62000.0,57000.0,19750.0,13200.0,97400.0,33681.7845,23800.0,95900.0,14400.0,24400.0,60031.93,14500.0,1867.9
2026-01-08,26400.0,15750.0,14950.0,4710.0,62800.0,34650.0,23500.0,28100.0,176600.0,139100.0,30500.0,31000.0,62200.0,46326.462,78300.0,50490.737,91600.0,41500.0,30400.0,26500.0,63700.0,36000.0,26600.0,38200.0,30550.0,19800.0,22126.5,25051.9305,63000.0,57600.0,20600.0,12800.0,96500.0,32954.5125,23950.0,89700.0,14000.0,24950.0,60720.821,14800.0,1855.56
2026-01-07,26600.0,15850.0,15000.0,4750.0,64100.0,34000.0,23450.0,27550.0,179000.0,149500.0,31350.0,30650.0,60900.0,46518.29,78400.0,48439.856,88500.0,41450.0,30000.0,25750.0,59600.0,36400.0,26700.0,37450.0,30100.0,19300.0,21880.65,25162.4541,62700.0,59100.0,20550.0,12650.0,97500.0,32727.24,23650.0,89100.0,13600.0,25000.0,61016.06,14750.0,1861.58
2026-01-06,25950.0,15400.0,14450.0,4720.0,63000.0,33400.0,22850.0,26950.0,173100.0,141800.0,31850.0,30500.0,60800.0,45607.107,77000.0,50197.754,82800.0,38750.0,29600.0,25000.0,57300.0,36000.0,26650.0,36200.0,29650.0,18650.0,21388.95,24690.4311,60400.0,57800.0,19700.0,12550.0,94000.0,31772.6955,24250.0,85000.0,12750.0,24800.0,60228.756,14850.0,1816.27
2026-01-05,25950.0,15450.0,14550.0,4750.0,65500.0,33350.0,22500.0,26800.0,173100.0,132600.0,31900.0,31050.0,60300.0,46134.634,76800.0,50783.72,77400.0,36300.0,29100.0,24450.0,57100.0,34950.0,25350.0,35500.0,29150.0,18700.0,21388.95,24654.1217,60600.0,57800.0,19600.0,12500.0,95000.0,31681.7865,24350.0,83300.0,12650.0,24350.0,59835.104,14850.0,1788.4
2025-12-31,26400.0,15750.0,14850.0,4740.0,68500.0,32700.0,22250.0,27300.0,169600.0,124000.0,31500.0,30450.0,61200.0,46997.86,77000.0,50783.72,72400.0,35300.0,28350.0,24450.0,57500.0,34900.0,25300.0,35750.0,30250.0,19450.0,22028.16,25634.477,61000.0,58700.0,19950.0,12350.0,95800.0,32363.604,24600.0,85300.0,12700.0,24350.0,60031.93,15400.0,1784.49
2025-12-30,26500.0,15900.0,15000.0,4790.0,65200.0,32700.0,22400.0,27900.0,163000.0,117500.0,31500.0,30600.0,61800.0,47573.344,76900.0,50783.72,74900.0,35750.0,28450.0,24700.0,57300.0,34350.0,25000.0,35650.0,30600.0,19700.0,22323.18,25707.096,61800.0,59100.0,20250.0,12300.0,96500.0,32409.0585,24350.0,85300.0,12800.0,24400.0,60228.756,15050.0,1766.9
2025-12-29,26700.0,16200.0,15200.0,4800.0,61000.0,32700.0,22700.0,27150.0,159700.0,117700.0,31700.0,30850.0,62100.0,46806.032,75500.0,50686.059,75100.0,36500.0,28500.0,24900.0,57100.0,34050.0,24850.0,35300.0,30500.0,19800.0,22372.35,25634.477,61300.0,60200.0,20300.0,12350.0,94300.0,32181.786,24250.0,84700.0,13000.0,24450.0,60327.169,14900.0,1754.84
2025-12-26,26900.0,16050.0,15300.0,4810.0,60900.0,31800.0,22100.0,26900.0,155000.0,110000.0,32050.0,30100.0,61500.0,46758.075,75300.0,50783.72,70500.0,35550.0,27350.0,23700.0,57100.0,33900.0,24850.0,35200.0,30750.0,20000.0,22519.86,25852.3338,59500.0,59500.0,20150.0,12350.0,92500.0,31727.241,23850.0,84000.0,12800.0,24150.0,60327.169,14700.0,1729.8
2025-12-25,26250.0,16050.0,14950.0,4780.0,64600.0,32000.0,22150.0,27700.0,158000.0,114300.0,32150.0,31000.0,61300.0,46230.548,76300.0,51076.703,69200.0,35050.0,26500.0,23900.0,57100.0,34000.0,25000.0,35000.0,30500.0,20000.0,22519.86,24980.9068,60500.0,60000.0,20600.0,12550.0,93000.0,31818.15,23500.0,84000.0,12600.0,24150.0,60425.582,14500.0,1742.85
2025-12-24,26550.0,15900.0,15200.0,4780.0,65000.0,32100.0,22350.0,28000.0,169800.0,122800.0,32950.0,31500.0,61500.0,46806.032,76200.0,50490.737,66100.0,35150.0,27650.0,24200.0,57000.0,34950.0,25300.0,35300.0,31350.0,20400.0,22864.05,25888.6432,60000.0,61000.0,20800.0,12650.0,93600.0,31999.968,23700.0,83500.0,12750.0,24200.0,60031.93,14450.0,1782.82
2025-12-23,26750.0,15800.0,15150.0,4790.0,68599.96,32450.0,22200.0,28250.0,169900.0,114900.0,33000.0,31900.0,62600.0,47477.43,76100.0,50881.381,65300.0,35600.0,27450.0,24150.0,57200.0,34800.0,25100.0,35000.0,30800.0,19950.0,22618.2,24908.2879,59500.0,60500.0,20800.0,12700.0,94000.0,32181.786,23900.0,84000.0,12800.0,24200.0,60425.582,14300.0,1772.15
2025-12-22,26900.0,16050.0,15300.0,4830.0,71474.26,32350.0,22550.0,28500.0,158800.0,107400.0,33150.0,32650.0,63200.0,47573.344,76000.0,51272.025,65300.0,35300.0,27900.0,24500.0,57800.0,35200.0,25250.0,35150.0,31450.0,20000.0,22913.22,25561.8581,59500.0,59800.0,20800.0,12700.0,93700.0,32181.786,24400.0,84600.0,12700.0,24250.0,60917.647,14300.0,1751.03
2025-12-19,26700.0,15900.0,15000.0,4830.0,67258.62,31900.0,22500.0,28000.0,148500.0,101500.0,32650.0,31700.0,64000.0,47669.258,75800.0,51565.008,64000.0,34850.0,27600.0,24600.0,57500.0,33600.0,24700.0,34450.0,30800.0,19850.0,22716.54,25235.073,59500.0,57500.0,20000.0,12500.0,93900.0,31999.968,23900.0,83700.0,12200.0,24200.0,60917.647,14200.0,1704.31
2025-12-18,26400.0,15650.0,14950.0,4790.0,71761.69,31950.0,22250.0,27950.0,142700.0,94900.0,32100.0,31400.0,63900.0,48148.828,74000.0,51076.703,63300.0,34800.0,27100.0,24500.0,56800.0,33000.0,24650.0,34350.0,29850.0,19350.0,22618.2,24835.669,58400.0,58000.0,20100.0,12500.0,94400.0,32136.3315,23850.0,83800.0,12300.0,24000.0,60523.995,14200.0,1676.98
2025-12-17,26400.0,15750.0,15000.0,4790.0,77127.05,32100.0,22250.0,28450.0,142900.0,94900.0,31700.0,31250.0,62900.0,48052.914,74000.0,50979.042,62900.0,34650.0,27000.0,24500.0,56700.0,32600.0,24400.0,34700.0,29650.0,18850.0,22618.2,24835.669,58700.0,58200.0,20000.0,12500.0,95900.0,32545.422,24200.0,84800.0,12300.0,23200.0,60917.647,14150.0,1673.66
2025-12-16,26700.0,15900.0,15000.0,4850.0,82875.65,32450.0,22350.0,28550.0,142900.0,95000.0,31600.0,32200.0,64200.0,49587.538,74500.0,50783.72,64300.0,34400.0,25850.0,24850.0,56900.0,33000.0,24450.0,35260.89,30250.0,18900.0,23011.56,24835.669,58900.0,58000.0,20350.0,12500.0,94900.0,32318.1495,23550.0,83800.0,12400.0,22950.0,61606.538,14050.0,1679.18
2025-12-15,26250.0,15400.0,14600.0,4830.0,89103.3,32100.0,21950.0,28550.0,142900.0,92500.0,29600.0,31200.0,62000.0,48436.57,73500.0,50783.72,62100.0,33900.0,24200.0,24500.0,56800.0,32000.0,23750.0,34362.083,28400.0,17700.0,22274.01,24218.4082,58500.0,56400.0,19600.0,12300.0,93800.0,31909.059,22900.0,83000.0,12000.0,22650.0,61311.299,13950.0,1646.01
2025-12-12,26000.0,15400.0,14600.0,4840.0,88145.2,32200.0,22000.0,28450.0,144000.0,94100.0,30500.0,32900.0,60200.0,47957.0,73500.0,50002.432,61300.0,33700.0,23600.0,24800.0,56800.0,32000.0,24000.0,34223.805,28100.0,17500.0,21978.99,23746.3852,57400.0,56000.0,19750.0,12350.0,93700.0,32545.422,22950.0,82800.0,11550.0,22550.0,61311.299,13950.0,1646.89
2025-12-11,26550.0,16400.0,15600.0,5140.0,90636.26,33300.0,22600.0,29500.0,146000.0,101100.0,32500.0,34800.0,61500.0,50163.022,76100.0,51174.364,62600.0,34400.0,24700.0,24700.0,57600.0,33400.0,24850.0,34638.639,29050.0,18600.0,22569.03,24835.669,58000.0,58600.0,21200.0,13200.0,96000.0,33318.1485,22950.0,84400.0,12100.0,23600.0,61704.951,14150.0,1698.9
2025-12-10,26650.0,16450.0,15600.0,5150.0,91019.5,33350.0,22650.0,29600.0,148800.0,103500.0,32500.0,34850.0,63100.0,49395.71,77000.0,51076.703,63500.0,34600.0,24650.0,24850.0,58200.0,33700.0,25150.0,34915.195,29250.0,18600.0,22667.37,24908.2879,58000.0,59300.0,21250.0,13300.0,95600.0,33227.2395,22950.0,84000.0,12300.0,23600.0,62295.429,14050.0,1718.98
2025-12-09,26400.0,16500.0,15650.0,5180.0,90923.69,33350.0,22700.0,29650.0,160000.0,107500.0,33300.0,35250.0,62500.0,51122.162,77000.0,50783.72,64000.0,35000.0,24450.0,24900.0,58000.0,33800.0,24700.0,34638.639,28750.0,18600.0,22519.86,24763.0501,58500.0,59600.0,21600.0,13150.0,96900.0,33181.785,22800.0,84900.0,12184.8993,23600.0,61704.951,14050.0,1747.17
2025-12-08,26750.0,16500.0,15750.0,5170.0,90061.4,33800.0,23150.0,30150.0,152700.0,110000.0,33400.0,35850.0,63500.0,51026.248,77900.0,50783.72,65400.0,36050.0,25850.0,24950.0,57900.0,34200.0,25300.0,35330.029,29400.0,18700.0,22126.5,24581.5028,59500.0,59200.0,21950.0,13550.0,95500.0,33136.3305,22500.0,85500.0,12437.0007,23850.0,62393.842,14300.0,1753.74
2025-12-05,27000.0,16650.0,16100.0,5170.0,91019.5,34200.0,23200.0,30550.0,142800.0,107000.0,33950.0,35600.0,63400.0,47765.172,78200.0,50881.381,64000.0,34400.0,26050.0,25150.0,58300.0,34700.0,25150.0,35606.585,29374.9125,19000.0,22470.69,25017.2163,61000.0,59900.0,22600.0,13950.0,96200.0,33363.603,22050.0,86500.0,12647.0851,23850.0,63181.146,14350.0,1741.32
2025-12-04,27300.0,16850.0,16300.0,5180.0,92935.7,34250.0,23550.0,30900.0,133500.0,105200.0,34450.0,36100.0,63400.0,48820.226,79900.0,50783.72,65000.0,34950.0,26550.0,24950.0,58900.0,35400.0,25700.0,35952.28,29875.88,19300.0,22618.2,25452.9298,62100.0,61500.0,23100.0,13650.0,97500.0,33636.33,21700.0,88000.0,12647.0851,24050.0,62885.907,14400.0,1737.24
2025-12-03,26800.0,16700.0,16050.0,5180.0,92935.7,33900.0,23300.0,30800.0,134700.0,106800.0,34200.0,36100.0,64600.0,49779.366,80600.0,50588.398,64500.0,34600.0,26050.0,24900.0,58900.0,34900.0,24550.0,35952.28,29465.9975,19000.0,22323.18,25162.4541,62700.0,61300.0,22650.0,12800.0,96600.0,33499.9665,21100.0,87600.0,12479.0176,24000.0,63181.146,14350.0,1731.77
2025-12-02,26500.0,16500.0,15950.0,5200.0,92744.08,33850.0,23000.0,30600.0,137500.0,106800.0,33550.0,35200.0,65000.0,50258.936,78600.0,50100.093,66100.0,34850.0,26400.0,24900.0,57600.0,34200.0,23550.0,33912.6795,29420.455,18700.0,21929.82,24690.4311,62700.0,61000.0,22000.0,12800.0,96600.0,33227.2395,20500.0,87000.0,12521.0345,23650.0,62098.603,14250.0,1717.06
2025-12-01,26500.0,16500.0,16000.0,5210.0,91019.5,33700.0,23100.0,30450.0,134950.0,105700.0,34150.0,35650.0,64900.0,46997.86,78800.0,51174.364,65400.0,34450.0,26000.0,25000.0,57500.0,33200.0,23200.0,33463.276,29147.2,18200.0,21733.14,24254.7177,63500.0,60800.0,22100.0,12700.0,96600.0,33954.5115,20700.0,87500.0,12521.0345,23600.0,63574.798,14150.0,1701.67
2025-11-28,26550.0,16700.0,16200.0,5200.0,90348.83,33900.0,23100.0,30450.0,130200.0,102900.0,35000.0,35950.0,64000.0,44504.096,77400.0,50783.72,63400.0,33900.0,26700.0,25050.0,57400.0,33750.0,23250.0,33878.11,29875.88,18400.0,21782.31,24508.8839,64000.0,60900.0,22000.0,12850.0,96099.87,33999.966,20700.0,86400.0,12815.1527,23300.0,64165.276,14300.0,1690.99
2025-11-27,26900.0,16850.0,16350.0,5220.0,91019.5,33950.0,23300.0,30550.0,124000.0,102500.0,35400.0,35700.0,62000.0,44504.096,78500.0,51662.669,63000.0,34000.0,25900.0,25150.0,57900.0,33750.0,23500.0,33774.4015,30240.22,18750.0,22077.33,24581.5028,63900.0,60300.0,22650.0,12850.0,98475.15,34136.3295,20650.0,87800.0,12815.1527,23300.0,64952.58,14350.0,1684.32
2025-11-26,27100.0,16850.0,16600.0,5260.0,91785.98,33950.0,23450.0,30750.0,122500.0,102100.0,35400.0,36150.0,62800.0,44600.01,78600.0,51662.669,62000.0,33850.0,26150.0,25100.0,58100.0,33850.0,23250.0,33808.971,30968.9,18800.0,22323.18,24980.9068,63400.0,61800.0,23150.0,13000.0,97980.3,34090.875,20300.0,88000.0,12773.1358,23600.0,63968.45,14350.0,1680.36
2025-11-25,26900.0,16700.0,16100.0,5220.0,90061.4,33550.0,23100.0,30100.0,121500.0,102600.0,34500.0,35000.0,61900.0,44408.182,77000.0,51467.347,60800.0,33500.0,25700.0,25200.0,58200.0,33450.0,22850.0,33290.4285,29921.4225,18200.0,21782.31,24182.0987,62900.0,60300.0,21650.0,12900.0,98673.09,33863.6025,20200.0,86200.0,12437.0007,23400.0,63968.45,14200.0,1660.36
2025-11-24,27100.0,16900.0,16400.0,5250.0,91977.6,33850.0,23150.0,31350.0,119750.0,102700.0,34850.0,35850.0,63000.0,44264.311,77800.0,51467.347,61000.0,33850.0,25750.0,26000.0,58800.0,33950.0,23150.0,33739.832,31333.24,18800.0,22175.67,24835.669,62900.0,61700.0,22250.0,12850.0,99167.94,34681.7835,20400.0,88600.0,12689.102,23950.0,65247.819,14700.0,1667.98
2025-11-21,27400.0,17100.0,16500.0,5270.0,92744.08,34050.0,23600.0,31350.0,114850.0,99300.0,34850.0,35950.0,59900.0,44791.838,77500.0,51369.686,61900.0,33950.0,25750.0,25200.0,59000.0,34250.0,23200.0,33947.249,31242.155,19100.0,22126.5,24944.5973,63200.0,64600.0,22300.0,12900.0,99761.76,34545.42,20450.0,90300.0,12563.0514,23900.0,65936.71,14850.0,1654.93
2025-11-20,27250.0,17100.0,16800.0,5280.0,93127.32,34800.0,24250.0,31800.0,114000.0,97800.0,34650.0,35350.0,60700.0,45127.537,78500.0,51467.347,62100.0,34400.0,26050.0,25400.0,59400.0,34600.0,23350.0,33947.249,31697.58,19350.0,22274.01,25452.9298,62600.0,66000.0,22350.0,12950.0,97980.3,34772.6925,20550.0,91500.0,12563.0514,24000.0,66428.775,15050.0,1655.99
2025-11-19,27600.0,17300.0,17200.0,5270.0,92552.46,35350.0,24450.0,32000.0,110250.0,96900.0,34600.0,36300.0,60900.0,45079.58,78800.0,51467.347,62200.0,34700.0,26050.0,25250.0,59400.0,34800.0,23500.0,34120.0965,31560.9525,19400.0,22274.01,25997.5716,63200.0,66300.0,22400.0,13000.0,96990.6,34954.5105,20500.0,92500.0,12521.0345,24200.0,66920.84,15100.0,1649.0
2025-11-18,27500.0,17300.0,17250.0,5300.0,94660.28,34800.0,24150.0,32500.0,110000.0,97000.0,35400.0,37500.0,60700.0,45271.408,79000.0,51369.686,62400.0,34550.0,26150.0,25750.0,59900.0,35350.0,23700.0,34154.666,32380.7175,20150.0,22569.03,26433.2851,63500.0,67500.0,23050.0,13200.0,98970.0,35136.3285,20650.0,93000.0,12689.102,24100.0,66330.362,15100.0,1659.92
2025-11-17,27300.0,17200.0,17250.0,5230.0,94851.9,35000.0,24350.0,31750.0,108500.0,95000.0,35100.0,37900.0,62100.0,45319.365,79700.0,51369.686,63000.0,34700.0,26700.0,25700.0,60200.0,35150.0,23800.0,33774.4015,32244.09,19900.0,22569.03,26288.0473,63600.0,66000.0,22750.0,13000.0,99959.7,35090.874,20750.0,91200.0,12857.1696,24150.0,65247.819,15150.0,1654.42
2025-11-14,26900.0,17050.0,17050.0,5180.0,95235.14,34400.0,23850.0,31850.0,105500.0,93900.0,34650.0,37200.0,62800.0,45175.494,78000.0,51467.347,62800.0,34500.0,26700.0,25600.0,60000.0,35100.0,23500.0,33566.9845,31834.2075,19650.0,22224.84,25961.2622,62500.0,65000.0,22250.0,12900.0,98970.0,34636.329,20500.0,92600.0,12521.0345,24250.0,65346.232,15100.0,1635.46
2025-11-13,26550.0,17050.0,16950.0,5230.0,95810.0,34700.0,23950.0,32100.0,105600.0,93300.0,34450.0,36500.0,61800.0,45463.236,79000.0,51272.025,62900.0,34500.0,26150.0,25600.0,59800.0,35100.0,23500.0,33774.4015,31834.2075,19600.0,22323.18,26251.7378,63000.0,66000.0,22000.0,12800.0,97881.33,35045.4195,20850.0,92900.0,12352.9669,23700.0,64755.754,15300.0,1631.44
2025-11-12,27000.0,17100.0,17100.0,5250.0,89582.35,34300.0,23600.0,30450.0,105600.0,94000.0,34100.0,36800.0,59800.0,45031.623,79200.0,51272.025,61900.0,34050.0,24450.0,25450.0,59500.0,35000.0,23700.0,34016.388,32335.175,19900.0,22421.52,26578.5229,62000.0,62800.0,21550.0,12650.0,99563.82,34999.965,20750.0,91400.0,11974.8148,23600.0,63476.385,15050.0,1631.86
2025-11-11,26600.0,16900.0,16450.0,5230.0,87953.58,33800.0,23200.0,29750.0,100500.0,90000.0,33000.0,36350.0,58900.0,44887.752,78200.0,50979.042,61100.0,33750.0,24500.0,25200.0,58900.0,33650.0,23200.0,33532.415,31743.1225,19400.0,22175.67,26651.1419,61000.0,61300.0,20150.0,12500.0,95110.17,34181.784,20650.0,90000.0,11806.7473,22900.0,62885.907,14950.0,1593.61
2025-11-10,26450.0,16850.0,16350.0,5250.0,87666.15,33600.0,23300.0,29950.0,99500.0,86900.0,32000.0,36500.0,57000.0,44120.44,76000.0,50295.415,61200.0,33900.0,24700.0,25000.0,58800.0,33400.0,23100.0,33186.72,30604.56,19050.0,21880.65,25997.5716,61000.0,61700.0,20550.0,12500.0,95209.14,34227.2385,20500.0,87000.0,11848.7642,22900.0,62492.255,15000.0,1580.54
2025-11-07,26050.0,16850.0,16700.0,5330.0,89199.11,34200.0,23650.0,31100.0,99850.0,92000.0,32500.0,37650.0,57600.0,44216.354,76800.0,50783.72,62900.0,34000.0,24700.0,25050.0,59300.0,33000.0,23300.0,33878.11,30012.5075,18900.0,21536.46,26142.8094,63400.0,60800.0,20800.0,12500.0,99959.7,35318.1465,21050.0,89300.0,11932.7979,23050.0,63574.798,15000.0,1599.1
2025-11-06,26100.0,17000.0,16750.0,5380.0,91019.5,35400.0,24450.0,32100.0,103900.0,98900.0,34100.0,37950.0,58000.0,44264.311,78800.0,50393.076,62100.0,34750.0,24700.0,25850.0,60300.0,33600.0,23700.0,35330.029,31242.155,19600.0,22175.67,26723.7608,66100.0,62600.0,22000.0,12600.0,99167.94,35999.964,21100.0,89300.0,12226.9162,23750.0,64066.863,15400.0,1642.64
2025-11-05,26300.0,17100.0,16950.0,5390.0,91019.5,35950.0,24900.0,31800.0,103250.0,99600.0,34950.0,37600.0,58000.0,44312.268,80200.0,50881.381,63000.0,35200.0,24250.0,26150.0,60800.0,34100.0,23900.0,35468.307,31788.665,19950.0,22667.37,27123.1648,67000.0,60900.0,21600.0,13000.0,99860.73,35727.237,21200.0,90500.0,12352.9669,24100.0,64165.276,15200.0,1654.89
2025-11-04,26750.0,17150.0,16800.0,5380.0,90636.26,35000.0,23700.0,31000.0,100500.0,100200.0,35600.0,38200.0,57300.0,44360.225,80000.0,52248.635,60500.0,34200.0,22900.0,25800.0,60100.0,35000.0,24000.0,34534.9305,31652.0375,20100.0,23208.24,27958.2823,67300.0,62000.0,22950.0,13200.0,102236.01,35999.964,21800.0,90300.0,11974.8148,24150.0,63968.45,15500.0,1651.98
2025-11-03,26050.0,16750.0,16200.0,5380.0,91498.55,34550.0,23200.0,31100.0,97700.0,98500.0,34000.0,37000.0,57300.0,44408.182,77000.0,53225.245,61500.0,34300.0,22150.0,26000.0,59300.0,33600.0,23100.0,33532.415,29602.625,18800.0,21978.99,26142.8094,68500.0,62600.0,21600.0,13000.0,103918.5,36727.236,21150.0,89800.0,11974.8148,23500.0,63968.45,15500.0,1617.0
2025-10-31,26700.0,16750.0,16000.0,5380.0,91977.6,35000.0,24000.0,31950.0,95500.0,99200.0,35850.0,39750.0,57600.0,43976.569,79600.0,50393.076,61600.0,34550.0,21650.0,26100.0,59600.0,35100.0,23600.0,33878.11,31242.155,20050.0,22913.22,26941.6175,68100.0,61400.0,23200.0,13100.0,102829.83,38090.871,21950.0,92000.0,12058.8486,24050.0,64952.58,15950.0,1639.65
2025-10-30,26900.0,16650.0,15950.0,5420.0,89678.16,35300.0,24000.0,31500.0,102050.0,104000.0,35850.0,39900.0,57100.0,43832.698,79300.0,50588.398,59700.0,34550.0,20250.0,26000.0,60600.0,35700.0,23950.0,34016.388,31743.1225,20000.0,23159.07,26941.6175,70500.0,62700.0,24550.0,13200.0,101642.19,37545.417,21750.0,94000.0,11932.7979,25200.0,64066.863,15950.0,1669.57
2025-10-29,27250.0,17000.0,16250.0,5400.0,90444.64,35200.0,23950.0,31250.0,106000.0,103800.0,34400.0,38450.0,57500.0,43880.655,79200.0,50783.72,60200.0,34500.0,20450.0,26200.0,60700.0,36400.0,24350.0,34327.5135,32426.26,20500.0,23601.6,27486.2594,69200.0,62000.0,25000.0,13200.0,100652.49,36181.782,21750.0,91800.0,12016.8317,24900.0,63476.385,15450.0,1685.83
2025-10-28,26800.0,16850.0,16200.0,5340.0,90061.4,34800.0,23700.0,31000.0,110050.0,107000.0,33500.0,36650.0,57400.0,43592.913,79000.0,50783.72,60000.0,34050.0,20150.0,25950.0,60000.0,36000.0,24000.0,33878.11,32653.9725,20750.0,23601.6,27740.4256,66500.0,59900.0,24900.0,12850.0,101147.34,36090.873,21700.0,90500.0,11638.6797,23300.0,62492.255,15250.0,1680.5
2025-10-27,26250.0,16600.0,15700.0,5260.0,89007.49,34400.0,23600.0,29100.0,107000.0,106500.0,32500.0,36800.0,57000.0,43592.913,78500.0,50588.398,59300.0,34150.0,20050.0,26000.0,59200.0,35050.0,23800.0,33601.554,31697.58,20100.0,23552.43,27159.4743,66500.0,56000.0,23550.0,12600.0,96990.6,35909.055,21350.0,91000.0,11638.6797,22800.0,61606.538,15150.0,1652.54
2025-10-24,26400.0,16300.0,15500.0,5240.0,88528.44,34000.0,23000.0,28800.0,109500.0,114500.0,33800.0,37700.0,58100.0,43305.171,79300.0,50783.72,59600.0,34300.0,20150.0,26100.0,59500.0,36100.0,24400.0,34431.222,32790.6,20200.0,24191.64,27159.4743,66800.0,58400.0,25000.0,12700.0,96693.69,35227.2375,21200.0,90900.0,11260.5276,23050.0,61114.473,15050.0,1683.18
2025-10-23,26500.0,16500.0,15900.0,5300.0,87187.1,34200.0,23300.0,29100.0,107500.0,115000.0,33550.0,37700.0,56600.0,43592.913,78200.0,50881.381,59800.0,34250.0,20100.0,26100.0,59800.0,37250.0,25200.0,34362.083,34156.875,20500.0,23994.96,26723.7608,67300.0,58700.0,25650.0,12850.0,94021.5,34181.784,21200.0,85000.0,11386.5783,22750.0,61114.473,15200.0,1687.06
2025-10-22,26700.0,16550.0,16100.0,5280.0,87187.1,34450.0,23500.0,29600.0,101500.0,113000.0,32200.0,37500.0,56300.0,42969.472,79000.0,49904.771,59000.0,34250.0,19800.0,26400.0,59600.0,38000.0,25450.0,34915.195,35022.1825,20950.0,24339.15,27232.0932,67000.0,55000.0,24000.0,12600.0,96000.9,34999.965,21500.0,85900.0,11386.5783,22750.0,60819.234,14900.0,1678.5
2025-10-21,26800.0,16600.0,15850.0,5240.0,85462.52,33800.0,23200.0,28900.0,101700.0,110900.0,31750.0,36750.0,56500.0,42633.773,78000.0,50783.72,56000.0,33350.0,19700.0,26000.0,59300.0,37650.0,25300.0,34534.9305,35158.81,21050.0,23847.45,27377.331,66000.0,54500.0,23800.0,12550.0,92042.1,34909.056,21250.0,86900.0,11218.5107,21350.0,60523.995,14850.0,1663.43
2025-10-20,26050.0,17000.0,16550.0,5250.0,83354.7,32000.0,22150.0,28200.0,97450.0,108000.0,31550.0,35950.0,55000.0,42202.16,81900.0,50588.398,57000.0,32700.0,18900.0,26150.0,59400.0,37850.0,25250.0,33808.971,34566.7575,21950.0,24240.81,28357.6864,63300.0,53400.0,25150.0,12050.0,86103.9,33636.33,20500.0,83100.0,11092.4601,21050.085,59047.8,15000.0,1636.43
2025-10-17,28000.0,18250.0,17750.0,5480.0,89294.92,33800.0,23150.0,30300.0,102000.0,116000.0,33900.0,38650.0,58800.0,43401.085,88000.0,50783.72,58600.0,33550.0,20000.0,26300.0,61900.0,40650.0,27100.0,36090.558,37162.68,23550.0,26060.1,30463.6349,68000.0,55600.0,27000.0,12850.0,87192.57,33909.057,20750.0,80000.0,11890.781,21727.559,61901.777,15700.0,1731.19
2025-10-16,28250.0,18500.0,17450.0,5490.0,91019.5,34600.0,23850.0,30100.0,106550.0,122000.0,34200.0,38531.6765,61200.0,43353.128,88200.0,50881.381,58700.0,33700.0,20500.0,26300.0,62900.0,41250.0,27200.0,37196.782,37663.6475,23800.0,26355.12,30971.9673,67500.0,55800.0,27500.0,12950.0,88875.06,34545.42,20476.17,81400.0,12058.8486,22017.905,62787.494,15700.0,1766.85
2025-10-15,28250.0,18450.0,17000.0,5460.0,91019.5,34000.0,23400.0,30500.0,104750.0,124000.0,34100.0,36011.769,60749.9196,43401.085,82500.0,50783.72,59000.0,33700.0,20500.0,26850.0,62500.0,40800.0,27250.0,37888.172,37754.7325,23500.0,26256.78,31044.5862,69000.0,55900.0,28250.0,13000.0,88677.12,34727.238,20190.456,81000.0,12016.8317,21921.123,63673.211,15600.0,1757.95
2025-10-14,28350.0,18350.0,17000.0,5460.0,92169.22,34900.0,23950.0,31000.0,105950.0,127000.0,31900.0,36332.4845,60654.4009,43544.956,82500.0,50490.737,60000.0,33600.0,20800.0,26650.0,63100.0,40800.0,27050.0,37611.616,37344.85,23350.0,26502.63,31226.1335,68100.0,55100.0,27800.0,13300.0,91448.28,35272.692,20285.694,82400.0,12058.8486,21679.168,64460.515,15700.0,1761.06
2025-10-13,29000.0,18700.0,17400.0,5520.0,91881.79,35650.0,24200.0,31500.0,102700.0,124200.0,32550.0,37386.264,61131.9946,44072.483,85000.0,50783.72,60600.0,34050.0,21100.0,26800.0,63100.0,41300.0,27350.0,38406.5486,37663.6475,23700.0,26945.16,31952.3227,67200.0,54700.0,28050.0,13600.0,93031.8,35727.237,20857.122,83600.0,12058.8486,22356.642,63771.624,15950.0,1765.12
2025-10-10,29600.0,19000.0,17900.0,5660.0,90348.83,36500.0,24450.0,31150.0,96000.0,123000.0,32450.0,36973.9155,59603.6947,43976.569,84100.0,50881.381,60900.0,34050.0,21600.0,26950.0,64200.0,39350.0,27450.0,37857.8836,37071.595,23650.0,26895.99,31625.5375,68500.0,54700.0,27300.0,13450.0,95110.17,36363.6,21428.55,84000.0,12268.9331,22792.161,64165.276,15950.0,1747.55
2025-10-09,28950.0,18850.0,17750.0,5640.0,89582.35,36700.0,24100.0,31000.0,89750.0,115000.0,32450.0,35828.503,60081.2884,43736.784,83100.0,51467.347,60900.0,34100.0,21850.0,26900.0,63800.0,38950.0,27350.0,37720.7173,37026.0525,23500.0,26797.65,31226.1335,67300.0,54900.0,26850.0,13500.0,93229.74,35999.964,21428.55,82900.0,12268.9331,22550.206,63574.798,15850.0,1716.47
2025-10-08,29200.0,18800.0,17700.0,5680.0,90444.64,36050.0,24100.0,31100.0,89050.0,107500.0,32400.0,35645.237,60558.8821,44072.483,82600.0,51565.008,60900.0,33950.0,21350.0,26900.0,64600.0,38600.0,26850.0,36280.4718,37527.02,23850.0,26945.16,31807.0848,67500.0,54900.0,26900.0,13450.0,93526.65,36181.782,21619.026,83600.0,12058.8486,22308.251,63968.45,15800.0,1697.83
2025-10-07,29000.0,18500.0,17300.0,5690.0,89103.3,35600.0,24050.0,30850.0,90000.0,103100.0,32250.0,36011.769,58648.5073,44120.44,82500.0,51369.686,60900.0,33900.0,21050.0,26950.0,63700.0,39000.0,26850.0,35388.8912,37162.68,23700.0,27141.84,31625.5375,66500.0,55300.0,27950.0,13400.0,94516.35,36045.4185,21571.407,83100.0,12016.8317,22501.815,63870.037,15850.0,1685.3
2025-10-06,29200.0,18800.0,17650.0,5720.0,88911.68,36350.0,24600.0,31250.0,89850.0,102700.0,33000.0,36195.035,59603.6947,44264.311,83000.0,51565.008,60800.0,34150.0,21400.0,27000.0,64000.0,39400.0,27350.0,35937.5562,36661.7125,23500.0,27387.69,32315.4172,68000.0,56800.0,29000.0,13650.0,94516.35,36272.691,21761.883,82800.0,12142.8824,22695.379,63968.45,16000.0,1695.5
2025-10-03,27650.0,18050.0,16700.0,5450.0,87666.15,34900.0,24050.0,30500.0,88250.0,100000.0,31750.0,34224.9255,58552.9885,43688.827,80000.0,51174.364,60100.0,33450.0,20800.0,26900.0,61700.0,38350.0,26550.0,34840.2262,34293.5025,22000.0,25617.57,30209.4687,65900.0,54000.0,27800.0,13400.0,92437.98,35590.8735,21714.264,82400.0,11806.7473,22453.424,63476.385,15850.0,1645.82
2025-10-02,28100.0,18500.0,17100.0,5520.0,87953.58,35700.0,23850.0,31150.0,85500.0,98600.0,33000.0,35736.87,58457.4698,43544.956,81500.0,51174.364,60300.0,34000.0,21450.0,26900.0,61649.775,38850.0,26800.0,35320.3081,34475.6725,22150.0,26010.93,30572.5633,66000.0,53600.0,28050.0,13300.0,91151.37,35999.964,21619.026,83900.0,11932.7979,22840.552,64165.276,16100.0,1652.71
2025-10-01,28300.0,19000.0,17650.0,5720.0,88336.82,36600.0,25000.0,31500.0,85000.0,101200.0,33700.0,36790.6495,59317.1385,43449.042,81300.0,51272.025,60600.0,34150.0,21750.0,27100.0,61947.6,38550.0,26400.0,35320.3081,35158.81,22600.0,26256.78,31117.2051,66500.0,53600.0,29450.0,13550.0,92437.98,35590.8735,21523.788,84600.0,12100.8655,22550.206,64755.754,16200.0,1665.05
2025-09-30,28150.0,19000.0,17600.0,5700.0,87953.58,37150.0,25100.0,31500.0,87450.0,103000.0,33800.0,36836.466,57311.2449,43353.128,81000.0,50490.737,60400.0,34200.0,22050.0,27000.0,61550.5,37850.0,26200.0,34840.2262,35113.2675,22450.0,26256.78,31552.9186,67900.0,53800.0,29500.0,13600.0,92042.1,35636.328,21809.502,85700.0,12058.8486,22646.988,64460.515,16300.0,1661.7
2025-09-29,28600.0,19050.0,18150.0,5770.0,90061.4,37700.0,26000.0,32300.0,86400.0,101900.0,34250.0,38302.594,57597.8011,43640.87,81800.0,50002.432,61500.0,34750.0,22150.1145,27200.0,62146.15,37749.8625,26150.0,34977.3924,34202.4175,22150.0,26060.1,31589.2281,69800.0,54500.0,30350.0,13600.0,94516.35,35863.6005,21809.502,87350.21,12394.9838,23034.116,63968.45,16200.0,1666.48
2025-09-26,28550.0,19350.0,18300.0,5920.0,91402.74,37500.0,26250.0,32850.0,82000.0,99000.0,34500.0,37569.53,58361.9511,43784.741,82200.0,51174.364,61500.0,34800.0,22150.1145,27300.0,62543.25,37701.153,26250.0,34771.6431,34612.3,22300.0,25863.42,31226.1335,70000.0,55000.0,30900.0,13800.0,96495.75,35909.055,21904.74,87838.2,12563.0514,22888.943,65247.819,16300.0,1660.7
2025-09-25,28800.0,19400.0,18450.0,5930.0,92456.65,37700.0,26650.0,33100.0,79000.0,99500.0,33700.0,37477.897,58744.026,43976.569,82200.0,51272.025,61900.0,35050.0,22492.39,27400.0,62543.25,37895.991,26550.0,34497.3106,35523.15,22850.0,26305.95,31916.0132,71800.0,55300.0,32150.0,13950.0,96990.6,36272.691,22333.311,88326.19,12773.1358,23614.808,66527.188,16300.0,1666.09
2025-09-24,29050.0,19400.0,18450.0,5910.0,92935.7,37500.0,26200.0,32900.0,74500.0,98000.0,33950.0,36653.2,59221.6197,44216.354,82900.0,50686.059,61600.0,35000.0,22247.9075,27500.0,62245.425,37798.572,26800.0,34634.4768,35750.6689,23100.0,26404.29,31698.1565,70700.0,54500.0,30050.0,13800.0,98475.15,36545.418,22428.549,87252.612,12689.102,22550.206,65641.471,15950.0,1657.46
2025-09-23,28650.0,18900.0,18050.0,5810.0,91977.6,36900.0,26000.0,32700.0,74600.0,98700.0,33400.0,35736.87,58839.5448,43928.612,81900.0,49318.805,61600.0,34750.0,22003.425,27600.0,61749.05,36532.125,26350.0,34291.5612,34995.6859,22250.0,25765.08,30427.3254,69500.0,53700.0,29400.0,13800.0,96990.6,36090.873,22333.311,87155.014,12563.0514,22066.296,66133.536,15850.0,1635.26
2025-09-22,28400.0,18950.0,18250.0,5930.0,91977.6,36600.0,25850.0,32750.0,74400.0,99500.0,34000.0,36882.2825,58648.5073,43832.698,81900.0,49318.805,61800.0,34850.0,21563.3565,27600.0,61550.5,36532.125,26150.0,33811.4794,34906.8643,22150.0,25617.57,30136.8498,71100.0,53500.0,29300.0,13850.0,98673.09,35909.055,22476.168,87155.014,12647.0851,22017.905,66330.362,15850.0,1634.45
2025-09-19,29250.0,19300.0,19600.0,6180.0,92648.27,37700.0,25800.0,33450.0,76600.0,101700.0,34300.0,37111.365,59221.6197,44120.44,83900.0,50783.72,62500.0,35350.0,22247.9075,27700.0,62543.25,37408.896,26650.0,35114.5587,35839.4905,22700.0,26207.61,30935.6578,72900.0,56000.0,30000.0,14350.0,101939.1,37045.4175,22761.882,88130.994,12857.1696,22937.334,65936.71,16350.0,1658.62
2025-09-18,29150.0,19700.0,19900.0,6210.0,94660.28,38200.0,26550.0,33800.0,72500.0,103500.0,33400.0,37157.1815,60749.9196,44887.752,84000.0,50588.398,63000.0,35600.0,22492.39,27850.0,63436.725,37798.572,26800.0,35114.5587,36239.1874,23350.0,26404.29,31407.6808,73000.0,56800.0,29450.0,14450.0,101939.1,37727.235,22666.644,88814.18,12899.1865,22017.905,65641.471,16400.0,1665.18
2025-09-17,29200.0,19650.0,19350.0,6180.0,95618.38,38450.0,26900.0,34300.0,71550.0,102900.0,33500.0,37340.4475,62182.7007,45367.322,84200.0,50881.381,64000.0,36100.0,22981.355,27850.0,64330.2,37701.153,27000.0,35251.7249,36061.5443,23400.0,26453.46,31371.3713,73600.0,57700.0,29200.0,14800.038,104413.35,38818.143,22857.12,89399.768,12815.1527,21485.604,66330.362,16000.0,1670.97
2025-09-16,29950.0,20200.0,19500.0,6140.0,95810.0,38800.0,27500.0,33600.0,67500.0,102700.0,34300.0,38027.695,61800.6258,45846.892,86800.0,52248.635,62700.0,35950.0,23323.6305,27949.8945,65124.4,38334.3765,27500.0,36006.1393,36949.7597,24100.0,26945.16,32024.9416,74000.0,57500.0,30200.0,14613.874,102433.95,37772.6895,22714.263,88911.778,12983.2203,21921.123,66231.949,15950.0,1680.9
2025-09-15,30350.0,20700.0,19700.0,6270.0,95330.95,39700.0,27400.0,33850.0,68900.0,104500.0,34850.0,37798.6125,60272.3259,44791.838,88500.0,53322.906,63200.0,35750.0,23323.6305,28093.719,65322.95,37993.41,26850.0,35388.8912,37482.6889,24600.0,27240.18,32787.4402,73800.0,58600.0,31600.0,14800.038,100850.43,37090.872,21904.74,90278.15,13151.2879,21388.822,66920.84,16200.0,1684.9
2025-09-12,30000.0,20500.0,19600.0,6100.0,93414.75,38850.0,26650.0,33300.0,68900.0,105500.0,34800.0,37798.6125,60367.8446,44743.881,86000.0,52932.262,62500.0,35600.0,23372.527,27758.1285,65322.95,37603.734,26600.0,34565.8937,37216.2243,23900.0,26945.16,32170.1794,69200.0,56800.0,30300.0,14334.628,100553.52,36863.5995,21809.502,86959.818,12983.2203,21195.258,65739.884,16200.0,1667.26
2025-09-11,29150.0,20000.0,19150.0,6000.0,92935.7,38550.0,26250.0,32550.0,68000.0,105900.0,35000.0,37019.732,58457.4698,44504.096,82000.0,52834.601,62000.0,35350.0,22345.7005,27710.187,65223.675,37701.153,26700.0,34703.06,37704.7428,23950.0,26797.65,32315.4172,68900.0,56800.0,29900.0,14055.382,100949.4,36272.691,20809.503,85300.652,12731.1189,20904.912,65346.232,15750.0,1657.75
2025-09-10,28850.0,19450.0,17900.0,5940.0,91881.79,37850.0,26350.0,32750.0,65450.0,101800.0,34700.0,37844.429,57120.2074,44360.225,81000.0,52834.601,61900.0,35400.0,22199.011,27662.2455,65322.95,37993.41,26950.0,34634.4768,37704.7428,24200.0,27092.67,31879.7037,68700.0,57800.0,30500.0,14055.382,100157.64,36272.691,20761.884,85691.044,12689.102,21001.694,65838.297,15650.0,1643.26
2025-09-09,28850.0,19900.0,17950.0,5990.0,91594.36,37500.0,26400.0,33000.0,64600.0,101400.0,34800.0,38394.227,57597.8011,44408.182,81000.0,52443.957,62100.0,35450.0,21661.1495,27566.3625,64429.475,37506.315,26650.0,34017.2287,37305.0459,24500.0,27436.86,32605.8929,68200.0,57200.0,29000.0,14055.382,101048.37,36318.1455,20809.503,85788.642,12773.1358,20711.348,65050.993,15700.0,1637.32
2025-09-08,28900.0,20000.0,18150.0,5990.0,92169.22,37700.0,26500.0,32800.0,62500.0,100000.0,34800.0,38027.695,57884.3573,44887.752,81000.0,53127.584,62600.0,35500.0,21710.046,27518.421,64826.575,37019.22,26700.0,33948.6456,35706.2582,24050.0,27043.5,31262.443,66200.0,57800.0,28850.0,13869.218,100850.43,36090.873,20809.503,85398.25,12773.1358,20614.566,65739.884,15600.0,1624.53
2025-09-05,28800.0,20250.0,17900.0,6150.0,93797.99,39500.0,27300.0,34050.0,62500.0,100000.0,35450.0,40135.254,58170.9136,45367.322,83000.0,53225.245,63800.0,36600.0,22150.1145,27566.3625,67010.625,38480.505,27400.0,34497.3106,35972.7228,25000.0,28026.9,33404.701,66500.0,58700.0,31000.0,14381.169,102334.98,37181.781,20952.36,88618.984,13571.4568,21437.213,66133.536,15850.0,1666.97
2025-09-04,29850.0,20950.0,18100.0,6300.0,95139.33,39400.0,26950.0,34050.0,62500.0,102300.0,36750.0,40089.4375,59030.5822,45175.494,84800.0,53420.567,64200.0,36650.0,21954.5285,27949.8945,68400.475,38577.924,28250.0,34977.3924,37571.5105,26800.0,29206.98,35002.3171,68500.0,58200.0,32800.0,14474.251,103918.5,38045.4165,20952.36,89594.964,14075.6595,21921.123,64362.102,16050.0,1696.29
2025-09-03,28150.0,19600.0,16950.0,5890.0,93510.56,39650.0,26650.0,34250.0,62500.0,102700.0,37000.0,40089.4375,58744.026,44456.139,83000.0,52541.618,63800.0,36550.0,21514.46,27806.07,66514.25,38577.924,28450.0,34703.06,36727.7059,26800.0,28371.09,34711.8414,67400.0,57500.0,32100.0,14520.792,102137.04,38090.871,20761.884,86959.818,13907.592,21969.514,63870.037,15800.0,1681.3
2025-08-29,27500.0,18350.0,15850.0,5700.0,94085.42,39600.0,26700.0,33650.0,64150.0,104500.0,36500.0,39539.6395,57597.8011,44647.967,83000.0,52639.279,63800.0,36100.0,20829.909,27662.2455,68102.65,38577.924,27750.0,35183.1418,37482.6889,26350.0,28616.94,35038.6266,69100.0,56200.0,30000.0,14055.382,100553.52,36636.327,20666.646,87057.416,13823.5582,21582.386,64165.276,15600.0,1682.21
2025-08-28,27100.0,18350.0,15800.0,5650.0,95522.57,39050.0,26650.0,33750.0,65050.0,104600.0,35900.0,40501.786,58266.4323,44647.967,83100.0,52541.618,64900.0,36150.0,21025.495,27182.8305,68499.75,38577.924,27200.0,35388.8912,37305.0459,24650.0,27731.88,33586.2483,68900.0,57300.0,31150.0,14195.005,103423.65,37181.781,20999.979,86081.436,13823.5582,21485.604,64558.928,15800.0,1680.86
2025-08-27,26750.0,18300.0,15700.0,5630.0,94564.47,38700.0,26750.0,33550.0,66000.0,104600.0,36000.0,40226.887,57788.8386,44120.44,82200.0,52639.279,64913.5808,36400.0,20927.702,27374.5965,68599.025,37944.7005,27400.0,35045.9756,35750.6689,23800.0,27191.01,32460.6551,66000.0,57900.0,31850.0,14241.546,103918.5,36909.054,21047.598,86179.034,13781.5413,21582.386,64952.58,15450.0,1672.78
2025-08-26,27200.0,18450.0,15850.0,5680.0,94851.9,39800.0,26750.0,33500.0,67750.0,105200.0,35500.0,39127.291,57024.6887,44024.526,81100.0,53029.923,65478.866,36350.0,20927.702,27326.655,64131.65,38334.3765,27550.0,35114.5587,34818.0428,23000.0,27191.01,32605.8929,61700.0,57000.0,31300.0,14055.382,98970.0,36090.873,20952.36,84324.672,13571.4568,21001.694,64362.102,15400.0,1667.63
2025-08-25,25950.0,18000.0,15300.0,5500.0,92935.7,37600.0,26000.0,32800.0,65500.0,98400.0,33650.0,37294.631,56069.5013,43736.784,79500.0,52248.635,64725.1524,35850.0,20292.0475,27230.772,63138.9,36580.8345,26200.0,33674.3131,32553.0936,21500.0,25568.4,31080.8957,60400.0,53500.0,29550.0,14241.546,97782.36,35545.419,20857.122,81787.124,13361.3723,20759.739,62984.32,15050.0,1614.03
2025-08-22,26000.0,18400.0,15250.0,5570.0,94660.28,38200.0,26300.0,33550.0,62050.0,98100.0,34000.0,38760.759,56069.5013,43928.612,81000.0,52248.635,64065.6531,35950.0,20781.0125,27326.655,64131.65,37993.41,26900.0,34908.8093,31753.6997,22450.0,26256.78,31443.9903,61700.0,56300.0,31750.0,13310.726,97980.3,36181.782,20904.741,84129.476,13865.5751,20662.957,63476.385,15650.0,1645.47
2025-08-21,27400.0,18800.0,16000.0,5880.0,92648.27,40400.0,27300.0,33650.0,62500.0,99800.0,35900.0,38210.961,57406.7636,44695.924,84300.0,52736.94,65290.4376,36900.0,21367.7705,27278.7135,63734.55,40477.5945,28200.0,35526.0574,32908.3797,24100.0,27731.88,33404.701,62400.0,59500.0,34100.0,13962.3,100652.49,37909.053,21238.074,87447.808,13529.4399,20711.348,65050.993,15650.0,1688.0
2025-08-20,27400.0,18850.0,16150.0,6090.0,94851.9,40500.0,27500.0,34350.0,62100.0,99000.0,36500.0,39493.823,57311.2449,44839.795,83900.0,52639.279,64348.2956,37000.0,21710.046,27326.655,62543.25,39454.695,27800.0,34703.06,32064.5751,24100.0,27682.71,33549.9388,62200.0,60300.0,35100.0,14241.546,96693.69,36954.5085,20666.646,87740.602,13403.3892,20904.912,64460.515,16050.0,1664.36
2025-08-19,28150.0,19600.0,16950.0,6270.0,97917.82,42000.0,28250.0,35400.0,59100.0,93900.0,36800.0,41418.116,57788.8386,45223.451,85000.0,52736.94,65855.7228,38350.0,22443.4935,27662.2455,63734.55,38188.248,28200.0,34017.2287,32641.9151,24750.0,28518.6,33332.082,63000.0,63300.0,35000.0,14893.12,99266.91,38454.507,21380.931,89985.356,13613.4737,21679.168,64460.515,16700.0,1654.2
2025-08-18,28400.0,19750.0,17200.0,6230.0,99067.54,43350.0,28700.0,35800.0,59100.0,93900.0,37000.0,41051.584,57979.8761,45223.451,83900.0,53518.228,65949.937,38800.0,22345.7005,27806.07,64032.375,36970.5105,27800.0,33262.8144,31798.1105,24300.0,28125.24,32315.4172,63300.0,64400.0,36200.0,14800.038,99464.85,38909.052,21666.645,89497.366,13739.5244,21485.604,64952.58,16950.0,1636.37
2025-08-15,28000.0,19450.0,16800.0,6190.0,99259.16,41000.0,28100.0,35750.0,59100.0,94000.0,35500.0,40959.951,58266.4323,45559.15,83100.0,53225.245,65667.2944,38500.0,22247.9075,27422.538,63833.825,36629.544,28250.0,33605.73,32464.272,24700.0,28518.6,32896.3686,59700.0,61900.0,33850.0,14567.333,100355.58,40272.687,21999.978,89887.758,13319.3554,21001.694,65543.058,16750.0,1630.0
2025-08-14,28200.0,19450.0,16650.0,6230.0,101462.79,40450.0,28250.0,36300.0,59100.0,93900.0,36100.0,43067.51,58935.0635,45942.806,84800.0,53420.567,65667.2944,37900.0,22394.597,27662.2455,64727.3,37408.896,27600.0,34428.7275,32686.3259,24200.0,28272.75,33840.4145,61200.0,62800.0,31650.0,15125.825,102730.86,41772.6855,22619.025,91254.13,13781.5413,21098.476,67314.492,17300.0,1640.69
2025-08-13,28100.0,19700.0,16600.0,6250.0,102037.65,41000.0,28650.0,36700.0,58000.0,93000.0,36200.0,42655.1615,58361.9511,45990.763,85900.0,53713.55,65949.937,38000.0,22247.9075,27854.0115,62046.875,36532.125,25800.0,34017.2287,32641.9151,23850.0,28174.41,34130.8901,60900.0,63200.0,29600.0,15777.399,104017.47,40454.505,22761.882,92230.11,13907.592,21437.213,67412.905,17200.0,1611.6
2025-08-12,28500.0,19850.0,16900.0,6320.0,103378.99,41300.0,28800.0,37050.0,57750.0,93000.0,34200.0,39906.1715,59030.5822,46326.462,83600.0,54006.533,66421.0079,38500.0,22492.39,28189.602,62543.25,36726.963,24373.5274,32919.8988,32641.9151,24100.0,27289.35,33041.6064,60800.0,63000.0,27700.0,15451.612,106392.75,37818.144,22523.787,92522.904,13571.4568,21727.559,67511.318,17400.0,1608.22
2025-08-11,28150.0,19750.0,16750.0,6300.0,101846.03,40550.0,28150.0,36300.0,57750.0,93500.0,32000.0,38944.025,58744.026,46230.548,82000.0,53615.889,66326.7938,37950.0,22492.39,27997.836,62046.875,36775.6725,23922.1658,32576.9832,33308.0767,24650.0,27633.54,33332.082,58900.0,58900.0,25900.0,14474.251,105304.08,37681.7805,22666.644,92230.11,12689.102,21340.431,66822.427,17150.0,1596.86
2025-08-08,28000.0,19500.0,16600.0,6300.0,102995.75,41500.0,28400.0,36200.0,58500.0,94800.0,31700.0,38852.392,58075.3948,45894.849,76700.0,53420.567,66138.3654,38200.0,22492.39,28237.5435,61451.225,36873.0915,22981.8291,32714.1494,31531.6459,23850.0,27436.86,33041.6064,59000.0,58200.0,25100.0,14427.71,104512.32,37181.781,22380.93,91742.12,12731.1189,20953.303,66920.84,17000.0,1584.95
2025-08-07,28500.0,19600.0,16850.0,6440.0,101846.03,39900.0,26550.0,36450.0,57500.0,95000.0,29900.0,38440.0435,58170.9136,45750.978,76200.0,53420.567,65102.0092,37100.0,21025.495,28285.485,61252.675,37408.896,23132.2829,32817.0241,31220.7705,23550.0,27731.88,33767.7955,60000.0,58700.0,25950.0,14334.628,105106.14,36999.963,22333.311,90473.346,12521.0345,21195.258,65838.297,17300.0,1581.81
2025-08-06,27100.0,18950.0,16250.0,6290.0,101846.03,38500.0,24834.9825,36350.0,59250.0,97500.0,28100.0,38073.5115,58552.9885,45846.892,76000.0,53713.55,65290.4376,37450.0,21025.495,28285.485,61848.325,37214.058,23019.4425,32576.9832,31354.0028,23900.0,27338.52,33840.4145,58600.0,57869.8498,25350.0,14148.464,103819.53,36363.6,22047.597,89985.356,12394.9838,20759.739,65838.297,17250.0,1573.71
2025-08-05,26400.0,18600.0,16050.0,6200.0,99163.35,36000.0,23770.215,35600.0,58750.0,96000.0,27900.0,37615.3465,57406.7636,45559.15,74600.0,53615.889,63877.2247,36600.0,20487.6335,28285.485,61054.125,36045.03,22342.4001,31891.1519,30776.6628,23700.0,26109.27,33259.4631,58400.0,58022.1389,24600.0,14241.546,104710.26,35909.055,21952.359,88716.582,12184.8993,20904.912,65444.645,17200.0,1547.15
2025-08-04,25300.0,18550.0,15750.0,6310.0,98875.92,36350.0,24115.545,35450.0,55600.0,92200.0,27900.0,38256.7775,57693.3199,46134.634,73900.0,53322.906,64065.6531,36600.0,20634.323,28669.017,60657.025,34437.6165,20913.0883,31308.1954,30199.3228,23250.0,25961.76,32424.3456,57000.0,61067.9205,26300.0,14613.874,105502.02,36090.873,22809.501,90082.954,12394.9838,21195.258,65739.884,18000.0,1528.19
2025-08-01,25150.0,18500.0,15500.0,6390.0,97342.96,35750.0,23856.5475,35300.0,52000.0,89900.0,27700.0,36836.466,57311.2449,45990.763,72500.0,53518.228,63688.7963,35800.0,20829.909,28477.251,59763.55,33219.879,20424.1132,30382.3232,29488.7505,22200.0,25568.4,32279.1078,56000.0,61067.9205,25750.0,14474.251,105897.9,36363.6,22761.882,87838.2,11974.8148,19840.31,64460.515,17650.0,1495.21
2025-07-31,24950.0,18650.0,16150.0,6400.0,98588.49,35850.0,23597.55,35700.0,52750.0,90000.0,27400.0,38027.695,58457.4698,45703.021,72500.0,52639.279,63783.0105,36250.0,20683.2195,28381.368,59763.55,33122.46,20649.794,31479.6532,30376.9659,22700.0,25470.06,31262.443,56200.0,57108.4044,26100.0,13543.431,102928.8,36909.054,22857.12,88130.994,12100.8655,19549.964,65739.884,16500.0,1502.52
2025-07-30,25400.0,18900.0,16500.0,5990.0,99546.59,36350.0,23885.325,35850.0,54750.0,91500.0,27600.0,38027.695,60081.2884,45655.064,73000.0,52639.279,63971.4389,36300.0,20683.2195,28333.4265,60458.475,33609.555,20612.1806,31685.4026,30110.5013,22300.0,25175.04,30427.3254,57500.0,55966.2363,24400.0,13869.218,105007.17,35863.6005,22761.882,90863.738,12184.8993,19356.4,66231.949,16500.0,1507.63
2025-07-29,25350.0,18000.0,16050.0,5940.0,97247.15,35900.0,22791.78,35650.0,56600.0,92100.0,27500.0,36424.1175,60367.8446,45415.279,72200.0,53615.889,64065.6531,36500.0,20732.116,27614.304,60557.75,33025.041,20198.4324,30039.4076,29577.5721,21050.0,24830.85,30391.016,56300.0,54062.6229,22850.0,14055.382,104908.2,36090.873,22714.263,92718.1,12226.9162,19356.4,65739.884,16350.0,1493.41
2025-07-28,26350.0,19350.0,16100.0,6300.0,101079.55,35700.0,23914.1025,38300.0,57800.0,95600.0,29300.0,39127.291,60463.3634,47285.602,77600.0,53908.872,64913.5808,37850.0,20976.5985,28716.9585,62344.7,34681.164,21627.7442,31273.9038,31798.1105,22600.0,26699.31,32642.2024,58500.0,57869.8498,24550.0,15079.284,110153.61,38772.6885,22809.501,97207.608,12437.0007,20033.874,68397.035,17550.0,1557.42
2025-07-25,26050.0,18650.0,15050.0,6020.0,100792.12,35600.0,23770.215,37800.0,57050.0,93700.0,28700.0,38165.1445,60367.8446,47093.774,75800.0,53908.872,64725.1524,38100.0,20634.323,28141.6605,61550.5,34291.488,21402.0634,31273.9038,30199.3228,21150.0,25322.55,31262.443,58400.0,56575.3927,22950.0,14613.874,109559.79,38863.5975,22857.12,96329.226,11974.8148,19840.31,68593.861,17450.0,1531.13
2025-07-24,26000.0,18600.0,14750.0,5970.0,100792.12,35200.0,23626.3275,38200.0,58000.0,92000.0,28800.0,37065.5485,60845.4383,46997.86,76000.0,54201.855,65102.0092,38100.0,20781.0125,27758.1285,61649.775,34145.3595,21364.4499,31342.487,28422.8921,19800.0,24732.51,30136.8498,57900.0,55052.5019,21450.0,14427.71,109955.67,39227.2335,22047.597,96036.432,11764.7304,19937.092,68298.622,17250.0,1521.02
2025-07-23,26400.0,18900.0,14850.0,5970.0,101271.17,35700.0,24057.99,38900.0,57500.0,92200.0,28500.0,36469.934,58935.0635,46614.204,77300.0,54006.533,65007.795,37250.0,20438.737,27662.2455,61649.775,34096.65,20612.1806,31308.1954,28644.9459,19550.0,24929.19,30209.4687,57800.0,54595.6346,20050.0,14520.792,110648.46,39090.87,21999.978,96426.824,11764.7304,19937.092,68200.209,17250.0,1512.31
2025-07-22,26450.0,18050.0,14450.0,5960.0,98013.63,35200.0,23252.22,36400.0,58750.0,95500.0,28400.0,36424.1175,57502.2824,45846.892,77700.0,53225.245,63971.4389,37150.0,20047.565,27614.304,61749.05,34437.6165,20424.1132,31273.9038,28422.8921,19100.0,24880.02,30318.3971,57100.0,55509.3691,19400.0,14660.415,110945.37,37818.144,21714.264,97110.01,11722.7135,19791.919,67708.144,17250.0,1509.54
2025-07-21,26200.0,18000.0,14400.0,5920.0,97822.01,34450.0,22878.1125,36150.0,56000.0,92000.0,28250.0,36653.2,57311.2449,45750.978,77500.0,53518.228,63594.5821,37100.0,20145.358,27806.07,60855.575,34535.0355,20273.6594,30999.5713,27845.5521,18150.0,24093.3,29519.589,57000.0,52920.4548,18150.0,14288.087,109163.91,37590.8715,21714.264,95646.04,11722.7135,19937.092,67511.318,16850.0,1485.05
2025-07-18,25900.0,17950.0,14300.0,5920.0,98301.06,33800.0,22072.3425,35650.0,59500.0,96000.0,29000.0,37294.631,57502.2824,46230.548,79100.0,54690.16,64159.8673,37300.0,20389.8405,27758.1285,61451.225,35314.3875,20461.7267,30896.6967,28245.249,18550.0,24535.83,30282.0876,57200.0,53301.1775,17950.0,14288.087,108437.2921,37999.962,22095.216,97402.804,11764.7304,19453.182,67412.905,16650.0,1497.28
2025-07-17,26000.0,18000.0,14300.0,5860.0,98780.11,34050.0,22216.23,36000.0,61000.0,94100.0,28950.0,37890.2455,57406.7636,46422.376,76200.0,54885.482,63783.0105,37100.0,19949.772,27662.2455,61749.05,34242.7785,20123.2055,30862.4051,28334.0705,18500.0,24486.66,29991.612,57100.0,52082.8648,17200.0,14101.923,109297.9055,37863.5985,22190.454,99354.764,11554.6459,19162.836,66920.84,16700.0,1490.01
2025-07-16,26100.0,18050.0,14200.0,5980.0,97726.2,34300.0,22043.565,35950.0,58700.0,88000.0,28272.699,36332.4845,57406.7636,46038.72,75000.0,54885.482,63500.3679,37250.0,19949.772,27854.0115,61351.95,34340.1975,20085.592,30828.1135,28067.6059,18500.0,24732.51,30282.0876,57400.0,51702.1421,17200.0,14148.464,108695.4761,37818.144,21857.121,99745.156,11554.6459,19308.009,67708.144,16800.0,1475.47
2025-07-15,25500.0,17900.0,14150.0,6020.0,98109.44,34200.0,21899.6775,36000.0,55800.0,87400.0,28363.608,36332.4845,57406.7636,46086.677,74500.0,54983.143,63783.0105,37300.0,19949.772,27710.187,60954.85,33901.812,20010.3651,30279.4486,27090.569,18100.0,24830.85,29701.1363,57900.0,51702.1421,16850.0,13869.218,108437.2921,37999.962,21571.407,99061.97,11512.629,18678.926,67511.318,16400.0,1460.65
2025-07-14,25750.0,17750.0,14100.0,5680.0,99546.59,34050.0,21583.1595,36000.0,56500.0,88800.0,28409.0625,35691.0535,57597.8011,46038.72,75300.0,55178.465,64254.0814,37500.0,20047.565,27901.953,61947.6,34194.069,20160.819,30382.3232,26424.4075,17850.0,24585.0,30245.7782,59000.0,52692.0212,16900.0,13776.136,109383.9668,38181.78,21857.121,99452.362,11722.7135,18969.272,67412.905,16550.0,1470.42
2025-07-11,26000.0,17650.0,13950.0,5730.0,99354.97,33800.0,21389.4645,35750.0,54000.0,87900.0,27545.427,35599.4205,57120.2074,46182.591,76500.0,55178.465,63971.4389,37700.0,19949.772,28141.6605,62245.425,34047.9405,20085.592,30588.0726,26335.5859,17900.0,24535.83,29810.0647,60200.0,52768.1657,17000.0,13729.595,108953.6601,38454.507,21952.359,99159.568,11302.5445,18775.708,65838.297,16250.0,1457.76
2025-07-10,25150.0,17700.0,14000.0,5660.0,97247.15,34200.0,21417.1352,36250.0,50800.0,86000.0,28045.4265,36195.035,57024.6887,46134.634,76900.0,54592.499,64442.5098,37900.0,20243.151,28141.6605,60954.85,33901.812,19897.5247,30862.4051,25713.8352,17800.0,23945.79,27885.6634,60900.0,53453.4665,17300.0,14008.841,106630.0039,39090.87,21999.978,99940.352,11344.5614,19066.054,66428.775,16400.0,1445.64
2025-07-09,24750.0,17600.0,13950.0,5680.0,97822.01,34250.0,21417.1352,36150.0,47500.0,81800.0,28181.79,36424.1175,57502.2824,45703.021,75800.0,54592.499,64065.6531,37450.0,19949.772,28093.719,61054.125,33999.231,20010.3651,30862.4051,25358.549,18050.0,24044.13,27776.735,60600.0,52615.8766,16700.0,13915.759,105683.3291,37318.1445,21571.407,100525.94,11386.5783,19114.445,66428.775,16450.0,1431.32
2025-07-08,24700.0,17650.0,13950.0,5700.0,98301.06,33800.0,21527.8181,36450.0,46650.0,79200.0,27545.427,36195.035,56356.0575,44935.709,75600.0,53908.872,63783.0105,37300.0,19900.8755,28045.7775,58572.25,34388.907,19859.9112,30450.9064,24026.226,17800.0,23552.43,27268.4026,60099.759,53148.8884,16900.0,13869.218,107146.3719,37863.5985,21619.026,100916.332,11302.5445,19066.054,66428.775,16450.0,1415.46
2025-07-07,23600.0,17350.0,13700.0,5600.0,97917.82,33750.0,21472.4767,35850.0,46500.0,76900.0,27272.7,36195.035,55305.3513,44504.096,74800.0,54201.855,62652.4401,37100.0,19558.6,27901.953,58175.15,34388.907,19859.9112,30450.9064,23360.0644,17450.0,23355.75,26941.6175,58454.516,51854.4312,16550.0,13962.3,106543.9425,37272.69,21761.883,99354.764,11302.5445,18824.099,65444.645,16200.0,1402.06
2025-07-04,23250.0,16950.0,13650.0,5580.0,97726.2,33400.0,21278.7816,35750.0,45950.0,76000.0,26999.973,35874.3195,55209.8326,44504.096,74600.0,54690.16,62558.2259,37250.0,19705.2895,27854.0115,57976.6,34047.9405,19559.0035,29284.9933,23004.7783,17200.0,23109.9,26651.1419,58551.295,52539.7321,16800.0,13729.595,105425.1451,37590.8715,21761.883,99257.166,11302.5445,18872.49,65543.058,16300.0,1386.97
2025-07-03,23100.0,17100.0,13650.0,5670.0,98684.3,33550.0,21306.4524,35700.0,47250.0,76300.0,26681.7915,35736.87,54923.2764,44360.225,74500.0,55080.804,62369.7975,37000.0,19460.807,27854.0115,57480.225,33950.5215,19521.39,29147.827,22871.546,17350.0,22814.88,26723.7608,58551.295,53072.7439,17000.0,13822.677,101552.3846,37090.872,21285.693,98085.99,11134.4769,18388.58,65838.297,15850.0,1381.96
2025-07-02,22900.0,17000.0,13600.0,5700.0,97534.58,33700.0,21472.4767,36350.0,47700.0,76000.0,26545.428,35691.0535,55114.3138,44504.096,75200.0,54983.143,62558.2259,36950.0,19314.1175,27949.8945,57579.5,34096.65,19596.6169,28736.3283,22649.4921,17500.0,22323.18,26505.904,58067.4,51092.9858,15900.0,13589.972,102068.7527,37090.872,21285.693,98183.588,10840.3587,18388.58,65247.819,16050.0,1384.59
2025-07-01,22650.0,16700.0,13250.0,5560.0,96672.29,33450.0,21251.1109,35900.0,47800.0,76300.0,26772.7005,35736.87,54923.2764,44647.967,75200.0,55666.77,62558.2259,36900.0,19314.1175,28045.7775,57778.05,33512.136,19559.0035,28736.3283,21716.866,16800.0,20897.25,25707.096,55647.925,50559.9741,15750.0,13496.89,102240.8754,38454.507,21285.693,99549.96,10924.3925,18485.362,66428.775,15900.0,1377.84
2025-06-30,22700.0,16600.0,13200.0,5200.0,97438.77,33700.0,21306.4524,36800.0,47800.0,76700.0,26727.246,35828.503,55400.8701,45079.58,76800.0,56155.075,63877.2247,37250.0,19607.4965,28045.7775,56586.75,33317.298,19408.5496,28736.3283,21938.9198,17200.0,21044.76,25961.2622,56035.041,51397.564,16050.0,13589.972,101724.5073,37545.417,21714.264,100330.744,10924.3925,18630.535,67019.253,16150.0,1376.07
2025-06-27,22850.0,16550.0,13250.0,5180.0,94756.09,33650.0,20919.0623,35850.0,47750.0,77000.0,26363.61,33995.843,55209.8326,45654.993,76800.0,55666.77,64065.6531,37300.0,19363.014,27806.07,56288.925,33073.7505,19333.3227,28770.6199,21894.5091,17200.0,20798.91,25743.4054,53615.566,50331.5404,15600.0,13450.349,100949.9552,35499.9645,21333.312,99842.754,10882.3756,18678.926,66231.949,16250.0,1371.44
2025-06-26,22800.0,16750.0,13300.0,5170.0,92648.27,34049.946,21029.7452,34950.0,47500.0,76000.0,26181.792,33766.7605,53872.5702,45564.7658,72000.0,55666.77,64536.724,37050.0,19558.6,27806.07,55991.1,33171.1695,19483.7765,28736.3283,21761.2767,17150.0,20503.89,25779.7149,53518.787,51092.9858,15800.0,13543.431,100691.7712,33181.785,20952.36,95548.442,10882.3756,18582.144,66428.775,16250.0,1365.67
2025-06-25,22666.576,16750.0,13400.0,5190.0,93127.32,33908.268,20753.038,35350.0,47900.0,77900.0,26863.6095,33995.843,54254.6452,45384.3112,70300.0,56643.38,63594.5821,37300.0,19705.2895,27854.0115,56189.65,32927.622,19258.0957,28599.1621,21761.2767,16950.0,20602.23,26033.8811,54002.682,50636.1186,15850.0,13357.267,100777.8325,33272.694,20809.503,96231.628,10924.3925,18775.708,65936.71,16350.0,1366.75
2025-06-24,22499.91,16750.0,13200.0,5150.0,92456.65,34333.302,21085.0866,35300.0,47900.0,77300.0,26863.6095,33904.21,53872.5702,44797.8341,69200.0,56643.38,65102.0092,38050.0,19998.6685,27949.8945,56189.65,33122.46,19483.7765,28496.2874,21583.6337,16850.0,20503.89,25997.5716,54196.24,51854.4312,16050.0,13450.349,100261.4645,33090.876,20809.503,96622.02,11008.4263,18824.099,65247.819,16400.0,1366.77
2025-06-23,22374.9105,16350.0,13000.0,5150.0,92360.84,34758.336,21085.0866,35250.0,46400.0,74000.0,26818.155,33171.146,53394.9765,44436.925,68000.0,57229.346,68399.5061,40200.0,21221.081,27949.8945,56189.65,32927.622,19483.7765,28359.1211,21095.1152,15850.017,19897.4823,25561.8581,53712.345,52996.5993,16200.0,13869.218,99745.0964,32545.422,20904.741,96622.02,10966.4094,18243.407,66231.949,16650.0,1358.18
2025-06-20,22499.91,16600.0,13100.0,5210.0,92744.08,34380.528,21223.4402,35100.0,43400.0,70200.0,27454.518,32712.981,54063.6077,44662.4932,67500.0,57619.99,65478.866,39150.0,20585.4265,27901.953,56686.025,33122.46,19408.5496,28324.8296,21317.1691,16140.843,20211.4465,25997.5716,54099.461,53301.1775,16250.0,13683.054,99917.2191,32909.058,21238.074,96134.03,10966.4094,17711.106,67314.492,16400.0,1349.35
2025-06-19,22416.577,16750.0,13150.0,5230.0,93318.94,34569.432,21417.1352,35500.0,44700.0,71700.0,27272.7,33858.3935,53586.014,44617.3795,67500.0,55178.465,67645.7925,39550.0,20829.909,27806.07,56189.65,33122.46,18881.961,27913.3308,21228.3475,16092.372,20172.201,25852.3338,53034.892,52235.1539,16250.0,13496.89,99831.1578,32909.058,21285.693,97110.01,10924.3925,17711.106,67904.97,16300.0,1352.04
2025-06-18,22624.9095,16900.0,13300.0,5290.0,93318.94,34380.528,21195.7695,35750.0325,44000.0,71400.0,27272.7,34912.173,53490.4952,44662.4932,67500.0,52150.974,66797.8647,39000.0,20878.8055,28045.7775,56288.925,31953.432,18844.3476,27536.1237,20961.8829,15995.43,20250.692,25961.2622,53712.345,53301.1775,16550.0,13822.677,100691.7712,33318.1485,21571.407,97402.804,11008.4263,17711.106,67904.97,16400.0,1346.83
2025-06-17,22374.9105,16900.0,13350.0,5290.0,94564.47,34333.302,21223.4402,36382.346,43850.0,69600.0,26999.973,35370.338,53681.5327,45068.5158,67900.0,51760.33,65290.4376,39050.0,20829.909,28045.7775,56785.3,31563.756,18806.7341,27673.2899,21183.9368,16237.785,20132.9555,26179.1189,54680.135,52920.4548,16500.0,13729.595,102240.8754,32954.5125,21523.788,97598.0,11092.4601,17565.933,67806.557,16150.0,1347.69
2025-06-16,22291.5775,16700.0,13150.0,5280.0,93893.8,33294.33,20116.6115,36479.625,42700.0,67400.0,26727.246,34820.54,53777.0515,44707.6068,66800.0,51174.364,64913.5808,40300.0,21367.7705,28045.7775,56189.65,31466.337,18881.961,27638.9983,21183.9368,16286.256,20172.201,26070.1905,54776.914,53986.4783,16750.0,14148.464,102412.9981,33454.512,21428.55,98378.784,10966.4094,17469.151,68101.796,15850.0,1338.11
2025-06-13,21999.912,16300.0,13000.0,5270.0,88815.87,32208.132,19701.5508,35506.835,42750.0,68400.0,26590.8825,34316.5585,53012.9015,44301.5841,65400.0,51467.347,60673.942,37700.0,19998.6685,27614.304,55792.55,30394.728,18693.8937,27364.6659,20562.186,15656.133,19779.7457,25670.7865,53809.124,53225.0329,16400.0,13636.513,99314.7897,31863.6045,21333.312,94182.07,10756.3249,17323.978,65936.71,15650.0,1315.49
2025-06-12,22333.244,16650.0,13300.0,5330.0,89007.49,32302.584,19424.8436,34534.045,43400.0,70000.0,26999.973,34820.54,53394.9765,44617.3795,65800.0,51760.33,59166.5149,35250.0,18922.9455,27182.8305,55594.0,30151.1805,18581.0533,26404.5021,21006.2937,15995.43,20132.9555,26251.7378,54680.135,52920.4548,16250.0,13264.185,100691.7712,32272.695,21619.026,93694.08,10966.4094,17517.542,66428.775,16100.0,1322.99
2025-06-11,21749.913,16000.0,12900.0,5220.0,88815.87,31830.324,19203.4778,34534.045,45100.0,72100.0,26636.337,34820.54,52726.3453,44211.3569,64800.0,51565.008,58978.0865,34950.0,18580.67,26847.24,55296.175,29323.119,18242.5321,26061.5865,20873.0614,15607.662,20015.2189,25743.4054,54196.24,52387.443,16250.0125,13217.644,100605.8889,32363.604,21857.121,94767.658,10882.3756,17420.76,66428.775,16000.0,1315.2
2025-06-10,21833.246,15850.0,13000.0,5270.0,87474.53,31877.55,19286.49,33853.092,45300.0,72600.0,26999.973,34454.008,52821.864,44076.016,64800.0,51565.008,59260.7291,35500.0,18580.67,26943.123,55494.725,29274.4095,18204.9186,25958.7118,20739.8291,15801.546,20015.2189,25743.4054,53809.124,53681.9002,16347.0275,12891.857,98728.5949,30999.969,21476.169,88618.984,10966.4094,17517.542,65466.3992,16050.0,1316.23
2025-06-09,21916.579,16000.0,13100.0,5350.0,84408.61,31546.968,18705.4049,33318.0575,45150.0,70700.0,27136.3365,34316.5585,52821.864,44076.016,64100.0,51760.33,59637.5859,35800.09,18727.3595,26847.24,55494.725,28982.1525,18242.5321,26061.5865,20739.8291,15704.604,19975.9733,25561.8581,53325.229,53834.1892,16492.55,12845.316,99155.2526,31181.787,21285.693,86667.024,11008.4263,17565.933,65894.2842,15900.0,1310.57
2025-06-06,21708.2465,16200.0,13400.0,5380.0,86037.38,31877.55,18594.7221,34144.929,48500.0,76000.0,26909.064,34133.2925,52821.864,44256.4705,65000.0,52248.635,59354.9433,36187.118,19069.635,26895.1815,55693.275,29517.957,18167.3051,26198.7528,20961.8829,15946.959,20054.4644,26070.1905,55647.925,57869.8498,17123.1475,13217.644,98131.2741,31499.9685,21714.264,87838.2,11260.5276,17807.888,66750.0541,16550.0,1329.89
2025-06-05,21458.2475,16350.0,13400.0,5350.0,86803.86,32727.618,18705.4049,35166.3585,49000.0,76800.0,27499.9725,33720.944,53777.0515,44662.4932,65800.0,52834.601,60108.6568,34929.277,18971.842,27422.538,55891.825,30297.309,18355.3725,26438.7937,21272.7583,16577.082,20486.1652,26760.0702,56518.936,56042.3809,16929.1175,13217.644,99667.2419,32136.3315,22428.549,88911.778,11512.629,17953.061,66151.0151,16800.0,1342.09
2025-06-04,21624.9135,16150.0,13350.0,5410.0,86324.81,32680.392,18760.7464,34436.766,49050.0,77100.0,27727.245,34363.3463,54350.1639,45203.8567,64100.0,53127.584,61050.7988,34880.8985,18971.842,27374.5965,56189.65,30540.8565,18468.2129,26404.5021,21494.8121,16770.966,20800.1294,26614.8324,57196.389,57945.9944,17462.7,13496.89,99923.2365,31772.6955,21285.693,88618.984,11386.5783,18195.016,61872.1655,16650.0,1345.74
2025-06-03,21666.58,16350.0,13350.0,5370.0,86708.05,33105.426,18899.1,34534.045,49050.0,77600.0,27727.245,34589.421,53012.9015,44662.4932,63300.0,53225.245,61992.9408,34493.8705,18678.463,27518.421,56388.2,30784.404,18581.0533,26438.7937,21761.2767,16916.379,21035.6026,27014.2364,56906.052,59392.7406,17511.2075,13310.726,100179.2311,32136.3315,21619.026,89887.758,11302.5445,18340.189,62385.6275,16750.0,1347.25
2025-06-02,21291.5815,16000.0,13150.0,5330.0,85366.71,31877.55,18511.7099,33561.255,49000.0,77000.0,27818.154,34363.3463,52153.2329,44346.6978,62100.0,53615.889,61710.2982,34445.492,18727.3595,27374.5965,55792.55,30053.7615,18505.8264,26335.919,21050.7044,15850.017,20211.4465,26360.6662,56615.715,57869.8498,17462.7,13310.726,99069.9211,31499.9685,21238.074,88130.994,11302.5445,18485.362,62471.2045,16850.0,1336.3
2025-05-30,21458.2475,16300.0,13350.0,5460.0,86133.19,31263.612,18456.3685,33220.7785,49200.0,77600.0,26727.246,34905.9255,52439.7891,43985.7887,62000.0,53322.906,61239.2272,33381.165,17945.0155,27566.3625,55991.1,29664.0855,18317.759,26267.3359,20828.6506,15219.894,20093.7099,26142.8094,57873.842,59392.7406,16608.9032,13124.562,99411.2473,30863.6055,21523.788,87935.798,11008.4263,18049.843,61358.7036,15750.0,1332.6
2025-05-29,21291.5815,16300.0,13150.0,5480.0,85749.95,31735.872,18650.0635,33755.813,48500.0,76900.0,26999.973,34679.8508,52630.8266,44436.925,63400.0,53518.228,60297.0852,33768.193,18385.084,27758.1285,56288.925,30005.052,18430.5994,26678.8346,20873.0614,15268.365,20093.7099,26251.7378,58551.295,61220.2095,17035.7676,13450.349,99923.2365,31181.787,21238.074,91156.532,11176.4938,17904.67,61101.9726,15600.0,1341.86
2025-05-28,21333.248,16450.0,13050.0,5650.0,86899.67,32019.228,18816.0878,34339.487,48500.0,75700.0,26772.7005,33459.0477,52726.3453,44617.3795,63900.0,53518.228,60391.2994,34348.735,18678.463,27758.1285,56388.2,29712.795,18505.8264,27124.6249,21050.7044,15656.133,20368.4286,26542.2135,58938.411,61296.3541,18316.3606,14008.841,101032.5466,31363.605,21333.312,91058.934,11344.5614,17856.279,61957.7425,15750.0,1341.87
2025-05-27,21291.5815,16400.0,13100.0,5690.0,87953.58,32444.262,18788.4171,34290.8475,47250.0,74300.0,27272.7,33368.6179,52917.3828,44617.3795,64000.0,53811.211,60014.4426,33623.0575,18482.877,27230.772,56388.2,29810.214,18618.6668,27158.9165,21050.7044,15704.604,20368.4286,26868.9986,57583.505,64265.9911,19131.2834,14241.546,101544.5358,31409.0595,21095.217,92327.708,11344.5614,17759.497,62300.0505,16000.0,1339.81
2025-05-26,21291.5815,16400.0,12850.0,5530.0,86229.0,32822.07,18982.1121,33999.0105,47250.0,73500.0,26409.0645,32102.5998,53203.939,44617.3795,63800.0,53713.55,59354.9433,33574.679,18140.6015,27278.7135,56586.75,29566.6665,18656.2802,26918.8756,20961.8829,15268.365,20172.201,26868.9986,53905.903,60078.0415,17967.1079,13776.136,100093.8996,30727.242,20952.36,90668.542,11344.5614,17759.497,61529.8575,16050.0,1332.51
2025-05-23,21333.248,16250.0,12600.0,5500.0,84121.18,32538.714,18594.7221,33172.139,46500.0,68800.0,25590.8835,31333.946,52821.864,44617.3795,63200.0,53518.228,59354.9433,33236.0295,17602.74,27134.889,56388.2,29371.8285,18543.4398,26610.2515,20739.8291,15074.481,19740.5002,26324.3567,51583.207,60154.186,17074.5734,12891.857,99923.2365,30363.606,20761.884,88814.18,11218.5107,17565.933,60246.2027,15500.0,1314.46
2025-05-22,21374.9145,16250.0,12700.0,5550.0,85079.28,31735.872,18484.0392,32880.302,46250.0,68100.0,25681.7925,31107.8714,52535.3078,44797.8341,64000.0,54006.533,57470.6594,33671.436,17700.533,27134.889,56487.475,29712.795,18543.4398,26644.5431,20739.8291,15171.423,20093.7099,26505.904,51389.649,57945.9944,17035.7676,12845.316,99667.2419,30181.788,21095.217,88521.386,11428.5952,17807.888,60417.3566,15800.0,1313.84
2025-05-21,21458.2475,16400.0,12600.0,5530.0,85079.28,31121.934,18484.0392,33026.2205,46750.0,67300.0,26272.701,31153.0863,52917.3828,44752.7204,63600.0,54006.533,56811.16,34155.221,17945.0155,27182.8305,56686.025,30102.471,18844.3476,27056.0418,20739.8291,14929.068,20172.201,26868.9986,53034.892,57412.9826,17850.6904,12984.939,100947.215,31136.3325,20857.122,92230.11,11050.4432,17904.67,61444.2806,16300.0,1323.05
2025-05-20,21374.9145,16300.0,12650.0,5600.0,86133.19,31499.742,18677.7342,33269.418,45750.0,62900.0,26454.519,30836.5818,53394.9765,44933.175,62700.0,53713.55,56999.5884,33671.436,18042.8085,27086.9475,56686.025,30151.1805,18693.8937,27090.3334,20873.0614,14686.713,20289.9376,26832.6891,53518.787,53681.9002,17540.2436,13031.48,101715.1989,31772.6955,20952.36,92034.914,10966.4094,18098.234,62043.3195,15650.0,1315.15
2025-05-19,21374.9145,16250.0,12600.0,5660.0,85749.95,31405.29,18594.7221,33026.2205,42800.0,58800.0,26318.1555,30746.152,53490.4952,44842.9477,62000.0,54299.516,57188.0168,33961.707,18042.8085,27086.9475,56586.75,28738.605,18505.8264,26816.0009,20739.8291,14347.416,20132.9555,26651.1419,52744.555,50179.2514,16686.5149,12798.775,100861.8835,31090.878,20809.503,93010.894,10840.3587,18001.452,60417.3566,15550.0,1296.29
2025-05-16,21499.914,16450.0,12850.0,5630.0,88049.39,31641.42,18733.0756,33901.7315,40000.0,58000.0,26090.883,30700.937,53681.5327,45564.7658,62500.0,54201.855,58224.3729,34590.6275,18287.291,27278.7135,57083.125,28689.8955,18543.4398,26747.4178,21050.7044,14735.184,20721.6384,27268.4026,52163.881,50331.5404,16686.5149,13124.562,103251.1667,31863.6045,21238.074,95646.04,10840.3587,18195.016,60759.6646,15750.0,1301.39
2025-05-15,21791.5795,15950.0,12850.0,5600.0,89582.35,31924.776,18954.4414,34777.2425,39900.0,58000.0,26681.7915,30520.0773,54254.6452,45384.3112,62800.0,54592.499,58412.8013,34397.1135,18531.7735,27806.07,58274.425,29128.281,18844.3476,27261.7912,21228.3475,14929.068,20839.3749,27522.5688,53422.008,49570.095,17229.7968,12938.398,106664.4284,32909.058,21714.264,93694.08,10798.3418,17807.888,60759.6646,15450.0,1313.2
2025-05-14,21791.5795,15500.0,12800.0,5590.0,89869.78,31877.55,18899.1,34193.5685,39900.0,60400.0,26636.337,30610.5072,53681.5327,44662.4932,62300.0,54885.482,58318.5871,34542.249,18433.9805,27758.1285,58274.425,29079.5715,18430.5994,27158.9165,21228.3475,14832.126,20603.9018,27377.331,54002.682,50712.2631,17074.5734,12938.398,107773.7384,32818.149,21999.978,93889.276,10840.3587,18001.452,61187.5496,15850.0,1309.73
2025-05-13,21499.914,15000.0,12550.0,5560.0,87761.96,31735.872,18760.7464,34339.487,39800.0,62000.0,26545.428,30113.143,53967.9791,44436.925,62100.0,54787.821,58412.8013,34397.1135,18336.1875,27518.421,56388.2,28641.186,18430.5994,27021.7502,20784.2398,14686.713,20250.692,26760.0702,54099.461,51930.5758,18355.1664,13031.48,101971.1935,31136.3325,21714.264,91156.532,10756.3249,18001.452,58791.3938,15900.0,1293.43
2025-05-12,21166.582,15000.0,12350.0,5560.0,87953.58,31972.002,18760.7464,33658.534,39700.0,62300.0,25727.247,28666.2652,54060.2321,44617.3795,62000.0,54690.16,58695.4439,34348.735,18385.084,26607.5325,56189.65,28641.186,17904.0109,25958.7118,20606.5968,14589.771,20093.8041,26469.5946,52163.881,51778.2867,17695.467,13124.562,100947.215,30818.151,21619.026,91058.934,10882.3756,18049.843,59048.1248,16050.0,1283.26
2025-05-09,21374.9145,14900.0,12350.0,5430.0,87857.77,31924.776,18760.7464,33755.813,38250.0,62200.0,25863.6105,28711.4801,53229.9555,44211.3569,62800.0,54690.16,57564.8736,34010.0855,17896.119,26415.7665,56189.65,26887.644,17678.3301,25684.3794,20384.5429,14444.358,19939.2364,26396.9757,51292.87,50864.5522,17928.3021,12891.857,98984.5895,30636.333,21619.026,91351.728,10714.308,18098.234,58791.3938,15450.0,1267.3
2025-05-08,21416.581,14750.0,12450.0,5440.0,88336.82,32113.68,18926.7707,33804.4525,39250.0,62200.0,26181.792,28485.4055,52953.1966,43805.3342,63000.0,54787.821,57847.5161,34542.249,18042.8085,26655.474,56686.025,26692.806,17715.9435,25752.9625,20517.7752,14395.887,20171.088,26760.0702,50808.975,51321.4194,17773.0787,12938.398,97533.9533,30681.7875,21238.074,87155.014,10756.3249,18098.234,59647.1637,15500.0,1269.8
2025-05-07,21166.582,14550.0,12300.0,5440.0,88241.01,32302.584,18760.7464,33658.534,36700.0,62000.0,25999.974,27761.9666,52768.6907,43354.1979,60900.0,54983.143,56999.5884,32413.595,17847.2225,26176.059,56586.75,26303.13,17490.2627,25684.3794,20295.7214,14105.061,19552.8171,26433.2851,50325.08,50636.1186,18161.1372,12752.234,93608.7024,30227.2425,21238.074,86374.23,10672.2911,18195.016,59476.0097,15400.0,1250.37
2025-05-06,21208.2485,14400.0,12150.0,5510.0,89390.73,31924.776,18539.3806,34242.208,35250.0,60900.0,24636.339,25953.3694,52491.9318,43173.7434,62000.0,54983.143,56151.6606,32800.623,17651.6365,26176.059,56586.75,26157.0015,17715.9435,25787.254,20562.186,14202.003,19707.3848,26868.9986,51486.428,48351.7824,17889.4962,12752.234,93608.7024,30227.2425,21238.074,87155.014,10252.1222,17565.933,59647.1637,15250.0,1241.95
2025-05-05,21416.581,14650.0,12350.0,5510.0,89869.78,32019.228,18871.4292,33512.6155,35000.0,60900.0,24681.7935,26224.659,52491.9318,43218.857,62500.0,55178.465,55115.3045,32558.7305,17260.4645,25984.293,56686.025,25816.035,17715.9435,25615.7962,20517.7752,14395.887,19591.459,26868.9986,52744.555,50255.3959,18588.0015,13078.021,92670.0554,29363.607,20476.17,84715.064,10336.156,17711.106,60331.7796,14600.0,1240.05
2025-04-29,21249.915,13800.0,11900.0,5500.0,87187.1,30507.996,18096.6491,31323.838,34000.0,58400.0,23954.5215,24913.4261,53137.7025,43399.3116,62500.0,55471.448,54926.8761,32800.623,17113.775,26080.176,56884.575,25621.197,17715.9435,25512.9215,20384.5429,14153.532,19436.8913,26868.9986,51292.87,48884.7942,17385.0202,12845.316,93352.7077,28590.8805,20333.313,82763.104,9958.0039,17033.632,58620.2398,13650.0,1226.3
2025-04-28,21374.9145,13650.0,12000.0,5480.0,87666.15,30696.9,18207.332,31372.4775,34000.0,58500.0,24272.703,24913.4261,53045.4495,46196.3566,62500.0,55373.787,55021.0903,32703.866,17358.2575,26080.176,57083.125,25328.94,17828.7839,25272.8806,20473.3645,14347.416,19514.1752,26687.4513,49357.29,46143.5908,16259.6506,12379.906,93438.0393,28727.244,20666.646,82275.114,9873.9701,17082.023,59048.1248,13800.0,1226.8
2025-04-25,21416.581,13350.0,11950.0,5220.0,87378.72,30082.962,17985.9663,31323.838,33500.0,62300.0,24727.248,25320.3604,53783.4732,44662.4932,62000.0,55666.77,55115.3045,33139.2725,17358.2575,26224.0005,57083.125,25280.2305,17715.9435,25478.63,20251.3106,14250.474,19205.0397,26396.9757,49357.29,46067.4462,15910.3979,12845.316,95912.654,28818.153,20666.646,81884.722,10000.0208,16840.068,59818.3177,14050.0,1229.23
2025-04-24,21333.248,13500.0,11900.0,5240.0,87761.96,29705.154,17985.9663,31518.396,31350.0,61200.0,24636.339,25275.1455,51938.4141,44391.8114,59900.0,55569.109,54173.1625,32558.7305,17407.154,26559.591,57778.05,25085.3925,17490.2627,25650.0878,20428.9537,14444.358,19166.3978,26687.4513,47421.71,45382.1454,15483.5336,13031.48,95571.3278,29090.88,19857.123,83348.692,10084.0546,16743.286,58534.6628,14150.0,1223.35
2025-04-23,21291.5815,13350.0,12000.0,5000.0,86995.48,29752.38,17930.6248,31129.28,29300.0,58500.0,24409.0665,24868.2111,52030.667,43850.4478,59600.0,55569.109,54173.1625,32365.2165,17113.775,26751.357,57579.5,25426.359,17603.1031,25581.5047,20206.8998,14638.242,19205.0397,26360.6662,45486.13,45610.579,14629.8049,12938.398,94206.0232,28590.8805,19523.79,81494.33,10042.0377,16791.677,58620.2398,14250.0,1211.0
2025-04-22,20874.9165,12500.0,11300.0,4790.0,84504.42,29043.99,17709.2591,29183.7,29500.0,57500.0,23818.158,24144.7723,51661.6552,42045.9027,58700.0,55959.753,54173.1625,32026.567,16527.017,26559.591,58075.875,24500.8785,17377.4223,25444.3384,19762.7921,14541.3,19011.83,25997.5716,45292.572,45991.3017,14202.9406,12566.07,94206.0232,27909.063,19619.028,76224.038,9958.0039,17033.632,57764.4699,14250.0,1197.13
2025-04-21,20791.5835,13300.0,11850.0,4790.0,83450.51,29280.12,18262.6735,30448.327,30750.0,55000.0,24545.43,25003.8559,52307.4259,42497.039,58100.0,54787.821,54738.4477,32703.866,17407.154,26655.474,57778.05,25085.3925,17264.5819,25547.2131,20340.1321,14880.597,18857.2623,25924.9527,46163.583,45153.7118,14164.1348,11914.496,95315.3332,28727.244,19809.504,80615.948,10168.0884,17420.76,58363.5088,14100.0,1207.07
2025-04-18,21208.2485,13700.0,12050.0,4790.0,84791.85,29138.442,18207.332,30886.0825,33050.0,55000.0,24409.0665,25320.3604,52215.1729,42722.6071,58000.0,54397.177,55021.0903,32897.38,17553.8435,27326.655,57678.775,25328.94,17490.2627,25684.3794,20739.8291,15171.423,20132.446,26905.3081,47082.9835,45229.8563,13698.4646,12193.742,95230.0017,29545.425,19999.98,83836.682,10084.0546,17759.497,56052.93,14150.0,1219.12
2025-04-17,21249.915,13500.0,11850.0,4720.0,83546.32,29280.12,17958.2956,30642.885,35500.0,56800.0,24454.521,25682.0799,51661.6552,42406.8117,57300.0,53615.889,54738.4477,32752.2445,17407.154,27230.772,57678.775,25328.94,17302.1954,25547.2131,20517.7752,14929.068,20055.1622,27304.7121,44518.34,44392.2664,13038.7651,12193.742,93352.7077,28454.517,19476.171,80908.742,10084.0546,17565.933,55453.8911,14200.0,1217.25
2025-04-16,21249.915,13550.0,11800.0,4670.0,83929.56,29232.894,17958.2956,30594.2455,33950.0,56500.0,24363.612,25682.0799,51661.6552,42948.1753,56400.0,53518.228,54738.4477,31929.81,17358.2575,27806.07,58870.075,25134.102,17226.9684,25512.9215,20428.9537,14735.184,19939.2364,26723.7608,41614.97,44087.6882,13038.7651,12286.824,92072.7346,27545.427,19190.457,81006.34,10000.0208,17469.151,55967.353,13900.0,1210.3
2025-04-15,21541.5805,14000.0,11800.0,4600.0,85749.95,29280.12,18124.3199,32637.1045,35250.0,57500.0,24590.8845,26224.659,51938.4141,43940.6751,58500.0,53811.211,54832.6619,32510.352,17211.568,27854.0115,59565.0,25328.94,17302.1954,25890.1287,20695.4183,14541.3,20557.5073,26505.904,44421.561,43859.2546,12883.5418,12705.693,98984.5895,29136.3345,19333.314,81787.124,9915.987,17420.76,56052.93,13350.0,1227.79
2025-04-14,21124.9155,14400.0,12300.0,4800.0,85654.14,29091.216,18539.3806,33123.4995,34800.0,57200.0,25272.702,26767.2382,52491.9318,44662.4932,60000.0,54006.533,55774.8038,33719.8145,18482.877,27854.0115,58870.075,25864.7445,17640.7166,26267.3359,21405.9906,14880.597,21098.4943,27086.8553,44857.0665,41118.0512,12534.2891,12333.365,101117.8781,30499.9695,19761.885,84910.26,9873.9701,17711.106,57678.8929,13200.0,1241.44
2025-04-11,20249.919,14500.0,12450.0,4750.0,80097.16,27202.176,17598.5762,30983.3615,32550.0,53500.0,24999.975,26495.9486,53045.4495,44211.3569,57100.0,54494.838,54738.4477,34203.5995,17602.74,28189.602,59366.45,25913.454,17640.7166,26335.919,20828.6506,13959.648,20673.4331,26360.6662,44518.34,38833.715,12262.6482,11542.168,101117.8781,29999.97,19666.647,82470.31,9495.8181,17614.324,57764.4699,13100.0,1222.46
2025-04-10,18958.2575,14150.0,12250.0,4550.0,74923.42,25454.814,16464.0768,29670.095,30450.0,51800.0,23545.431,25094.2858,51292.6434,42542.1526,53800.0,54299.516,51158.3082,32026.567,17407.154,26655.474,55693.275,24598.2975,16587.5395,24792.7988,19540.7383,13087.17,19591.459,24871.9784,43695.7185,36701.6679,11564.1429,11169.84,96083.3171,28045.4265,18619.029,77102.42,8907.5816,16791.677,55796.1991,12550.0,1168.34
2025-04-09,17749.929,13250.0,11450.0,4260.0,70037.11,23801.904,15412.5896,27773.1545,28500.0,48500.0,22045.4325,23466.5483,47971.537,39790.2212,50300.0,52541.618,47860.8114,29946.2915,16282.5345,24929.58,52119.375,22990.884,15534.3624,23181.0954,18297.2368,12263.163,18316.2753,23274.3623,40840.738,34303.1149,10826.8318,10471.725,89854.1145,26227.2465,17428.554,72124.922,8344.5552,15727.075,52201.9654,11750.0,1094.3
2025-04-08,19083.257,14200.0,12300.0,4580.0,75306.66,25124.232,16325.7232,29816.0135,27550.0,47000.0,23681.7945,25184.7157,50277.8609,38436.8123,54000.0,52639.279,51440.9508,32171.7025,17504.947,25504.878,55395.45,23331.8505,15722.4297,24689.9241,19629.5598,13184.112,19668.7429,25017.2163,43889.2765,36853.957,11641.7546,11216.381,89683.4514,28181.79,18714.267,77492.812,8949.5985,16549.722,52373.1194,12150.0,1132.79
2025-04-04,20499.918,15250.0,13200.0,4920.0,80959.45,27013.272,17543.2348,32053.4305,29150.0,50300.0,25454.52,27038.5278,53967.9791,39113.5168,58000.0,53420.567,55303.7329,34542.249,18776.256,27422.538,59565.0,25036.683,16888.4472,26541.6684,21095.1152,14153.532,21137.1363,26868.9986,47179.7625,39595.1604,12495.4833,12054.119,96424.6433,30272.697,20095.218,83251.094,9579.8519,17759.497,56309.661,13050.0,1210.67
2025-04-03,21124.9155,16200.0,14150.0,5280.0,86612.24,29043.99,18179.6613,34436.766,28100.0,49300.0,27045.4275,29027.9846,52122.92,41369.1982,61400.0,52834.601,58883.8723,36187.118,20145.358,27614.304,59862.825,25280.2305,17038.9011,26781.7093,21850.0983,14347.416,22141.8265,26360.6662,50712.196,37843.836,12805.9301,12938.398,96851.301,32545.422,21380.931,89497.366,10042.0377,18001.452,56566.392,13150.0,1229.84
2025-04-02,22708.2425,17400.0,15200.0,5670.0,93031.51,31216.386,19535.5264,37014.6595,30200.0,53000.0,29045.4255,31198.3013,55813.0382,44482.0387,66000.0,53615.889,63217.7253,38896.314,21612.253,29675.7885,64330.2,27179.901,18317.759,28770.6199,23493.2967,15413.778,23803.4295,28321.3769,54486.577,40661.184,13737.2704,13869.218,104104.4821,34954.5105,22952.358,96231.628,10756.3249,19308.009,60759.6646,14100.0,1317.83
2025-04-01,22499.91,17099.984,15150.0,5630.0,94085.42,31263.612,19452.5143,37257.857,29850.0,53000.0,29636.334,31424.3759,56089.7971,44527.1523,66200.0,53225.245,63594.5821,38993.071,21710.046,30155.2035,64032.375,27228.6105,18505.8264,28702.0367,23138.0106,14929.068,23880.7134,28321.3769,55744.704,40280.4613,13776.0763,13822.677,102824.509,35045.4195,23047.596,96426.824,10882.3756,19308.009,61187.5496,14000.0,1317.33
2025-03-31,22291.5775,16711.348,15000.0,5500.0,95426.76,31216.386,19231.1486,37160.578,29000.0,51300.0,29636.334,30972.2266,55905.2912,44121.1296,66800.0,54104.194,62935.0827,38267.3935,21514.46,30155.2035,63536.0,26790.225,18129.6917,28427.7043,23093.5998,14832.126,23648.8618,27813.0445,55647.925,40204.3167,13698.4646,13729.595,103251.1667,34545.42,23047.596,100525.94,10756.3249,19308.009,61101.9726,14150.0,1306.86
2025-03-28,22624.9095,16905.666,15050.0,5690.0,98588.49,31783.098,19563.1972,39057.5185,29000.0,51200.0,29590.8795,30700.937,55628.5323,44482.0387,68500.0,54690.16,62935.0827,38509.286,22003.425,30155.2035,64330.2,26838.9345,17979.2378,28359.1211,23404.4752,15219.894,23880.7134,27667.8067,56131.82,40204.3167,14047.7172,14241.546,105811.113,35727.237,23285.691,99647.558,10756.3249,19453.182,60674.0876,13900.0,1317.46
2025-03-27,22916.575,17245.7225,15250.0,5850.0,100696.31,31877.55,19507.8557,39397.995,28550.0,51200.0,29499.9705,30655.7221,56366.5559,44707.6068,69400.0,54983.143,63311.9395,39621.9915,22296.804,30203.145,65025.125,27033.7725,17979.2378,28530.5789,23360.0644,15074.481,23648.8618,27813.0445,56228.599,39975.8831,13582.047,14660.415,107688.4069,36318.1455,23619.024,101013.93,10798.3418,19356.4,62556.7815,14100.0,1323.81
2025-03-26,22958.2415,17488.62,15500.0,5990.0,100121.45,32113.68,19590.8679,39689.832,28500.0,51500.0,29090.88,30655.7221,56458.8089,44707.6068,68300.0,55080.804,63594.5821,39815.5055,22443.4935,30394.911,65322.95,27277.32,18054.4647,28633.4536,23537.7075,14783.655,24112.5649,27885.6634,56809.273,39975.8831,13698.4646,14706.956,104957.7975,36090.873,23047.596,99061.97,10924.3925,19356.4,62128.8965,13950.0,1326.09
2025-03-25,22666.576,17391.461,15500.0,5600.0,99834.02,32160.906,19507.8557,39933.0295,28450.0,51500.0,29772.6975,30972.2266,56643.3148,44707.6068,68500.0,55080.804,63311.9395,39621.9915,22345.7005,29723.73,65720.05,27179.901,18204.9186,29010.6608,23892.9937,14880.597,24614.91,28357.6864,56422.157,39519.0159,13853.688,14893.12,107944.4015,37318.1445,23095.215,105015.448,10966.4094,19646.746,62043.3195,13800.0,1331.92
2025-03-24,22624.9095,17245.7225,15400.0,5580.0,99642.4,32066.454,19480.185,39592.553,28350.0,51300.0,29636.334,30927.0117,56643.3148,45023.4022,68500.0,54787.821,63311.9395,39912.2625,22296.804,29531.964,66017.875,27277.32,18355.3725,28667.7452,24115.0475,15122.952,25039.9713,28648.162,57099.61,38605.2814,13582.047,14520.792,110077.6901,37454.508,22952.358,105405.84,10714.308,19066.054,61615.4345,13700.0,1330.32
2025-03-21,22624.9095,17197.143,15450.0,5550.0,100504.69,32113.68,19618.5386,39008.879,26500.0,48250.0,29454.516,31017.4415,56551.0619,45384.3112,67900.0,54690.16,63783.0105,39960.641,22736.8725,29675.7885,65521.5,26644.0965,18280.1456,28564.8705,23626.529,14880.597,24614.91,28393.9958,57486.726,38681.4259,13776.0763,14427.71,109224.3747,37727.235,22952.358,103453.88,10462.2066,19066.054,61187.5496,13800.0,1321.88
2025-03-20,22624.9095,17342.8815,15450.0,5550.0,101941.84,32349.81,19701.5508,39252.0765,25750.0,47350.0,29454.516,31107.8714,57012.3266,45654.993,68400.0,54494.838,64630.9382,39960.641,22736.8725,29819.613,66315.7,26741.5155,18242.5321,28530.5789,23582.1183,14686.713,24769.4778,28466.6147,57486.726,37996.1251,13814.8821,14567.333,106664.4284,37409.0535,22476.168,103453.88,10798.3418,19211.227,61187.5496,14000.0,1323.93
2025-03-19,22708.2425,17197.143,15150.0,5650.0,103378.99,32302.584,19756.8922,39592.553,25950.0,47350.0,29636.334,31831.3103,57473.5914,45835.4475,68500.0,54397.177,64819.3666,40154.155,22687.976,29915.496,66017.875,26546.6775,17941.6243,28496.2874,23582.1183,14638.242,24692.1939,28139.8296,57389.947,36701.6679,13931.2997,14520.792,106323.1022,37409.0535,22904.739,104429.86,10840.3587,19211.227,59989.4717,14150.0,1324.63
2025-03-18,22999.908,17780.097,15700.0,5800.0,102804.13,32113.68,19756.8922,39641.1925,25650.0,47300.0,29636.334,31333.946,57658.0973,46106.1293,69600.0,54592.499,65102.0092,40347.669,22932.4585,30107.262,66315.7,26692.806,17979.2378,28804.9114,23804.1721,14735.184,24537.6262,28393.9958,57583.505,37044.3183,13776.0763,14660.415,110931.0055,37909.053,23571.405,107357.8,10840.3587,19404.791,61016.3956,14350.0,1330.97
2025-03-17,23208.2405,18314.4715,16150.0,5800.0,102516.7,32019.228,19756.8922,39106.158,26050.0,47800.0,30181.788,31921.7401,58119.3621,46557.2656,70500.0,54690.16,64254.0814,40105.7765,22541.2865,29627.847,66812.075,26741.5155,18280.1456,29216.4102,23981.8152,14444.358,24962.6874,28648.162,56131.82,36701.6679,13620.8529,14613.874,110931.0055,37363.599,23619.024,109407.358,10168.0884,19259.618,60588.5106,13800.0,1336.26
2025-03-14,22958.2415,18168.733,15900.0,5890.0,102516.7,32066.454,19729.2215,38911.6,26100.0,47900.0,29227.2435,30248.7877,57289.0855,46557.2656,71100.0,55178.465,63783.0105,40057.398,22541.2865,29292.2565,65521.5,26595.387,18280.1456,29010.6608,23937.4044,14492.829,24576.2681,28248.758,56228.599,36511.3066,13737.2704,14427.71,112125.6471,37727.235,23809.5,109407.358,10084.0546,18920.881,60674.0876,13450.0,1326.15
2025-03-13,23083.241,18314.4715,16100.0,5910.0,104337.09,32302.584,19729.2215,39884.39,25700.0,47800.0,29409.0615,30294.0027,57196.8326,46106.1293,70400.0,55178.465,64348.2956,40347.669,22981.355,29579.9055,65025.125,26595.387,18280.1456,29010.6608,23937.4044,14492.829,24576.2681,28212.4485,57680.284,37158.5351,14202.9406,14474.251,116477.5558,38590.8705,23619.024,112237.7,10042.0377,19114.445,61786.5885,13550.0,1326.27
2025-03-12,23166.574,18363.051,16050.0,5950.0,105391.0,32822.07,20199.6237,40954.459,24050.0,46950.0,29454.516,29932.2832,57381.3385,46106.1293,68700.0,55276.126,63971.4389,41508.753,23176.941,29723.73,66216.425,27131.1915,18505.8264,29250.7017,23715.3506,14638.242,24846.7616,28502.9242,58164.179,38681.4259,14280.5523,14986.202,115965.5665,38409.0525,24285.69,114287.258,10168.0884,19308.009,63155.8204,13800.0,1334.41
2025-03-11,23458.2395,18508.7895,16100.0,6000.0,104528.71,32869.296,20337.9773,41732.691,23650.0,45500.0,29863.6065,30294.0027,57565.8444,46196.3566,68900.0,55373.787,63500.3679,41895.781,23128.0445,29771.6715,64280.086,27277.32,18656.2802,29216.4102,23715.3506,13911.177,25039.9713,28648.162,59228.748,38681.4259,14125.3289,15125.825,117330.8712,39181.779,25571.403,115848.826,10126.0715,19453.182,63840.4363,12900.0,1332.54
2025-03-10,23291.5735,18168.733,15800.0,6100.0,105870.05,33058.2,20310.3065,42024.528,23650.0,45300.0,30136.3335,30294.0027,57658.0973,46376.8111,68900.0,55666.77,63877.2247,41605.51,23323.6305,29675.7885,64280.086,27082.482,18430.5994,29113.5355,23670.9398,13668.822,24846.7616,28502.9242,59519.085,39138.2932,14435.7757,15218.907,118866.839,39954.5055,25619.022,117312.796,10126.0715,19501.573,64182.7443,12700.0,1330.28
2025-03-07,23374.9065,18265.892,16100.0,6190.0,106540.72,33341.556,20393.3187,41975.8885,22650.0,44950.0,30499.9695,30384.4325,57842.6032,46196.3566,69000.0,55666.77,63877.2247,41460.3745,23176.941,29675.7885,63151.2002,27033.7725,18430.5994,29079.2439,23892.9937,13281.054,24962.6874,28285.0674,59519.085,38681.4259,14629.8049,15172.366,120658.8014,40318.1415,25999.974,117410.394,10168.0884,19549.964,62727.9354,12700.0,1326.05
2025-03-06,23291.5735,18411.6305,16100.0,6150.0,106444.91,33199.878,20171.9529,42219.086,21175.0,43600.0,30499.9695,29887.0683,58027.1092,46376.8111,69200.0,56643.38,64348.2956,42234.4305,23176.941,29675.7885,62088.7194,26985.063,18129.6917,28564.8705,23892.9937,13377.996,25078.6132,27958.2823,59035.19,38605.2814,14435.7757,15079.284,120829.4645,40545.414,24761.88,116922.404,10168.0884,19501.573,63070.2434,12450.0,1318.22
2025-03-05,22958.2415,17780.097,15500.0,6050.0,105391.0,33058.2,20088.9408,41781.3305,21125.0,42700.0,30454.515,29751.4235,57842.6032,46737.7201,68200.0,56643.38,64442.5098,42331.1875,23323.6305,29723.73,61756.6942,26595.387,17715.9435,28256.2464,23182.4214,12990.228,24189.8488,26941.6175,58067.4,38833.715,14202.9406,14939.661,118696.1759,39999.96,24666.642,116141.62,10042.0377,19646.746,62556.7815,12400.0,1304.71
2025-03-04,23208.2405,18168.733,15750.0,6200.0,107307.2,33388.782,20393.3187,42510.923,20975.0,42050.0,30681.7875,30836.5818,58580.6269,46918.1746,69100.0,56936.363,65102.0092,43056.865,23812.5955,29723.73,61756.6942,26790.225,17603.1031,28530.5789,23404.4752,13135.641,24421.7004,27195.7837,59131.969,39671.3049,14358.164,15125.825,119464.1598,40136.3235,24857.118,117117.6,10210.1053,19937.092,62556.7815,12600.0,1311.91
2025-03-03,23374.9065,18363.051,15950.0,6040.0,108552.73,33530.46,20393.3187,42997.318,21025.0,42550.0,30545.424,31153.0863,58303.868,46647.4929,68000.0,57131.685,64630.9382,42766.594,24057.078,29723.73,61955.9093,25426.359,17377.4223,28290.538,23626.529,13281.054,24344.4165,27086.8553,58841.632,39747.4495,14358.164,15032.743,119890.8175,40318.1415,24952.356,117507.992,10336.156,20082.265,62128.8965,12950.0,1309.37
2025-02-28,23333.24,18508.7895,15900.0,6200.0,106828.15,33388.782,20310.3065,42365.0045,20600.0,41200.0,30454.515,31379.161,57381.3385,46467.0384,67700.0,57131.685,64065.6531,42137.6735,24203.7675,29771.6715,61955.9093,25426.359,17302.1954,28461.9958,23360.0644,13184.112,24073.923,26469.5946,58744.853,40508.8949,14241.7465,15451.612,119720.1544,40363.596,24952.356,117507.992,10294.1391,20033.874,61957.7425,13150.0,1305.36
2025-02-27,23708.2385,18605.9485,15450.0,5950.0,106157.48,33672.138,20448.6601,42267.7255,20525.0,41050.0,30454.515,30067.928,57381.3385,47098.6292,68400.0,56936.363,64065.6531,41557.1315,24008.1815,29771.6715,62420.7447,25572.4875,17452.6492,28461.9958,23182.4214,13232.583,24383.0585,26723.7608,59325.527,40356.6058,14319.3582,15637.776,120573.4699,40409.0505,25095.213,117507.992,10084.0546,20033.874,63326.9744,13150.0,1307.8
2025-02-26,23124.9075,17391.461,14450.0,5570.0,105391.0,33861.042,20559.343,42073.1675,20500.0,40700.0,30181.788,29751.4235,58211.6151,47098.6292,68300.0,57034.024,64442.5098,41847.4025,23714.8025,30155.2035,61291.8588,25621.197,17452.6492,28359.1211,22960.3675,13329.525,24305.7746,26578.5229,59131.969,40280.4613,14435.7757,15730.858,121000.1276,40545.414,25238.07,117020.002,10168.0884,20179.047,62128.7048,13200.0,1302.96
2025-02-25,22916.575,17245.7225,14200.0,5210.0,105103.57,33908.268,20531.6723,42073.1675,20350.0,40750.0,30318.1515,29706.2086,58027.1092,47279.0837,68400.0,56838.702,64725.1524,41895.781,24057.078,30155.2035,61491.074,25718.616,17603.1031,28702.0367,22960.3675,13281.054,23996.6391,26723.7608,59035.19,40356.6058,14241.7465,15730.858,118610.8444,40181.778,25238.07,115556.032,10294.1391,20566.175,62719.6028,13300.0,1303.16
2025-02-24,23083.241,17391.461,14400.0,4870.0,104911.95,33624.912,20365.648,41829.97,20300.0,40250.0,30590.8785,29570.5638,58857.3858,47279.0837,67600.0,57034.024,64630.9382,41605.51,24057.078,30059.3205,62088.7194,25816.035,17302.1954,28736.3283,22960.3675,13135.641,23648.8618,26687.4513,59906.201,39899.7386,13970.1055,15823.94,119890.8175,40136.3235,24904.737,115263.238,10378.1729,20082.265,63310.5008,13300.0,1304.56
2025-02-21,22041.5785,17051.4045,14050.0,4560.0,104911.95,33908.268,20587.0137,42656.8415,20325.0,40300.0,30590.8785,29751.4235,56643.3148,46737.7201,67600.0,56936.363,64442.5098,41799.024,23568.113,30490.794,61823.0992,25816.035,17226.9684,28461.9958,22516.2598,12941.757,23107.8747,26324.3567,60002.98,40508.8949,14125.3289,15823.94,121170.7907,40636.323,24714.261,117605.59,10378.1729,20179.047,60778.0808,12850.0,1296.75
2025-02-20,22124.9115,17051.4045,14200.0,4560.0,105678.43,33908.268,20587.0137,42948.6785,20475.0,40550.0,31090.878,29751.4235,55997.5441,46376.8111,68000.0,57034.024,64819.3666,41702.267,23812.5955,30874.326,60893.4286,25864.7445,17189.355,28016.2055,22427.4383,12990.228,23185.1586,26360.6662,59519.085,40889.6176,14125.3289,15358.53,122024.1061,40818.141,24285.5841,117117.6,10252.1222,20082.265,60862.4948,12900.0,1292.98
2025-02-19,22083.245,16808.507,14000.0,4510.0,103474.8,33861.042,20310.3065,43143.2365,20200.0,39100.0,31090.878,29434.919,56089.7971,46286.5838,67700.0,56936.363,64725.1524,41799.024,23959.285,30346.9695,60893.4286,25426.359,17189.355,27776.1646,22516.2598,12893.286,23185.1586,26360.6662,59035.19,40965.7621,13970.1055,15544.694,122877.4215,41136.3225,23910.0338,117117.6,10420.1897,20469.393,60946.9088,12950.0,1288.56
2025-02-18,22124.9115,16759.9275,13900.0,4440.0,102995.75,33719.364,20005.9286,42656.8415,20100.0,38900.0,30772.6965,28575.8354,55628.5323,46196.3566,66400.0,57131.685,64065.6531,41218.482,23861.492,29963.4375,60827.0235,25182.8115,17076.5146,27638.9983,22338.6167,12796.344,22914.6651,26070.1905,58938.411,40128.1722,13853.688,15172.366,122792.09,40545.414,24535.9509,118776.766,10294.1391,20324.22,56979.4507,12950.0,1278.14
2025-02-17,21791.5795,16517.03,13700.0,4410.0,102133.46,33766.59,20088.9408,42608.202,20050.0,38800.0,30772.6965,28666.2652,55351.7734,46106.1293,66400.0,57327.007,63877.2247,40686.3185,23812.5955,30203.145,60827.0235,25036.683,17038.9011,27536.1237,22205.3844,12699.402,22798.7393,25816.0243,59325.527,40585.0394,14358.164,15358.53,122536.0953,40499.9595,24619.4065,113799.268,10294.1391,20324.22,56304.1387,13100.0,1272.72
2025-02-14,21749.913,16517.03,13700.0,4410.0,103474.8,34002.72,20005.9286,44456.503,20125.0,38800.0,30772.6965,29118.4145,55628.5323,46557.2656,68100.0,57424.668,63783.0105,40976.5895,23714.8025,30490.794,60827.0235,25328.94,17189.355,27810.4561,22116.5629,12360.105,22644.1716,25670.7865,59712.643,41118.0512,14358.164,15125.825,123645.4054,40909.05,25203.5959,116629.61,10210.1053,20421.002,56979.4507,12700.0,1276.08
2025-02-13,21583.247,16176.9735,13500.0,4310.0,103953.85,34286.076,20171.9529,44748.34,20125.0,38750.0,30727.242,29254.0593,55997.5441,46647.4929,68900.0,57424.668,62840.8685,40637.94,22981.355,29819.613,60827.0235,25280.2305,17226.9684,28016.2055,22027.7414,12263.163,22412.32,25344.0014,59712.643,41270.3403,14396.9699,15265.448,122109.4376,41136.3225,25287.0515,118776.766,10210.1053,20614.566,57317.1067,12700.0,1270.35
2025-02-12,21541.5805,16225.553,13450.0,4390.0,103858.04,33010.974,19258.8193,42267.7255,19950.0,38000.0,30909.06,29841.8534,56274.303,46827.9474,69000.0,57131.685,63217.7253,40009.0195,22932.4585,29963.4375,60760.6185,25036.683,17076.5146,27776.1646,21983.3306,12311.634,22412.32,25126.1446,58648.074,40356.6058,14008.9114,14846.579,123730.7369,41227.2315,24786.3178,120143.138,10000.0208,19356.4,57401.5207,12450.0,1266.91
2025-02-11,21749.913,16274.1325,13650.0,4400.0,103953.85,32680.392,19203.4778,42754.1205,19975.0,37750.0,31045.4235,30067.928,55720.7853,46557.2656,68700.0,57131.685,63123.5111,39863.884,22736.8725,30203.145,61026.2387,25231.521,17302.1954,27913.3308,21938.9198,12263.163,22373.678,25126.1446,58938.411,40356.6058,13737.2704,14893.12,124072.0631,40590.8685,24702.8622,120045.54,10042.0377,19066.054,56979.4507,12450.0,1268.45
2025-02-10,21166.582,16419.871,13500.0,4400.0,103091.56,32208.132,19037.4535,41781.3305,20000.0,37800.0,30909.06,30565.2922,55905.2912,47098.6292,68800.0,57229.346,63406.1537,39089.828,22883.562,29675.7885,61225.4538,25085.3925,17226.9684,27638.9983,22116.5629,12214.692,22373.678,25126.1446,59712.643,39671.3049,13582.047,14567.333,121170.7907,40045.4145,23784.8504,118679.168,9915.987,18920.881,56388.5527,12300.0,1263.26
2025-02-07,22208.2445,17197.143,14000.0,4520.0,106444.91,32727.618,19314.1607,41878.6095,20325.0,38750.0,31409.0595,31333.946,56089.7971,47279.0837,67700.0,57327.007,63406.1537,38557.6645,23128.0445,29915.496,61756.6942,25085.3925,17114.128,27981.914,22205.3844,12408.576,22257.7523,24980.9068,60583.654,41118.0512,14008.9114,14893.12,124669.3839,40863.5955,24285.5841,122973.48,10042.0377,19211.227,56388.5527,12550.0,1275.2
2025-02-06,22333.244,17245.7225,14150.0,4390.0,106732.34,32869.296,19590.8679,42802.76,20225.0,38800.0,31454.514,31153.0863,55997.5441,47549.7655,67400.0,57424.668,63688.7963,38606.043,23225.8375,29963.4375,61690.2891,24549.588,17001.2876,27090.3334,22249.7952,12505.518,22257.7523,24908.2879,60970.77,41194.1957,14047.7172,15032.743,125010.7101,41090.868,24452.4953,124925.44,9915.987,19259.618,55713.2407,12650.0,1271.48
2025-02-05,22333.244,17391.461,14200.0,4430.0,107019.77,32963.748,19480.185,43143.2365,20025.0,38850.0,31681.7865,31560.0207,56735.5678,47910.6745,67500.0,57424.668,63877.2247,38606.043,23128.0445,30155.2035,61491.074,24062.493,16926.0607,26987.4587,22249.7952,12069.279,22373.678,25017.0805,61551.444,41346.4848,14086.5231,15172.366,124840.047,41636.322,24369.0397,125315.832,9873.9701,19308.009,56135.3107,12550.0,1269.61
2025-02-04,22374.9105,17391.461,14250.0,4400.0,106828.15,32680.392,19424.8436,43191.876,20050.0,38750.0,31590.8775,31198.3013,55536.2793,47549.7655,68600.0,57619.99,63217.7253,38702.8,23079.148,29579.9055,61092.6437,24013.7835,16888.4472,27021.7502,22471.8491,12020.808,22528.2458,25089.1758,61067.549,39442.8713,13931.2997,14800.038,124754.7154,41272.686,23325.8445,123949.46,9873.9701,19066.054,55713.2407,11750.0,1264.68
2025-02-03,21999.912,17099.984,13600.0,4300.0,105774.24,32066.454,19341.8314,41829.97,20025.0,39000.0,31409.0595,31560.0207,55813.0382,47549.7655,68000.0,57522.329,63217.7253,38025.501,22883.562,29292.2565,60827.0235,23624.1075,16587.5395,26095.8781,22027.7414,11245.272,22064.5809,25017.0805,60680.433,39138.2932,13620.8529,14613.874,124157.3946,40727.232,22950.2942,121997.5,9705.9025,18969.272,55122.3427,11650.0,1253.03
2025-01-24,22124.9115,16954.2455,13300.0,4360.0,106732.34,31641.42,19148.1364,41051.738,20200.0,39500.0,31590.8775,32961.6835,57381.3385,48542.2653,68000.0,57327.007,63971.4389,38219.015,23079.148,29771.6715,61491.074,24111.2025,16850.8338,26061.5865,22427.4383,11633.04,22216.4885,24800.7945,61841.781,37843.836,13582.047,14241.546,130898.5865,42818.139,23242.3889,128438.968,9663.8857,18969.272,54869.1007,11450.0,1265.05
2025-01-23,22208.2445,16905.666,13500.0,4360.0,106349.1,31499.742,19037.4535,41781.3305,20200.0,39500.0,31409.0595,30927.0117,57196.8326,48722.7198,65400.0,57131.685,63123.5111,38315.772,23030.2515,29675.7885,61424.6689,23965.074,16700.3799,26130.1696,22338.6167,11633.04,22254.4654,24872.8898,60002.98,38300.7032,13193.9885,14474.251,131666.5704,43181.775,23242.3889,130195.732,9621.8688,19017.663,55628.8267,11500.0,1259.63
2025-01-22,21791.5795,16614.189,13300.0,4370.0,104432.9,30980.256,18539.3806,41294.9355,20200.0,39500.0,31181.787,30294.0027,56827.8207,48452.0381,65200.0,57131.685,62935.0827,37880.3655,22639.0795,29675.7885,60561.4033,23575.398,16399.4721,25581.5047,21672.4552,11342.214,21836.7194,23575.1738,59422.306,37691.5469,12961.1535,14427.71,127741.3194,42181.776,23117.2055,130586.124,9495.8181,18824.099,55206.7567,11450.0,1242.53
2025-01-21,21916.579,16857.0865,13500.0,4380.0,104432.9,31594.194,18816.0878,40857.18,20225.0,40000.0,31272.696,29706.2086,57012.3266,48361.8108,65700.0,57327.007,63217.7253,38557.6645,22981.355,29723.73,60694.2134,23575.398,16437.0856,25581.5047,21716.866,11584.569,21798.7425,23611.2215,60002.98,38681.4259,12961.1535,15358.53,127911.9825,42681.7755,23117.2055,125315.832,9579.8519,18872.49,55713.2407,11500.0,1246.09
2025-01-20,22041.5785,17051.4045,13700.0,4420.0,105295.19,31688.646,18982.1121,41343.575,20200.0,40000.0,31409.0595,29751.4235,57104.5796,48812.9471,65500.0,57327.007,63783.0105,38557.6645,22932.4585,29723.73,60893.4286,23770.236,16437.0856,25581.5047,21761.2767,11584.569,21570.8811,23250.7448,60196.538,38833.715,13038.7651,15125.825,127997.3141,42363.594,23242.3889,125803.822,9747.9194,19308.009,56472.9667,11500.0,1249.55
2025-01-17,22083.245,17002.825,13950.0,4430.0,105199.38,31830.324,18982.1121,41927.249,20225.0,40100.0,31272.696,29932.2832,57196.8326,48181.3563,65900.0,57424.668,62935.0827,38702.8,22785.769,29675.7885,61424.6689,23770.236,16173.7913,25512.9215,21805.6875,11778.453,21646.8349,23394.9355,60002.98,39671.3049,12999.9593,15405.071,127143.9986,43136.3205,23242.3889,125901.42,9873.9701,19162.836,56304.1387,11500.0,1249.11
2025-01-16,21916.579,16808.507,13900.0,4400.0,105199.38,31641.42,18871.4292,42024.528,20225.0,40000.0,31227.2415,29570.5638,57104.5796,48722.7198,66300.0,57424.668,63029.2969,38702.8,22052.3215,31066.092,61557.479,23234.4315,16098.5644,25238.5891,21672.4552,11875.395,21456.9504,23358.8878,59228.748,39062.1486,12883.5418,15172.366,125010.7101,41909.049,21740.1878,125706.224,9958.0039,19308.0937,55375.5847,11450.0,1242.36
2025-01-15,21833.246,17051.4045,13900.0,4420.0,104720.33,31735.872,18816.0878,40857.18,20125.0,40000.0,31090.878,29118.4145,56920.0737,49624.9924,65800.0,57327.007,62935.0827,38702.8,21905.632,31305.7995,60694.2134,23088.303,16060.9509,25204.2975,21450.4014,11099.859,21191.1121,23106.5541,58260.958,38833.715,12805.9301,15079.284,124157.3946,40999.959,21948.8269,122973.48,10000.0208,19447.6703,54784.6867,11450.0,1236.18
2025-01-14,21541.5805,16614.189,13250.0,4360.0,104337.09,31735.872,18816.0878,40759.901,20100.0,40000.0,31045.4235,29208.8444,56827.8207,49173.8561,63700.0,57034.024,63029.2969,38460.9075,21905.632,31257.858,60893.4286,22990.884,16023.3375,25341.4637,21272.7583,10905.975,20925.2738,22962.3635,58067.4,37691.5469,12456.6774,14613.874,123816.0685,40727.232,21781.9156,122290.294,9789.9363,19401.1447,55206.7567,11200.0,1229.07
2025-01-13,21583.247,16905.666,13550.0,4370.0,105870.05,31641.42,18871.4292,41294.9355,20150.0,40000.0,31318.1505,29299.2742,56643.3148,48812.9471,65000.0,57034.024,62558.2259,37638.473,22247.9075,30011.379,61026.2387,23185.722,16173.7913,25855.8372,21450.4014,11196.801,21115.1583,23178.6495,59809.422,37653.4747,12146.2306,14613.874,125949.357,40727.232,21781.9156,122290.294,9915.987,19401.1447,54869.1007,11250.0,1235.65
2025-01-10,21291.5815,16662.7685,13600.0,4300.0,105391.0,31074.708,18539.3806,41538.133,20250.0,40000.0,30909.06,29073.1996,56551.0619,48361.8108,65500.0,56741.041,62840.8685,36864.417,21661.1495,29867.5545,60694.2134,22796.046,15910.4971,25718.6709,21050.7044,11099.859,20659.4354,22710.0298,60002.98,37691.5469,12146.2306,14800.038,125693.3624,40590.8685,21698.46,121509.51,9789.9363,19401.1447,54278.2027,11300.0,1230.48
2025-01-09,21666.58,17197.143,13750.0,4400.0,107498.82,32255.358,18899.1,42510.923,20375.0,40400.0,30863.6055,29480.1339,57012.3266,48361.8108,67300.0,57131.685,63123.5111,37735.23,21661.1495,29867.5545,61026.2387,23331.8505,16173.7913,25650.0878,21672.4552,11439.156,21267.0659,22926.3158,61454.665,37691.5469,12340.2599,14893.12,126973.3356,41818.14,22199.1937,124047.058,9831.9532,19587.2468,54362.6167,11550.0,1245.77
2025-01-08,21874.9125,17537.1995,13800.0,4380.0,107690.44,32680.392,19120.4657,43726.9105,20250.0,40000.0,30727.242,29932.2832,56920.0737,48452.0381,67700.0,57131.685,63217.7253,37057.931,21661.1495,29340.198,61358.2639,23331.8505,16249.0183,25924.4203,21938.9198,11487.627,21570.8811,23178.6495,61454.665,37691.5469,12340.2599,15265.448,126546.6778,42909.048,22199.1937,125413.43,9789.9363,19447.6703,54109.3747,11550.0,1251.02
2025-01-07,21708.2465,17294.302,13550.0,4320.0,107594.63,32491.488,19037.4535,43337.7945,20250.0,40000.0,30772.6965,30248.7877,56920.0737,48452.0381,66800.0,57327.007,63123.5111,36670.903,21661.1495,29292.2565,61291.8588,23039.5935,16286.6317,25684.3794,21805.6875,11439.156,21343.0197,22926.3158,60680.433,36853.957,12107.4248,14893.12,128082.6456,43772.6835,22074.0103,126877.4,9621.8688,18796.3129,54700.2727,11400.0,1246.95
2025-01-06,21708.2465,17294.302,13900.0,4380.0,107786.25,32585.94,19369.5021,42802.76,20250.0,40000.0,31636.332,31695.6655,57658.0973,48361.8108,67200.0,57327.007,63594.5821,37106.3095,22443.4935,29531.964,61690.2891,22990.884,15961.2813,25512.9215,22116.5629,11584.569,21380.9966,23286.7925,62035.339,37082.3906,12107.4248,14893.12,127399.9933,44545.41,21865.3712,128341.37,9705.9025,19215.0426,54024.9607,11500.0,1246.35
2025-01-03,22166.578,17682.938,14350.0,4540.0,110660.55,33199.878,19673.88,44651.061,20250.0,40000.0,31636.332,32599.9641,58119.3621,49624.9924,69700.0,57327.007,64065.6531,37203.0665,22981.355,29484.0225,61092.6437,22990.884,16157.5265,25512.9215,22516.2598,11972.337,21684.8118,23647.2691,63680.582,37044.3183,12262.6482,15684.317,127143.9986,44863.5915,22407.8327,126389.41,9915.987,19401.1447,55206.7567,11700.0,1254.59
2025-01-02,22499.91,18120.1535,14650.0,4620.0,111714.46,33672.138,19590.8679,45380.6535,20275.0,40000.0,31954.5135,32961.6835,58211.6151,50166.356,70800.0,57522.329,64159.8673,36912.7955,22932.4585,29292.2565,61026.2387,23721.5265,16484.6019,26130.1696,23049.189,12214.692,22254.4654,24224.0318,64067.698,37653.4747,12417.8716,16382.432,129703.9449,44818.137,22783.383,122485.49,10084.0546,19540.7213,56557.3807,11900.0,1269.71
2024-12-31,22208.2445,17925.8355,14450.0,4610.0,111714.46,33624.912,19369.5021,44456.503,20275.0,40000.0,32818.149,33052.1134,58488.3739,50076.1287,70000.0,57034.024,64159.8673,36283.875,22883.562,29723.73,60561.4033,24013.7835,16419.1869,25924.4203,23138.0106,12214.692,22330.4192,23935.6505,63099.908,37691.5469,12340.2599,15823.94,130130.6026,44772.6825,22449.5605,121509.51,10084.0546,19494.1958,57317.1067,12000.0,1266.78
2024-12-30,22291.5775,18168.733,14650.0,4590.0,111235.41,34238.85,19618.5386,44845.619,20275.0,40300.0,32863.6035,32871.2536,58396.121,50617.4923,70100.0,57717.651,64254.0814,36961.174,23176.941,29867.5545,61092.6437,23770.236,16222.9416,26678.8346,23493.2967,12360.105,22482.3268,24224.0318,63874.14,37425.041,12379.0657,16056.645,128423.9718,44636.319,22491.2884,120045.54,10210.1053,19261.5682,56557.3807,11750.0,1272.02
2024-12-27,22374.9105,18265.892,14600.0,4650.0,112097.7,34286.076,19701.5508,44894.2585,20275.0,40350.0,32545.422,32916.4686,58857.3858,50346.8105,70400.0,57424.668,64536.724,37251.445,23568.113,29867.5545,61225.4538,23965.074,16386.4793,26610.2515,23626.529,12457.047,22368.3961,24332.1748,64358.035,37310.8242,12573.095,16196.268,127655.9879,44144.0559,22491.2884,119947.942,10084.0546,19401.1447,57401.5207,11750.0,1275.14
2024-12-26,22499.91,18411.6305,14750.0,4700.0,112672.56,34333.302,19480.185,44748.34,20325.0,40650.0,32590.8765,32735.6089,58857.3858,50256.5832,70500.0,57522.329,64536.724,37203.0665,23519.2165,30203.145,61159.0487,23721.5265,16288.3567,26198.7528,23404.4752,12553.989,22254.4654,24368.2225,64648.372,37348.8965,12611.9008,16010.104,127826.651,45372.5546,23284.1167,121997.5,10210.1053,19447.6703,57401.5207,11800.0,1272.87
2024-12-25,22624.9095,18411.6305,14950.0,4680.0,114013.9,34616.658,19590.8679,45332.014,20325.0,40600.0,32636.331,32826.0387,58949.8749,49986.0675,70700.0,57424.668,64442.5098,37348.202,23421.4235,29627.847,61358.2639,23818.9455,15993.9888,26198.7528,23582.1183,12602.46,22406.373,24584.5085,64648.372,37996.1251,12573.095,16428.973,128679.9664,45782.0542,23325.8445,122875.882,10210.1053,19447.6703,57992.4187,11800.0,1274.04
2024-12-24,22249.911,18120.1535,14800.0,4590.0,113534.85,34758.336,19673.88,46207.525,20300.0,40350.0,32681.7855,32283.4596,58858.3378,49811.9,70200.0,57229.346,64254.0814,37203.0665,23079.148,29148.432,61159.0487,23380.56,15634.2058,24827.0903,23049.189,12360.105,21950.6501,24296.1271,63583.803,38681.4259,12534.2891,16661.678,128338.6402,45044.955,23284.1167,121997.5,10126.0715,19215.0426,56979.4507,11700.0,1260.36
2024-12-23,22499.91,18120.1535,14700.0,4610.0,111618.65,34427.754,19563.1972,43775.55,20300.0,40600.0,32636.331,32780.8238,58949.8749,49811.9,70300.0,57912.973,64536.724,37493.3375,23176.941,29244.315,61358.2639,23283.141,15732.3284,24861.3819,22960.3675,12408.576,22178.5116,24728.6991,62906.35,38148.4142,12301.454,15777.399,127826.651,45700.1543,23367.5723,119557.55,10168.0884,18610.2108,57401.5207,11650.0,1262.76
2024-12-20,22249.911,18217.3125,14750.0,4580.0,110564.74,34238.85,19424.8436,43775.55,20250.0,40350.0,32590.8765,32871.2536,59499.0973,49202.3138,70300.0,57717.651,64630.9382,37735.23,23372.527,28908.7245,61424.6689,23185.722,15699.6209,24792.7988,23315.6537,12311.634,22254.4654,24620.5561,62906.35,37539.2578,12262.6482,15684.317,127570.6564,46273.4537,23325.8445,119557.55,10252.1222,18563.6853,57148.2787,11500.0,1257.5
2024-12-19,22374.9105,18411.6305,14750.0,4550.0,111139.6,34333.302,19480.185,41829.97,20150.0,40200.0,32363.604,32916.4686,58492.1895,49550.6488,70400.0,57815.312,64536.724,38122.258,23665.906,29052.549,61358.2639,23137.0125,15601.4983,24827.0903,23271.2429,12553.989,22406.373,24800.7945,63003.129,36930.1015,12029.8131,14660.415,126376.0148,46273.4537,23158.9333,119264.756,10420.1897,18424.1087,56810.6227,11250.0,1254.67
2024-12-18,22791.5755,18411.6305,14411.7507,4580.0,111331.22,34380.528,19507.8557,40857.18,20300.0,40900.0,31818.15,33730.3373,59224.4861,49986.0675,71400.0,58205.956,64536.724,38025.501,23617.0095,29388.1395,61823.0992,23575.398,15830.4511,24861.3819,23271.2429,12747.873,22596.2575,24836.8421,63293.466,37577.3301,12223.8423,14846.579,126888.004,45536.3545,22866.8386,119557.55,10588.2573,18424.1087,57232.6927,11300.0,1266.0
2024-12-17,22499.91,17877.256,14255.948,4520.0,111139.6,34380.528,19424.8436,40176.227,20275.0,41300.0,31818.15,33639.9074,59132.949,49898.9837,71000.0,57912.973,64065.6531,37638.473,22932.4585,29340.198,61756.6942,23575.398,15797.7435,24861.3819,23093.5998,12699.402,22406.373,24800.7945,63390.245,37729.6192,12223.8423,14567.333,126290.6832,45044.955,22699.9274,119069.56,10378.1729,18377.5831,56135.3107,11150.0,1261.72
2024-12-16,22499.91,17974.415,14567.5534,4640.0,110660.55,34569.432,19507.8557,40078.948,20350.0,40950.0,31454.514,33911.197,59499.0973,49898.9837,71100.0,57619.99,64159.8673,37444.959,23372.527,29388.1395,61823.0992,23672.817,15765.036,24861.3819,23182.4214,12699.402,22482.3268,24944.9851,63680.582,37653.4747,12223.8423,14520.792,127911.9825,45618.2544,22616.4718,117800.786,10420.1897,18424.1087,55882.0687,11100.0,1263.79
2024-12-13,22666.576,17877.256,14801.2575,4680.0,110085.69,34758.336,19535.5264,39446.6345,20400.0,40650.0,31318.1505,33911.197,58766.8007,49986.0675,71100.0,56350.397,64442.5098,37444.959,23079.148,29292.2565,61823.0992,23721.5265,15863.1586,24929.965,22915.9567,12747.873,22330.4192,24656.6038,63777.361,37615.4024,12262.6482,14613.874,127570.6564,44389.7556,22574.744,117605.59,10294.1391,18424.1087,56135.3107,11000.0,1262.57
2024-12-12,22916.575,18217.3125,15112.8629,4720.0,111522.84,34852.788,19618.5386,39884.39,20450.0,40750.0,31409.0595,34227.7015,59132.949,50073.1512,72100.0,55178.465,64536.724,38122.258,23421.4235,29723.73,62088.7194,23624.1075,15895.8662,24895.6734,23093.5998,12844.815,22254.4654,24836.8421,64261.256,37996.1251,12340.2599,14706.956,128167.9772,45618.2544,22908.5664,119264.756,10336.156,18563.6853,55713.2407,11100.0,1267.35
2024-12-11,23124.9075,18314.4715,15190.7642,4780.0,111618.65,34852.788,19729.2215,41343.575,20650.0,40850.0,31363.605,34453.7762,58766.8007,50160.235,72700.0,53615.889,64725.1524,38606.043,23225.8375,29915.496,61955.9093,23526.6885,15895.8662,24929.965,23226.8321,12796.344,22330.4192,24872.8898,63777.361,38605.2814,12379.0657,14800.038,128423.9718,46682.9533,22908.5664,120240.736,10420.1897,18517.1597,56219.7247,11050.0,1268.86
2024-12-10,23249.907,18460.21,15307.6163,4680.0,111331.22,35230.596,19867.5751,39689.832,20600.0,40950.0,31363.605,34544.206,58492.1895,50595.6537,72700.0,51174.364,65007.795,38993.071,23372.527,29867.5545,62752.7699,23429.2695,15863.1586,24929.965,23315.6537,12990.228,22444.3499,24944.9851,64745.151,37767.6915,12456.6774,14800.038,127570.6564,46355.3536,22199.1937,121021.52,10630.2742,18191.481,56895.0367,10950.0,1272.07
2024-12-09,23041.5745,18363.051,15307.6163,4570.0,111139.6,35277.822,20005.9286,40127.5875,20925.0,41450.0,31272.696,34770.2807,58675.2637,50073.1512,73200.0,48830.5,65290.4376,38847.9355,23568.113,30203.145,63284.0103,23526.6885,15961.2813,24998.5481,23271.2429,13038.699,22482.3268,25125.2235,65132.267,37805.7637,12611.9008,15079.284,125437.3678,46437.2536,22199.1937,121119.118,10504.2235,18331.0576,57232.6927,10950.0,1273.84
2024-12-06,22999.908,18120.1535,14801.2575,4420.0,110373.12,35372.274,20199.6237,40273.506,20925.0,41500.0,30727.242,34634.6359,58675.2637,50247.3187,73400.0,48830.5,65196.2234,39138.2065,23470.32,30203.145,62553.5547,23526.6885,15928.5737,24861.3819,23404.4752,13135.641,22216.4885,25089.1758,65229.046,37919.9805,12534.2891,14939.661,127570.6564,47420.0526,22199.1937,121509.51,10462.2066,18424.1087,57232.6927,11200.0,1270.14
2024-12-05,23208.2405,18265.892,15034.9615,4370.0,105391.0,35230.596,20088.9408,37646.973,20425.0,41400.0,30272.697,34634.6359,58858.3378,50073.1512,73700.0,49025.822,64913.5808,39283.342,23274.734,30346.9695,62420.7447,23575.398,16059.4039,24964.2566,22827.1352,13426.467,21988.627,25053.1281,63874.14,38072.2696,12573.095,14800.038,126717.3409,46682.9533,22449.5605,119947.942,10504.2235,18610.2108,57739.1767,11200.0,1267.53
2024-12-04,22249.911,17731.5175,14567.5534,4300.0,103378.99,34663.884,19812.2336,36576.904,20000.0,40100.0,29863.6065,33368.6179,57942.9671,49986.0675,72100.0,49221.144,64630.9382,38993.071,22639.0795,29819.613,62088.7194,22844.7555,15601.4983,24209.8422,21361.5798,12844.815,20583.4816,23430.9831,62616.013,38072.2696,12379.0657,14893.12,122450.7638,46273.4537,21781.9156,123168.676,10336.156,18284.5321,56726.2087,11100.0,1240.41
2024-12-03,22499.91,18120.1535,14957.0602,4330.0,105295.19,34947.24,19839.9043,37257.857,20200.0,40900.0,29909.061,34046.8418,58492.1895,48941.0626,72700.0,49318.805,64725.1524,38702.8,22736.8725,29963.4375,61756.6942,23039.5935,15666.9134,24621.341,21583.6337,13329.525,20925.2738,23791.4598,61938.56,36435.162,12495.4833,14474.251,123730.7369,47747.6523,22366.1049,121997.5,10630.2742,18238.0066,57232.6927,11050.0,1249.83
2024-12-02,22416.577,18460.21,15112.8629,4370.0,105199.38,34994.466,19729.2215,36966.02,20175.0,40750.0,29863.6065,34318.1314,59041.412,48941.0626,72600.0,49904.771,65196.2234,38460.9075,23030.2515,30203.145,62553.5547,23039.5935,15797.7435,24587.0494,21716.866,13426.467,21305.0428,23899.6028,62228.897,36777.8125,12456.6774,14288.087,121341.4537,46109.6539,22074.0103,115946.424,10420.1897,18005.3789,56388.5527,11000.0,1251.21
2024-11-29,22291.5775,18460.21,15112.8629,4390.0,104911.95,34852.788,19563.1972,36187.788,20250.0,40800.0,30136.3335,34770.2807,59132.949,48853.9788,73200.0,50295.415,65573.0802,38702.8,23176.941,30538.7355,61955.9093,22990.884,15797.7435,24518.4663,21805.6875,13329.525,21380.9966,23863.5551,62616.013,36587.4511,12417.8716,14288.087,122280.1016,46519.1535,21865.3712,116629.61,10420.1897,18191.481,56726.2087,11100.0,1250.46
2024-11-28,21999.912,18460.21,15112.8629,4400.0,103187.37,34900.014,19480.185,36041.8695,20350.0,41100.0,30045.4245,34634.6359,59041.412,48331.4764,72400.0,50100.093,65290.4376,38702.8,23079.148,30490.794,61491.074,22990.884,15699.6209,24278.4253,21583.6337,13474.938,21380.9966,23827.5075,62616.013,36282.8729,12379.0657,14288.087,118127.832,44553.5554,21364.6375,114775.248,10462.2066,18051.9045,56557.3807,11100.0,1242.11
2024-11-27,21916.579,18363.051,15190.7642,4300.0,102420.89,34900.014,19646.2093,36430.9855,20375.0,41900.0,30136.3335,34272.9165,59132.949,48853.9788,72700.0,49611.788,65290.4376,37831.987,22981.355,30203.145,61557.479,22893.465,15765.036,24106.9675,21583.6337,13474.938,21380.9966,24043.7935,62228.897,36206.7284,12456.6774,14474.251,117704.131,44225.9558,21281.1819,113896.866,10546.2404,18098.43,56557.3807,11000.0,1241.97
2024-11-26,21958.2455,18460.21,15151.8136,4330.0,102229.27,35938.986,20116.6115,36430.9855,20525.0,42400.0,30181.788,34815.4956,59316.0232,48853.9788,72700.0,49318.805,65573.0802,37977.1225,23323.6305,30251.0865,61358.2639,22942.1745,15765.036,24209.8422,21850.0983,13620.351,21494.9273,24187.9841,62809.571,36168.6561,12456.6774,14055.382,114568.7438,43652.6563,21239.4541,113799.268,10378.1729,18144.9555,56304.1387,11000.0,1242.13
2024-11-25,21916.579,18217.3125,15073.9122,4360.0,102516.7,35608.404,19590.8679,35895.951,20500.0,42700.0,29818.152,34272.9165,58858.3378,48331.4764,72200.0,49221.144,65290.4376,38122.258,23372.527,30203.145,60627.8084,22893.465,15666.9134,24072.676,21761.2767,13474.938,21153.1352,24151.9365,61938.56,35826.0057,12379.0657,13869.218,113467.1213,43243.1568,21030.8151,116044.022,10210.1053,18191.481,56472.9667,10900.0,1234.7
2024-11-22,21749.913,18265.892,15073.9122,4430.0,101462.79,35797.308,19646.2093,36236.4275,20225.0,41600.0,29636.334,33956.4119,58858.3378,48244.3926,71000.0,48830.5,65196.2234,37880.3655,23030.2515,30059.3205,60162.973,22893.465,15699.6209,24004.0929,21628.0444,13281.054,21039.2045,23791.4598,62035.339,35331.0662,12223.8423,13776.136,113467.1213,43652.6563,21030.8151,116044.022,9579.8519,17772.7513,54615.8587,10700.0,1228.1
2024-11-21,21541.5805,18265.892,15034.9615,4420.0,102516.7,35325.048,19286.49,36041.8695,20175.0,43300.0,29818.152,34272.9165,58492.1895,48157.3089,71300.0,48928.161,64254.0814,37783.6085,23079.148,29340.198,60096.568,22601.208,15699.6209,24004.0929,21850.0983,13474.938,21305.0428,23935.6505,62906.35,35331.0662,12340.2599,14055.382,112704.4595,44225.9558,20989.0873,116727.208,9621.8688,17772.7513,54869.1007,10700.0,1228.33
2024-11-20,21333.248,18120.1535,14879.1588,4520.0,101654.41,34569.432,18705.4049,35555.4745,20175.0,43300.0,29590.8795,34182.4866,58217.5783,48331.4764,70300.0,48928.161,63688.7963,37348.202,22687.976,29100.4905,59963.7579,22260.2415,15405.253,23318.2616,21583.6337,13377.996,21039.2045,23575.1738,61648.223,34798.0544,12185.0365,13729.595,112196.0183,44062.1559,20947.3595,113701.67,9537.835,17772.7513,53856.1327,10700.0,1216.54
2024-11-19,21208.2485,17828.6765,14723.3561,4500.0,102037.65,34380.528,18539.3806,35312.277,20175.0,42200.0,29090.88,33459.0477,57668.3559,47896.0577,70000.0,48928.161,63971.4389,37057.931,22590.183,29244.315,59764.5428,21821.856,15143.5927,22872.4713,21183.9368,13281.054,20507.5278,23250.7448,61745.002,33503.5973,12456.6774,13496.89,110162.2537,43980.256,20655.2648,114287.258,9411.7843,17633.1747,53011.9927,10700.0,1205.15
2024-11-18,21499.914,18022.9945,14918.1095,4520.0,105390.8563,34711.11,18677.7342,35847.3115,20200.0,40800.0,29636.334,33459.0477,57851.43,48331.4764,70300.0,48928.161,65007.795,36477.389,22883.562,29388.1395,60428.5932,21870.5655,15307.1304,22838.1798,21583.6337,13426.467,20773.3661,23791.4598,62519.234,35940.2225,13349.2119,14334.628,113551.8615,47256.2527,21531.5488,121997.5,9495.8181,17772.7513,53771.7187,10800.0,1217.12
2024-11-15,21583.247,17877.256,14879.1588,4560.0,105577.3888,34569.432,18650.0635,36528.2645,20275.0,40250.0,29681.7885,34137.2717,58309.1154,48331.4764,70600.0,49025.822,64630.9382,37154.688,22687.976,29436.081,60893.4286,21870.5655,15372.5455,22701.0135,21272.7583,13281.054,20051.805,23286.7925,63680.582,36168.6561,13543.2412,14753.497,113467.1213,47420.0526,22115.7381,126389.41,9453.8012,17028.3429,54869.1007,10750.0,1218.57
2024-11-14,21916.579,18557.369,15463.419,4700.0,108468.6424,35325.048,18899.1,38036.089,20350.0,40350.0,30318.1515,34905.9255,59499.0973,48853.9788,71400.0,49025.822,65007.795,37686.8515,22687.976,30299.028,61092.6437,22211.532,15568.7907,23043.9291,21938.9198,13571.88,20583.4816,23755.4121,64454.814,36549.3788,13892.4938,15637.776,115246.6654,46682.9533,22533.0162,129707.742,9663.8857,17307.496,54869.1007,10750.0,1231.89
2024-11-13,22541.5765,19383.2205,16164.5312,4800.0,108748.4411,35702.856,18843.7585,39252.0765,20300.0,40300.0,30454.515,35629.3643,59499.0973,49463.565,73000.0,49123.483,65478.866,37638.473,23274.734,30490.794,61424.6689,22552.4985,15797.7435,23558.3026,22605.0814,13911.177,21267.0659,24944.9851,63680.582,35102.6326,13310.4061,15637.776,116771.9889,48157.1518,22449.5605,134880.436,9831.9532,17633.1747,55206.7567,10900.0,1246.04
2024-11-12,22916.575,19577.5385,16554.038,4850.0,107815.7786,35136.144,18733.0756,36868.741,20275.0,40300.0,30409.0605,35674.5793,59407.5602,49289.3975,72500.0,49123.483,65761.5086,38122.258,23665.906,30490.794,61026.2387,22455.0795,15765.036,23661.1772,22827.1352,13959.648,21646.8349,25053.1281,63777.361,35559.4998,13426.8236,14893.12,115924.5869,47829.5522,21907.099,128048.576,9831.9532,17633.1747,55544.4127,10800.0,1244.82
2024-11-11,23083.241,19723.277,16826.6927,4860.0,107442.7137,35277.822,18677.7342,37598.3335,20400.0,40600.0,30454.515,35765.0091,59682.1715,48157.3089,73500.0,49123.483,66044.1512,37977.1225,24790.5255,30442.8525,61092.6437,22601.208,15895.8662,23969.8013,22827.1352,14056.59,21722.7887,24981.0328,63680.582,35673.7166,13582.047,14660.415,117195.6899,47010.553,22032.2825,126291.812,9831.9532,17307.496,54869.1007,10700.0,1250.32
2024-11-08,22499.91,19626.118,16709.8407,4900.0,104364.9276,34663.884,18539.3806,35555.4745,20525.0,40000.0,30499.9695,35810.224,60139.8568,48070.2252,72300.0,49123.483,65949.937,38751.1785,24937.215,30586.677,61225.4538,22990.884,16059.4039,24004.0929,23182.4214,14347.416,22102.5578,24872.8898,62519.234,34874.199,13155.1827,13729.595,115077.185,43980.256,21990.5547,128048.576,9831.9532,17540.1237,54531.4447,10700.0,1252.56
2024-11-07,22458.2435,19723.277,16515.0873,4930.0,104924.5251,34711.11,18650.0635,35847.3115,20850.0,41400.0,30545.424,36126.7286,60322.931,48418.5601,73300.0,49123.483,66044.1512,38993.071,24937.215,30826.3845,61889.5043,23234.4315,16222.9416,24415.5916,23404.4752,14250.474,22254.4654,24981.0328,62906.35,34988.4158,13271.6002,13683.054,114484.0036,43406.9566,21823.6434,125023.038,9831.9532,17633.1747,54447.0307,10850.0,1259.75
2024-11-06,22458.2435,19771.8565,16631.9393,4900.0,104178.3951,35136.144,18788.4171,35701.393,20900.0,41550.0,30363.606,36081.5136,60231.3939,48592.7276,74200.0,48830.5,66044.1512,38847.9355,24790.5255,30634.6185,61690.2891,23283.141,16255.6491,24621.341,23493.2967,14250.474,22368.3961,25197.3188,62422.455,33884.32,13232.7944,13822.677,114060.3026,41932.7581,21448.0932,122095.098,9915.987,17586.6492,53940.5467,10800.0,1261.28
2024-11-05,22083.245,19431.8,16281.3832,4830.0,102965.9339,34286.076,18511.7099,34631.324,20650.0,41500.0,29954.5155,35674.5793,59956.7827,48331.4764,73100.0,49611.788,65573.0802,38751.1785,24594.9395,30203.145,61491.074,22844.7555,15993.9888,24038.3844,23226.8321,13911.177,21988.627,24584.5085,61841.781,33389.3805,12883.5418,13171.103,112365.4987,41359.4586,21239.4541,121509.51,9705.9025,17260.9705,53687.3047,10750.0,1245.76
2024-11-04,21916.579,19383.2205,16125.5805,4800.0,103059.2002,34097.172,18511.7099,34874.5215,20600.0,41500.0,29999.97,35719.7942,60048.3198,48331.4764,73200.0,48781.6695,65855.7228,38606.043,24643.836,30107.262,61424.6689,22844.7555,15993.9888,24484.1747,23315.6537,13862.706,22026.6039,24800.7945,62228.897,33084.8023,12961.1535,12938.398,112534.9791,42014.658,21072.5429,121021.52,9621.8688,17354.0216,54024.9607,10650.0,1244.71
2024-11-01,22124.9115,19626.118,16320.3339,5000.0,103898.5964,34805.562,18760.7464,35312.277,20600.0,41500.0,30136.3335,36804.9525,60231.3939,48157.3089,74500.0,49514.127,66138.3654,39283.342,25181.6975,30538.7355,62088.7194,23088.303,16092.1114,24415.5916,23271.2429,13911.177,21570.8811,24440.3178,62132.118,32742.1519,12961.1535,12845.316,114060.3026,41441.3586,20947.3595,121216.716,9747.9194,17586.6492,52336.6807,11200.0,1254.89
2024-10-31,22416.577,19674.6975,16086.6298,4980.0,104737.9926,35466.726,19120.4657,35798.672,20775.0,41500.0,30454.515,36036.2987,60506.0051,48070.2252,76600.0,49514.127,66421.0079,39767.127,25083.9045,30682.56,62155.1245,23283.141,16386.4793,24484.1747,23626.529,14105.061,21874.6963,24981.0328,63196.687,33427.4527,13116.3768,13124.562,115161.9252,42506.0575,20863.9039,123754.264,10042.0377,17679.7002,54109.3747,11300.0,1264.48
2024-10-30,22499.91,19771.8565,16086.6298,5140.0,103898.5964,35513.952,19148.1364,36528.2645,20500.0,41150.0,30454.515,35629.3643,60689.0793,48070.2252,78100.0,49416.466,66515.2221,40057.398,25035.008,30682.56,60893.4286,23380.56,16353.7718,23832.635,23404.4752,14056.59,21532.9042,24764.7468,63003.129,33313.2359,13155.1827,13078.021,115161.9252,43161.2568,20822.176,124827.842,10126.0715,17726.2258,54869.1007,11500.0,1258.63
2024-10-29,22541.5765,20111.913,16164.5312,5170.0,104644.7263,35986.212,19341.8314,36722.8225,20675.0,42750.0,30454.515,35358.0748,61329.8388,48244.3926,78000.0,49611.788,66703.6505,40541.183,25181.6975,30682.56,61092.6437,23137.0125,16353.7718,23969.8013,23715.3506,14250.474,21760.7656,24981.0328,62906.35,33084.8023,13193.9885,13264.185,114738.2242,43243.1568,20154.5311,126194.214,10126.0715,17865.8023,54531.4447,11450.0,1261.78
2024-10-28,22291.5775,20160.4925,16125.5805,5190.0,103059.2002,35325.048,18926.7707,34339.487,20725.0,42700.0,30454.515,35358.0748,61512.9129,48331.4764,77900.0,49807.11,66609.4363,40637.94,25230.594,30682.56,61092.6437,23039.5935,16222.9416,23798.3435,23804.1721,14153.532,21798.7425,24981.0328,60486.875,32894.441,12999.9593,13031.48,114314.5232,42014.658,19820.7087,124632.646,10042.0377,17772.7513,53434.0627,11450.0,1254.77
2024-10-25,22041.5785,19723.277,15930.8271,5110.0,101753.4727,34569.432,18843.7585,34047.65,20775.0,43850.0,30136.3335,35041.5703,62245.2095,48331.4764,77200.0,50002.432,66797.8647,40202.5335,25083.9045,30778.443,60959.8336,22893.465,16124.819,23729.7604,23715.3506,13862.706,21494.9273,24872.8898,60680.433,32018.7788,12922.3476,12659.152,113551.8615,41523.2585,19904.1643,123559.068,10000.0208,17726.2258,53180.8207,11500.0,1252.72
2024-10-24,22041.5785,19917.595,15930.8271,5200.0,103059.2002,34569.432,18843.7585,34242.208,21025.0,43850.0,30590.8785,35177.215,62611.3578,48679.8114,78500.0,50295.415,66892.0789,40396.0475,25328.387,30778.443,60893.4286,23039.5935,16157.5265,23901.2182,23804.1721,13862.706,21418.9735,24872.8898,60777.212,31561.9115,12883.5418,12612.611,113806.082,41441.3586,19904.1643,123559.068,10168.0884,17912.3279,53602.8907,11500.0,1257.41
2024-10-23,22041.5785,19723.277,15930.8271,5310.0,103525.5314,34474.98,18843.7585,34777.2425,21600.0,47000.0,30272.697,35538.9345,61604.45,48766.8951,79400.0,50295.415,66797.8647,40928.211,25279.4905,31066.092,60760.6185,23575.398,16517.3095,24038.3844,23892.9937,14153.532,21950.6501,25485.7001,60777.212,32056.851,13077.571,12845.316,113721.3419,42096.5579,20154.5311,123071.078,10294.1391,17958.8534,53434.0627,11550.0,1270.9
2024-10-22,22208.2445,19674.6975,15891.8764,5360.0,103618.7976,34380.528,18871.4292,34728.603,21100.0,48250.0,29727.243,34498.9911,61604.45,48766.8951,78900.0,49709.449,67080.5073,40444.426,25035.008,30682.56,60694.2134,23575.398,16517.3095,24004.0929,23715.3506,14202.003,21950.6501,25557.7955,60777.212,31790.3451,13116.3768,13031.48,112789.1997,42342.2577,20196.2589,124339.852,10252.1222,17819.2768,53265.2347,11500.0,1269.89
2024-10-21,22291.5775,19820.436,15969.7778,5360.0,105390.8563,34380.528,18871.4292,34047.65,21125.0,47800.0,29545.425,34544.206,61604.45,49289.3975,80200.0,49221.144,67551.5783,40250.912,25230.594,31449.624,61092.6437,23526.6885,16713.5548,24347.0085,23892.9937,14250.474,22444.3499,25665.9385,58768.8387,31599.9838,13155.1827,13124.562,114822.9644,43734.5563,20613.537,127560.586,10462.2066,17819.2768,54109.3747,11650.0,1279.77
2024-10-18,22458.2435,20014.754,16281.3832,5410.0,106323.5187,34900.014,19037.4535,35166.3585,20900.0,45250.0,29818.152,35177.215,61695.9871,49986.0675,80400.0,49123.483,67551.5783,40976.5895,25670.6625,31737.273,61358.2639,23818.9455,16844.3849,24861.3819,24292.6906,14395.887,23127.9341,26026.4151,59180.9624,32171.0678,13388.0178,14101.923,116094.0673,42669.8573,20780.4482,128829.36,10504.2235,18051.9045,54700.2727,11750.0,1285.46
2024-10-17,22708.2425,20209.072,16515.0873,5440.0,106883.1162,34900.014,19092.795,35214.998,20775.0,45100.0,30318.1515,35177.215,61879.0612,49898.9837,81000.0,49123.483,67363.1499,40879.8325,25964.0415,32360.5125,61225.4538,23721.5265,16942.5076,25067.1313,24381.5121,14444.358,23241.8649,26458.9871,60252.484,32704.0796,13426.8236,14288.087,116094.0673,43161.2568,20696.9926,129610.144,10546.2404,18051.9045,54784.6867,11900.0,1286.52
2024-10-16,22583.243,19917.595,16398.2352,5420.0,107442.7137,34758.336,18899.1,35993.23,20750.0,45000.0,30082.5845,34544.206,61787.5241,50334.4024,80400.0,49318.805,67834.2209,40492.8045,25719.559,32360.5125,60760.6185,23575.398,16680.8472,24895.6734,24070.6367,14202.003,23014.0034,25774.0815,61900.9788,32399.5014,13426.8236,14241.546,115500.886,42587.9574,20530.0814,130000.536,10588.2573,18098.43,54784.6867,11850.0,1279.48
2024-10-15,22624.9095,20209.072,16748.7913,5470.0,107629.2462,35513.952,19175.8071,36382.346,20825.0,44650.0,30454.4845,35267.6449,61146.7646,49724.8162,80800.0,49318.805,68493.7203,41460.3745,26012.938,32072.8635,60694.2134,23624.1075,16778.9698,24792.7988,24203.869,14347.416,23051.9803,25954.3198,62313.1025,32209.1401,13349.2119,14381.169,116094.0673,42587.9574,20571.8092,128341.37,10588.2573,18284.5321,55037.9287,12000.0,1281.08
2024-10-14,22541.5765,20306.231,16865.6434,5480.0,108375.3761,35797.308,19369.5021,36576.904,21075.0,45350.0,30867.7069,35900.6539,61512.9129,49811.9,80300.0,49416.466,68682.1486,43008.4865,26501.903,32216.688,60694.2134,23721.5265,16909.8,24724.2156,24559.1552,14686.713,23545.6801,26458.9871,62725.2262,32666.0073,13582.047,14660.415,116602.5085,43488.8565,20822.176,130390.928,10756.3249,18284.5321,55628.8267,12150.0,1286.34
2024-10-11,22749.909,20403.39,16904.594,5550.0,107722.5124,35844.534,19480.185,36576.904,20900.0,43600.0,30991.6736,36398.0181,61970.5983,50073.1512,81100.0,49416.4035,68964.7912,43250.379,26941.9715,33367.3991,60760.6185,23818.9455,16713.5548,24861.3819,24381.5121,14735.184,23697.5877,26567.1301,63302.1993,32970.5855,13659.6587,14706.956,118297.3124,43406.9566,20989.0873,132342.888,10588.2573,18284.5321,55375.5847,11800.0,1288.39
2024-10-10,22708.2425,20306.231,16904.594,5520.0,108002.3111,35702.856,19314.1607,36771.462,20700.0,42150.0,30991.6736,36307.5883,61970.5983,50247.3187,80000.0,49126.8543,69059.0054,43056.865,26746.3855,33784.4915,61026.2387,23916.3645,16680.8472,24792.7988,24470.3337,14638.242,23089.9572,26242.7011,63137.3499,31942.6342,13388.0178,14334.628,120076.8565,43816.4562,20947.3595,130000.536,10840.3587,18238.0066,55291.1707,11650.0,1286.36
2024-10-09,22916.575,20694.867,17177.2488,5590.0,107256.1812,36127.89,19535.5264,36528.2645,20800.0,42500.0,31156.9625,36624.0928,62062.1354,49115.2301,77000.0,49030.3378,68493.7203,42960.108,27088.661,32811.2757,60428.5932,24013.7835,16746.2623,24758.5072,24248.2798,14735.184,23279.8418,26963.6545,62230.6777,32056.851,13504.4353,14334.628,114738.2242,41768.9582,20404.898,129902.938,10882.3756,18284.5321,55375.5847,11650.0,1281.85
2024-10-08,22458.2435,20743.4465,17177.2488,5590.0,106230.2525,35466.726,19258.8193,35993.23,20450.0,41600.0,30991.6736,36262.3733,62428.2836,49028.1463,75200.0,49126.8543,68399.5061,43202.0005,27430.9365,32718.5885,60760.6185,23770.236,16484.6019,24518.4663,24337.1013,14395.887,23241.8649,26891.5591,62065.8283,31561.9115,13426.8236,14334.628,113382.3811,40704.2593,20196.2589,125120.636,10756.3249,18191.481,55375.5847,11500.0,1271.98
2024-10-07,21999.912,20451.9695,16943.5447,5540.0,106323.5187,35561.178,19369.5021,36479.625,20425.0,41200.0,31198.2847,36443.2331,61421.3758,49376.4813,74800.0,49126.8543,68682.1486,43492.2715,27333.1435,32718.5885,61092.6437,23526.6885,16484.6019,24552.7578,24514.7444,14492.829,23621.6339,27107.8451,62972.5004,30762.3939,13271.6002,14288.087,113636.6017,41113.7589,19987.6199,124925.44,10714.308,18284.5321,55544.4127,11600.0,1269.93
2024-10-04,21833.246,20451.9695,16904.594,5540.0,105857.1875,35608.404,19424.8436,37063.299,20500.0,41500.0,30950.3513,36081.5136,62702.8949,49289.3975,75600.0,49030.3378,69059.0054,43637.407,27088.661,32440.5269,61291.8588,23429.2695,16419.1869,24415.5916,24248.2798,14202.003,23127.9341,26134.5581,63302.1993,30495.888,13271.6002,14148.464,113636.6017,41113.7589,20404.898,124925.44,10882.3756,18284.5321,55966.4827,11450.0,1270.6
2024-10-03,21833.246,20209.072,16826.6927,5580.0,106883.1162,35750.082,19452.5143,37160.578,20675.0,41600.0,30909.0291,36352.8032,64350.5622,49463.565,76000.0,49223.3707,68305.2919,42960.108,26648.5925,32764.9321,61491.074,23721.5265,16680.8472,24827.0903,24470.3337,14347.416,23051.9803,26350.8441,63796.7478,31066.972,13310.4061,14334.628,113551.8615,41277.5587,20780.4482,123168.676,10756.3249,18284.5321,56388.5527,11550.0,1278.1
2024-10-02,21916.579,20694.867,17216.1995,5720.0,108188.8436,36316.794,19729.2215,37549.694,21025.0,43400.0,31900.7626,37076.2421,64167.488,49550.6488,76000.0,49416.4035,68682.1486,43492.2715,26941.9715,32625.9013,61557.479,24257.331,16811.6774,24689.9241,24514.7444,14638.242,23279.8418,26242.7011,64126.4467,31447.6947,13543.2412,14753.497,114738.2242,41850.8581,20989.0873,123754.264,11050.4432,18424.1087,56895.0367,11650.0,1287.84
2024-10-01,22291.5775,20694.867,17216.1995,5780.0,108188.8436,36127.89,19673.88,37792.8915,21150.0,43450.0,32479.2739,37618.8212,64167.488,50334.4024,76600.0,49802.4691,68776.3628,43056.865,26795.282,32625.9013,61092.6437,24013.7835,16778.9698,25032.8397,24692.3875,14977.539,23545.6801,26314.7965,63796.7478,31409.6224,13659.6587,14800.038,115161.9252,42506.0575,21114.2707,123266.274,11092.4601,18470.6342,56304.1387,11700.0,1292.2
2024-09-30,21958.2455,20694.867,17216.1995,5620.0,107722.5124,36364.02,19701.5508,37598.3335,21000.0,42800.0,32148.696,37573.6063,64167.488,50334.4024,75700.0,49802.4691,68964.7912,43056.865,27088.661,32718.5885,61092.6437,23575.398,16811.6774,25341.4637,24781.209,14783.655,23507.7032,26458.9871,64291.2962,30952.7552,13776.0763,14567.333,113975.5624,41605.1584,20696.9926,123363.872,11008.4263,18424.1087,56219.7247,11650.0,1287.94
2024-09-27,21708.2465,20354.8105,17021.4461,5470.0,107256.1812,36127.89,19922.9165,37549.694,21250.0,43400.0,32190.0183,37754.466,64991.3217,50943.9886,75900.0,50188.5348,69247.4338,43492.2715,26648.5925,32857.6194,61424.6689,23575.398,16811.6774,25375.7553,24514.7444,14735.184,23393.7725,25882.2245,64703.4199,31295.4056,13659.6587,14939.661,113721.3419,41768.9582,20446.6258,123949.46,10966.4094,18424.1087,56304.1387,11550.0,1290.92
2024-09-26,21708.2465,20209.072,16982.4954,5500.0,107349.4474,36458.472,19922.9165,37938.81,21300.0,44400.0,32520.5961,38025.7556,64716.7105,50595.6537,76100.0,48547.7558,69718.5048,44121.192,27088.661,33089.3374,61424.6689,23477.979,16811.6774,24964.2566,24425.9229,14589.771,23583.657,26062.4628,65033.1189,31485.767,13659.6587,15125.825,113806.082,42178.4578,20404.898,125490.9853,10966.4094,18517.1597,56895.0367,11700.0,1291.49
2024-09-25,21833.246,20111.913,16904.594,5540.0,107722.5124,36977.958,19978.2579,38376.5655,21300.0,44150.0,32396.6294,38342.2601,63709.8027,49986.0675,75500.0,48933.8214,69530.0764,43927.678,26990.868,32996.6502,61623.8841,23185.722,16844.3849,24689.9241,24381.5121,14589.771,23697.5877,25665.9385,65115.5436,31028.8997,13543.2412,14893.12,114229.783,42178.4578,20363.1702,126637.8945,10966.4094,18563.6853,56979.4507,11750.0,1287.48
2024-09-24,21541.5805,19577.5385,16437.1859,5440.0,107722.5124,36127.89,19701.5508,38279.2865,21275.0,44250.0,31818.1182,37890.1108,64350.5622,50073.1512,74800.0,49705.9527,69435.8622,43734.164,26941.9715,32440.5269,60561.4033,22942.1745,16517.3095,24724.2156,23626.529,14347.416,23317.8187,24872.8898,65115.5436,30800.4661,13426.8236,14520.792,113975.5624,42424.1576,20363.1702,127593.6522,10588.2573,18424.1087,56219.7247,11650.0,1276.99
2024-09-23,21416.581,19528.959,16554.038,5450.0,107256.1812,35986.212,19701.5508,38230.647,21175.0,43650.0,31322.2514,37799.6809,64487.8249,49986.0675,74400.0,50092.0184,68776.3628,43782.5425,26257.4205,32394.1833,60362.1882,22747.3365,16222.9416,24621.341,23626.529,14395.887,23127.9341,24656.6038,65115.5436,30610.1048,13349.2119,14567.333,113551.8615,41850.8581,20237.9867,123388.3183,10504.2235,18424.1087,56304.1387,11550.0,1268.48
2024-09-20,21374.9145,19723.277,16709.8407,5500.0,107535.9799,35797.308,19646.2093,38230.647,21150.0,43750.0,31280.9292,37618.8212,64310.9036,49986.0675,74700.0,51346.7318,68870.577,44508.22,26453.0065,32486.8705,60162.973,22942.1745,16190.2341,24689.9241,24869.9311,14541.3,23279.8418,24872.8898,64620.9952,30533.9602,13388.0178,14846.579,114653.484,42669.8573,20530.0814,126829.046,10546.2404,18563.6853,56219.7247,11600.0,1272.04
2024-09-19,21041.5825,19626.118,16748.7913,5470.0,106883.1162,35608.404,19701.5508,37890.1705,21450.0,44150.0,31404.8959,38116.1854,64841.6676,49202.3138,74400.0,52697.9615,69153.2196,43879.2995,25181.6975,32394.1833,60760.6185,22601.208,15961.2813,24689.9241,24869.9311,14153.532,23165.911,24944.9851,64456.1457,30381.6712,13349.2119,14893.12,114568.7438,42751.7572,20404.898,128549.4099,10546.2404,18610.2108,55797.6547,11500.0,1271.27
2024-09-18,20916.583,19528.959,16515.0873,5500.0,105950.4538,35702.856,19673.88,37744.252,21325.0,43900.0,31404.8959,37935.3257,64841.6676,48853.9788,74400.0,52601.4451,68870.577,43540.65,25035.008,32625.9013,60428.5932,22406.37,15961.2813,24484.1747,24721.8958,14250.474,22900.0727,24872.8898,64126.4467,30153.2375,13310.4061,14660.415,114060.3026,42997.457,20446.6258,127402.5007,10714.308,18749.7874,55544.4127,11450.0,1264.9
2024-09-17,21041.5825,19431.8,16437.1859,5530.0,106136.9862,35844.534,19812.2336,37938.81,21450.0,44000.0,31652.8293,37844.8959,64930.1282,49202.3138,74500.0,52890.9944,68493.7203,43540.65,24839.422,32533.2141,60096.568,22162.8225,15863.1586,23969.8013,24203.7722,14105.061,22026.6039,24620.5561,63302.1993,29924.8039,13038.7651,14567.333,112619.7193,41687.0583,19862.4365,119087.4087,10546.2404,18563.6853,54784.6867,11400.0,1258.95
2024-09-16,20708.2505,19043.164,16047.6791,5510.0,104551.4601,35419.5,19756.8922,37160.578,21025.0,41750.0,31115.6402,37076.2421,63603.2182,48592.7276,72900.0,52890.9944,68399.5061,43540.65,24839.422,32255.1524,59034.0872,21627.018,15634.2058,23764.0519,23759.6663,13668.822,21418.9735,23430.9831,62972.5004,29696.3703,12922.3476,14381.169,111094.3958,41277.5587,19862.4365,118513.9541,10336.156,18331.0576,54615.8587,11450.0,1239.26
2024-09-13,20833.25,19383.2205,16359.2846,5560.0,105857.1875,36033.438,19646.2093,38084.7285,21450.0,43000.0,30785.0624,37754.466,64487.8249,48853.9788,74200.0,52890.9944,70001.1474,44314.706,25426.18,32579.5577,59698.1377,21627.018,15634.2058,23935.5097,23907.7016,13862.706,22178.5116,24079.8411,63631.8983,29886.7317,13038.7651,14706.956,112704.4595,41850.8581,20029.3477,119469.7118,10756.3249,18331.0576,55459.9987,11500.0,1251.71
2024-09-12,20916.583,19577.5385,16515.0873,5530.0,105857.1875,35702.856,19480.185,38182.0075,21450.0,43100.0,30702.4179,36985.8122,66080.1169,48244.3926,75100.0,52890.9944,71785.4285,43927.678,25817.352,32208.8088,59432.5175,21724.437,15699.6209,24004.0929,23870.6928,13862.706,21912.6732,24079.8411,63879.1725,29696.3703,13038.7651,14660.415,112111.2781,41605.1584,19653.7974,118896.2572,10840.3587,18517.1597,55459.9987,11450.0,1256.35
2024-09-11,21124.9155,19723.277,16670.89,5640.0,105297.59,35230.596,19314.1607,37355.136,21500.0,43000.0,30826.3846,36985.8122,65991.6562,48244.3926,75100.0,52890.9944,71785.4285,44314.706,25817.352,32208.8088,58702.062,21529.599,15634.2058,23969.8013,24055.7369,13862.706,22026.6039,24290.5571,63549.4736,29696.3703,12961.1535,14660.415,110670.6948,41195.6588,19528.614,117558.1964,10798.3418,18563.6853,54953.5147,11450.0,1253.27
2024-09-10,20958.2495,19480.3795,16398.2352,5680.0,105390.8563,34947.24,19341.8314,37452.415,21500.0,42800.0,30826.3846,36985.8122,66257.0382,48157.3089,75200.0,52890.9944,72214.7672,44895.248,26061.8345,32440.5269,59100.4923,21675.7275,15536.0832,23969.8013,23981.7193,14056.59,21912.6732,24512.3886,63714.323,30153.2375,13067.608,15032.743,110162.2537,40540.4595,19319.975,117653.7722,10924.3925,18517.1597,54869.1007,11600.0,1255.23
2024-09-09,21333.248,19820.436,16670.89,5730.0,105857.1875,35088.918,19618.5386,37063.299,21850.0,43000.0,31074.318,37166.6719,66168.5775,48941.0626,75400.0,53180.5436,72729.9736,44943.6265,26208.524,33182.0246,59897.3528,22065.4035,15666.9134,24312.7169,24351.8075,14250.3964,22140.5347,24872.8649,63714.323,30229.3821,13356.3949,15079.284,111263.8762,41768.9582,19445.1584,118896.2572,10966.4094,18517.1597,55797.6547,11700.0,1267.73
2024-09-06,21166.582,19383.2205,16242.4325,5660.0,106323.5187,35277.822,19895.2458,37890.1705,22325.0,43900.0,31239.6069,37166.6719,66699.3415,49376.4813,76000.0,53180.5436,72214.7672,45427.4115,26012.938,33367.3991,59897.3528,22211.532,15699.6209,24347.0085,24721.8958,14250.3964,22254.4654,25233.3412,64291.2962,30305.5266,13428.5916,15405.071,111941.7978,42424.1576,19862.4365,118991.833,11008.4263,18470.6342,55375.5847,11600.0,1273.96
2024-09-05,20874.9165,19334.641,16125.5805,5670.0,106043.72,34474.98,19231.1486,38036.089,22525.0,43750.0,31363.5736,37166.6719,66080.1169,49637.7325,74100.0,53277.06,71527.8253,44556.5985,25670.6625,33135.681,59830.9478,22211.532,15666.9134,24004.0929,24499.8428,14297.2728,22140.5347,24956.0518,64950.6941,30914.6829,13320.2965,15358.53,110670.6948,42669.8573,19612.0696,119469.7118,10966.4094,18563.6853,55122.3427,11700.0,1268.21
2024-09-04,21041.5825,19723.277,16631.9393,5750.0,107442.7137,34994.466,19424.8436,37744.252,22000.0,42500.0,31404.8959,37980.5407,65726.2742,49811.9,75300.0,53373.5764,72043.0317,45475.79,26110.731,33274.7118,60428.5932,22406.37,15961.2813,24209.8422,24536.8517,14297.2728,22140.5347,25455.1728,65115.5436,31295.4056,13284.1982,15637.776,112704.4595,43406.9566,20029.3477,121572.3787,11092.4601,18749.7874,56557.3807,11950.0,1275.8
2024-08-30,21249.915,20209.072,16982.4954,5900.0,106043.72,35325.048,19286.49,37598.3335,22100.0,41500.0,31156.9625,37076.2421,65372.4315,50073.1512,76500.0,53470.0928,71527.8253,47023.902,26844.1785,33552.7735,60893.4286,22747.3365,16255.6491,24038.3844,24943.9487,14531.6543,22254.4654,25760.1912,66351.9147,31409.6224,13356.3949,15218.907,114229.783,43243.1568,20029.3477,122432.5607,11302.5445,18331.0576,57908.0047,12250.0,1283.87
2024-08-29,21333.248,20209.072,17216.1995,5980.0,103805.3301,35325.048,19231.1486,37598.3335,22100.0,41500.0,31156.9625,36985.8122,65018.5889,49986.0675,76900.0,53373.5764,71613.693,47217.416,26697.489,33784.4915,60760.6185,22406.37,16255.6491,24004.0929,25128.9929,14625.4069,22178.5116,25677.0044,66104.6405,31257.3334,13248.0998,15032.743,113297.6409,43816.4562,19778.9809,120138.7422,11386.5783,18470.6342,58245.6607,12250.0,1281.47
2024-08-28,21416.581,20306.231,17216.1995,6020.0,102592.8689,34994.466,19203.4778,37695.6125,22200.0,40900.0,30950.3513,36985.8122,65372.4315,49986.0675,77100.0,53373.5764,71957.164,47797.958,26990.868,33367.3991,60494.9983,22406.37,16124.819,23935.5097,25203.0105,14437.9017,22368.3961,26453.4149,66104.6405,31295.4056,13356.3949,15358.53,112958.6801,42833.6572,19778.9809,120521.0453,11470.6121,18331.0576,57908.0047,12238.083,1281.44
2024-08-27,21458.2475,20209.072,16982.4954,5970.0,102219.804,35088.918,19369.5021,37695.6125,22550.0,41400.0,30991.6736,36804.9525,65018.5889,49637.7325,76800.0,53373.5764,71699.5608,47507.687,26795.282,33367.3991,60760.6185,22065.4035,15961.2813,23901.2182,24721.8958,14484.778,22178.5116,26647.5175,66187.0652,31409.6224,13572.9851,15730.858,112280.7585,42997.457,19945.8921,121381.2272,11302.5445,18517.1597,57908.0047,12238.083,1280.56
2024-08-26,21666.58,20403.39,17060.3968,6080.0,103525.5314,34758.336,19314.1607,37160.578,21075.0,40500.0,31156.9625,36759.7376,64930.1282,49376.4813,76200.0,53373.5764,72300.6349,46975.5235,26990.868,33552.7735,61092.6437,21919.275,15993.9888,23729.7604,25128.9929,14719.1595,22558.2806,26897.078,66846.4631,31828.4174,13717.3785,15963.563,111433.3566,43243.1568,20237.9867,121285.6514,11260.5276,18610.2108,59089.8008,12333.321,1280.02
2024-08-23,21708.2465,20597.708,17255.1501,6080.0,105297.59,35419.5,19756.8922,38036.089,20775.0,39750.0,30909.0291,36804.9525,66257.0382,49550.6488,77900.0,53566.6093,72729.9736,47410.93,27284.247,34108.8968,61358.2639,21821.856,16059.4039,23969.8013,24869.9311,14625.4069,21836.7194,26342.4991,67835.56,31866.4897,13717.3785,15730.858,112789.1997,44062.1559,20780.4482,122910.4395,11386.5783,18796.3129,59596.2848,12333.321,1285.32
2024-08-22,21458.2475,20160.4925,16748.7913,6060.0,105390.8563,35230.596,19701.5508,38619.763,20775.0,39800.0,31074.318,36804.9525,65637.8135,49637.7325,78000.0,53663.1257,72558.2381,47410.93,27186.454,34294.2713,61358.2639,21773.1465,15961.2813,23729.7604,24499.8428,14625.4069,21267.0659,26259.3122,68330.1084,31904.5619,13825.6736,15823.94,113382.3811,44799.2552,20446.6258,121572.3787,11428.5952,18749.7874,58836.5588,12380.94,1282.78
2024-08-21,21791.5795,20451.9695,16982.4954,6150.0,105204.3238,35419.5,20033.5994,39300.716,20925.0,39750.0,31156.9625,36804.9525,66610.8809,49986.0675,77500.0,53663.1257,72987.5768,47217.416,27382.04,34433.3021,61623.8841,21432.18,16190.2341,23455.4279,24462.834,14578.5306,20887.2968,26120.6675,68742.2321,31752.2729,13861.772,15963.563,113128.1605,43079.3569,20196.2589,122814.8637,11554.6459,19028.9405,59174.2148,12476.178,1284.05
2024-08-20,21499.914,20257.6515,16709.8407,5930.0,104458.1938,35750.082,21140.4281,37890.1705,20850.0,39400.0,31198.2847,36714.5226,66876.2628,50508.5699,77600.0,53566.6093,72558.2381,47846.3365,27039.7645,34294.2713,60295.7831,21286.0515,15863.1586,22769.5967,24166.7634,14578.5306,20811.343,25787.9202,68247.6837,31980.7065,13861.772,16103.186,111433.3566,43488.8565,20029.3477,122432.5607,11344.5614,18470.6342,59005.3868,12380.94,1272.55
2024-08-19,21541.5805,20063.3335,16476.1366,5920.0,103432.2652,35655.63,21140.4281,37646.973,20575.0,38600.0,30661.0957,35900.6539,67230.1055,50334.4024,77800.0,52987.5108,72558.2381,48765.528,26795.282,34294.2713,58967.6822,21334.761,15732.3284,22392.3895,23981.7193,14016.0149,20621.4585,25649.2754,68247.6837,31942.6342,13861.772,16010.104,110585.9546,43406.9566,19904.1643,121859.106,11344.5614,18517.1597,59343.0428,12238.083,1261.62
2024-08-16,21333.248,19771.8565,16086.6298,5820.0,103338.9989,35230.596,20531.6723,38473.8445,20575.0,38400.0,30702.4179,35719.7942,65283.9709,49028.1463,77300.0,53470.0928,70926.7511,48959.042,26599.696,33645.4607,58502.8468,20896.3755,15732.3284,22289.5148,24203.7722,14062.8912,20659.4354,25926.5649,65774.9415,31599.9838,13609.0835,15917.022,110670.6948,42751.7572,19528.614,122241.4091,11302.5445,18051.9045,59005.3868,12285.702,1252.23
2024-08-15,20999.916,19043.164,15463.419,5580.0,99328.5504,33813.816,19922.9165,37841.531,20400.0,37850.0,29338.7843,33685.1224,65283.9709,48505.6439,75000.0,52601.4451,69724.6028,47410.93,25817.352,32440.5269,58170.8216,20604.1185,15209.0078,21843.7245,22871.4545,13359.7467,19368.2207,24595.5755,65280.3931,30457.8157,13067.608,14893.12,109060.6311,40745.2093,18527.1466,114308.6203,10966.4094,17679.7002,56979.4507,11904.75,1223.56
2024-08-14,21208.2485,19771.8565,15891.8764,5750.0,100354.4791,34474.98,19978.2579,39981.669,20400.0,37200.0,29504.0732,34408.5612,65460.8922,48505.6439,76500.0,53277.06,70411.5447,47604.444,26110.731,33413.7427,58436.4418,20652.828,15307.1304,21809.4329,23241.5427,13547.2519,19672.0359,25122.4254,64950.6941,30610.1048,13212.0014,15172.366,109738.5527,41687.0583,19194.7915,115646.681,11218.5107,17679.7002,58245.6607,12285.702,1230.36
2024-08-13,21166.582,20063.3335,16203.4819,5800.0,101660.2065,34427.754,19812.2336,41343.575,20350.0,36350.0,29586.7177,34679.8508,65283.9709,47286.4715,74800.0,53180.5436,69982.206,47265.7945,26159.6275,33367.3991,59432.5175,20457.99,15437.9606,21843.7245,23463.5957,13781.6334,19747.9897,25399.7149,64785.8446,30952.7552,13356.3949,15637.776,109908.0331,42178.4578,19820.7087,115646.681,11260.5276,18051.9045,57232.6927,12523.797,1230.42
2024-08-12,21541.5805,20403.39,16515.0873,5870.0,101287.1415,34711.11,19922.9165,38668.4025,20300.0,36500.0,29504.0732,35222.43,64576.2856,47025.2203,75200.0,53373.5764,70840.8834,47265.7945,26257.4205,33645.4607,58303.6317,20701.5375,15503.3756,21740.8498,23685.6487,14109.7675,19672.0359,25455.1728,65115.5436,31143.1165,13681.2802,15405.071,110162.2537,42424.1576,19820.7087,117558.1964,11428.5952,18703.2618,58161.2467,13428.558,1230.28
2024-08-09,21708.2465,20257.6515,16554.038,5980.0,99328.5504,34286.076,19784.5629,36139.1485,20600.0,37200.0,29462.751,35267.6449,64841.6676,46676.8853,75200.0,53566.6093,70068.0737,46443.36,26012.938,33089.3374,58237.2267,20555.409,15339.8379,21603.6836,23167.5251,14203.5201,19330.2438,25122.4254,63549.4736,30572.0325,13500.7884,14427.71,107535.3076,41605.1584,19528.614,117462.6206,11638.6797,18470.6342,56557.3807,13380.939,1223.64
2024-08-08,21333.248,20014.754,16203.4819,5890.0,96996.8943,33719.364,19231.1486,35506.835,20900.0,37600.0,29132.1731,34453.7762,64310.9036,45980.2154,74500.0,53084.0272,70153.9415,46007.9535,25572.8695,33042.9938,57971.6065,20311.8615,15078.1776,20712.103,22205.2956,13781.6334,18456.775,24040.9965,63054.9251,30115.1653,13139.8047,14195.005,102874.5969,39885.2601,18819.2413,112683.8322,11596.6628,18284.5321,55966.4827,13190.463,1208.32
2024-08-07,21708.2465,20500.549,16242.4325,5890.0,98862.2192,34191.624,19258.8193,36576.904,21175.0,37200.0,29504.0732,35403.2897,65283.9709,46067.2991,73000.0,53373.5764,68178.9835,46249.846,25964.0415,32996.6502,58237.2267,21237.342,15274.4228,20712.103,22649.4015,13734.7571,18570.7057,24179.6413,62890.0756,30077.093,13103.7063,14055.382,103383.038,41768.9582,18777.5135,113735.1656,11554.6459,18470.6342,55544.4127,13190.463,1215.88
2024-08-06,21916.579,20354.8105,16164.5312,5840.0,98862.2192,33530.46,18622.3928,35263.6375,20650.0,34800.0,29173.4954,35448.5046,64310.9036,46415.6341,73200.0,54435.257,66375.761,45475.79,25768.4555,32533.2141,57971.6065,21724.437,15307.1304,20952.1439,22649.4015,13828.5097,18456.775,23846.8939,63467.0488,29620.2258,13103.7063,14288.087,102366.1557,41031.859,18694.0578,114021.8929,11554.6459,18191.481,56304.1387,13285.701,1210.28
2024-08-05,21624.9135,19431.8,15813.9751,5890.0,94385.4394,32585.94,18096.6491,34534.045,20650.0,34500.0,28512.3397,34182.4866,61391.7016,45283.5454,70500.0,54628.2898,65688.8191,44024.435,25377.2835,31930.7472,57705.9863,21724.437,15012.7625,20677.8114,21909.225,13312.8704,17469.3755,22626.8203,62313.1025,28782.6358,12959.3129,14148.464,100501.8714,39844.3102,18235.052,110485.5895,11176.4938,18005.3789,55206.7567,12952.368,1188.07
2024-08-02,22708.2425,20840.6055,16982.4954,6330.0,99888.1479,34805.562,19369.5021,37111.9385,21000.0,36000.0,28925.562,35719.7942,63249.3756,47983.1414,72200.0,55689.9703,67749.6448,45959.575,27284.247,34294.2713,58901.2771,22893.465,15568.7907,21637.9751,23130.5163,14297.2728,18646.6595,24068.7255,66764.0384,30077.093,13933.9687,15172.366,104399.9204,42833.6572,19528.614,118513.9541,11596.6628,18517.1597,59343.0428,13904.748,1236.6
2024-08-01,22249.911,20257.6515,16515.0873,6360.0,98862.2192,33672.138,19065.1243,35798.672,21050.0,36450.0,28760.2731,35538.9345,62187.8476,47896.0577,71800.0,56076.036,67749.6448,43830.921,27235.3505,33923.5224,60229.3781,22406.37,15307.1304,21569.392,22427.3486,14062.8912,18418.7981,23347.7729,65033.1189,30077.093,13825.6736,14846.579,105755.7635,41932.7581,18777.5135,118036.0753,11050.4432,18005.3789,57317.1067,13571.415,1226.96
2024-07-31,22666.576,21180.662,17605.7062,6830.0,104458.1938,35041.692,19535.5264,36576.904,21150.0,36700.0,29958.6178,37211.8869,63337.8362,48244.3926,74100.0,56269.0688,68608.3222,44411.463,27088.661,34989.4254,59233.3024,22649.9175,15961.2813,21946.5992,23537.6134,14578.5306,19254.29,24678.7623,65939.791,32323.3569,14439.3458,15917.022,108975.8909,45044.955,20071.0755,120425.4695,11302.5445,18610.2108,58752.1448,14190.462,1251.51
2024-07-30,23249.907,22249.411,18306.8184,7340.0,104831.2588,35608.404,19618.5386,37938.81,21100.0,36700.0,29752.0066,37799.6809,59887.8703,47721.8902,74600.0,56269.0688,66289.8933,45572.547,26795.282,35684.5795,58104.4166,22357.6605,16026.6963,21946.5992,23648.6398,14531.6543,19444.1745,24678.7623,65115.5436,33008.6578,14475.4442,16522.055,108467.4498,45372.5546,20112.8033,124726.3791,11260.5276,18610.2108,59511.8708,14476.176,1245.06
2024-07-29,23249.907,22638.047,18384.7198,7470.0,105390.8563,35844.534,19895.2458,37938.81,20800.0,37100.0,29917.2955,37573.6063,59445.567,47808.9739,74000.0,56269.0688,66118.1578,46249.846,27137.5575,35916.2976,57971.6065,22162.8225,15765.036,22015.1823,23833.684,14672.2832,19482.1514,25066.9676,65115.5436,33008.6578,14439.3458,16661.678,109314.8517,46355.3536,20279.7145,125682.1368,11428.5952,18703.2618,60356.0108,14523.795,1246.6
2024-07-26,22874.9085,22492.3085,18189.9664,7380.0,105577.3888,34286.076,19535.5264,37160.578,20800.0,37750.0,29752.0066,37754.466,58207.1177,47896.0577,74000.0,55979.5196,66289.8933,46249.846,27333.1435,36333.3901,57971.6065,22162.8225,15895.8662,21980.8907,23759.6663,14766.0358,19292.2669,24983.7807,65115.5436,32818.2964,14439.3458,16149.727,108467.4498,46273.4537,19653.7974,127115.7734,11386.5783,19075.466,59933.9408,14523.795,1242.11
2024-07-25,22791.5755,22200.8315,18073.1144,7250.0,103525.5314,33766.59,19369.5021,36285.067,20800.0,37800.0,29752.0066,37573.6063,58030.1963,47025.2203,71000.0,54242.2242,65946.4223,44846.8695,27088.661,35221.1435,57971.6065,22162.8225,15666.9134,21637.9751,23611.631,14719.1595,19026.4286,24734.2202,64044.022,32742.1519,14367.1491,16149.727,105925.2439,43734.5563,19695.5252,123292.7426,10840.3587,18610.2108,59511.8708,14190.462,1233.19
2024-07-24,23083.241,22249.411,18228.9171,7280.0,102592.8689,33766.59,19258.8193,35263.6375,20450.0,37850.0,29752.0066,37980.5407,58030.1963,47547.7227,71500.0,54338.7406,66118.1578,44992.005,26990.868,34294.2713,58104.4166,22406.37,15666.9134,22083.7654,24351.8075,14859.7884,19406.1976,24845.136,64208.8715,32209.1401,14331.0507,16149.727,106772.6459,44635.4554,19612.0696,124726.3791,11092.4601,18842.8384,58245.6607,14333.319,1238.47
2024-07-23,23166.574,21957.934,17917.3117,7250.0,101100.609,33105.426,19120.4657,32977.581,20425.0,37850.0,29338.7843,37166.6719,58295.5783,47634.8065,71000.0,54435.257,65946.4223,44024.435,26844.1785,32069.778,58104.4166,22455.0795,15634.2058,22220.9317,25054.9752,14719.1595,19406.1976,25510.6307,63137.3499,31980.7065,14150.5589,15730.858,106348.9449,44307.8557,18860.9691,116602.4387,10798.3418,18842.8384,57654.7627,13619.034,1231.81
2024-07-22,23374.9065,22200.8315,18345.7691,7530.0,106323.5187,34002.72,19258.8193,35458.1955,20375.0,37900.0,29834.6511,37076.2421,57853.275,48505.6439,72200.0,54531.7734,66118.1578,44846.8695,26697.489,33460.0863,58237.2267,23039.5935,16484.6019,23078.2207,25647.1164,15000.4173,20127.7588,26259.3122,64291.2962,32018.7788,14511.5426,15498.153,105162.5821,44307.8557,19278.2472,122432.5607,11302.5445,19028.9405,57823.5907,14333.319,1254.64
2024-07-19,23499.906,23075.2625,18930.0293,7840.0,113131.9546,35230.596,19646.2093,37841.531,20375.0,37850.0,30247.8734,37121.457,57764.8143,48070.2252,71000.0,54531.7734,66805.0997,45379.033,27430.9365,33645.4607,58104.4166,22796.046,16615.4321,22906.7629,25758.1429,14906.6647,19747.9897,26342.4991,64950.6941,32742.1519,14655.936,16568.596,106772.6459,45863.9541,19612.0696,129218.4403,11176.4938,19354.6192,59343.0428,15095.223,1264.78
2024-07-18,23666.572,23706.796,19631.1415,8030.0,114717.4807,35986.212,19867.5751,37646.973,20275.0,37450.0,30413.1623,38251.8302,58295.5783,47286.4715,71200.0,54628.2898,67062.7029,45959.575,28115.4875,32764.9321,58436.4418,23088.303,16288.3567,22941.0545,25425.0635,14531.6543,19823.9436,26425.6859,65857.3662,33465.525,14980.8213,17639.039,108382.7096,46846.7532,20112.8033,128453.8341,11932.7979,19633.7724,60778.0808,15476.175,1274.44
2024-07-17,23499.906,23026.683,19319.5361,7820.0,115463.6107,34947.24,19480.185,35409.556,20300.0,37300.0,30495.8068,37980.5407,58118.657,47025.2203,71800.0,54338.7406,66976.8352,43540.65,27871.005,30633.1261,58436.4418,23088.303,16026.6963,22632.4304,25277.0282,14437.9017,19672.0359,26009.7517,66764.0384,32361.4292,14655.936,17313.252,111772.3174,46027.754,19403.4306,132276.8649,11680.6966,19726.8234,60946.9088,14999.985,1268.66
2024-07-16,23708.2385,23609.637,19786.9442,8150.0,116955.8706,36930.732,20504.0016,38036.089,20525.0,37900.0,31239.6069,39789.1378,58472.4997,48592.7276,74000.0,54724.8062,67234.4384,45572.547,29044.521,32440.5269,58370.0368,22114.113,15405.253,22289.5148,25462.0723,14953.541,20127.7588,26564.3307,67011.3126,33770.1032,15522.2968,18616.4,113551.8615,49139.9509,20863.9039,135717.5926,12521.0345,20285.1298,62381.9468,16095.222,1281.18
2024-07-15,23708.2385,23852.5345,20020.6483,8210.0,116955.8706,37214.088,20780.7087,39106.158,20675.0,38000.0,31239.6069,39608.2781,58560.9603,48592.7276,74500.0,54724.8062,67234.4384,46443.36,29093.4175,32718.5885,58104.4166,22065.4035,15078.1776,22015.1823,25388.0547,15187.9225,20127.7588,26647.5175,67011.3126,34379.2595,15522.2968,19733.384,112450.2389,50859.8491,21155.9985,139062.7445,12773.1358,20471.2319,60778.0808,16142.841,1279.82
2024-07-12,23749.905,24192.591,20020.6483,8280.0,117049.1368,37591.896,20725.3673,38425.205,20875.0,38500.0,31404.8959,38884.8392,58649.421,48766.8951,74800.0,54821.3226,66976.8352,44798.491,29191.2105,32162.4652,58170.8216,22211.532,15045.47,21946.5992,25499.0811,15422.304,21115.1583,26564.3307,69236.7805,34150.8258,15594.4935,19454.138,113382.3811,52252.1477,21448.0932,140591.9568,12773.1358,20424.7063,60018.3548,15761.889,1280.75
2024-07-11,24041.5705,24144.0115,19475.3388,8330.0,117702.0006,37025.184,20670.0259,39349.3555,20550.0,38450.0,31859.4404,38884.8392,58649.421,49028.1463,75800.0,54821.3226,67148.5707,45282.276,29142.314,32625.9013,58502.8468,22211.532,15110.8851,22083.7654,25758.1429,15516.0567,21418.9735,26619.7886,68989.5063,33884.32,15702.7886,19547.22,112704.4595,53398.7466,21698.46,139922.9265,12689.102,20424.7063,60356.0108,15285.699,1283.8
2024-07-10,24124.9035,24581.227,19747.9935,8500.0,117981.7993,38441.964,21002.0745,37744.252,20300.0,38250.0,31322.2514,38839.6243,59091.7243,49115.2301,76800.0,54917.839,67406.1739,45040.3835,29386.7965,32625.9013,58834.8721,22552.4985,15241.7153,22220.9317,25425.0635,15281.6751,21115.1583,26176.1254,69319.2053,34188.8981,15738.887,19733.384,113551.8615,54217.7458,21531.5488,140783.1084,12647.0851,20610.8084,60102.7688,15285.699,1285.94
2024-07-09,24166.57,24484.068,19786.9442,8300.0,119380.793,38158.608,21306.4524,37452.415,20400.0,38300.0,30991.6736,39246.5587,59710.949,49898.9837,76500.0,55110.8719,67835.5126,44508.22,29875.7615,32440.5269,58502.8468,22747.3365,15143.5927,22426.681,25647.1164,15516.0567,21267.0659,26619.7886,70061.0279,34874.199,16099.8706,20338.417,116517.7683,52825.4472,21364.6375,139062.7445,12857.1696,20750.385,58667.7308,15047.604,1293.71
2024-07-08,23999.904,24629.8065,19670.0922,8260.0,118727.9292,37875.252,21500.1474,35020.44,20200.0,38000.0,30743.7402,39879.5677,59799.4096,49115.2301,76200.0,54435.257,67577.9094,44992.005,29631.279,32162.4652,57905.2014,22844.7555,14849.2248,22358.0979,25573.0988,15328.5514,20773.3661,26176.1254,69236.7805,35216.8494,16135.969,20384.958,118297.3124,52252.1477,20696.9926,141069.8357,12647.0851,20331.6553,56135.3107,14666.652,1283.56
2024-07-05,23874.9045,24241.1705,19124.7827,8390.0,116582.8056,35419.5,20725.3673,32734.3835,20700.0,38450.0,31652.8293,39789.1378,59445.567,50508.5699,76700.0,55014.3555,67492.0416,42524.7015,29240.107,31699.0291,58436.4418,22893.465,14914.6399,22426.681,25647.1164,15562.933,20735.3892,26120.6675,68907.0816,34798.0544,16027.6739,19081.81,117534.6506,52579.7474,20947.3595,143363.6542,12268.9331,20424.7063,55037.9287,13714.272,1283.04
2024-07-04,23916.571,24241.1705,19319.5361,8400.0,116582.8056,35183.37,20476.3308,30594.2455,20700.0,38450.0,31363.5736,38884.8392,58737.8817,53121.0822,76800.0,54724.8062,67148.5707,42476.323,29240.107,32023.4344,58436.4418,22893.465,14914.6399,22152.3485,25462.0723,15562.933,20887.2968,26231.5833,67588.2858,34150.8258,15738.887,17871.744,115077.185,52743.5473,21281.1819,138776.0172,12394.9838,20471.2319,55122.3427,13904.748,1279.89
2024-07-03,23958.2375,24192.591,19319.5361,8080.0,116396.2731,35419.5,20504.0016,28600.026,20675.0,38100.0,31280.9292,38884.8392,58560.9603,53556.5009,76500.0,55110.8719,67148.5707,40492.8045,29337.9,30494.0953,58768.467,22893.465,14980.0549,22186.6401,25499.0811,15187.9225,20735.3892,26176.1254,67753.1352,33884.32,15811.0837,17778.662,111009.6556,51433.1486,20696.9926,138011.4111,12689.102,20471.2319,54024.9607,13952.367,1276.85
2024-07-02,23916.571,24144.0115,19319.5361,7880.0,114997.2795,34994.466,20144.2822,26751.725,20800.0,38150.0,31322.2514,39020.484,58560.9603,53295.2496,76300.0,55014.3555,67148.5707,40009.0195,29093.4175,30772.1569,58569.2519,22308.951,14849.2248,22152.3485,25425.0635,15187.9225,20583.4816,26148.3965,67176.1621,34265.0427,15811.0837,17127.088,108467.4498,51760.7482,20696.9926,137342.3807,12184.8993,20471.2319,53349.6487,13952.367,1269.79
2024-07-01,23624.9055,23706.796,18657.3745,7760.0,113784.8183,34569.432,20033.5994,26897.6435,20675.0,37700.0,30578.4512,37799.6809,58384.039,53033.9984,76000.0,53566.6093,66719.232,39476.856,28751.142,30355.0644,57174.7459,22065.4035,14685.6871,21946.5992,25091.984,15094.1699,20203.7126,26148.3965,67588.2858,34569.6208,15738.887,17220.17,108975.8909,51023.649,20571.8092,137246.8049,12226.9162,20424.7063,53602.8907,13333.32,1254.56
2024-06-28,23583.239,23221.001,18345.7691,7700.0,114251.1495,34002.72,19978.2579,26849.004,20600.0,37650.0,30495.8068,37437.9615,57941.7357,52250.2447,74700.0,53084.0272,65774.6869,39573.613,28164.384,30216.0336,56577.1005,22747.3365,14522.1493,21260.768,25128.9929,15047.2936,19899.8974,25566.0886,68412.5331,34455.404,15883.2804,17452.875,110585.9546,49958.95,20154.5311,134379.5318,12521.0345,20192.0787,52843.1647,13333.32,1245.32
2024-06-27,24041.5705,24144.0115,19202.684,8110.0,115463.6107,35325.048,20476.3308,27549.4128,20500.0,37600.0,30991.6736,37980.5407,57764.8143,52772.7472,74500.0,53084.0272,65688.8191,39960.641,29093.4175,30262.3772,56577.1005,22844.7555,14718.3946,21466.5173,25388.0547,15375.4277,20241.6895,25482.9017,68742.2321,33808.1754,15558.3951,17406.334,112534.9791,51924.5481,21531.5488,141643.2903,12394.9838,20471.2319,54024.9607,13142.844,1259.09
2024-06-26,24083.237,24338.3295,19397.4374,8300.0,116582.8056,34758.336,20365.648,27432.678,20600.0,37500.0,30578.4512,37618.8212,57676.3537,52250.2447,74000.0,55303.9047,65688.8191,41024.968,29093.4175,30262.3772,56577.1005,23380.56,14718.3946,21466.5173,25462.0723,15656.6856,20241.6895,25677.0044,69236.7805,34265.0427,15558.3951,18011.367,111687.5772,53071.1469,21531.5488,142981.3511,12857.1696,20471.2319,54024.9607,13333.32,1261.24
2024-06-25,23916.571,24289.75,19241.6347,8400.0,116303.0069,34238.85,20144.2822,27238.12,20600.0,37800.0,30661.0957,37618.8212,57941.7357,52772.7472,73900.0,55883.0032,65517.0837,39670.37,29240.107,29659.9103,56776.3156,23380.56,14783.8097,21672.2667,25573.0988,15375.4277,20393.5971,25898.8359,68412.5331,33655.8863,15702.7886,18011.367,110162.2537,52170.2478,22074.0103,143745.9572,12605.0682,20471.2319,54109.3747,13333.32,1256.56
2024-06-24,23916.571,23318.16,18852.1279,8580.0,116209.7406,33766.59,19729.2215,26810.0924,20550.0,37450.0,30289.1956,36850.1674,57941.7357,53556.5009,73700.0,55979.5196,65688.8191,39428.4775,28946.728,29659.9103,56776.3156,23331.8505,14816.5172,21706.5583,25610.1076,15328.5514,20165.7357,25233.3412,67588.2858,31485.767,15197.4115,17220.17,111941.7978,54381.5456,22699.9274,144319.4119,12605.0682,20192.0787,53687.3047,13142.844,1254.12
2024-06-21,24208.2365,24484.068,19786.9442,8580.0,122924.9103,37072.41,20670.0259,27705.0592,20825.0,37750.0,30991.6736,36985.8122,58384.039,53556.5009,76200.0,56365.5852,66890.9675,40928.211,30755.8985,30586.7825,57108.3409,23867.655,15176.3002,22083.7654,26276.2665,15187.9225,21380.9966,26730.7043,68742.2321,33046.73,16099.8706,17732.121,115331.4056,57821.3422,24243.8563,153112.3826,12352.9669,20750.385,54447.0307,13523.796,1282.02
2024-06-20,24458.2355,24484.068,20332.2537,8020.0,121246.1179,37119.636,20642.3551,27977.4404,20725.0,38000.0,31032.9958,37257.1018,58384.039,54079.0033,75800.0,56365.5852,66976.8352,39960.641,30658.1055,30586.7825,57108.3409,24159.912,15209.0078,22083.7654,26572.3371,15656.6856,21343.0197,27007.9938,68577.3826,37044.3183,15991.5755,17592.498,112958.6801,57248.0428,23451.0279,151487.5946,12689.102,20843.4361,55459.9987,13714.272,1282.3
2024-06-19,24458.2355,24484.068,20643.8591,8070.0,119567.3254,37119.636,20891.3916,28171.9984,20750.0,38000.0,31156.9625,37799.6809,57764.8143,53991.9196,75600.0,56365.5852,67148.5707,40154.155,30755.8985,30494.0953,57506.7711,23526.6885,15241.7153,22289.5148,26794.39,15844.1908,21532.9042,27202.0964,68824.6568,37729.6192,16244.2641,17592.498,111433.3566,57248.0428,23701.3948,151487.5946,12563.0514,20936.4871,53771.7187,13714.272,1279.79
2024-06-18,24499.902,24435.4885,20721.7604,8230.0,121246.1179,36316.794,20697.6966,28210.91,21050.0,38300.0,31239.6069,37754.466,58295.5783,55385.2594,76200.0,57523.7822,66976.8352,39670.37,30707.002,30772.1569,57838.7964,23770.236,15209.0078,22186.6401,26720.3724,16125.4486,21494.9273,26952.5359,68907.0816,37539.2578,16172.0673,17964.826,108467.4498,56019.544,23200.6611,151009.7157,12521.0345,21215.6403,53602.8907,13666.653,1279.5
2024-06-17,24541.5685,24435.4885,20877.5632,8200.0,113318.4871,35702.856,20642.3551,27043.562,21000.0,38300.0,31032.9958,37076.2421,58384.039,55385.2594,76200.0,57909.8478,66633.3642,38606.043,30364.7265,30308.7208,57838.7964,23672.817,15209.0078,22460.9726,26572.3371,16406.7064,21608.858,26980.2649,69071.931,38224.5587,16244.2641,18197.531,109145.3713,55610.0444,23701.3948,148620.3215,11722.7135,20889.9616,51999.0247,13333.32,1274.77
2024-06-14,24249.903,22880.9445,20020.6483,8050.0,113505.0196,35419.5,20365.648,26887.9156,21000.0,38200.0,30991.6736,38070.9705,58560.9603,55211.0919,78000.0,58778.4956,67835.5126,39186.585,30511.416,30772.1569,58104.4166,23916.3645,15110.8851,22495.2642,26720.3724,16734.8406,21950.6501,27174.3675,68412.5331,36549.3788,16027.6739,17080.547,111009.6556,57329.9427,24369.0397,145561.8969,11554.6459,20610.8084,51914.6107,13095.225,1279.91
2024-06-13,24583.235,23706.796,20721.7604,8260.0,114997.2795,36836.28,21472.4767,28094.1752,21600.0,38250.0,31900.7626,39879.5677,59180.185,57126.9343,78600.0,60033.2089,68865.9254,40831.454,31489.346,31930.7472,58702.062,24062.493,15405.253,23249.6785,27016.443,17016.0984,22444.3499,28117.1517,70061.0279,37310.8242,16713.5428,18337.154,110162.2537,57329.9427,23951.7616,136195.4715,11890.781,21308.6913,54024.9607,13476.177,1301.51
2024-06-12,24666.568,23852.5345,20682.8098,8250.0,114904.0132,37261.314,21500.1474,28249.8216,21650.0,38500.0,31363.5736,39336.9885,59268.6456,58346.1066,77800.0,58217.1754,69037.6609,41702.267,31733.8285,32533.2141,58901.2771,24062.493,15110.8851,22975.346,27090.4607,16922.3458,22710.1882,28394.4411,70638.0011,37044.3183,16749.6412,18709.482,111857.0576,57002.343,23534.4835,127306.9249,11764.7304,21355.2169,53602.8907,13619.034,1300.19
2024-06-11,24249.903,23609.637,20682.8098,8240.0,113784.8183,37072.41,21583.1595,28094.1752,21600.0,38150.0,30743.7402,38884.8392,58826.3423,58868.6091,75800.0,57861.1071,68951.7932,41799.024,31391.553,32440.5269,57905.2014,24038.1383,14751.1021,22769.5967,26498.3194,16641.088,22330.4192,28283.5253,70885.2753,36968.1738,16857.9363,18942.187,107952.2336,56183.3438,23659.667,126637.8945,11890.781,21308.6913,52336.6807,13714.272,1284.41
2024-06-10,24416.569,23318.16,20643.8591,8050.0,113318.4871,36600.15,21472.4767,27510.5012,21725.0,38900.0,30826.3846,38703.9795,59445.567,58955.6928,77100.0,58128.1583,68951.7932,40589.5615,31098.174,31281.9366,58436.4418,23818.9455,14816.5172,22975.346,26165.24,16734.8406,22026.6039,26952.5359,71627.0979,36016.3671,17110.6248,17871.744,106110.0453,56920.4431,22699.9274,126637.8945,11470.6121,21494.7935,52505.5087,13809.51,1290.67
2024-06-07,24416.569,22832.365,20020.6483,7960.0,113598.2858,36930.732,21555.4888,27549.4128,21750.0,39000.0,30826.3846,38568.3347,59976.331,59129.8603,77600.0,58484.2267,68951.7932,40154.155,31000.381,31050.2186,58768.467,23916.3645,14685.6871,22495.2642,26239.2577,16781.7169,21798.7425,26813.8912,68742.2321,33693.9586,16388.6575,16708.219,104636.2947,56019.544,22783.383,127784.8037,11722.7135,21541.319,52336.6807,13333.32,1287.58
2024-06-06,24416.569,22832.365,20020.6483,7970.0,112758.8896,36222.342,21306.4524,26654.446,21850.0,39050.0,30165.2289,38432.69,59445.567,57039.8505,78100.0,58395.2096,68951.7932,40541.183,31098.174,31096.5622,59100.4923,23380.56,14620.272,22358.0979,26202.2488,16828.5932,21874.6963,26786.1622,69236.7805,32475.646,16027.6739,16382.432,102867.7939,56019.544,22950.2942,125777.7126,11386.5783,21308.6913,52336.6807,13238.082,1283.56
2024-06-05,24374.9025,22492.3085,19864.8455,8040.0,114717.4807,35891.76,21500.1474,26887.9156,22100.0,39300.0,30619.7735,39653.493,60595.5556,57126.9343,78100.0,58751.2779,69209.3964,40492.8045,31000.381,31606.3419,58967.6822,23137.0125,14522.1493,22220.9317,26202.2488,16969.2221,22216.4885,27035.7227,69236.7805,32209.1401,15774.9853,15451.612,103236.2316,55036.745,23367.5723,127115.7734,11554.6459,21215.6403,52843.1647,13476.177,1284.35
2024-06-04,24416.569,22492.3085,19864.8455,8100.0,115650.1432,36458.472,21361.7938,27238.12,22050.0,39400.0,30991.6736,40648.2215,58384.039,53469.4171,77500.0,58217.1754,69381.1318,40347.669,31538.2425,31699.0291,58901.2771,23185.722,14718.3946,22495.2642,26202.2488,16875.4695,22292.4423,27229.8254,69648.9042,32666.0073,15991.5755,15637.776,102499.3563,56101.4439,23743.1226,127689.228,11764.7304,21773.9466,52758.7507,13333.32,1283.52
2024-06-03,24166.57,21715.0365,19358.4867,8030.0,116955.8706,36741.828,21306.4524,26771.1808,21975.0,39300.0,31404.8959,40693.4364,58472.4997,51727.7423,77700.0,58128.1583,69037.6609,40154.155,31587.139,31606.3419,58569.2519,22966.5293,14783.8097,22358.0979,26202.2488,17016.0984,22406.373,26897.078,68659.8074,32589.8628,15738.887,15684.317,100878.2306,53316.8467,23701.3948,128071.531,11302.5445,21960.0487,53180.8207,13380.939,1280.0
2024-05-31,23833.238,21180.662,19007.9306,8030.0,117515.4681,35466.726,19922.9165,26576.6228,21775.0,38850.0,29917.2955,39789.1378,57853.275,50769.8211,76600.0,57861.1071,68780.0577,39670.37,30951.4845,31142.9058,57905.2014,22893.465,14227.7814,21878.0161,25684.1253,16687.9643,21912.6732,26342.4991,69071.931,32475.646,15919.3788,14706.956,99183.4174,49877.0501,23200.6611,125682.1368,10588.2573,21448.2679,52589.9227,13285.701,1261.72
2024-05-30,23541.5725,20937.7645,18968.98,8030.0,116582.8056,35608.404,19922.9165,26382.0648,21575.0,39000.0,29793.3288,39517.8483,58118.657,51640.6586,77200.0,58128.1583,69638.7351,40009.0195,31293.76,31513.6547,58834.8721,22796.046,14293.1965,21809.4329,25795.1517,16734.8406,21988.627,26453.4149,68330.1084,32171.0678,15341.805,15777.399,99478.1675,48484.7515,23284.1167,124057.3487,10756.3249,21773.9466,52336.6807,13523.796,1266.32
2024-05-29,23833.238,21229.2415,19280.5854,7900.0,118075.0655,35891.76,20144.2822,26459.888,22200.0,39450.0,29504.0732,40150.8573,58649.421,52685.6634,75000.0,58128.1583,70583.2802,40154.155,30951.4845,31513.6547,59631.7327,22649.9175,14587.5644,21706.5583,26054.2135,17062.9747,22254.4654,26952.5359,68082.8342,32209.1401,15161.3131,15963.563,99993.9802,49139.9509,22950.2942,124726.3791,10546.2404,21076.0637,52336.6807,13285.701,1272.64
2024-05-28,24291.5695,21423.5595,19514.2894,7800.0,118354.8643,36364.02,20033.5994,27705.0592,22525.0,39950.0,29958.6178,39969.9975,59091.7243,53121.0822,75500.0,58128.1583,70325.677,40202.5335,31391.553,31699.0291,60229.3781,22844.7555,14783.8097,22083.7654,26350.2841,19125.5321,22596.2575,27063.4517,68577.3826,31980.7065,15305.7066,15358.53,100951.9181,50859.8491,23367.5723,127306.9249,10462.2066,21587.8445,53434.0627,12999.987,1281.73
2024-05-27,24083.237,21374.98,19397.4374,7720.0,117795.2668,36269.568,20033.5994,27160.2968,22525.0,39800.0,29586.7177,39698.708,58472.4997,50943.9886,73500.0,58039.1412,69552.8673,39960.641,31244.8635,31652.6855,59897.3528,22649.9175,14685.6871,22220.9317,25980.1959,18984.9032,22064.5809,26370.228,68330.1084,31790.3451,15089.1164,14986.202,97857.0418,48320.9517,23033.7499,123292.7426,10168.0884,21587.8445,52505.5087,12619.035,1267.68
2024-05-24,24083.237,20937.7645,19319.5361,7790.0,118448.1305,35702.856,19673.88,27004.6504,22475.0,39800.0,29421.4288,39698.708,58384.039,50508.5699,73500.0,58039.1412,67835.5126,39670.37,31000.381,31420.9674,59897.3528,22601.208,14685.6871,22289.5148,26091.2223,18797.3979,22102.5578,26592.0596,68824.6568,31485.767,15377.9033,14846.579,97193.854,48894.2511,22908.5664,120903.3483,9537.835,21029.5382,51323.7127,12476.178,1261.93
2024-05-23,24583.235,21715.0365,19942.7469,8040.0,119007.728,36930.732,20476.3308,25681.656,22775.0,40550.0,30537.129,41507.3051,59268.6456,51814.826,75800.0,58217.1754,68608.3222,38993.071,32271.69,32301.496,60428.5932,22649.9175,14914.6399,22803.8882,27164.4783,19313.0373,23279.8418,27728.9464,70473.1516,32475.646,15666.6902,14893.12,101320.3558,52088.3479,23868.306,125777.7126,9705.9025,21587.8445,51914.6107,12904.749,1281.03
2024-05-22,23712.0027,21326.4005,19397.4374,7740.0,117422.2018,36600.15,19922.9165,25292.54,22750.0,40350.0,30247.8734,40783.8663,58207.1177,50073.1512,73900.0,57772.09,65774.6869,36477.389,31782.725,30216.0336,60229.3781,22601.208,15176.3002,22632.4304,26979.4342,19969.3055,23165.911,27728.9464,69236.7805,32856.3687,15738.887,15265.448,101688.7934,50122.7499,22783.383,123388.3183,9537.835,20610.8084,49973.0886,12571.416,1266.91
2024-05-21,24128.6672,21180.662,19475.3388,7790.0,117515.4681,36647.376,19839.9043,25642.7444,23225.0,40200.0,30165.2289,39879.5677,58560.9603,50508.5699,75800.0,57950.1241,65860.5546,36283.875,32173.897,30169.69,60494.9983,22990.884,15437.9606,23078.2207,27238.496,20109.9345,22558.2806,28172.6096,70308.3021,33617.8141,15991.5755,15218.907,100215.0428,50368.4496,22992.022,123579.4699,9495.8181,20657.334,49973.0886,12666.654,1277.14
2024-05-20,24242.303,21326.4005,19631.1415,7830.0,116209.7406,34805.562,19397.1729,25097.982,23350.0,40450.0,30495.8068,39472.6333,58737.8817,50334.4024,76400.0,58039.1412,65259.4804,36767.66,31636.0355,29845.2847,61026.2387,24208.6215,15339.8379,22872.4713,27127.4695,20344.316,22368.3961,27839.8622,69154.3558,33503.5973,16172.0673,14241.546,98004.4169,48320.9517,22616.4718,125204.258,9537.835,20796.9105,56979.4507,12714.273,1277.58
2024-05-17,23939.2742,21229.2415,19319.5361,7750.0,117702.0006,35230.596,19424.8436,25020.1588,23425.0,40850.0,30495.8068,39789.1378,59268.6456,50595.6537,75500.0,57861.1071,65001.8772,36719.2815,31880.518,30169.69,60959.8336,24232.9763,15209.0078,22701.0135,26942.4253,20531.8212,22406.373,27285.2833,69896.1784,32818.2964,15486.1984,14055.382,99109.7298,50204.6498,22366.1049,128453.8341,9453.8012,20796.9105,57401.5207,12476.178,1273.11
2024-05-16,23939.2742,20889.185,19124.7827,7550.0,117515.4681,35041.692,19369.5021,25059.0704,23375.0,40250.0,30413.1623,39789.1378,59445.567,50073.1512,72400.0,57683.0729,65173.6127,36961.174,31880.518,29659.9103,61491.074,24306.0405,15307.1304,22769.5967,26720.3724,19734.924,22254.4654,27035.7227,69566.4795,31904.5619,15269.6082,14055.382,99772.9176,49631.3504,22366.1049,128071.531,9369.7674,20889.9616,57908.0047,12476.178,1268.78
2024-05-15,23636.2455,20597.708,19085.832,7600.0,117608.7343,34191.624,19203.4778,24981.2472,23175.0,40250.0,30082.5845,38342.2601,59268.6456,50160.235,72200.0,57505.0387,64830.1418,36961.174,31195.967,29567.2231,60428.5932,23429.2695,14980.0549,22186.6401,26609.3459,19688.0477,22026.6039,26924.807,68412.5331,31866.4897,15269.6082,13915.759,98814.9797,51596.9484,22616.4718,129314.0161,9243.7167,20378.1808,56219.7247,12428.559,1254.39
2024-05-14,22878.6735,20257.6515,18735.2759,7350.0,115929.9419,32491.488,18650.0635,24631.0428,23025.0,40150.0,29669.3621,37709.2511,58826.3423,49724.8162,70600.0,57416.0216,64572.5385,36283.875,31195.967,29659.9103,60162.973,23331.8505,14947.3474,22152.3485,26276.2665,19406.7899,21646.8349,26425.6859,67835.56,31409.6224,15125.2148,13031.48,96162.2286,51105.5489,22699.9274,120903.3483,9201.6998,20517.7574,56219.7247,12380.94,1243.28
2024-05-13,22878.6735,20403.39,18696.3252,7350.0,114344.4158,32397.036,18484.0392,24203.0152,22500.0,40100.0,29999.94,37573.6063,58207.1177,49550.6488,70800.0,57416.0216,64572.5385,38557.6645,31391.553,29706.2539,60428.5932,23575.398,14816.5172,22152.3485,26350.2841,19500.5425,21494.9273,26564.3307,67670.7105,31676.1283,15053.018,12845.316,95572.7283,47829.5522,21448.0932,120521.0453,9243.7167,20564.2829,56557.3807,12285.702,1240.18
2024-05-10,23068.0665,20063.3335,18618.4239,7350.0,115463.6107,32633.166,18760.7464,24514.308,22500.0,40350.0,29752.0066,37392.7466,58826.3423,50160.235,70800.0,57416.0216,64830.1418,38799.557,31440.4495,29567.2231,61092.6437,23624.1075,14783.8097,22529.5557,26239.2577,19500.5425,21646.8349,26481.1438,68907.0816,32209.1401,15053.018,12007.578,96530.6662,48239.0518,21155.9985,123101.591,9201.6998,20424.7063,55713.2407,12285.702,1244.7
2024-05-09,23068.0665,19820.436,18501.5718,7320.0,116396.2731,32302.584,18760.7464,24786.6892,22700.0,40950.0,29752.0066,36895.3824,58914.803,50160.235,71400.0,57148.9704,65345.3482,38896.314,31000.381,29011.0997,61424.6689,23599.7528,14816.5172,22563.8473,26054.2135,19313.0373,21494.9273,26619.7886,69484.0547,32704.0796,15161.3131,11821.414,96014.8535,45372.5546,19778.9809,125108.6822,9327.7505,20564.2829,55713.2407,12333.321,1248.64
2024-05-08,23257.4595,20063.3335,18501.5718,7420.0,115183.812,32255.358,18871.4292,24475.3964,22700.0,40900.0,29752.0066,37076.2421,60064.7916,51292.3236,72300.0,56792.902,66461.6288,38702.8,30902.588,29613.5667,61756.6942,23477.979,14751.1021,22358.0979,26387.293,19594.2951,21380.9966,26897.078,69978.6032,32399.5014,15377.9033,11076.758,96530.6662,42424.1576,20029.3477,123770.6214,9369.7674,20703.8595,56050.8967,12380.94,1250.46
2024-05-07,22840.7949,19917.595,18345.7691,7360.0,114251.1495,31452.516,18567.0513,23502.6064,22500.0,41050.0,29834.6511,37257.1018,60153.2523,50247.3187,71200.0,56525.8507,65517.0837,37444.959,29875.7615,29103.787,61690.2891,23331.8505,14881.9323,22495.2642,26313.2753,19641.1714,21153.1352,26619.7886,69813.7537,32285.2846,15305.7066,10378.643,96751.7288,39680.5103,19236.5194,123197.1668,9327.7505,20703.8595,54869.1007,12238.083,1248.63
2024-05-06,22196.8587,19820.436,18228.9171,7300.0,114251.1495,30980.256,18401.027,23152.402,22375.0,41150.0,29504.0732,36714.5226,58207.1177,49637.7325,71100.0,56258.7995,64229.0676,35509.819,29924.658,28825.7253,61756.6942,23551.0433,14980.0549,22769.5967,26387.293,19781.8003,21001.2276,26897.078,69401.63,32361.4292,14944.7229,10332.102,94025.2902,38370.1116,18360.2354,125108.6822,9327.7505,20750.385,55122.3427,12333.321,1241.58
2024-05-03,21704.4369,19431.8,17761.509,7110.0,110986.831,30224.64,17902.9541,22685.4628,22225.0,41100.0,29669.3621,36895.3824,58030.1963,49376.4813,69800.0,56080.7653,63713.8612,34832.52,29142.314,27620.7914,61424.6689,23477.979,14652.9795,22220.9317,25647.1164,19031.7795,20089.7819,25898.8359,70473.1516,30533.9602,14439.3458,9913.233,92772.6021,36936.8631,18026.4129,124248.5003,9201.6998,20843.4361,55628.8267,12142.845,1221.03
2024-05-02,21477.1653,19237.482,17683.6076,7110.0,112106.0259,30271.866,18013.637,22529.8164,22200.0,41150.0,28925.562,35493.7195,57853.275,49289.3975,68000.0,55724.697,63456.258,34639.006,28897.8315,27852.5095,61026.2387,22820.4008,14652.9795,22186.6401,25684.1253,19031.7795,20013.8281,25704.7333,69401.63,30876.6107,14547.6409,9820.151,93804.2276,37796.8122,18193.3242,121859.106,9327.7505,20843.4361,54193.7887,12142.845,1216.36
2024-04-26,21515.0439,18848.846,17060.3968,7100.0,110800.2985,28996.764,17487.8934,21946.1424,22225.0,40800.0,28925.562,34272.9165,57499.4323,47373.5552,67200.0,55546.6628,63112.787,34542.249,29093.4175,27945.1967,60561.4033,22698.627,14554.8569,22495.2642,26054.2135,19359.9136,20545.5047,26065.2096,69401.63,31371.5502,14764.2311,9866.692,90783.0388,36568.3134,18318.5076,118513.9541,8823.5478,19912.9255,51999.0247,11714.274,1209.52
2024-04-25,21628.6797,19043.164,17138.2981,7180.0,108282.1099,28949.538,17294.1983,21751.5844,21000.0,40700.0,28594.9841,34272.9165,57234.0503,47373.5552,68100.0,55368.6286,63542.1257,33961.707,29240.107,27945.1967,60428.5932,22479.4342,14554.8569,22632.4304,26165.24,19688.0477,20735.3892,26065.2096,67093.7373,31066.972,14511.5426,9633.987,90783.0388,36527.3635,17859.5017,117175.8933,8865.5647,19819.8745,50648.4006,11714.274,1204.97
2024-04-24,21818.0727,19091.7435,17410.9529,7280.0,108468.6424,29280.12,17681.5884,22062.8772,20800.0,40600.0,28553.6619,34815.4956,56614.8257,46676.8853,66900.0,55190.5944,64057.3321,34106.8425,29533.486,28547.6636,60162.973,22893.465,14751.1021,22598.1388,26387.293,19594.2951,21001.2276,26342.4991,67011.3126,31066.972,14692.0344,9633.987,88498.7253,37100.6629,17859.5017,119087.4087,8949.5985,20052.5021,50901.6427,11809.512,1205.61
2024-04-23,20908.9864,18946.005,16592.9886,6850.0,102592.8689,28430.052,17321.8691,21128.9988,20500.0,40200.0,27644.5728,32554.7491,56172.5224,46154.3829,64700.0,55101.5773,63713.8612,33864.95,28457.763,27528.1042,59830.9478,22503.789,14391.3192,21603.6836,25536.09,18469.2638,20013.8281,25261.0702,65115.5436,30191.3098,14258.854,9261.659,82751.0978,35053.1649,16691.1231,112779.4079,8781.5309,19726.8234,49297.7766,11428.56,1177.4
2024-04-22,21212.0152,19626.118,17800.4596,7100.0,102592.8689,28902.312,17487.8934,21751.5844,21000.0,41450.0,27644.5728,33549.4776,56614.8257,46328.5503,66900.0,55368.6286,64400.8031,33526.3005,28946.728,28269.602,60162.973,22041.0488,14783.8097,22152.3485,25980.1959,18938.0269,20127.7588,26203.8544,65774.9415,30115.1653,14367.1491,9354.741,81277.3472,34684.6153,17692.5905,114690.9233,8949.5985,20005.9766,49719.8466,11714.274,1190.22
2024-04-19,21060.5008,18994.5845,17099.3474,7030.0,100727.5441,28807.86,17266.5276,20817.706,21300.0,41500.0,27272.6727,32554.7491,56791.747,45718.9642,66500.0,55368.6286,64400.8031,33526.3005,28653.349,28454.9764,60096.568,21675.7275,14849.2248,21672.2667,24573.8605,17719.2429,18874.521,24956.0518,65939.791,28972.9972,14006.1655,9215.118,80319.4093,34029.416,17525.6792,107236.0133,8907.5816,19587.2468,48960.1206,11619.036,1174.85
2024-04-17,21212.0152,19431.8,17917.3117,7300.0,103618.7976,29516.25,17985.9663,22179.612,22500.0,41800.0,28099.1174,34363.3463,56791.747,47025.2203,66800.0,55546.6628,64486.6708,34155.221,28702.2455,29613.5667,60096.568,21846.2107,15110.8851,22426.681,25462.0723,18141.1297,19823.9436,25011.5097,66351.9147,29201.4308,14439.3458,9494.364,82382.6602,36158.8138,17692.5905,113448.4383,9201.6998,20145.5532,50648.4006,12190.464,1193.01
2024-04-16,21477.1653,20160.4925,18423.6705,7360.0,105857.1875,29894.058,18124.3199,22957.844,23200.0,42700.0,28305.7285,35538.9345,56614.8257,47721.8902,66100.0,55724.697,65259.4804,34784.1415,30120.244,31050.2186,60428.5932,22162.8225,15634.2058,23352.5532,26054.2135,18844.2742,20773.3661,26508.8728,64620.9952,29125.2863,14583.7393,9680.528,83266.9106,37551.1124,17525.6792,114213.0445,9159.6829,20099.0276,50986.0567,12238.083,1215.68
2024-04-15,21590.8011,20694.867,18735.2759,7690.0,103618.7976,29563.476,17930.6248,22763.286,23500.0,42400.0,28016.4729,35991.0838,57410.9717,47896.0577,66900.0,55724.697,65259.4804,34832.52,29875.7615,32069.778,61092.6437,21627.018,15307.1304,22941.0545,25869.1694,19172.4084,20849.3199,26897.078,64538.5704,29506.009,14872.5262,10006.315,82235.2851,37551.1124,17859.5017,111441.3472,9369.7674,20471.2319,51408.1267,12619.035,1216.61
2024-04-12,22689.2805,22249.411,20137.5003,8260.0,111173.3634,31688.646,19203.4778,24475.3964,24225.0,44500.0,30123.9067,38658.7646,59003.2637,48766.8951,71900.0,55991.7482,68436.5867,35654.9545,32076.104,34479.6457,62819.1749,23088.303,16124.819,24621.341,27793.6283,20578.6975,22406.373,28893.5622,67341.0115,31714.2006,15955.4772,10750.971,85109.0988,40376.6596,19027.8803,119756.4391,9453.8012,21122.5892,53011.9927,12857.13,1276.6
2024-04-11,22651.4019,22249.411,20059.5989,8300.0,111826.2272,31546.968,19065.1243,24319.75,24150.0,44150.0,29958.6178,38251.8302,58914.803,48244.3926,71800.0,55991.7482,67663.7771,35122.791,31244.8635,34479.6457,62420.7447,21967.9845,15536.0832,23112.5123,27497.5577,20438.0686,21874.6963,28283.5253,65362.8178,31219.2611,15558.3951,10518.266,84666.9737,39393.8606,18986.1525,117462.6206,9411.7843,20983.0127,53096.4067,12857.13,1258.2
2024-04-10,22462.0089,22006.5135,19319.5361,8290.0,109960.9023,31546.968,19203.4778,24553.2196,24250.0,44200.0,29752.0066,38432.69,59091.7243,48157.3089,72500.0,55991.7482,68007.248,35413.062,31098.174,33645.4607,62752.7699,22235.8868,15568.7907,23078.2207,27349.5224,20625.5738,21646.8349,28172.6096,65115.5436,31333.4779,15558.3951,10611.348,83856.4108,40049.06,18860.9691,120138.7422,9495.8181,21169.1148,52843.1647,13095.225,1258.56
2024-04-09,22651.4019,22200.8315,19553.2401,8310.0,109121.5061,31877.55,19452.5143,24553.2196,23850.0,43200.0,29752.0066,39020.484,59268.6456,47896.0577,73500.0,55813.714,68608.3222,35945.2255,32467.276,33923.5224,62619.9598,22308.951,15699.6209,23489.7194,27756.6195,20859.9553,21912.6732,28616.2727,64785.8446,31561.9115,15919.3788,10797.512,83266.9106,39311.9607,19069.6081,119374.136,9495.8181,21215.6403,53011.9927,13142.844,1262.82
2024-04-08,22424.1303,21957.934,19163.7333,8270.0,108188.8436,31641.42,19203.4778,24164.1036,23850.0,43000.0,29628.0399,39020.484,59268.6456,48157.3089,71900.0,55635.6799,68522.4545,35848.4685,32173.897,33923.5224,63018.3901,22162.8225,15372.5455,22975.346,27164.4783,20297.4397,21305.0428,27562.5727,63879.1725,31143.1165,15919.3788,10657.889,82972.1604,36895.9131,18568.8744,121381.2272,9411.7843,20796.9105,52758.7507,13047.606,1250.35
2024-04-05,22310.4945,21957.934,19046.8813,8290.0,111639.6947,32397.036,19590.8679,24708.866,23900.0,42950.0,30165.2289,39517.8483,60064.7916,48853.9788,71900.0,54745.509,69466.9996,35945.2255,32173.897,34108.8968,63018.3901,22016.694,15274.4228,22769.5967,27238.496,20672.4501,21418.9735,27562.5727,64291.2962,31599.9838,16388.6575,10844.053,83782.7233,38738.6613,19319.975,126351.1672,9453.8012,21448.2679,52843.1647,13238.082,1255.11
2024-04-04,22424.1303,22540.888,19592.1908,8500.0,114344.4158,33436.008,20005.9286,26187.5068,23925.0,43000.0,30867.7069,40286.5021,60330.1736,49202.3138,73400.0,55101.5773,69982.206,35945.2255,32809.5515,35452.8615,63748.8456,22406.37,15568.7907,23009.6376,27867.646,21094.3368,22254.4654,28838.1043,65774.9415,32437.5737,16533.051,11076.758,84003.7859,37633.0124,19862.4365,127593.6522,9495.8181,21960.0487,53096.4067,13285.701,1268.25
2024-04-03,22689.2805,22978.1035,19864.8455,8520.0,114157.8833,33530.46,20199.6237,25292.54,23875.0,43100.0,31198.2847,40422.1468,59003.2637,48766.8951,73400.0,55190.5944,70239.8092,36380.632,33151.827,35035.769,62287.9346,22796.046,15830.4511,23352.5532,28163.7166,21375.5947,22216.4885,28893.5622,66351.9147,32894.441,16533.051,11169.84,84814.3487,35176.0148,20279.7145,129027.2887,9579.8519,22797.5082,53771.7187,13333.32,1271.47
2024-04-02,23030.1879,23463.8985,20371.2043,8760.0,114344.4158,32822.07,19812.2336,26070.772,23900.0,43150.0,31446.2181,40196.0722,59534.0276,49115.2301,74500.0,55457.6457,70840.8834,36670.903,34129.757,34711.3637,62752.7699,23210.0768,16222.9416,24004.0929,28792.8666,21656.8525,22710.1882,29725.4306,66104.6405,33046.73,16713.5428,11169.84,86214.4118,32882.8171,20196.2589,131416.683,9705.9025,23030.1358,54109.3747,13476.177,1287.04
2024-04-01,22802.9163,22929.524,20059.5989,8630.0,112199.2921,32633.166,19673.88,25798.3908,23925.0,42900.0,31404.8959,39608.2781,59268.6456,49463.565,73400.0,55546.6628,69209.3964,36235.4965,32125.0005,32440.5269,63217.6052,23112.6577,16288.3567,24004.0929,28718.849,21469.3473,22596.2575,29725.4306,65527.6673,32513.7183,16605.2477,11030.217,86067.0368,32923.7671,20154.5311,128549.4099,9537.835,22704.4572,53434.0627,12619.035,1281.52
2024-03-29,22916.5521,22978.1035,19981.6976,8700.0,115090.5457,33199.878,19812.2336,25214.7168,23825.0,42850.0,31239.6069,39201.3438,59799.4096,49376.4813,74200.0,55635.6799,68865.9254,36090.361,31636.0355,32718.5885,63018.3901,23161.3673,16615.4321,24381.3,28496.796,21516.2236,22406.373,29836.3463,65692.5168,32666.0073,16713.5428,11076.758,85845.9742,32719.0173,19737.253,132181.2891,9579.8519,23123.1869,53856.1327,12619.035,1284.09
2024-03-28,23143.8237,23366.7395,20332.2537,8750.0,115556.8769,33577.686,20061.2701,23736.076,23800.0,43300.0,31322.2514,39608.2781,59887.8703,49811.9,76000.0,55724.697,68951.7932,36332.2535,31489.346,32625.9013,63549.6305,23380.56,16680.8472,24518.4663,28977.9108,21750.6051,22824.1189,29780.8884,65939.791,33160.9468,16894.0346,11356.004,86288.0994,33128.5169,19445.1584,135908.7441,9621.8688,23355.8145,53940.5467,12714.273,1290.18
2024-03-27,23181.7023,23415.319,20254.3523,8900.0,112572.3571,33199.878,19839.9043,23697.1644,23525.0,42500.0,31735.4737,39969.9975,59887.8703,50073.1512,75400.0,55724.697,68951.7932,36767.66,31782.725,31791.7163,63616.0355,22187.1773,16550.017,24347.0085,28496.796,21844.3577,22026.6039,29281.7674,65939.791,33160.9468,17002.3297,11495.627,84888.0363,32882.8171,19695.5252,136386.623,9621.8688,23402.3401,53940.5467,12619.035,1283.09
2024-03-26,23143.8237,22832.365,20254.3523,8800.0,112572.3571,33152.652,19922.9165,22179.612,23525.0,42750.0,31900.7626,40060.4274,59887.8703,49550.6488,74000.0,55724.697,69295.2641,36767.66,31978.311,32718.5885,63948.0607,22382.0153,16517.3095,24141.2591,28126.7078,21984.9866,21494.9273,29503.599,65033.1189,32551.7905,15919.3788,11076.758,84740.6612,32882.8171,19069.6081,129027.2887,9621.8688,22937.0848,54109.3747,12523.797,1282.21
2024-03-25,22878.6735,22346.57,19709.0428,8620.0,111919.4934,32538.714,19480.185,21790.496,23425.0,42550.0,30495.8068,39472.6333,59534.0276,49637.7325,75500.0,55813.714,69037.6609,36187.118,31049.2775,32764.9321,63549.6305,21821.856,16157.5265,23798.3435,27756.6195,22453.7497,21343.0197,28838.1043,64373.7209,32323.3569,15774.9853,10937.135,84003.7859,32186.6678,19236.5194,124248.5003,9579.8519,22844.0337,53602.8907,12571.416,1267.86
2024-03-22,23143.8237,22589.4675,19864.8455,8800.0,115277.0782,33058.2,19646.2093,22296.3468,23300.0,42800.0,30661.0957,39291.7736,59976.331,49898.9837,78500.0,56080.7653,69123.5286,36767.66,31244.8635,32440.5269,64014.4658,21870.5655,16386.4793,24484.1747,27978.6725,22781.8838,21722.7887,29780.8884,64785.8446,32742.1519,15955.4772,11030.217,84666.9737,32759.9672,19570.3418,122623.7122,9663.8857,22844.0337,54109.3747,12714.273,1281.8
2024-03-21,22916.5521,22055.093,19747.9935,8790.0,114717.4807,32822.07,19646.2093,22374.17,23250.0,42900.0,30743.7402,39156.1288,60507.095,49811.9,78000.0,56258.7995,69552.8673,37203.0665,31636.0355,32718.5885,63217.6052,21967.9845,16190.2341,23935.5097,27867.646,22735.0075,21456.9504,29947.2621,64620.9952,32818.2964,16027.6739,11076.758,85624.9116,32596.1674,19695.5252,121763.5303,9579.8519,22611.4061,53096.4067,12523.797,1276.42
2024-03-20,22727.1591,21715.0365,19592.1908,8830.0,114530.9482,32444.262,19452.5143,22218.5236,23250.0,42500.0,30206.5512,38703.9795,60153.2523,49550.6488,77300.0,56258.7995,69552.8673,36235.4965,31538.2425,30586.7825,61889.5043,20604.1185,15797.7435,23558.3026,27534.5666,21938.1103,21229.089,29503.599,64291.2962,32666.0073,15811.0837,10890.594,84372.2235,32800.9172,19778.9809,113830.7414,9579.8519,23030.1358,52421.0947,12428.559,1260.08
2024-03-19,22575.6447,21569.298,19631.1415,8890.0,110986.831,32113.68,19258.8193,22179.612,23500.0,42900.0,30247.8734,37980.5407,59976.331,49550.6488,77400.0,56258.7995,68436.5867,36235.4965,30755.8985,30586.7825,61424.6689,19629.9285,15176.3002,22838.1798,26757.3812,21609.9762,20811.343,28117.1517,63467.0488,32132.9956,15738.887,10797.512,82530.0352,32514.2675,19945.8921,112779.4079,9453.8012,23030.1358,52167.8527,12428.559,1242.46
2024-03-18,22424.1303,21034.9235,18462.6211,8680.0,110240.701,32208.132,19231.1486,21518.1148,23050.0,42100.0,30743.7402,38703.9795,60064.7916,49376.4813,77900.0,56258.7995,68865.9254,35316.305,30560.3125,29659.9103,61756.6942,19532.5095,15176.3002,22838.1798,27127.4695,21750.6051,20583.4816,28671.7306,64208.8715,32132.9956,15414.0017,10797.512,83266.9106,33538.0165,19528.614,110581.1652,9495.8181,22750.9827,52083.4387,12333.321,1243.56
2024-03-15,22802.9163,21472.139,19046.8813,8430.0,118448.1305,33530.46,20144.2822,23074.5788,22200.0,42400.0,30743.7402,39653.493,60860.9376,50508.5699,78500.0,56525.8507,70669.1479,36429.0105,32076.104,30725.8133,62420.7447,20165.733,15568.7907,23832.635,27978.6725,22078.7392,21494.9273,29780.8884,65939.791,33655.8863,16027.6739,11169.84,85477.5365,33988.466,19904.1643,113257.2868,9621.8688,23355.8145,54024.9607,12428.559,1263.78
2024-03-14,22992.3093,21617.8775,18735.2759,8320.0,119567.3254,33766.59,20144.2822,23308.0484,22975.0,42900.0,30991.6736,40331.717,62364.7689,51118.1561,78900.0,56258.7995,69552.8673,36138.7395,32173.897,30772.1569,63084.7951,20165.733,15339.8379,23626.8857,28015.6813,21844.3577,21760.7656,28949.0201,66434.3394,34265.0427,16388.6575,11356.004,86214.4118,34111.3159,19361.7028,112301.5291,9747.9194,23402.3401,54278.2027,12380.94,1264.26
2024-03-13,23333.2167,21957.934,18852.1279,8440.0,118634.663,34333.302,20365.648,23813.8992,22500.0,42950.0,31074.318,40241.2871,62630.1509,51901.9098,80900.0,56347.8166,67835.5126,35896.847,30658.1055,29381.8486,63748.8456,20457.99,15601.4983,24106.9675,28089.699,22078.7392,22064.5809,28616.2727,66434.3394,33655.8863,15919.3788,11076.758,86214.4118,34357.0156,20237.9867,114308.6203,9747.9194,24100.223,53687.3047,12476.178,1270.51
2024-03-12,22878.6735,21229.2415,18306.8184,8250.0,110893.5647,33058.2,19646.2093,23230.2252,22075.0,42700.0,30247.8734,38432.69,61922.4656,51466.4911,78700.0,56525.8507,66890.9675,35171.1695,29631.279,28501.32,62686.3648,20068.314,15110.8851,23661.1772,26868.4077,21188.0895,21305.0428,26786.1622,64620.9952,33237.0914,15630.5919,11030.217,82456.3477,33251.3667,19904.1643,112683.8322,9663.8857,24007.1719,52336.6807,12333.321,1245.0
2024-03-11,22651.4019,21326.4005,18384.7198,8060.0,110054.1685,33388.782,19895.2458,22957.844,22175.0,42550.0,30123.9067,37890.1108,62187.8476,51640.6586,77500.0,56525.8507,66805.0997,34784.1415,29386.7965,28825.7253,62487.1497,19678.638,15012.7625,23421.1363,26905.4165,21469.3473,21115.1583,26425.6859,63961.5972,32171.0678,15305.7066,10890.594,81056.2846,32104.7679,18610.6022,107522.7406,9747.9194,24146.7485,52336.6807,12428.559,1235.49
2024-03-08,22954.4307,21763.616,18657.3745,8260.0,111359.8959,33908.268,19646.2093,22140.7004,22400.0,42550.0,30123.9067,37890.1108,61922.4656,52250.2447,78500.0,56525.8507,68264.8513,35606.576,30120.244,29196.4742,63151.2002,19970.895,15437.9606,23661.1772,27238.496,22031.8629,21494.9273,26536.6017,64538.5704,32247.2124,15558.3951,11030.217,81056.2846,32596.1674,18193.3242,100545.7095,9831.9532,24425.9016,53265.2347,12523.797,1247.35
2024-03-07,23484.7311,22200.8315,19124.7827,8500.0,112758.8896,32869.296,19590.8679,22374.17,22800.0,43200.0,30165.2289,38794.4094,63691.6789,52772.7472,80800.0,56525.8507,69037.6609,36283.875,30902.588,29289.1614,63616.0355,20750.247,15961.2813,24552.7578,27904.6548,22031.8629,22026.6039,27285.2833,65939.791,32056.851,15847.1821,11262.922,82014.2225,33046.617,18068.1407,101597.0429,9958.0039,24379.3761,53180.8207,12666.654,1268.46
2024-03-06,23333.2167,22297.9905,19163.7333,8520.0,105390.8563,32302.584,19286.49,21595.938,22650.0,43100.0,29710.6844,38884.8392,63514.7576,53382.3334,76900.0,56525.8507,68780.0577,35074.4125,30511.416,28269.602,63483.2254,20823.3113,16092.1114,24758.5072,27460.5489,21563.0999,21684.8118,26342.4991,64950.6941,32018.7788,15955.4772,11262.922,80393.0968,33578.9664,18068.1407,99398.8002,10000.0208,24286.3251,52674.3367,12714.273,1262.73
2024-03-05,23598.3669,22832.365,19202.684,8300.0,105763.9213,32491.488,19535.5264,22140.7004,22650.0,43650.0,29752.0066,38387.475,64576.2856,51292.3236,75700.0,56525.8507,67835.5126,34784.1415,31049.2775,28130.5712,63416.8204,20555.409,16092.1114,24998.5481,27682.6019,22031.8629,22026.6039,26508.8728,65939.791,32666.0073,16244.2641,11635.25,81572.0973,33783.7162,18360.2354,99398.8002,9958.0039,24612.0038,53434.0627,12714.273,1269.98
2024-03-04,23333.2167,22783.7855,19046.8813,8250.0,104551.4601,32349.81,19480.185,22179.612,22625.0,43950.0,29710.6844,38568.3347,63691.6789,50769.8211,70800.0,56525.8507,66805.0997,34784.1415,30804.795,27157.3553,63748.8456,20384.9258,15830.4511,24689.9241,27497.5577,21984.9866,21646.8349,25982.0228,66269.4899,32361.4292,16316.4608,11635.25,82087.9101,33415.1666,18694.0578,99494.376,9958.0039,24286.3251,52505.5087,12714.273,1261.41
2024-03-01,23371.0953,22395.1495,18813.1772,8080.0,106323.5187,32302.584,19424.8436,22763.286,22625.0,43950.0,28884.2398,36081.5136,63249.3756,51031.0724,70500.0,56436.8337,66633.3642,34735.763,31098.174,27064.6681,64612.1112,20384.9258,15699.6209,24415.5916,27645.593,21750.6051,21494.9273,25982.0228,66351.9147,32666.0073,16460.8543,11262.922,81645.7849,33742.7663,18860.9691,100354.5579,9873.9701,24193.274,52589.9227,12571.416,1258.28
2024-02-29,23484.7311,22103.6725,18657.3745,8040.0,104458.1938,31877.55,19231.1486,22607.6396,22500.0,43400.0,28636.3064,35810.224,63691.6789,50943.9886,70400.0,56258.7995,66461.6288,34687.3845,30218.037,27064.6681,64612.1112,20555.409,15797.7435,24381.3,27386.5313,21234.9658,21229.089,25288.7991,62642.8014,31942.6342,16244.2641,11076.758,80319.4093,32719.0173,18109.8685,100354.5579,9789.9363,23867.5953,51661.3687,12571.416,1252.73
2024-02-28,23181.7023,22249.411,18813.1772,8140.0,103059.2002,32160.906,19314.1607,22490.9048,22800.0,44400.0,26776.806,34544.206,63868.6002,50247.3187,68300.0,56436.8337,66976.8352,35026.034,30120.244,27296.3862,64678.5163,20555.409,15961.2813,24655.6325,26720.3724,21188.0895,21646.8349,25039.2386,61818.554,32513.7183,16496.9526,11262.922,79950.9716,32759.9672,18527.1466,97965.1637,9915.987,24100.223,51661.3687,12571.416,1254.55
2024-02-27,22992.3093,22200.8315,18774.2266,8140.0,104085.1289,31783.098,19120.4657,22490.9048,22575.0,44200.0,26942.0949,34815.4956,63691.6789,49028.1463,67600.0,56436.8337,66633.3642,34493.8705,28164.384,27018.3245,60494.9983,20433.6353,15863.1586,24792.7988,26572.3371,21375.5947,21494.9273,25205.6123,61076.7314,32513.7183,16316.4608,11216.381,79508.8465,32923.7671,18652.33,97678.4364,9873.9701,24053.6974,49888.6746,12619.035,1237.46
2024-02-26,21818.0727,21812.1955,18462.6211,7950.0,99794.8816,31783.098,18954.4414,22218.5236,22300.0,43350.0,26239.6169,33820.7672,62807.0723,49289.3975,66700.0,56258.7995,65431.2159,34058.464,27479.833,26693.9192,59432.5175,20068.314,15699.6209,24449.8831,25980.1959,21234.9658,21494.9273,25066.9676,61076.7314,32513.7183,16316.4608,11356.004,79582.534,32759.9672,18026.4129,97582.8606,9705.9025,23867.5953,49044.5346,12476.178,1224.17
2024-02-23,21515.0439,21520.7185,18189.9664,7930.0,93266.2445,31169.16,18594.7221,21479.2032,22600.0,43300.0,26239.6169,34092.0567,62807.0723,49637.7325,66700.0,56347.8166,65602.9514,33961.707,27724.3155,26693.9192,59034.0872,19532.5095,15634.2058,24141.2591,25277.0282,20672.4501,20089.7819,24151.9123,57532.4676,30838.5384,15955.4772,11030.217,76561.3452,32678.0673,17442.2236,93855.4056,9663.8857,23821.0698,49382.1906,12523.797,1212.0
2024-02-22,21628.6797,21909.3545,18540.5225,8050.0,94385.4394,32491.488,19148.1364,22529.8164,23800.0,44800.0,26776.806,35267.6449,63337.8362,50508.5699,68100.0,56080.7653,66890.9675,34687.3845,28653.349,27435.417,59432.5175,19629.9285,15666.9134,24484.1747,25647.1164,21094.3368,20165.7357,24540.1176,58768.8387,31447.6947,16280.3624,11309.463,77077.1579,32841.8672,17859.5017,94906.7391,9873.9701,24286.3251,50310.7446,12904.749,1227.31
2024-02-21,21818.0727,22055.093,18735.2759,8060.0,94851.7707,32680.392,19369.5021,22880.0208,23625.0,45000.0,27107.3838,35267.6449,63072.4542,50595.6537,68000.0,55991.7482,66719.232,34590.6275,27871.005,27342.7298,60561.4033,18996.705,15699.6209,24381.3,25869.1694,21188.0895,20393.5971,24845.136,59098.5377,31409.6224,16352.5592,11216.381,78035.0958,32923.7671,17942.9573,91752.7387,9915.987,24472.4272,50817.2287,12904.749,1230.04
2024-02-20,22121.1015,22395.1495,18930.0293,8190.0,92053.7833,32349.81,19231.1486,21401.38,24250.0,46150.0,26198.2947,35222.43,63249.3756,51031.0724,68800.0,55991.7482,67492.0416,34929.277,28066.591,27620.7914,60627.8084,18947.9955,15601.4983,24141.2591,26128.2312,21563.0999,20355.6202,24956.0518,59345.8119,31485.767,16533.051,11262.922,76856.0953,33128.5169,17650.8627,92708.4964,10000.0208,24751.5803,49635.4326,13047.606,1230.06
2024-02-19,22121.1015,22638.047,19046.8813,8220.0,90095.1922,32397.036,19341.8314,21284.6452,23500.0,45550.0,25867.7169,35041.5703,63603.2182,50421.4862,68900.0,55991.7482,68093.1158,35074.4125,28115.4875,27435.417,59897.3528,18947.9955,15666.9134,24278.4253,26054.2135,21516.2236,20355.6202,24956.0518,58274.2903,31447.6947,15991.5755,11216.381,77371.908,33169.4668,17984.6851,93186.3752,10084.0546,24751.5803,49973.0886,12666.654,1224.97
2024-02-16,21666.5583,22686.6265,19163.7333,8150.0,89069.2635,32019.228,18871.4292,21206.822,21975.0,42700.0,25950.3613,35538.9345,61922.4656,50508.5699,66200.0,55457.6457,65774.6869,34155.221,27871.005,27389.0734,59498.9226,18753.1575,15699.6209,24175.5507,25906.1782,21750.6051,20469.5509,24956.0518,57532.4676,31561.9115,16208.1657,11356.004,77445.5956,33128.5169,18109.8685,92899.6479,9663.8857,24007.1719,49551.0186,12571.416,1209.7
2024-02-15,21742.3155,22735.206,19280.5854,8180.0,88975.9973,32113.68,18816.0878,21128.9988,21275.0,41950.0,25991.6836,35584.1494,59799.4096,50856.9049,64900.0,55368.6286,65001.8772,34155.221,27968.798,27111.0117,59698.1377,18704.448,15797.7435,24004.0929,25980.1959,21563.0999,20507.5278,25039.2386,57285.1934,30610.1048,15811.0837,11216.381,76635.0327,33333.2667,17984.6851,91466.0114,9579.8519,23914.1209,49213.3626,12619.035,1202.5
2024-02-07,21325.6509,22589.4675,18968.98,8010.0,89722.1272,32113.68,18760.7464,21440.2916,21200.0,41800.0,25785.0724,35991.0838,59799.4096,50334.4024,64900.0,55190.5944,65001.8772,33623.0575,28115.4875,27064.6681,59764.5428,18168.6435,15372.5455,24347.0085,25980.1959,21563.0999,20735.3892,25011.5097,57285.1934,31028.8997,16063.7722,11449.086,77298.2205,33374.2166,18235.052,92230.6175,9537.835,23681.4932,47693.9106,12571.416,1198.53
2024-02-06,21249.8938,22443.729,18891.0786,8010.0,89162.5297,31169.16,18428.6978,21712.6728,21150.0,41000.0,25702.4279,36036.2987,59799.4096,49898.9837,64800.0,55101.5773,65001.8772,33574.679,28115.4875,27296.3862,59432.5175,17364.9368,15078.1776,23592.5941,25906.1782,20719.3264,20735.3892,24845.136,56873.0697,30762.3939,16208.1657,11169.84,76708.7203,33538.0165,18151.5963,92135.0417,9537.835,23634.9677,47440.6686,12428.559,1188.48
2024-02-05,21212.0152,22443.729,18930.0293,8030.0,84685.75,30744.126,18428.6978,21362.4684,21100.0,41250.0,25495.8168,35719.7942,60153.2523,49637.7325,64900.0,54923.5432,64572.5385,33429.5435,27626.5225,27064.6681,59764.5428,17291.8725,15012.7625,23249.6785,25869.1694,20813.079,20469.5509,24346.0149,56708.2202,30229.3821,15955.4772,11030.217,76266.5951,34275.1157,18235.052,92708.4964,9453.8012,23541.9166,46849.7706,12476.178,1186.06
2024-02-02,21136.258,22249.411,18891.0786,8050.0,84592.4838,30885.804,18262.6735,20934.4408,21050.0,41200.0,25206.5612,35719.7942,59622.4883,49637.7325,65400.0,54656.4919,64572.5385,33477.922,27186.454,26971.9809,59963.7579,16634.2943,14227.7814,21740.8498,25758.1429,20438.0686,20355.6202,24262.8281,56708.2202,29163.3585,15919.3788,10844.053,75161.2821,34397.9656,18109.8685,90892.5567,9495.8181,23681.4932,46427.7006,12571.416,1172.55
2024-02-01,21098.3794,22249.411,18696.3252,8030.0,84499.2175,30507.996,18318.0149,21401.38,21175.0,41200.0,25206.5612,35312.8598,59710.949,50073.1512,65100.0,54745.509,64830.1418,33477.922,26941.9715,27342.7298,59631.7327,16634.2943,14325.9041,21980.8907,25647.1164,20391.1923,20279.6664,23985.5386,56873.0697,28592.2745,15666.6902,10797.512,73613.8439,33497.0665,18068.1407,90319.1021,9537.835,23914.1209,46765.3566,12476.178,1173.02
2024-01-31,21022.6222,22249.411,18852.1279,8010.0,84312.685,29894.058,18124.3199,20856.6176,21250.0,41500.0,25537.139,34815.4956,59268.6456,49028.1463,64400.0,54478.4577,64744.274,33477.922,26941.9715,27250.0426,58768.467,16829.1323,14227.7814,21672.2667,25462.0723,20438.0686,20127.7588,23791.436,56131.2471,28325.7686,14800.3295,10611.348,70518.9676,32678.0673,16899.7621,87260.6775,9537.835,23914.1209,47271.8406,12476.178,1164.31
2024-01-30,21212.0152,22492.3085,19475.3388,8160.0,84312.685,30319.092,18539.3806,21907.2308,21350.0,42000.0,25619.7835,35358.0748,59180.185,49811.9,66100.0,54834.5261,65602.9514,33623.0575,27333.1435,27667.1351,60428.5932,17145.744,14456.7342,22083.7654,25277.0282,20484.9449,20469.5509,23320.0439,57285.1934,28934.9249,15016.9197,10844.053,70445.2801,32759.9672,16858.0343,88598.7383,9663.8857,24332.8506,47609.4966,12571.416,1179.65
2024-01-29,21212.0152,22200.8315,19280.5854,8120.0,83846.3538,30366.318,18567.0513,21751.5844,21325.0,41800.0,25743.7502,35222.43,59268.6456,50421.4862,65600.0,55012.5603,65774.6869,33574.679,26990.868,26323.1704,60561.4033,17170.0988,14489.4418,22152.3485,25128.9929,20438.0686,20089.7819,23320.0439,57697.3171,29163.3585,14439.3458,10844.053,70666.3427,32555.2174,16774.5787,88120.8594,9579.8519,23541.9166,47693.9106,12285.702,1175.69
2024-01-26,21477.1653,22880.9445,19786.9442,8190.0,82913.6914,29185.668,18096.6491,20973.3524,21400.0,42000.0,25743.7502,35765.0091,59268.6456,49898.9837,65800.0,55190.5944,64572.5385,33381.165,27039.7645,25998.7651,61092.6437,17243.163,14391.3192,22015.1823,25240.0194,20578.6975,20393.5971,23569.6044,57779.7418,29125.2863,14367.1491,10890.594,70666.3427,32678.0673,16190.3894,87834.1321,9579.8519,23681.4932,47440.6686,12285.702,1175.67
2024-01-25,21401.4081,22443.729,19631.1415,8210.0,82074.2952,28996.764,17902.9541,19806.0044,21400.0,42100.0,25785.0724,34770.2807,59180.185,51205.2398,66800.0,55012.5603,64744.274,33381.165,26941.9715,25998.7651,60428.5932,17048.325,14325.9041,21980.8907,25128.9929,20531.8212,19975.8512,23625.0623,57697.3171,29277.5753,14439.3458,10890.594,70076.8424,32104.7679,15940.0225,87547.4048,9621.8688,23541.9166,47525.0826,12238.083,1170.37
2024-01-24,21401.4081,22200.8315,19358.4867,8200.0,83286.7563,29185.668,18068.9784,19222.3304,21575.0,42500.0,25537.139,34589.421,59534.0276,52511.496,66200.0,55190.5944,65087.745,33526.3005,27088.661,25998.7651,60494.9983,17170.0988,14325.9041,21946.5992,25166.0017,20672.4501,19899.8974,23708.2492,57862.1666,29467.9367,14511.5426,11030.217,70003.1549,32145.7179,15981.7503,88503.1625,9579.8519,23728.0187,47947.1526,12238.083,1172.97
2024-01-23,21477.1653,22200.8315,19553.2401,8280.0,83566.5551,29327.346,18096.6491,19533.6232,21550.0,42350.0,25661.1057,35132.0001,59887.8703,52511.496,67500.0,55190.5944,65345.3482,33719.8145,27284.247,25998.7651,60760.6185,17267.5178,14358.6116,22083.7654,25017.9664,20531.8212,19064.4055,23541.8755,57779.7418,29506.009,14692.0344,10844.053,70445.2801,32145.7179,15898.2947,88503.1625,9621.8688,24053.6974,48031.5666,12238.083,1177.5
2024-01-22,21439.2867,22395.1495,19631.1415,8340.0,85338.6137,29469.024,18179.6613,19144.5072,21650.0,43000.0,25785.0724,35538.9345,60418.6343,53033.9984,67700.0,55190.5944,65517.0837,33623.0575,26648.5925,26184.1395,61092.6437,17023.9702,14456.7342,22392.3895,25128.9929,20578.6975,18874.521,23458.6887,56790.645,29277.5753,14619.8377,10797.512,71034.7803,32759.9672,15898.2947,88312.011,9705.9025,24100.223,47356.2546,12285.702,1182.86
2024-01-19,21060.5008,21860.775,19436.3881,8120.0,85618.4125,29610.702,18290.3442,17899.336,21650.0,43050.0,25950.3613,35267.6449,60153.2523,53469.4171,67800.0,55368.6286,65860.5546,33719.8145,26746.3855,26045.1087,61491.074,17023.9702,14424.0267,22358.0979,24943.9487,20344.316,18532.7288,23403.2308,57120.3439,29239.5031,14619.8377,10890.594,70961.0928,32759.9672,16106.9338,87834.1321,9705.9025,24007.1719,47271.8406,12238.083,1181.5
2024-01-18,20946.865,21909.3545,19631.1415,8150.0,85991.4774,29469.024,18401.027,17568.5874,21675.0,43200.0,25867.7169,35403.2897,59622.4883,52685.6634,66400.0,55190.5944,64658.4063,33381.165,26746.3855,26230.4831,60494.9983,16756.068,14195.0739,21603.6836,25017.9664,20531.8212,18684.6365,23347.7729,57202.7687,29506.009,14583.7393,10983.676,70445.2801,32350.4676,16148.6616,86400.4956,9579.8519,23914.1209,47018.5986,12238.083,1169.06
2024-01-17,20946.865,21957.934,19358.4867,8180.0,85618.4125,29563.476,18401.027,16984.9134,21600.0,41900.0,24917.3055,33639.9074,59357.1063,52598.5797,66300.0,55190.5944,64572.5385,33429.5435,26941.9715,25859.7343,60362.1882,16585.5848,14064.2437,21363.6426,24906.9399,20578.6975,18874.521,23292.315,57450.0429,29544.0812,14800.3295,10890.594,70518.9676,32759.9672,15940.0225,86304.9198,9579.8519,24146.7485,47356.2546,12238.083,1162.53
2024-01-16,21060.5008,22249.411,19397.4374,8270.0,87203.9386,29516.25,18262.6735,16848.7228,21575.0,42650.0,24462.761,33459.0477,59622.4883,52598.5797,67100.0,55101.5773,64916.0095,33623.0575,26893.075,25767.0471,59764.5428,16634.2943,14064.2437,21535.1004,24795.9134,20438.0686,18760.5903,23125.9413,56708.2202,29506.009,20467.7727,10611.348,70518.9676,33169.4668,15940.0225,86973.9502,9663.8857,24146.7485,46934.1846,12238.083,1163.12
2024-01-15,20530.2004,20986.344,18151.0157,8020.0,85338.6137,29280.12,18096.6491,16731.988,21525.0,41600.0,24669.3721,32554.7491,59268.6456,52598.5797,65600.0,54923.5432,65001.8772,33526.3005,26697.489,25767.0471,59764.5428,16707.3585,14031.5362,21535.1004,24425.8252,20156.8108,18418.7981,22737.7361,57037.9192,29239.5031,20576.0678,10518.266,70297.905,32923.7671,15856.5669,85540.3136,9579.8519,23867.5953,46596.5286,12190.464,1154.12
2024-01-12,20568.079,21083.503,18189.9664,8040.0,85431.88,29752.38,18124.3199,16634.709,21500.0,41300.0,24710.6944,32916.4686,59445.567,53208.1659,64800.0,54834.5261,64486.6708,33816.5715,26306.317,25767.0471,58901.2771,16877.8418,13966.1211,21603.6836,25054.9752,20438.0686,18646.6595,23292.315,57944.5913,29239.5031,21153.6417,10518.266,69782.0923,33169.4668,16357.3006,86018.1925,9621.8688,24053.6974,46512.1146,12190.464,1154.7
2024-01-11,20833.2292,21472.139,18306.8184,8110.0,86271.2762,30555.222,18567.0513,16965.4576,21825.0,42000.0,24999.95,33323.4029,60064.7916,53469.4171,66100.0,55012.5603,65259.4804,34300.3565,26404.11,25859.7343,59299.7074,16634.2943,13508.2155,21260.768,25091.984,20578.6975,18494.7519,23486.4176,58933.6882,29734.4426,22020.0024,10797.512,70003.1549,33456.1165,17317.0402,88407.5867,9789.9363,24193.274,47103.0126,12428.559,1162.22
2024-01-10,20719.5934,21083.503,17995.213,8100.0,86271.2762,30507.996,18567.0513,17043.2808,21800.0,42700.0,24834.6611,33549.4776,59710.949,52946.9147,66200.0,56080.7653,64830.1418,33719.8145,26355.2135,26091.4523,59432.5175,16756.068,13671.7532,21260.768,24943.9487,20391.1923,18342.8443,23181.3992,59016.1129,29924.8039,22741.9697,10983.676,69782.0923,33865.6161,17108.4012,87356.2533,9579.8519,23355.8145,47103.0126,12476.178,1161.54
2024-01-09,20984.7436,21277.821,18384.7198,8120.0,87577.0036,30791.352,18760.7464,16868.1786,21950.0,43000.0,25413.1723,34001.6269,60241.713,53643.5846,66100.0,56080.7653,65173.6127,33526.3005,26159.6275,25720.7034,58303.6317,16804.7775,13639.0457,20574.9367,25166.0017,20766.2027,18494.7519,23680.5202,59098.5377,29467.9367,22741.9697,10611.348,71182.1554,33742.7663,17358.768,87738.5563,9621.8688,22983.6103,47356.2546,12428.559,1158.59
2024-01-08,21098.3794,21715.0365,18579.4732,8250.0,87763.5361,30460.77,18594.7221,16946.0018,22175.0,43350.0,25785.0724,34408.5612,60330.1736,54079.0033,66600.0,56080.7653,65946.4223,34155.221,26746.3855,25813.3907,57639.5812,16609.9395,13540.923,20266.3127,25240.0194,20859.9553,18684.6365,23680.5202,59098.5377,28858.7804,22922.4615,10564.807,71697.9681,33947.5161,17442.2236,88503.1625,9579.8519,22983.6103,47947.1526,12380.94,1160.19
2024-01-05,21060.5008,21715.0365,18774.2266,8300.0,89069.2635,30602.448,18733.0756,16984.9134,22050.0,43100.0,25619.7835,33639.9074,60860.9376,53904.8358,67900.0,56080.7653,66289.8933,34058.464,27186.454,25906.0779,57241.1509,16171.554,13410.0929,19889.1055,25277.0282,20906.8316,18684.6365,23569.6044,58603.9892,29163.3585,22886.3632,10611.348,71771.6557,35216.9648,17483.9514,87642.9806,9495.8181,22890.5593,48453.6366,12380.94,1154.68
2024-01-04,21022.6222,21812.1955,18774.2266,8390.0,89535.5947,30555.222,18760.7464,16654.1648,22075.0,43450.0,25578.4612,33459.0477,61037.859,54340.2545,68100.0,56080.7653,65860.5546,33961.707,27479.833,25535.329,57041.9358,16122.8445,13148.4325,19614.773,24869.9311,20906.8316,18760.5903,23541.8755,59098.5377,29315.6476,22344.8877,10704.43,71624.2806,35913.1141,17609.1348,86973.9502,9621.8688,23123.1869,48706.8786,12380.94,1150.72
2024-01-03,21060.5008,22006.5135,18852.1279,8450.0,87670.2698,30696.9,18788.4171,16809.8112,22075.0,43400.0,25454.4945,33459.0477,61037.859,55298.1757,68900.0,56080.7653,65259.4804,33768.193,27577.626,25581.6726,56112.2651,15879.297,12526.9892,18928.9418,24388.8164,20953.7079,18836.5441,23680.5202,59345.8119,29391.7921,20937.0515,10797.512,70961.0928,36158.8138,17734.3183,87451.829,9579.8519,23076.6614,48622.4646,12333.321,1144.17
2024-01-02,20795.3506,21520.7185,18501.5718,8280.0,87483.7373,30555.222,18816.0878,16381.7836,22000.0,43000.0,25495.8168,33097.3283,60418.6343,55298.1757,68400.0,56080.7653,64916.0095,33429.5435,27382.04,25396.2982,55448.2147,15635.7495,12330.7439,18654.6093,24055.7369,20766.2027,18760.5903,23458.6887,59098.5377,28972.9972,20828.7564,10518.266,70666.3427,36117.8639,17400.4958,87642.9806,9453.8012,22890.5593,48538.0506,12285.702,1131.72
2023-12-29,21174.1366,22152.252,19202.684,8280.0,88043.3348,30602.448,18428.6978,15953.756,22300.0,43200.0,25950.3613,33142.5432,59799.4096,54862.757,67000.0,56080.7653,64830.1418,33381.165,27675.419,25396.2982,53323.2531,15489.621,12199.9137,18586.0262,24277.7899,20859.9553,25976.2019,23708.2492,58109.4408,28630.3468,20937.0515,10611.348,70813.7177,35626.4644,17400.4958,87738.5563,9453.8012,22797.5082,47947.1526,12238.083,1129.93
2023-12-28,21174.1366,22055.093,19124.7827,8280.0,87670.2698,30082.962,18345.6856,15934.3002,22225.0,43700.0,25330.5279,33459.0477,60595.5556,54166.0871,67000.0,56080.7653,65259.4804,33381.165,27382.04,25396.2982,54983.3793,15343.4925,12134.4987,18586.0262,24425.8252,20766.2027,25824.2943,23680.5202,59345.8119,28744.5636,20973.1498,10750.971,71182.1554,33742.7663,17066.6733,86209.344,9453.8012,22332.2529,47609.4966,12571.416,1128.93
2023-12-27,21022.6222,21812.1955,18774.2266,8320.0,87763.5361,30507.996,18484.0392,16051.035,21800.0,41900.0,25330.5279,33549.4776,59710.949,54079.0033,67000.0,56080.7653,65517.0837,33332.7865,27675.419,25674.3598,54916.9743,15026.8808,12036.376,18414.5684,24277.7899,20625.5738,25368.5714,23320.0439,59180.9624,28744.5636,20792.658,10750.971,71403.218,33578.9664,17150.129,86782.7987,9369.7674,21913.5232,47609.4966,12619.035,1121.99
2023-12-26,21060.5008,21472.139,18852.1279,8320.0,87577.0036,30649.674,18318.0149,16051.035,21775.0,41900.0,25371.8501,34001.6269,60153.2523,54601.5058,66200.0,56436.8337,65602.9514,33332.7865,27479.833,25674.3598,54983.3793,15002.526,12069.0836,18380.2768,24240.781,20484.9449,24874.8717,23292.315,58933.6882,29239.5031,21117.5433,10844.053,71624.2806,33578.9664,17275.3124,87451.829,9453.8012,22239.2019,47103.0126,12666.654,1122.25
2023-12-25,20795.3506,21326.4005,18774.2266,8270.0,85618.4125,30035.736,18207.332,15564.64,21700.0,41200.0,25041.2722,34092.0567,60064.7916,53991.9196,66400.0,56080.7653,65688.8191,33526.3005,27675.419,25628.0162,54319.3289,15075.5903,12036.376,18448.8599,24092.7457,20344.316,24912.8486,22876.3808,60170.0593,29582.1535,21586.822,10983.676,70740.0302,33087.5669,16607.6675,87929.7079,9495.8181,22239.2019,47356.2546,12666.654,1117.66
2023-12-22,20492.3218,20986.344,18930.0293,8240.0,84405.9513,29846.832,18013.637,15564.64,21575.0,40300.0,24834.6611,33187.7581,59799.4096,53556.5009,63000.0,56080.7653,64143.1999,32703.866,27186.454,25303.611,53721.6834,14905.107,11970.9609,18140.2359,23944.7104,20156.8108,24609.0334,22737.7361,56296.0965,28478.0577,21081.4449,10332.102,69708.4048,32432.3676,16440.7562,85444.7379,9453.8012,21820.4721,47103.0126,12476.178,1103.06
2023-12-21,20605.9576,21132.0825,18930.0293,8230.0,84872.2825,29610.702,18124.3199,15759.198,21600.0,40200.0,24834.6611,33187.7581,59976.331,53991.9196,63700.0,56080.7653,64143.1999,32897.38,27430.9365,25396.2982,53721.6834,14929.4618,11872.8383,18208.819,23833.684,20391.1923,24836.8948,22959.5676,56048.8223,28516.1299,21298.0351,10471.725,70076.8424,32063.8179,15856.5669,82959.7679,9495.8181,22053.0998,47693.9106,12571.416,1102.43
2023-12-20,20605.9576,20889.185,18696.3252,8220.0,85431.88,29610.702,18096.6491,15564.64,21625.0,39950.0,24628.0499,33006.8984,60241.713,53991.9196,63900.0,55991.7482,64572.5385,33284.408,27382.04,25628.0162,53854.4935,14783.3333,11872.8383,18208.819,23907.7016,20578.6975,24798.9179,23015.0255,56460.946,28325.7686,21081.4449,10471.725,69782.0923,31859.0681,15814.8391,83055.3436,9495.8181,22006.5742,47525.0826,12619.035,1100.76
2023-12-19,20605.9576,20889.185,18696.3252,8200.0,86084.7437,29421.798,18151.9906,15389.5378,21600.0,39500.0,24875.9833,33097.3283,59268.6456,54166.0871,62200.0,55991.7482,64400.8031,32849.0015,26893.075,25488.9854,53920.8986,14905.107,11872.8383,18174.5274,23796.6751,20438.0686,23925.4491,22931.8387,56460.946,27335.8896,21009.2482,10099.397,69708.4048,31859.0681,15647.9279,83055.3436,9411.7843,21960.0487,47525.0826,12523.797,1096.3
2023-12-18,20151.4144,20160.4925,17722.5583,8020.0,87483.7373,29185.668,18151.9906,15331.1704,21600.0,39900.0,25041.2722,32826.0387,59268.6456,53556.5009,62900.0,55813.714,64830.1418,32800.623,26404.11,25396.2982,54120.1137,14637.2048,11774.7157,17865.9034,23463.5957,20203.6871,23545.6801,22710.0071,56460.946,26574.4442,20756.5596,9866.692,69266.2796,32022.868,15564.4723,82768.6163,9327.7505,22192.6764,47947.1526,12523.797,1091.88
2023-12-15,20302.9288,20257.6515,18112.0651,8020.0,87017.4061,29752.38,18124.3199,15759.198,21850.0,39900.0,25082.5945,32283.4596,60241.713,54688.5895,63000.0,55190.5944,65259.4804,33187.651,26404.11,25720.7034,54584.949,14905.107,11807.4232,18311.6937,23537.6134,20438.0686,23925.4491,22460.4466,56048.8223,27107.456,20973.1498,10006.315,70887.4053,31940.9681,15689.6557,83724.374,9411.7843,22425.304,47862.7386,12476.178,1102.3
2023-12-14,20492.3218,20403.39,17761.509,8010.0,88602.9323,30130.188,18373.3563,15875.9328,21900.0,40300.0,25330.5279,32419.1043,60507.095,54862.757,65000.0,55902.7311,66032.2901,33236.0295,26599.696,25767.0471,56045.8601,14880.7523,11807.4232,18345.9853,23685.6487,20109.9345,23355.7956,22460.4466,56213.6718,27259.745,21009.2482,10052.856,70887.4053,31859.0681,15981.7503,84680.1317,9495.8181,22425.304,48200.3946,12476.178,1110.13
2023-12-13,20719.5934,20500.549,17683.6076,8150.0,89442.3285,30696.9,18594.7221,15720.2864,21950.0,40750.0,25785.0724,32735.6089,60330.1736,55733.5944,65800.0,55724.697,66032.2901,33574.679,26893.075,25396.2982,55581.0248,14856.3975,11807.4232,18345.9853,23685.6487,20250.5634,23583.657,22682.2782,56790.645,27678.54,21442.4286,10192.479,70150.53,31859.0681,15773.1113,85444.7379,9579.8519,22611.4061,48706.8786,12666.654,1114.2
2023-12-12,21174.1366,21132.0825,18189.9664,8280.0,90468.2572,31074.708,18871.4292,15914.8444,22125.0,41050.0,25950.3613,33368.6179,61391.7016,56604.4318,66200.0,55813.714,67148.5707,34300.3565,27919.9015,25906.0779,55913.05,15124.2998,11938.2534,18517.4431,24129.7546,20672.4501,24077.3567,23264.586,58191.8655,27564.3232,21659.0188,10425.184,71329.5305,31940.9681,16148.6616,87260.6775,9747.9194,22937.0848,49804.2606,12809.511,1127.63
2023-12-11,20833.2292,21083.503,18112.0651,8280.0,91214.3871,30649.674,18677.7342,15973.2118,22025.0,41000.0,25950.3613,32916.4686,61922.4656,57039.8505,67500.0,56080.7653,67234.4384,34493.8705,27822.1085,25906.0779,55913.05,15026.8808,11872.8383,18414.5684,24203.7722,20578.6975,24305.2181,23514.1466,58109.4408,27488.1787,20973.1498,10285.561,70003.1549,31818.1182,16148.6616,85635.8894,9747.9194,23030.1358,49551.0186,12666.654,1125.5
2023-12-08,20984.7436,21472.139,18151.0157,8300.0,91214.3871,30555.222,18650.0635,16128.8582,21475.0,39650.0,26239.6169,33368.6179,61037.859,57126.9343,66200.0,56258.7995,66633.3642,34493.8705,27871.005,25952.4215,56444.2904,15075.5903,11905.5459,18448.8599,24129.7546,20344.316,23545.6801,23181.3992,58027.0161,27488.1787,21153.6417,10332.102,69413.6546,31900.0181,16273.845,86496.0713,9789.9363,23123.1869,49973.0886,12809.511,1124.44
2023-12-07,20908.9864,21812.1955,18151.0157,8130.0,90654.7897,30744.126,18594.7221,15856.477,21400.0,39700.0,26198.2947,33594.6925,60507.095,57126.9343,63500.0,55546.6628,66890.9675,34010.0855,27626.5225,26230.4831,56577.1005,15026.8808,11938.2534,18448.8599,24314.7987,20625.5738,23431.7494,23569.6044,58027.0161,28021.1904,21298.0351,10471.725,69487.3422,31613.3684,16357.3006,86496.0713,9663.8857,23076.6614,48960.1206,12904.749,1121.49
2023-12-06,20908.9864,22055.093,18462.6211,8200.0,91400.9196,31452.516,18816.0878,16167.7698,21400.0,40450.0,26487.5503,34544.206,60595.5556,56778.5993,62100.0,55012.5603,68522.4545,34735.763,28457.763,26369.514,57041.9358,14807.688,11840.1308,18277.4021,24869.9311,21328.7184,23925.4491,24401.4728,58109.4408,28554.2022,21298.0351,10797.512,70003.1549,31940.9681,16315.5728,84775.7075,9705.9025,23169.7124,49635.4326,13047.606,1126.43
2023-12-05,20643.8362,21666.457,18345.7691,8080.0,90748.0559,31027.482,18594.7221,16187.2256,21400.0,40500.0,26528.8726,34001.6269,60241.713,55733.5944,61400.0,55190.5944,67835.5126,34397.1135,28115.4875,26230.4831,56709.9106,14637.2048,11807.4232,18174.5274,24647.8781,21141.2131,23355.7956,24179.6413,57862.1666,28135.4072,20576.0678,10797.512,69855.7798,31326.7187,15290.3527,85635.8894,9621.8688,23169.7124,50057.5026,12952.368,1115.97
2023-12-04,20833.2292,21617.8775,18579.4732,8160.0,90934.5884,31358.064,18816.0878,15506.2726,21475.0,41300.0,26942.0949,34634.6359,60860.9376,56343.1806,62200.0,55546.6628,67835.5126,34348.735,28164.384,25952.4215,57108.3409,14710.269,11807.4232,18208.819,24869.9311,21281.8421,23545.6801,24346.0149,58191.8655,28439.9854,20576.0678,10890.594,68971.5295,33294.8523,15320.1585,86878.3744,9705.9025,22611.4061,48960.1206,12904.749,1120.49
2023-12-01,20378.686,21132.0825,17839.4103,7850.0,88696.1985,30224.64,18373.3563,15058.7892,21050.0,40900.0,26074.328,33639.9074,60507.095,56604.4318,61500.0,56080.7653,66719.232,34058.464,27724.3155,25952.4215,56444.2904,14491.0763,11643.8855,18037.3612,23685.6487,20016.1819,22406.373,23458.6887,57862.1666,27602.3955,19998.494,10471.725,68087.2791,33570.0164,15349.9642,86687.2229,9495.8181,22239.2019,48369.2226,12619.035,1102.16
2023-11-30,20113.5358,20840.6055,17917.3117,8000.0,88136.6011,30224.64,18235.0027,14825.3196,20875.0,41300.0,25785.0724,33459.0477,59622.4883,56604.4318,60500.0,53321.2356,65688.8191,33961.707,27382.04,25859.7343,56245.0752,14369.3025,11643.8855,18037.3612,23167.5251,19641.1714,22216.4885,23015.0255,57862.1666,27031.3114,19854.1005,10006.315,67718.8414,33638.8074,15558.6045,87929.7079,9453.8012,22378.7785,48200.3946,12619.035,1094.13
2023-11-29,20454.4432,21132.0825,17839.4103,8000.0,89349.0622,29799.606,18041.3077,15000.4218,21275.0,41200.0,26074.328,33730.3373,60507.095,57649.4367,62900.0,56525.8507,66805.0997,34639.006,27919.9015,25952.4215,56510.6954,14564.1405,11676.593,20163.438,23389.578,19734.924,22254.4654,23209.1281,57697.3171,27488.1787,20106.7891,10192.479,67571.4664,33673.2029,15290.3527,86687.2229,9495.8181,22425.304,48622.4646,12571.416,1102.8
2023-11-28,20227.1716,20694.867,17761.509,7640.0,87950.0686,29469.024,17875.2834,14786.408,21200.0,40750.0,25867.7169,33639.9074,60595.5556,56517.3481,61300.0,56347.8166,66118.1578,32607.109,26697.489,25674.3598,56975.5308,14588.4953,11676.593,20094.8549,23241.5427,19500.5425,22178.5116,22543.6334,55636.6986,27412.0341,20178.9858,10145.938,67129.3412,33535.6209,15528.7988,83724.374,9495.8181,22518.355,48284.8086,12333.321,1095.43
2023-11-27,19924.1428,20063.3335,16982.4954,7500.0,87856.8023,29469.024,18068.9784,14786.408,20925.0,39800.0,25867.7169,33504.2627,60241.713,55994.8456,60900.0,56258.7995,65946.4223,32510.352,26746.3855,25859.7343,56975.5308,14271.8835,11513.0553,20163.438,22945.4721,19313.0373,21798.7425,22460.4466,55224.5749,26384.0828,20070.6907,9820.151,66834.591,33501.2254,15618.216,82673.0406,9495.8181,22146.1508,48031.5666,12428.559,1088.06
2023-11-24,19999.9,20354.8105,17216.1995,7550.0,89069.2635,30130.188,18151.9906,14980.966,20675.0,39100.0,25950.3613,33368.6179,60418.6343,54862.757,61800.0,56080.7653,66547.4965,32316.838,26404.11,25952.4215,57108.3409,14637.2048,11676.593,20300.6042,23685.6487,19969.3055,22330.4192,23292.315,56790.645,25851.0711,19818.0022,9633.987,67203.0287,33570.0164,15379.77,84106.6771,9579.8519,22657.9316,48200.3946,12619.035,1095.61
2023-11-23,19583.2354,19917.595,16476.1366,7500.0,86644.3411,29516.25,17985.9663,14942.0544,20650.0,39000.0,25867.7169,32102.5998,60772.477,52598.5797,63300.0,56436.8337,66118.1578,32607.109,26012.938,26230.4831,56776.3156,14807.688,11709.3006,20026.2718,22871.4545,19313.0373,21722.7887,22488.1755,57450.0429,25508.4206,19998.494,9447.823,66908.2786,33054.0838,15141.3239,79901.3433,9621.8688,22844.0337,48538.0506,12857.13,1088.49
2023-11-22,20605.9576,21374.98,17683.6076,7840.0,89722.1272,30649.674,18567.0513,15525.7284,21000.0,39000.0,26694.1615,34498.9911,61391.7016,55298.1757,64900.0,56169.7824,67835.5126,32945.7585,27088.661,26323.1704,57573.1762,15075.5903,11807.4232,20300.6042,24351.8075,20531.8212,23014.0034,24179.6413,58027.0161,26879.0224,21478.5269,10145.938,68529.4043,34017.158,16273.9426,84202.2529,9789.9363,23216.2379,48538.0506,12619.035,1113.82
2023-11-21,20492.3218,21277.821,17294.1008,7800.0,88509.666,30224.64,18484.0392,15214.4356,21300.0,39100.0,26446.2281,34227.7015,61480.1623,54949.8407,64600.0,56080.7653,67835.5126,32703.866,27186.454,26369.514,57506.7711,15002.526,11840.1308,20163.438,24092.7457,20344.316,22406.373,23320.0439,57697.3171,26155.6492,21514.6253,9494.364,67718.8414,34051.5535,15737.439,84202.2529,9831.9532,23076.6614,48706.8786,12619.035,1110.46
2023-11-20,20189.293,21083.503,17294.1008,7600.0,87017.4061,29421.798,18207.332,15019.8776,21350.0,38950.0,26115.6502,33594.6925,61303.2409,54862.757,63600.0,56525.8507,67234.4384,32413.595,26110.731,26091.4523,57174.7459,15099.945,11774.7157,20266.3127,23981.7193,19875.5529,22292.4423,22876.3808,57367.6181,25812.9988,21117.5433,9354.741,66834.591,32538.1511,15707.6333,81143.8283,9789.9363,22937.0848,48791.2926,12571.416,1103.66
2023-11-17,20075.6572,20840.6055,17021.4461,7590.0,87017.4061,29327.346,18262.6735,15175.524,21100.0,38950.0,26033.0058,33413.8328,61922.4656,55472.3432,64100.0,56436.8337,67577.9094,32413.595,25817.352,26508.5448,56842.7207,15173.0093,11905.5459,20369.1874,23315.5604,18984.9032,21798.7425,22349.5308,57697.3171,25508.4206,20503.8711,9401.282,67055.6536,32641.3377,14902.8779,82481.889,9789.9363,22797.5082,48960.1206,12619.035,1101.19
2023-11-16,20605.9576,20986.344,16826.6927,7630.0,89349.0622,30177.414,18760.7464,15564.64,22550.0,41150.0,26446.2281,33911.197,62187.8476,55907.7619,66000.0,56169.7824,68694.1899,33332.7865,26697.489,26879.2937,58436.4418,15440.9115,12101.7911,20746.3945,23907.7016,19688.0477,22482.3268,23015.0255,58603.9892,26193.7215,20106.7891,9587.446,68529.4043,32675.7332,14873.0721,81812.8586,9958.0039,23216.2379,48875.7066,12619.035,1125.53
2023-11-15,20454.4432,20889.185,16709.8407,7630.0,87670.2698,29374.572,18151.9906,15292.2588,22700.0,41450.0,26404.9059,33187.7581,62541.6903,55036.9245,65800.0,56080.7653,68780.0577,32897.38,26355.2135,27064.6681,58237.2267,15367.8473,12134.4987,20712.103,23648.6398,19219.2847,22368.3961,22737.7361,58603.9892,25812.9988,19998.494,9494.364,68087.2791,32538.1511,13919.2879,76460.6156,9873.9701,23262.7635,49213.3626,12666.654,1122.5
2023-11-14,20454.4432,21083.503,16826.6927,7510.0,87203.9386,29516.25,18013.637,15233.8914,22475.0,41000.0,26404.9059,33459.0477,60949.3983,53991.9196,62600.0,56347.8166,67921.3803,32413.595,26795.282,26693.9192,57108.3409,15343.4925,12069.0836,20437.7705,23500.6045,19125.5321,22330.4192,22460.4466,58521.5645,25927.2156,19854.1005,9308.2,68234.6541,32606.9422,13919.2879,75982.7367,9958.0039,23216.2379,48875.7066,12619.035,1109.73
2023-11-13,20605.9576,20889.185,16748.7913,7500.0,87017.4061,28807.86,17764.6005,15175.524,22400.0,41350.0,26280.9392,33459.0477,60772.477,53382.3334,62000.0,56347.8166,67835.5126,32268.4595,26746.3855,26693.9192,56776.3156,15051.2355,11840.1308,20163.438,23278.5516,18938.0269,22178.5116,22460.4466,56543.3708,25432.2761,19529.2152,9168.577,67350.4038,31815.8455,13889.4822,75409.2821,10000.0208,22890.5593,48369.2226,12571.416,1100.07
2023-11-10,20075.6572,20063.3335,15969.7778,7370.0,86737.6074,28996.764,17875.2834,15097.7008,22475.0,42300.0,25909.0391,33006.8984,61568.6229,54340.2545,61700.0,56080.7653,67577.9094,32268.4595,26208.524,26647.5756,57108.3409,15124.2998,11774.7157,20163.438,22797.4368,18797.3979,21950.6501,22099.9703,56790.645,25165.7702,19240.4283,9215.118,67424.0913,31953.4275,14127.9282,75696.0094,9831.9532,23402.3401,48453.6366,12619.035,1101.68
2023-11-09,20227.1716,20209.072,16164.5312,7530.0,86551.0749,29516.25,18179.6613,15097.7008,22700.0,42900.0,26363.5836,33232.9731,62541.6903,55646.5107,62800.0,56080.7653,68694.1899,32849.0015,26550.7995,26786.6065,58370.0368,15343.4925,12003.6685,20232.0211,22834.4457,18797.3979,22026.6039,22460.4466,56625.7955,25546.4929,19312.6251,9354.741,68160.9666,32125.405,14306.7628,77034.0702,9705.9025,22704.4572,48115.9806,12523.797,1113.89
2023-11-08,20416.5646,20500.549,16086.6298,7470.0,86737.6074,29657.928,18179.6613,15156.0682,21500.0,41000.0,25661.1057,31379.161,63160.9149,56691.5155,63800.0,56258.7995,68694.1899,33090.894,26746.3855,27250.0426,59432.5175,15489.621,12003.6685,20060.5633,22427.3486,18328.6349,21874.6963,22599.0913,55883.9729,25698.782,18049.1823,9354.741,68234.6541,31987.823,14306.7628,76365.0398,9663.8857,22704.4572,48115.9806,12428.559,1113.43
2023-11-07,19545.3568,19188.9025,15034.9615,7050.0,82074.2952,27957.792,17349.5398,14455.6594,21025.0,40000.0,24214.8276,29570.5638,62630.1509,56691.5155,62000.0,56169.7824,67663.7771,32074.9455,25719.559,26137.7959,58635.6569,14905.107,11643.8855,19580.4815,20984.0044,17156.7273,20469.5509,21129.4572,54482.7523,24252.0357,17616.0019,8805.5572,65066.0903,31643.8679,13949.0937,73880.0698,9369.7674,22192.6764,46596.5286,12047.607,1080.29
2023-11-06,19507.4782,19431.8,15190.7642,6950.0,82447.3601,27627.21,17598.5762,14222.1898,21050.0,41000.0,24586.7277,30113.143,62807.0723,57649.4367,64000.0,56080.7653,67835.5126,32171.7025,25279.4905,25303.611,59432.5175,15099.945,11742.0081,19580.4815,21465.1191,17531.7377,20811.343,21462.2045,54400.3276,23833.2408,17652.1003,8749.708,65213.4654,30955.9577,13919.2879,74357.9486,9453.8012,22146.1508,46765.3566,12095.226,1089.66
2023-11-03,19015.0564,18897.4255,14996.0108,6900.0,80022.4378,27674.436,17487.8934,14183.2782,20800.0,40500.0,24132.1831,28937.5548,61922.4656,55646.5107,63900.0,56080.7653,67921.3803,32026.567,25181.6975,24932.8621,59034.0872,15099.945,11382.2252,19203.2743,21391.1014,17344.2325,20507.5278,20796.7098,53576.0802,23528.6626,17760.3954,8796.249,64108.1524,30783.9802,13710.6477,74071.2213,9327.7505,21820.4721,44739.4206,12190.464,1076.78
2023-11-02,19128.6922,18363.051,14879.1588,6810.0,80022.4378,28193.922,17072.8326,14202.734,20725.0,39950.0,24793.3388,29299.2742,62718.6116,53469.4171,62700.0,56525.8507,68007.248,32316.838,25083.9045,25349.9546,59100.4923,14296.2383,11578.4704,19374.7321,21391.1014,17391.1088,20811.343,20630.3361,52339.7091,23566.7349,18193.5758,8889.331,65581.903,30577.6071,13412.5901,71872.9786,9327.7505,21960.0487,46090.0446,12190.464,1075.47
2023-11-01,18143.8487,17197.143,13944.3426,6370.0,74892.7943,26446.56,15966.0039,13366.1346,20200.0,38450.0,23636.3164,27400.2472,62276.3083,49986.0675,59500.0,56525.8507,66032.2901,31252.511,24154.871,24237.7079,58303.6317,13736.079,11251.395,18791.7755,20095.7925,16266.0775,19747.9897,19299.3467,50938.4885,22043.8441,17688.1987,8358.7636,62929.1519,29924.0925,12548.2232,70343.7663,8991.6153,21262.1658,43979.6946,11571.417,1039.66
2023-10-31,17424.1553,16517.03,13632.7371,6210.0,73680.3332,25502.04,15716.9675,12957.5628,20250.0,39000.0,23636.3164,27400.2472,60153.2523,49376.4813,58200.0,56525.8507,65774.6869,30865.483,23030.2515,23820.6154,57639.5812,13492.5315,11185.9799,18997.5249,19059.5454,15281.6751,18532.7288,18079.2731,48630.5958,21244.3264,16966.2314,7818.888,61160.6511,29924.0925,11743.4678,67954.3721,8907.5816,21076.0637,44401.7646,11571.417,1028.19
2023-10-30,17424.1553,16711.348,14022.2439,6540.0,76011.9893,25502.04,16879.1376,13035.386,20750.0,39200.0,23636.3164,29389.7041,59799.4096,52946.9147,58000.0,56881.9191,65774.6869,31784.6745,23959.285,24979.2057,57041.9358,13687.3695,11120.5648,18963.2334,20354.8543,16219.2012,19747.9897,19437.9914,49866.9669,22843.3618,17904.7888,8377.38,62634.4018,30783.9802,11743.4678,69388.0086,9117.666,21401.7424,46090.0446,11952.369,1042.4
2023-10-27,17689.3055,17148.5635,14022.2439,6620.0,79276.3078,26918.82,17653.9177,13813.618,20800.0,39200.0,24462.761,30655.7221,60153.2523,54949.8407,57800.0,56347.8166,66633.3642,31929.81,25230.594,25396.2982,56444.2904,14393.6573,11414.9327,19340.4405,21798.1985,17344.2325,20887.2968,19743.0098,51515.4617,24213.9635,17976.9856,8982.413,64108.1524,30887.1667,12607.8347,71681.8271,9243.7167,21401.7424,46427.7006,11952.369,1060.62
2023-10-26,17272.6409,16128.394,13476.9344,6550.0,79276.3078,26352.108,17487.8934,13521.781,20800.0,41800.0,24628.0499,29660.9937,59268.6456,57649.4367,61400.0,56525.8507,64830.1418,31833.053,24594.9395,24979.2057,56112.2651,14515.431,11251.395,19443.3152,21243.0661,17156.7273,20355.6202,18855.6836,48630.5958,24213.9635,17579.9036,9224.4262,63960.7773,30302.4431,12607.8347,70439.3421,9075.6491,20889.9616,47271.8406,11999.988,1055.45
2023-10-25,18219.6059,17294.302,14489.652,7040.0,83286.7563,28288.374,18650.0635,14514.0268,22350.0,44900.0,24999.95,31017.4415,61037.859,60261.9489,66000.0,56525.8507,69037.6609,34203.5995,26404.11,26832.9501,56975.5308,15197.364,11643.8855,19889.1055,22797.4368,18422.3875,21798.7425,20214.4019,50856.0638,26003.3602,18626.7561,9913.233,66981.9661,32056.614,13531.8131,72542.009,9411.7843,21820.4721,49804.2606,12857.13,1101.66
2023-10-24,18181.7273,17197.143,14528.6027,7010.0,83846.3538,29941.284,19258.8193,15370.082,21725.0,44600.0,25289.2056,31831.3103,62187.8476,60174.8652,66900.0,56970.9362,69724.6028,34348.735,26990.868,27018.3245,57108.3409,15270.4283,11709.3006,20232.0211,22982.481,18516.1401,22406.373,20436.2335,50608.7896,25851.0711,18518.461,10145.938,67792.529,31643.8679,13680.8419,73784.494,9411.7843,21960.0487,50310.7446,12714.273,1105.9
2023-10-23,18181.7273,17197.143,14411.7507,6980.0,81607.9639,30933.03,19507.8557,15175.524,21700.0,44500.0,24917.3055,30746.152,62099.3869,59042.7766,66000.0,57416.0216,69209.3964,34203.5995,27284.247,27018.3245,56112.2651,15051.2355,11643.8855,20094.8549,22649.4015,18188.006,21988.627,19964.8414,51020.9133,25965.2879,18518.461,10425.184,67055.6536,32331.7781,13651.0361,71681.8271,9285.7336,21262.1658,49973.0886,12571.416,1093.53
2023-10-20,18446.8775,17294.302,14333.8493,7000.0,84779.0163,31594.194,20088.9408,15953.756,21675.0,44500.0,24958.6278,30610.5072,63957.0609,60958.6189,69000.0,57416.0216,71441.9575,34251.978,27675.419,27064.6681,56311.4803,15148.6545,11742.0081,20163.438,23167.5251,18703.6453,21950.6501,20685.794,52751.8328,26917.0946,19096.0349,10844.053,68455.7167,32813.3152,14008.7052,72637.5848,9411.7843,21401.7424,50986.0567,12857.13,1108.03
2023-10-19,17954.4557,16517.03,13905.3919,6780.0,83753.0876,30696.9,19756.8922,15759.198,21600.0,42500.0,24090.8609,28621.0503,63160.9149,59478.1953,66400.0,56525.8507,70325.677,33864.95,27186.454,26647.5756,56112.2651,14929.4618,11545.7629,19614.773,22279.3133,17953.6245,20545.5047,19354.8046,53493.6554,26498.2997,18482.3627,10425.184,67792.529,32950.8972,13829.8707,71968.5544,9285.7336,21308.6913,50310.7446,12380.94,1087.85
2023-10-18,18181.7273,16517.03,14061.1946,7000.0,84965.5487,31358.064,19922.9165,15564.64,21900.0,43300.0,24132.1831,28937.5548,65372.4315,59478.1953,68300.0,56080.7653,71270.2221,33864.95,27186.454,27713.4787,57041.9358,15221.7188,11611.178,19443.3152,23352.5692,18891.1506,21267.0659,20796.7098,53411.2307,26688.661,18771.1496,11169.84,68529.4043,32950.8972,14127.9282,72159.7059,9453.8012,21634.37,50986.0567,12666.654,1103.4
2023-10-17,18787.7848,17488.62,14489.652,7500.0,84126.1525,32585.94,21140.4281,16517.9742,22000.0,44500.0,24462.761,29389.7041,66168.5775,60871.5351,71000.0,56080.7653,73159.3123,34832.52,26404.11,27435.417,57041.9358,15465.2663,11840.1308,19614.773,23278.5516,18750.5216,21305.0428,21101.7282,52834.2575,27945.0459,18554.5594,11961.037,68603.0918,33363.6433,14217.3455,71872.9786,9453.8012,22750.9827,51999.0247,13142.844,1121.65
2023-10-16,18939.2992,18265.892,15502.3697,7650.0,90374.9909,34994.466,22302.5982,17743.6896,22500.0,45550.0,26198.2947,31107.8714,66522.4202,61742.3725,71600.0,56436.8337,74619.0638,35606.576,28066.591,28733.0381,57174.7459,15489.621,11905.5459,19751.9393,23759.6663,19641.1714,22900.0727,22682.2782,53905.7791,30000.9485,19420.9202,12566.07,71329.5305,33363.6433,15260.547,76078.3125,9537.835,22750.9827,52505.5087,13714.272,1141.42
2023-10-13,19507.4782,19091.7435,16008.7285,7860.0,92613.3808,34711.11,21915.2081,18054.9824,23050.0,46900.0,26446.2281,31469.5908,67053.1842,61045.7026,72700.0,56436.8337,73674.5187,35509.819,27822.1085,28733.0381,57506.7711,15684.459,12069.0836,20094.8549,24832.9223,20625.5738,23849.4953,23514.1466,54482.7523,31028.8997,19926.2973,12472.988,70813.7177,34361.1131,14962.4894,77416.3732,9579.8519,23123.1869,53011.9927,14095.224,1154.73
2023-10-12,19545.3568,19140.323,15813.9751,7930.0,91307.6534,34333.302,21555.4888,17763.1454,23250.0,47550.0,24752.0166,30565.2922,66787.8022,60000.6977,73100.0,56525.8507,73846.2542,35509.819,27382.04,28176.9148,57108.3409,15830.5875,12003.6685,20300.6042,24869.9311,20672.4501,23925.4491,23541.8755,53988.2039,30533.9602,19962.3956,12333.365,71034.7803,34670.6727,15022.1009,77416.3732,9621.8688,23123.1869,53096.4067,14095.224,1151.61
2023-10-11,19848.3856,19140.323,15969.7778,7850.0,90468.2572,34947.24,21749.1838,17899.336,22725.0,47400.0,24132.1831,30113.143,65814.7349,59216.944,73800.0,56525.8507,73846.2542,35703.333,27186.454,28733.0381,57440.3661,15879.297,12101.7911,20232.0211,25166.0017,20813.079,23659.6108,23264.586,54647.6018,30952.7552,19781.9038,12705.693,71476.9055,33707.5984,14634.6261,76938.4944,9663.8857,23402.3401,52843.1647,14333.319,1150.81
2023-10-10,19696.8712,18751.687,15541.3203,7820.0,88882.731,34380.528,21417.1352,17685.3222,22450.0,48000.0,24297.4721,30022.7131,65814.7349,59913.614,73200.0,56525.8507,74189.7251,34832.52,25621.766,28408.6328,57174.7459,15830.5875,12069.0836,20094.8549,24203.7722,20063.0582,22938.0496,22183.1571,54565.177,30457.8157,19673.6087,12472.988,70961.0928,33604.4119,13680.8419,76460.6156,9621.8688,23448.8656,52843.1647,14428.557,1143.69
2023-10-09,19318.0852,18800.2665,15541.3203,7810.0,90468.2572,35041.692,21859.8667,17802.057,22600.0,47000.0,24380.1165,30294.0027,65195.5102,59913.614,73500.0,56881.9191,74361.4606,34542.249,25915.145,28408.6328,56178.6702,15635.7495,11970.9609,19991.9802,24573.8605,20250.5634,23165.911,22460.4466,54482.7523,30876.6107,19384.8218,12519.529,70445.2801,33157.2703,13561.6189,75887.1609,9411.7843,22937.0848,52252.2667,13999.986,1137.36
2023-10-06,18901.4206,18217.3125,14918.1095,7460.0,88602.9323,33247.104,21057.4159,16654.1648,22975.0,46050.0,24380.1165,29118.4145,65637.8135,60610.2839,72700.0,56525.8507,72300.6349,33864.95,25230.594,27759.8223,56709.9106,15611.3948,11872.8383,19683.3561,24388.8164,19594.2951,22672.2113,21628.5782,53576.0802,29772.5148,19132.1332,12193.742,68308.3417,32675.7332,13651.0361,75026.979,9411.7843,22518.355,52505.5087,14095.224,1128.54
2023-10-05,18863.542,17828.6765,14489.652,7440.0,86737.6074,32869.296,21361.7938,16342.872,22800.0,44550.0,23471.0274,29073.1996,64310.9036,60523.2002,72800.0,56881.9191,72300.6349,33284.408,25279.4905,27435.417,56112.2651,15489.621,11807.4232,19271.8574,23426.5869,18328.6349,22026.6039,21018.5414,52999.107,28858.7804,18843.3463,11961.037,67497.7788,32469.3601,13561.6189,73688.9182,9159.6829,22471.8295,52336.6807,13809.51,1113.89
2023-10-04,19128.6922,18557.369,14957.0602,7710.0,88136.6011,33058.2,21749.1838,16654.1648,23050.0,44600.0,23966.8942,30067.928,65814.7349,60958.6189,73500.0,56970.9362,73674.5187,35074.4125,24888.3185,27713.4787,57307.556,15708.8138,11872.8383,19820.5224,23500.6045,19078.6558,22558.2806,22127.6992,52834.2575,28858.7804,19818.0022,12054.119,68160.9666,32675.7332,13591.4246,74357.9486,9453.8012,22518.355,53011.9927,14142.843,1128.67
2023-10-03,18787.7848,18168.733,14450.7014,7910.0,84872.2825,30933.03,21029.7452,16070.4908,22250.0,44050.0,23718.9608,29570.5638,65460.8922,61219.8701,74000.0,57059.9533,74103.8574,34832.52,24008.1815,26879.2937,57307.556,15830.5875,11807.4232,19957.6886,22353.3309,18422.3875,22026.6039,21573.1203,51515.4617,28287.6963,19745.8054,11681.791,67939.904,32400.5691,13591.4246,73306.6152,9411.7843,22518.355,52336.6807,14047.605,1118.1
2023-10-02,19848.3856,19528.959,15502.3697,8500.0,87390.4711,31877.55,20919.0623,17082.1924,23450.0,45750.0,26859.4504,31379.161,66876.2628,63571.1311,77400.0,57148.9704,76679.8895,36283.875,25426.18,28594.0072,57440.3661,16147.1993,12167.2062,20540.6452,23759.6663,19781.8003,23621.6339,23181.3992,53823.3544,29886.7317,20359.4776,12519.529,68676.7793,32882.1062,13949.0937,75313.7063,9873.9701,23169.7124,53602.8907,14619.033,1155.25
2023-09-29,19924.1428,19431.8,15385.5176,8360.0,87203.9386,30933.03,20420.9894,16770.8996,23425.0,45500.0,26983.4171,31650.4505,65637.8135,63135.7124,76300.0,57148.9704,77882.0378,36283.875,25230.594,28408.6328,58104.4166,16390.7467,12101.7911,20609.2283,23537.6134,19688.0477,23203.888,22876.3808,54647.6018,29544.0812,20720.4613,12333.365,68382.0292,32882.1062,13859.6764,74453.5244,9747.9194,22797.5082,53349.6487,15142.842,1154.15
2023-09-28,20151.4144,19723.277,15502.3697,8420.0,87577.0036,30980.256,20476.3308,16790.3554,22500.0,44500.0,27066.0616,32147.8148,66168.5775,63048.6287,76500.0,57327.0045,78568.9797,36525.7675,25572.8695,28037.8839,58436.4418,16390.7467,12101.7911,21157.8933,23907.7016,19734.924,23431.7494,23347.7729,54235.4781,29467.9367,20684.3629,12426.447,69266.2796,33019.6883,13770.2592,73211.0394,9663.8857,22425.304,53602.8907,14238.081,1152.43
2023-09-27,20075.6572,19431.8,15385.5176,8600.0,85431.88,30696.9,20365.648,16265.0488,22600.0,45100.0,26776.806,31288.7311,67760.8695,64529.0523,76000.0,57327.0045,76336.4186,35364.6835,24643.836,28918.4125,58303.6317,15879.297,12101.7911,21260.768,24425.8252,20484.9449,23925.4491,23846.8939,52751.8328,28554.2022,20431.6744,11635.25,69487.3422,33570.0164,13889.4822,72637.5848,9873.9701,22890.5593,53096.4067,13904.748,1153.85
2023-09-26,19848.3856,18460.21,14684.4054,8750.0,84405.9513,29752.38,19922.9165,16051.035,22500.0,45000.0,26033.0058,29751.4235,67318.5662,65574.0572,73000.0,57327.0045,76250.5508,35896.847,23470.32,27064.6681,57772.3913,15781.878,11938.2534,20780.6861,22871.4545,19359.9136,22786.142,22599.0913,50031.8164,27412.0341,19420.9202,11356.004,68897.8419,33088.4793,13323.1728,71586.2513,9789.9363,22797.5082,52252.2667,13333.32,1137.96
2023-09-25,19696.8712,19480.3795,15112.8629,9400.0,85058.815,29752.38,19895.2458,16323.4162,23250.0,47000.0,26033.0058,30474.8624,68645.4762,66183.6433,70300.0,57327.0045,76851.625,36283.875,23470.32,29057.4433,59299.7074,15976.716,11840.1308,20437.7705,22464.3574,19688.0477,22520.3037,22599.0913,49537.268,27412.0341,20142.8874,12100.66,69487.3422,33432.4344,13293.3671,71203.9482,9915.987,23448.8656,52167.8527,13333.32,1153.2
2023-09-22,20681.7148,20937.7645,16242.4325,10100.0,91400.9196,31830.324,20725.3673,17432.3968,25000.0,48000.0,27272.6727,32735.6089,68557.0155,68447.8206,75400.0,57416.0216,78053.7733,37880.3655,24888.3185,31235.593,59299.7074,16561.23,12232.6213,21706.5583,24129.7546,21141.2131,24191.2874,24290.5571,52751.8328,29087.214,21622.9204,12519.529,71255.8429,33707.5984,13829.8707,72446.4332,10336.156,24286.3251,53602.8907,13952.367,1193.05
2023-09-21,21515.0439,22492.3085,17449.9035,9450.0,87670.2698,32869.296,21444.8059,16303.9604,26100.0,50200.0,28760.2731,34498.9911,68999.3188,69666.993,78800.0,57594.0558,76207.3121,38509.286,25915.145,31513.6547,57772.3913,16707.3585,12396.159,21740.8498,25721.1341,22688.1312,25976.2019,26065.2096,53576.0802,30191.3098,22525.3795,12891.857,71329.5305,33570.0164,14217.3455,77894.2521,10672.2911,24751.5803,55291.1707,14190.462,1212.74
2023-09-20,21515.0439,22492.3085,17800.4596,8840.0,89442.3285,32916.522,21859.8667,15759.198,26750.0,50700.0,29338.7843,34679.8508,69264.7008,70102.4117,79700.0,57683.0729,77996.2162,39089.828,26404.11,32023.4344,58436.4418,16731.7133,12559.6967,21980.8907,26979.4342,23672.5336,26811.6938,27618.0306,54482.7523,30077.093,22778.0681,12472.988,72582.2185,33638.8074,14366.3743,79996.919,10756.3249,25077.259,54278.2027,14238.081,1226.11
2023-09-19,21325.6509,22346.57,17683.6076,8720.0,86551.0749,32963.748,21638.501,15136.6124,25850.0,49350.0,28099.1174,33052.1134,69795.4648,68796.1556,79000.0,57683.0729,78711.7778,38606.043,26061.8345,32116.1216,58502.8468,16512.5205,12428.8665,22015.1823,26794.39,23203.7705,26317.994,26342.4991,52999.107,29239.5031,22236.5926,11961.037,72508.531,34017.158,14306.7628,78850.0098,10714.308,24844.6314,53602.8907,14190.462,1211.5
2023-09-18,20908.9864,21180.662,16787.742,8600.0,83193.4901,31830.324,21278.7816,14630.7616,26500.0,48950.0,28512.3397,33413.8328,69795.4648,70363.6629,78500.0,57772.09,77996.2162,38315.772,26061.8345,32255.1524,58967.6822,16609.9395,12526.9892,21980.8907,26424.3018,23016.2653,26280.0171,26453.4149,52092.4349,28478.0577,22092.1991,11542.168,71403.218,33570.0164,14306.7628,74644.6759,10630.2742,24658.5293,52758.7507,13714.272,1211.81
2023-09-15,20908.9864,20792.026,16748.7913,8510.0,84685.75,31877.55,21666.1717,15019.8776,26800.0,50500.0,28594.9841,32826.0387,70326.2288,72366.589,79700.0,57772.09,78425.5531,38847.9355,26599.696,31699.0291,59631.7327,16999.6155,12690.5269,22460.9726,26276.2665,22500.626,26166.0864,26453.4149,52751.8328,29353.7199,23102.9533,12054.119,71845.3432,34257.9266,14575.0146,74740.2517,10714.308,24751.5803,53180.8207,13666.653,1227.36
2023-09-14,21060.5008,20694.867,16592.9886,8570.0,84685.75,31735.872,21721.5131,15000.4218,27750.0,49000.0,28594.9841,33097.3283,70237.7681,74195.3475,78600.0,57772.09,75849.5313,38702.8,26208.524,29659.9103,59166.8973,16999.6155,12526.9892,22769.5967,26387.293,22641.2549,26014.1788,26841.6201,52916.6823,29353.7199,23283.4452,12100.66,70666.3427,34051.5535,14873.0721,75504.8579,10714.308,25495.9888,53096.4067,13666.653,1223.81
2023-09-13,21515.0439,21374.98,17177.2488,8840.0,84685.75,32255.358,21721.5131,15311.7146,29600.0,52100.0,29173.4954,34272.9165,69972.3861,72627.8402,80100.0,57861.1071,75563.3067,38993.071,25915.145,30169.69,59166.8973,17048.325,12461.5741,22323.8064,26498.3194,22969.389,26887.6476,27340.7412,54070.6286,28934.9249,23969.3141,11914.496,72213.7808,34257.9266,14992.2951,78372.1309,10882.3756,27450.0609,53518.4767,13904.748,1238.39
2023-09-12,21780.1941,21229.2415,16943.5447,8700.0,85991.4774,32444.262,22247.2567,15175.524,30150.0,53500.0,29090.8509,34634.6359,71033.9141,73542.2195,81000.0,58306.1925,73488.178,38702.8,25866.2485,28223.2584,59698.1377,17194.4535,12592.4043,22152.3485,26498.3194,23438.152,27229.4397,28006.2359,53246.3812,29239.5031,23391.7403,11961.037,72876.9686,34808.2547,14545.2088,78850.0098,10840.3587,27775.7396,53518.4767,14047.605,1245.44
2023-09-11,21212.0152,20694.867,16359.2846,8500.0,84779.0163,32066.454,22385.6103,14864.2312,29550.0,52500.0,28760.2731,33820.7672,70326.2288,72932.6333,79600.0,58484.2267,72557.9479,38557.6645,25426.18,28084.2275,58768.467,16829.1323,12265.3288,21878.0161,24795.9134,21938.1103,25786.3174,26342.4991,52092.4349,28706.4913,23030.7566,11821.414,71771.6557,34464.2996,14336.5685,78180.9794,10672.2911,27682.6885,53687.3047,13904.748,1223.63
2023-09-08,21780.1941,21374.98,17021.4461,8900.0,86178.0099,31972.002,22385.6103,15253.3472,29550.0,54000.0,29917.2955,35538.9345,70768.5321,69928.2442,81800.0,57861.1071,73130.3972,38122.258,25866.2485,28362.2892,59432.5175,17218.8082,12494.2816,22152.3485,24980.9576,22172.4918,25824.2943,26009.7517,53411.2307,29011.0695,23608.3304,11961.037,71919.0307,34739.4637,14336.5685,80665.9494,10798.3418,27450.0609,54024.9607,14380.938,1241.48
2023-09-07,21704.4369,20889.185,16281.3832,8800.0,83006.9576,29894.058,20946.733,14805.8638,30400.0,55100.0,30123.9067,35855.439,70326.2288,69884.7023,82000.0,57772.09,73631.2903,38073.8795,25915.145,28733.0381,59432.5175,17413.6463,12625.1118,22392.3895,24906.9399,22313.1208,25482.5022,25898.8359,52669.408,27145.5282,22741.9697,11356.004,72140.0933,34464.2996,13949.0937,79327.8886,10840.3587,26752.178,53687.3047,13952.367,1243.14
2023-09-06,21969.5871,20694.867,16476.1366,9020.0,84685.75,30319.092,20946.733,15233.8914,30800.0,55900.0,30123.9067,35493.7195,70768.5321,69231.5743,82700.0,57861.1071,72629.5041,38025.501,25475.0765,29242.8178,59897.3528,17145.744,12592.4043,22392.3895,25166.0017,22500.626,25862.2712,26342.4991,52751.8328,27221.6728,21983.904,11309.463,72950.6562,34877.0457,14485.5973,78372.1309,10924.3925,26938.2801,54109.3747,13857.129,1245.5
2023-09-05,21060.5008,19383.2205,15424.4683,8480.0,84872.2825,29894.058,20670.0259,14961.5102,31150.0,55300.0,29999.94,35267.6449,70856.9928,69144.4905,81500.0,57861.1071,71269.937,37880.3655,25328.387,29242.8178,59830.9478,17048.325,12526.9892,22392.3895,24684.887,22031.8629,25444.5253,25787.9202,52422.1338,27221.6728,22380.986,11356.004,71329.5305,34945.8367,14843.2664,79710.1917,10924.3925,26984.8056,53856.1327,13904.748,1234.98
2023-08-31,20908.9864,19431.8,15034.9615,8310.0,81607.9639,29280.12,20448.6601,14377.8362,31050.0,54700.0,30578.4512,35177.215,68822.3975,68796.1556,81500.0,59552.4317,70554.3754,37299.8235,24937.215,27342.7298,59166.8973,16804.7775,12101.7911,22255.2232,24721.8958,22031.8629,24836.8948,26120.6675,51680.3112,26422.1551,22236.5926,11123.299,71255.8429,34808.2547,15051.9067,79614.6159,10756.3249,25961.244,53011.9927,13619.034,1224.05
2023-08-30,20605.9576,19140.323,14645.4548,8280.0,78063.8466,28713.408,20005.9286,13852.5296,31000.0,54600.0,29628.0399,34725.0657,68822.3975,69579.9092,79600.0,57594.0558,71055.2685,37154.688,24546.043,25720.7034,59166.8973,16561.23,12036.376,22015.1823,24795.9134,22031.8629,24836.8948,26009.7517,48383.3216,24746.9753,21514.6253,10611.348,71182.1554,34739.4637,14724.0433,79423.4644,10672.2911,25635.5653,53180.8207,13380.939,1213.16
2023-08-29,20454.4432,18557.369,14333.8493,8200.0,77410.9829,28902.312,19895.2458,13969.2644,31700.0,54600.0,29338.7843,34092.0567,68468.5548,68839.6974,80000.0,57594.0558,71484.6055,36816.0385,24546.043,25581.6726,58702.062,16512.5205,11938.2534,21432.2258,23944.7104,21000.5842,23241.8649,25122.4254,46569.9774,24328.1803,20828.7564,10611.348,68971.5295,34670.6727,14366.3743,77320.7975,10588.2573,25635.5653,53011.9927,13333.32,1204.43
2023-08-28,20340.8074,18654.528,14489.652,8240.0,78157.1129,32208.132,20061.2701,13969.2644,32350.0,54700.0,29338.7843,34001.6269,68910.8581,68055.9438,80700.0,57505.0387,73845.9588,36912.7955,24057.078,25581.6726,57772.3913,16561.23,11905.5459,21363.6426,24018.7281,20813.079,22938.0496,24401.4728,45745.73,24137.8189,20792.658,10657.889,69266.2796,34533.0906,14604.8203,76556.1913,10672.2911,25682.0909,53180.8207,13333.32,1201.72
2023-08-25,19658.9926,18071.574,14100.1453,8200.0,74426.4631,30696.9,19424.8436,14475.1152,31750.0,54100.0,28553.6619,33459.0477,66257.0382,68012.4019,79700.0,56703.8849,72557.9479,36332.2535,24105.9745,25581.6726,57241.1509,16390.7467,11840.1308,21363.6426,23833.684,20484.9449,22710.1882,24179.6413,45580.8805,23833.2408,20937.0515,10657.889,66760.9035,34326.7176,14396.18,75791.5852,10504.2235,25589.0398,51914.6107,13333.32,1183.37
2023-08-24,19924.1428,18217.3125,14333.8493,8190.0,70042.9496,30696.9,19701.5508,13852.5296,32100.0,55400.0,28512.3397,33459.0477,66080.1169,66836.7714,80000.0,56525.8507,73273.5095,36574.146,23959.285,25720.7034,57772.3913,16463.811,11938.2534,21775.1414,23685.6487,19969.3055,22596.2575,24040.9965,45745.73,23985.5299,20756.5596,10471.725,66318.7783,34051.5535,14843.2664,70917.2209,10588.2573,25682.0909,51914.6107,13333.32,1189.39
2023-08-23,19431.721,17780.097,13944.3426,8060.0,67524.761,30366.318,19480.185,13619.06,32500.0,54500.0,27685.895,31424.3759,65018.5889,65356.3478,77500.0,56347.8166,72915.7287,36187.118,23763.699,25303.611,57307.556,16171.554,11774.7157,21466.5173,22501.3662,19266.161,21912.6732,23292.315,44509.3589,23833.2408,20720.4613,10285.561,63739.7147,33673.2029,14783.6549,70152.6148,10378.1729,25589.0398,51576.9547,13095.225,1172.56
2023-08-22,19810.507,17877.256,13944.3426,8120.0,66219.0336,30649.674,20116.6115,13385.5904,32250.0,55500.0,28140.4396,32102.5998,64310.9036,65312.8059,77700.0,56080.7653,71770.8301,36477.389,23470.32,24979.2057,58702.062,16122.8445,11905.5459,21637.9751,22723.4192,19688.0477,22178.5116,23569.6044,44509.3589,23490.5904,20720.4613,10471.725,63739.7147,33913.9715,14038.511,70248.1905,10756.3249,25775.1419,51576.9547,13238.082,1180.49
2023-08-21,19848.3856,17925.8355,13788.5398,8090.0,65286.3712,30460.77,22108.9032,13657.9716,32900.0,56000.0,28057.7951,32554.7491,64487.8249,66488.4364,78400.0,55813.714,70912.1562,36283.875,23470.32,24932.8621,59631.7327,15952.3613,11872.8383,21946.5992,21354.0926,19172.4084,21646.8349,22404.9887,44674.2084,23071.7954,20937.0515,10518.266,63297.5895,33363.6433,13144.3383,67380.9175,10924.3925,25589.0398,51492.5407,13238.082,1179.76
2023-08-18,20075.6572,18071.574,14489.652,8370.0,65752.7024,29091.216,21610.8303,13521.781,33450.0,56800.0,27396.6394,32373.8894,64841.6676,66880.3133,79000.0,55813.714,69838.8138,36138.7395,23225.8375,24793.8312,59432.5175,15830.5875,11840.1308,21055.0186,20946.9955,18750.5216,21570.8811,22294.0729,43025.7136,23985.5299,22308.7893,10844.053,63002.8394,33019.6883,12637.6404,65947.2809,10966.4094,25309.8867,51070.4707,13476.177,1177.99
2023-08-17,21287.7723,19431.8,15580.271,9000.0,70509.2808,31027.482,22689.9882,14533.4826,35950.0,61000.0,29338.7843,34770.2807,65107.0495,67794.6926,82100.0,56080.7653,71556.1616,38460.9075,24937.215,25998.7651,59366.1125,16902.1965,12330.7439,22358.0979,22168.2868,20156.8108,23165.911,23957.8097,45498.4558,25774.9265,23969.3141,11635.25,63371.2771,33363.6433,12548.2232,69388.0086,11764.7304,27170.9077,52927.5787,14476.176,1233.48
2023-08-16,21174.1366,19820.436,15813.9751,9050.0,70602.5471,31499.742,22966.6954,14786.408,37800.0,62900.0,29380.1065,34860.7105,64664.7462,68491.3625,81800.0,56525.8507,71699.274,38944.6925,25181.6975,26184.1395,59233.3024,17194.4535,12428.8665,22186.6401,21354.0926,19969.3055,23014.0034,23846.8939,45993.0042,25584.5652,24907.8716,11821.414,62708.0893,33741.9939,12548.2232,70726.0694,11680.6966,27450.0609,53265.2347,14571.414,1243.26
2023-08-15,21174.1366,20014.754,15891.8764,9200.0,71255.4108,31499.742,22966.6954,14980.966,35350.0,61700.0,29752.0066,34815.4956,64399.3642,68491.3625,82400.0,56347.8166,71842.3863,39041.4495,24986.1115,26462.2012,59034.0872,16585.5848,12396.159,22220.9317,21243.0661,19781.8003,22900.0727,23930.0808,46157.8537,25736.8543,25557.6421,11961.037,61897.5264,33673.2029,12458.8059,69770.3117,11680.6966,27636.163,53434.0627,14714.271,1234.05
2023-08-14,21325.6509,19528.959,15813.9751,9300.0,68457.4235,31688.646,22689.9882,14728.0406,36650.0,61200.0,30165.2289,35086.7852,64930.1282,68796.1556,82200.0,57148.9704,71985.4986,39234.9635,25083.9045,26369.514,59100.4923,16463.811,12396.159,22152.3485,21576.1456,20063.0582,23279.8418,24235.0992,45910.5795,25584.5652,25377.1503,11914.496,60865.901,33570.0164,12399.1944,69101.2813,11554.6459,27589.6375,53602.8907,14714.271,1236.84
2023-08-11,20984.7436,19286.0615,15190.7642,9220.0,68364.1572,31074.708,22081.2324,14630.7616,36300.0,60900.0,30123.9067,34996.3553,65018.5889,69449.2836,84500.0,57416.0216,72629.5041,39331.7205,24937.215,26786.6065,60030.1629,16390.7467,12363.4515,22015.1823,20835.9691,18797.3979,22406.373,23347.7729,45498.4558,25051.5534,24799.5765,11914.496,60423.7758,33707.5984,12250.1656,69770.3117,11470.6121,27636.163,53349.6487,14666.652,1232.21
2023-08-10,20719.5934,18265.892,14801.2575,9000.0,69203.5534,30413.544,21610.8303,14728.0406,33950.0,60600.0,28842.9175,34182.4866,64664.7462,69928.2442,83000.0,57950.1241,72987.2849,39476.856,25083.9045,27203.699,58768.467,16317.6825,12363.4515,21706.5583,20798.9602,18844.2742,22672.2113,23569.6044,46405.1279,25203.8425,25413.2487,11728.332,60571.1509,33638.8074,11922.3023,69770.3117,11596.6628,27543.112,53096.4067,14999.985,1220.61
2023-08-09,21060.5008,18557.369,15229.7149,9300.0,69017.0209,31263.612,21583.1595,14844.7754,32900.0,60600.0,29338.7843,34770.2807,64664.7462,70102.4117,88000.0,58306.1925,72271.7232,39380.099,25230.594,27064.6681,59897.3528,16561.23,12526.9892,22289.5148,21169.0485,18750.5216,23203.888,24124.1834,47476.6495,25584.5652,26099.1176,11961.037,61234.3387,33707.5984,12220.3599,70726.0694,11680.6966,27822.2651,54193.7887,15095.223,1233.99
2023-08-08,20605.9576,18168.733,14996.0108,8710.0,69576.6184,31546.968,21887.5374,14922.5986,33500.0,62800.0,29132.1731,34679.8508,65903.1955,70363.6629,89200.0,58128.1583,72414.8356,39573.613,25523.973,27620.7914,60229.3781,16561.23,12559.6967,22358.0979,21539.1367,18844.2742,23697.5877,24456.9307,48218.4722,26155.6492,26351.8062,12193.742,62044.9015,33845.1805,11683.8563,71299.524,11848.7642,28194.4693,54784.6867,14857.128,1242.23
2023-08-07,20871.1078,18460.21,14996.0108,8650.0,68923.7547,31169.16,21583.1595,15292.2588,31950.0,62900.0,29752.0066,35448.5046,66257.0382,70102.4117,88200.0,57861.1071,72200.1671,39186.585,25328.387,25859.7343,60295.7831,16731.7133,12657.8194,22358.0979,21983.2427,19266.161,23773.5415,24845.136,47723.9237,26498.2997,26351.8062,12100.66,62265.9641,33982.7625,11266.5757,70726.0694,11512.629,27310.4843,54784.6867,14619.033,1241.42
2023-08-04,20719.5934,18363.051,14996.0108,8570.0,69483.3522,31169.16,21749.1838,15019.8776,31100.0,63000.0,29752.0066,36171.9435,64576.2856,69884.7023,86300.0,57327.0045,71770.8301,38993.071,25279.4905,25952.4215,59830.9478,16366.392,12428.8665,21260.768,21613.1544,19313.0373,23014.0034,24706.4913,47806.3485,37729.6192,25521.5438,11774.873,61381.7137,33845.1805,11445.4102,69005.7055,11428.5952,27310.4843,54024.9607,14619.033,1225.98
2023-08-03,20340.8074,18168.733,14684.4054,8350.0,69110.2872,31358.064,21361.7938,14980.966,29100.0,60100.0,29132.1731,34725.0657,64222.4429,70320.1211,86100.0,57327.0045,71269.937,38799.557,24643.836,25720.7034,60162.973,16317.6825,12330.7439,21192.1848,21095.0308,18563.0164,22558.2806,23680.5202,46652.4021,37996.1251,25160.5601,11681.791,61676.4638,33707.5984,10730.0721,68814.554,11344.5614,27450.0609,54784.6867,14619.033,1210.95
2023-08-02,20833.2292,18265.892,14957.0602,8520.0,69110.2872,30649.674,21666.1717,14942.0544,29150.0,61900.0,29586.7177,34860.7105,67318.5662,69188.0324,85200.0,57594.0558,71842.3863,39621.9915,25328.387,26091.4523,60760.6185,16512.5205,12363.4515,21295.0595,21465.1191,18938.0269,22938.0496,23625.0623,46652.4021,36968.1738,24763.4781,11635.25,61529.0888,34051.5535,10432.0145,69388.0086,11512.629,27170.9077,54784.6867,14904.747,1220.43
2023-08-01,20833.2292,18071.574,14840.2081,8500.0,69390.0859,29941.284,21666.1717,14864.2312,29450.0,62800.0,29669.3621,34453.7762,67230.1055,68970.3231,86700.0,57594.0558,72057.0548,39670.37,24937.215,25488.9854,60561.4033,16561.23,12330.7439,20849.2692,21317.0838,18750.5216,22786.142,23403.2308,47064.5258,37006.2461,24438.5928,11542.168,62265.9641,33741.9939,10253.18,69579.1602,11302.5445,27217.4333,55291.1707,14952.366,1217.56
2023-07-31,21363.5295,18703.1075,15346.5669,8600.0,67151.696,29941.284,21859.8667,14805.8638,27550.0,63000.0,30991.6736,36171.9435,68999.3188,68273.6531,87300.0,57861.1071,72701.0602,40154.155,25621.766,25952.4215,60827.0235,16707.3585,12330.7439,20574.9367,21946.2338,19500.5425,23393.7725,24124.1834,48383.3216,37805.7637,24907.8716,11681.791,63076.5269,33741.9939,9865.7052,69579.1602,11512.629,27357.0098,56557.3807,14714.271,1222.9
2023-07-28,21439.2867,18751.687,15424.4683,8750.0,67711.2935,28807.86,21361.7938,14708.5848,25750.0,58900.0,30371.8401,35448.5046,68468.5548,68360.7369,86100.0,56970.9362,71198.3808,38751.1785,25866.2485,26276.8268,61756.6942,16463.811,12232.6213,20232.0211,22020.2515,19031.7795,23431.7494,24013.2676,47559.0742,37881.9083,24763.4781,11914.496,62192.2766,33226.0613,9239.7843,69005.7055,11386.5783,27217.4333,57401.5207,14714.271,1207.67
2023-07-27,21515.0439,18217.3125,15307.6163,8800.0,66498.8323,27816.114,20808.3794,14436.2036,25550.0,57500.0,29338.7843,35312.8598,66964.7235,69754.0767,84200.0,56970.9362,70268.1507,38606.043,25230.594,26508.5448,61557.479,16122.8445,12167.2062,20129.1464,21798.1985,18188.006,23127.9341,23680.5202,47394.2248,37196.6074,25016.1667,11821.414,61676.4638,32882.1062,9001.3382,69292.4328,11176.4938,27077.8567,56641.7947,14714.271,1197.33
2023-07-26,21515.0439,18168.733,15307.6163,8840.0,67151.696,27957.792,21002.0745,14689.129,25500.0,59000.0,28925.562,34498.9911,66345.4989,70363.6629,84600.0,56970.9362,70268.1507,39186.585,25328.387,25488.9854,62022.3144,16293.3278,12265.3288,20437.7705,21465.1191,18094.2534,22976.0265,23874.6229,46899.6763,37958.0528,25629.8389,11914.496,60939.5885,32469.3601,8911.921,69770.3117,11386.5783,27961.8417,57317.1067,14666.652,1200.84
2023-07-25,21401.4081,17780.097,15268.6656,8760.0,67431.4948,27721.662,20946.733,15117.1566,25750.0,58600.0,28223.084,33639.9074,65903.1955,68796.1556,83400.0,57148.9704,70697.4877,38993.071,25132.801,25349.9546,60893.4286,16317.6825,12298.0364,20506.3536,21317.0838,17719.2429,23014.0034,23846.8939,48136.0474,38224.5587,26279.6094,12566.07,59907.9631,32606.9422,9090.7555,70248.1905,11134.4769,27822.2651,55122.3427,14523.795,1195.9
2023-07-24,21401.4081,17780.097,15268.6656,8790.0,67431.4948,27627.21,20697.6966,14319.4688,26000.0,59100.0,28305.7285,33956.4119,65107.0495,67489.8995,84000.0,57416.0216,70482.8192,38993.071,25132.801,25952.4215,69459.6797,15806.2328,12265.3288,20472.062,21243.0661,17859.8719,23165.911,23430.9597,48465.7464,38376.8478,26207.4127,12752.234,59686.9005,32916.5017,9090.7555,70726.0694,11176.4938,28147.9438,54700.2727,14666.652,1190.72
2023-07-21,21515.0439,17682.938,15346.5669,8760.0,68084.3585,27485.532,20697.6966,14591.85,26050.0,59000.0,27148.706,34408.5612,65018.5889,66662.6039,83000.0,57416.0216,71126.8247,39186.585,24546.043,26693.9192,69725.2999,15733.1685,12199.9137,20369.1874,21280.075,17625.4903,23127.9341,23569.6044,47394.2248,37539.2578,25629.8389,12379.906,59686.9005,32950.8972,9120.5613,70726.0694,11134.4769,28613.1991,55206.7567,14571.414,1185.9
2023-07-20,21363.5295,17051.4045,14957.0602,8700.0,67991.0922,27485.532,20310.3065,14494.571,26000.0,57700.0,26528.8726,33911.197,64222.4429,66706.1458,79500.0,56970.9362,70625.9315,38412.529,24252.664,26879.2937,69725.2999,15538.3305,12069.0836,20334.8958,20724.9426,17016.0984,22710.1882,23292.315,47146.9505,36435.162,25918.6258,12193.742,59171.0878,33088.4793,8882.1152,70821.6452,11176.4938,28380.5714,54531.4447,14571.414,1172.81
2023-07-19,20757.472,16857.0865,14840.2081,8530.0,66219.0336,27154.95,20310.3065,14300.013,26050.0,58500.0,26611.517,33820.7672,64222.4429,66531.9783,80800.0,56525.8507,70769.0439,38799.557,24399.3535,27435.417,70721.3756,15733.1685,12036.376,20506.3536,21095.0308,16969.2221,23014.0034,23458.6887,47146.9505,36815.8847,26424.0029,12240.283,57844.7122,33329.2478,8941.7267,70726.0694,11176.4938,28752.7757,54869.1007,14428.557,1172.98
2023-07-18,20605.9576,16759.9275,14879.1588,8640.0,66032.5011,27154.95,20504.0016,14630.7616,26350.0,58800.0,26900.7726,34182.4866,64045.5216,66662.6039,80500.0,55635.6799,71413.0493,39234.9635,24790.5255,28176.9148,69260.4645,15733.1685,12167.2062,20472.062,21132.0397,17250.4799,23431.7494,23236.8571,47559.0742,36815.8847,26171.3143,12333.365,57992.0873,33363.6433,9060.9498,71968.5544,11344.5614,28799.3012,55122.3427,14333.319,1174.09
2023-07-17,20681.7148,17148.5635,15151.8136,8810.0,66592.0986,26493.786,20282.6358,14630.7616,26450.0,59000.0,26859.4504,33006.8984,63957.0609,66836.7714,80700.0,55635.6799,70840.6,39621.9915,24888.3185,27435.417,69592.4898,15538.3305,12167.2062,20369.1874,21317.0838,17156.7273,23507.7032,23458.6887,46899.6763,36815.8847,26784.9865,12426.447,58213.1499,33157.2703,9150.367,70630.4936,11218.5107,29031.9288,55122.3427,14571.414,1173.13
2023-07-14,20833.2292,17245.7225,15073.9122,8800.0,66778.6311,26824.368,20420.9894,14922.5986,25700.0,56400.0,26033.0058,33368.6179,64841.6676,66967.397,81800.0,55724.697,70840.6,39573.613,24594.9395,28733.0381,69725.2999,15562.6853,12199.9137,20506.3536,21095.0308,17344.2325,23051.9803,23708.2492,46982.1011,37120.4629,26171.3143,12240.283,57697.3371,33019.6883,9150.367,70821.6452,11176.4938,29171.5054,55713.2407,14428.557,1168.4
2023-07-13,20492.3218,17002.825,14528.6027,8630.0,66405.5661,26918.82,20531.6723,15019.8776,25750.0,56300.0,26198.2947,31333.946,64664.7462,66836.7714,81800.0,55813.714,71055.2685,40057.398,24741.629,29520.8794,69658.8948,15562.6853,13802.5834,20574.9367,21021.0132,16828.5932,23014.0034,23153.6703,47146.9505,37310.8242,26748.8882,12193.742,55855.1489,33122.8748,9001.3382,70726.0694,11218.5107,28101.4183,55713.2407,14142.843,1165.42
2023-07-12,20454.4432,16954.2455,14489.652,8600.0,63141.2475,26493.786,20448.6601,14552.9384,25700.0,55100.0,25247.8834,29299.2742,65018.5889,65748.2246,79500.0,55457.6457,69051.696,40154.155,24692.7325,30372.8585,69061.2494,15416.5568,13737.1683,20574.9367,20687.9337,16500.459,22634.2344,22959.5676,47064.5258,36435.162,26712.7898,12193.742,55486.7112,32813.3152,8703.2807,71395.0998,11134.4769,27822.2651,54869.1007,14047.605,1154.2
2023-07-11,20681.7148,16954.2455,14528.6027,8620.0,62115.3188,26021.526,20199.6237,14280.5572,25400.0,53900.0,25123.9167,29208.8444,64399.3642,65312.8059,79200.0,55724.697,69552.5891,39912.2625,24301.5605,29873.774,68397.1989,15562.6853,13867.9985,20780.6861,20761.9514,16781.7169,22938.0496,22959.5676,46734.8269,36739.7402,27615.2489,12100.66,55265.6486,32503.7556,8792.6979,71490.6755,11134.4769,28054.8928,55628.8267,14142.843,1151.77
2023-07-10,20984.7436,16954.2455,14645.4548,8650.0,63234.5138,26257.656,20144.2822,14358.3804,25450.0,53800.0,25041.2722,28847.1249,63780.1396,65443.4315,77900.0,55724.697,69767.2576,40444.426,24350.457,29517.285,68197.9838,15587.04,13573.6306,20369.1874,20354.8543,16641.088,22824.1189,23125.9413,45910.5795,37310.8242,27940.1342,12333.365,55486.7112,32194.1961,8494.6404,72446.4332,11092.4601,28380.5714,55459.9987,13999.986,1149.02
2023-07-07,20795.3506,16711.348,14333.8493,8500.0,63234.5138,26068.752,19646.2093,14436.2036,25050.0,54000.0,24958.6278,28892.3399,62718.6116,65748.2246,75200.0,55724.697,68693.9152,38993.071,24301.5605,28091.3292,69725.2999,15367.8473,13377.3853,20300.6042,19577.669,16594.2117,22634.2344,22626.8203,45993.0042,36549.3788,27795.7407,12193.742,55486.7112,32262.9871,8286.0001,71299.524,11008.4263,27682.6885,55037.9287,13857.129,1138.07
2023-07-06,20454.4432,15934.076,13632.7371,8120.0,62954.715,25643.718,19397.1729,14202.734,25200.0,54500.0,24958.6278,29389.7041,62364.7689,66793.2295,76000.0,55635.6799,68121.4659,38993.071,24448.25,27592.2447,66869.8828,15367.8473,13213.8476,20129.1464,19466.6425,16922.3458,22482.3268,22294.0729,44097.2352,36016.3671,26929.38,11867.955,54970.8985,32194.1961,8286.0001,68814.554,11134.4769,27915.3162,54953.5147,14380.938,1126.22
2023-07-05,20416.5646,16225.553,13788.5398,8310.0,62115.3188,25974.3,19701.5508,14105.455,25500.0,56100.0,25413.1723,30429.6475,61745.5443,66967.397,75800.0,55724.697,67477.4604,38993.071,24937.215,27877.4359,67733.1485,15562.6853,13344.6778,20266.3127,19392.6248,18094.2534,22444.3499,21767.2229,44344.5094,35635.6444,27579.1506,12100.66,55118.2735,32297.3826,8226.3886,69579.1602,11344.5614,28101.4183,55375.5847,15380.937,1134.62
2023-07-04,19886.2642,16128.394,13632.7371,8200.0,60436.5264,25832.622,19563.1972,13735.7948,25650.0,56500.0,25123.9167,29841.8534,62453.2296,66880.3133,75600.0,55724.697,68049.9097,38557.6645,25279.4905,27841.787,66405.0475,15587.04,13311.9702,20197.7296,19614.6778,18375.5112,22634.2344,22044.5124,44097.2352,35178.7771,26712.7898,12007.578,64108.1524,32125.405,7958.1368,69005.7055,11260.5276,28287.5204,55206.7567,15428.556,1132.0
2023-07-03,19848.3856,15934.076,13399.0331,8020.0,59503.864,25738.17,19729.2215,13619.06,25550.0,55900.0,25123.9167,29389.7041,62541.6903,66923.8551,75400.0,55724.697,67262.7919,36429.0105,24301.5605,27342.7024,66405.0475,15587.04,13213.8476,20060.5633,19022.5366,17672.3666,21418.9735,20602.6072,43355.4126,34721.9099,25702.0356,12007.578,63666.0272,31919.032,7928.331,67380.9175,11176.4938,27636.163,55037.9287,15380.937,1125.5
2023-06-30,19810.507,15982.6555,13437.9837,7890.0,59503.864,24935.328,19231.1486,13405.0462,25500.0,55000.0,25454.4945,29841.8534,62807.0723,66880.3133,75200.0,55724.697,66547.2303,36138.7395,23959.285,27520.9469,66405.0475,15757.5233,13213.8476,20232.0211,19096.5542,17719.2429,21380.9966,20297.5888,42778.4394,34265.0427,25665.9372,11774.873,63371.2771,31781.45,8017.7483,67380.9175,11260.5276,27822.2651,55037.9287,15619.032,1120.18
2023-06-29,19545.3568,15934.076,13437.9837,8000.0,58757.734,24840.876,19286.49,13307.7672,25900.0,55000.0,25413.1723,29887.0683,63603.2182,67054.4808,75400.0,55902.7311,67692.1289,36283.875,23959.285,27663.5425,67666.7434,15903.6518,13279.2627,20506.3536,18837.4924,17625.4903,21267.0659,20131.2151,42613.5899,34036.609,25449.347,11728.332,63739.7147,31953.4275,8017.7483,67476.4932,11386.5783,28845.8267,53856.1327,15333.318,1125.39
2023-06-28,20151.4144,16322.712,14139.0959,8350.0,60996.1239,25596.492,19701.5508,13657.9716,26100.0,55400.0,25991.6836,30610.5072,62453.2296,67359.2738,77000.0,55991.7482,68264.5782,36864.417,24057.078,27414.0002,67135.503,16220.2635,13540.923,20574.9367,19651.6866,18328.6349,22064.5809,21073.9993,43437.8373,34874.199,25449.347,12054.119,64108.1524,32331.7781,8196.5828,69388.0086,11596.6628,29450.6586,55037.9287,15666.651,1138.35
2023-06-27,19545.3568,16419.871,14061.1946,8440.0,61089.3901,25407.588,19424.8436,13930.3528,26200.0,55900.0,26033.0058,30655.7221,62364.7689,67228.6482,77700.0,56169.7824,68908.5836,36912.7955,24203.7675,27093.1602,66405.0475,16049.7803,13148.4325,20129.1464,19688.6954,18422.3875,21874.6963,20824.4388,43602.6868,35559.4998,25268.8552,12193.742,64329.215,32710.1287,8166.7771,69770.3117,11428.5952,29590.2351,53011.9927,15809.508,1134.33
2023-06-26,19090.8136,16468.4505,14100.1453,8480.0,60529.7927,25407.588,19424.8436,13988.7202,26100.0,55500.0,25991.6836,30746.152,62453.2296,67925.3182,77700.0,56080.7653,68693.9152,36332.2535,23959.285,26736.6712,66405.0475,16220.2635,13213.8476,20060.5633,19096.5542,18141.1297,21646.8349,20796.7098,43272.9878,34036.609,25882.5274,11728.332,63223.902,33260.4568,8286.0001,70057.039,11470.6121,29729.8117,52758.7507,15476.175,1132.03
2023-06-23,19242.328,16857.0865,14178.0466,8400.0,60902.8577,25124.232,19009.7828,13716.339,26000.0,56000.0,26156.9725,30791.3669,61126.3196,68143.0275,77300.0,56525.8507,68121.4659,36283.875,23617.0095,26344.5334,66338.6425,16025.4255,13213.8476,20060.5633,19244.5895,18469.2638,21798.7425,20796.7098,43437.8373,33617.8141,25268.8552,11728.332,62708.0893,31162.3308,8047.5541,69388.0086,11512.629,29729.8117,53096.4067,15809.508,1129.38
2023-06-22,18825.6634,16905.666,13788.5398,8310.0,61555.7214,25029.78,19009.7828,13580.1484,26200.0,55700.0,25909.0391,31560.0207,59180.185,67402.8157,76300.0,56792.902,68407.6905,36429.0105,24448.25,25667.2044,66670.6677,15879.297,13017.6023,20197.7296,19318.6072,18422.3875,21950.6501,20741.2519,42696.0147,33998.5368,24113.7076,11681.791,63002.8394,31299.9128,7987.9425,68049.9478,11554.6459,30148.5415,53349.6487,15952.365,1125.3
2023-06-21,18636.2705,16662.7685,13788.5398,8240.0,59410.5977,24038.034,18373.3563,12704.6374,26200.0,54600.0,25289.2056,31605.2356,58649.421,67489.8995,76100.0,56881.9191,68550.8028,36283.875,24350.457,25310.7154,66405.0475,15830.5875,12984.8948,19991.9802,19244.5895,18516.1401,21646.8349,20907.6256,42696.0147,33655.8863,23824.9206,11542.168,63223.902,31506.2859,7958.1368,68049.9478,11470.6121,29031.9288,53434.0627,15857.127,1118.46
2023-06-20,17916.5771,16128.394,13204.2797,7900.0,58664.4678,24132.486,18235.0027,12451.712,26000.0,55100.0,25289.2056,31605.2356,57941.7357,67620.5251,75200.0,57059.9533,69051.696,35993.604,23910.3885,24954.2265,66338.6425,15660.1043,12854.0646,20026.2718,19022.5366,18375.5112,20735.3892,20519.4203,42036.6167,33122.8746,24041.5108,11262.922,63002.8394,31643.8679,7868.7195,68336.6751,11428.5952,28845.8267,53602.8907,15714.27,1111.72
2023-06-19,17689.3055,15788.3375,12775.8222,8400.0,57078.9416,23896.356,18096.6491,12296.0656,26050.0,55000.0,25123.9167,31062.6565,58207.1177,68273.6531,74500.0,57327.0045,68121.4659,35993.604,23470.32,24027.3552,67533.9333,15635.7495,12788.6495,19614.773,19540.6601,18000.5008,20583.4816,20325.3177,41377.2188,32589.8628,23969.3141,11030.217,62413.3392,31196.7263,7868.7195,67763.2205,11386.5783,29311.082,53434.0627,15476.175,1105.4
2023-06-16,17765.0627,16031.235,13087.4277,9000.0,57265.4741,23518.548,18041.3077,12548.991,26750.0,56000.0,25371.8501,30881.7967,58472.4997,67489.8995,76600.0,57416.0216,68336.1344,35993.604,23323.6305,24169.9508,69725.2999,15854.9423,12886.7722,19546.1899,19318.6072,18188.006,20393.5971,19465.7204,41706.9178,32361.4292,23391.7403,11309.463,62265.9641,31299.9128,7809.108,69101.2813,11344.5614,29311.082,52674.3367,15238.08,1115.22
2023-06-15,17537.7911,16079.8145,13048.477,8970.0,58291.4028,23613.0,18041.3077,12646.27,26750.0,56500.0,25330.5279,31107.8714,58649.421,69231.5743,77100.0,57505.0387,69123.2521,37057.931,23861.492,24027.3552,68729.2242,15903.6518,12886.7722,19889.1055,19022.5366,17906.7482,20013.8281,19049.7862,41542.0683,33160.9468,23500.0354,11402.545,61971.214,30955.9577,7958.1368,69101.2813,11386.5783,29962.4394,52167.8527,15380.937,1116.97
2023-06-14,17499.9125,16322.712,13321.1317,9090.0,57358.7404,23801.904,18262.6735,12646.27,26900.0,57000.0,25495.8168,30791.3669,59357.1063,70537.8304,78000.0,57594.0558,67692.1289,36816.0385,22883.562,23884.7596,68131.5787,15879.297,12919.4797,19683.3561,18800.4836,17531.7377,19823.9436,18994.3283,41624.4931,32894.441,22994.6582,11449.086,62044.9015,30818.3757,7958.1368,68336.6751,11554.6459,29543.7096,52589.9227,15523.794,1117.42
2023-06-13,17727.1841,16711.348,13593.7865,9100.0,58477.9353,24085.26,18428.6978,12840.828,27050.0,56700.0,25330.5279,30294.0027,59799.4096,70450.7467,78800.0,57772.09,67262.7919,36816.0385,23323.6305,24027.3552,68065.1737,15976.716,13279.2627,19409.0237,18763.4748,17484.8614,19861.9205,19022.0572,42036.6167,33579.7418,21659.0188,11635.25,62192.2766,30887.1667,8047.5541,70343.7663,11638.6797,29776.3372,53011.9927,15619.032,1122.46
2023-06-12,17386.2767,16031.235,12853.7236,8930.0,60156.7277,24415.842,18484.0392,13074.2976,26700.0,55400.0,25247.8834,29841.8534,60064.7916,70537.8304,78400.0,57772.09,67191.2358,36719.2815,22883.562,24134.3019,67069.098,15928.0065,13311.9702,19477.6068,18763.4748,17672.3666,20051.805,19243.8888,42531.1652,34303.1149,20864.8547,11681.791,62560.7142,31299.9128,8047.5541,68145.5236,11680.6966,30148.5415,52421.0947,15761.889,1116.02
2023-06-09,17348.3981,16079.8145,13009.5263,8890.0,58851.0003,24038.034,18428.6978,12801.9164,26150.0,55500.0,25165.2389,29841.8534,58207.1177,68796.1556,76500.0,57683.0729,67048.1234,36767.66,23079.148,23991.7063,66737.0727,15781.878,13246.5551,19443.3152,18689.4571,17766.1193,20203.7126,19299.3467,42366.3157,33884.32,20828.7564,11681.791,62339.6516,31299.9128,7809.108,67858.7963,11554.6459,29915.9138,52252.2667,15904.746,1107.53
2023-06-08,17272.6409,15885.4965,12697.9209,8800.0,55027.0843,23518.548,18207.332,12218.2424,26200.0,55400.0,25123.9167,29299.2742,57941.7357,69579.9092,74400.0,57683.0729,66976.5673,37057.931,23128.0445,24063.0041,66405.0475,15465.2663,13083.0174,19580.4815,17986.2894,16969.2221,19823.9436,18855.6836,41212.3694,32627.9351,20576.0678,11542.168,61602.7763,30612.0027,7749.4965,67667.6448,11596.6628,30195.067,52336.6807,16047.603,1101.32
2023-06-07,17121.1265,16274.1325,13009.5263,9050.0,56332.8117,24132.486,18373.3563,12548.991,26400.0,55300.0,25165.2389,30294.0027,58560.9603,69579.9092,75500.0,57683.0729,67620.5727,37638.473,23910.3885,23777.8129,64412.8961,15879.297,13311.9702,19820.5224,18578.4307,18047.3771,20925.2738,19548.9072,42036.6167,33884.32,21298.0351,12007.578,62634.4018,31299.9128,8047.5541,69292.4328,11554.6459,30427.6946,53265.2347,16285.698,1109.54
2023-06-06,16477.1903,15642.599,12775.8222,8710.0,55773.2142,23990.808,18151.9906,12548.991,26600.0,55000.0,24628.0499,29344.4892,58737.8817,69666.993,73600.0,57683.0729,68049.9097,37638.473,23665.906,23813.4618,65740.997,15928.0065,13377.3853,19683.3561,18615.4395,18094.2534,21039.2045,19521.1783,42860.8641,32551.7905,21442.4286,11774.873,62855.4643,31437.4949,8345.6116,69196.8571,11596.6628,31172.1031,53265.2347,16285.698,1108.31
2023-06-05,16401.4331,15399.7015,12658.9702,8650.0,55120.3505,24038.034,18318.0149,12646.27,26050.0,53700.0,24669.3721,28801.91,58826.3423,69405.7418,74100.0,57416.0216,67262.7919,37831.987,23665.906,23849.1107,65076.9466,15538.3305,12952.1872,19717.6477,17838.2541,16922.3458,20393.5971,19049.7862,42860.8641,32627.9351,21442.4286,11821.414,62634.4018,30302.4431,8345.6116,69292.4328,11722.7135,31265.1541,52758.7507,16190.46,1097.82
2023-06-02,16363.5545,15059.645,12347.3648,8610.0,52508.8957,23329.644,17847.6127,12276.6098,26000.0,53400.0,24297.4721,29344.4892,58295.5783,68796.1556,72300.0,57059.9533,65831.6687,37009.5525,23763.699,23884.7596,63018.3901,15684.459,12886.7722,19649.0646,17838.2541,17156.7273,20811.343,19410.2625,42366.3157,30495.888,21081.4449,11076.758,61750.1514,28341.8991,8256.1943,70248.1905,11470.6121,30613.7967,51830.1967,16142.841,1090.84
2023-06-01,16212.0402,14768.168,11957.858,8530.0,50923.3695,22762.932,17487.8934,12607.3584,26000.0,53000.0,24297.4721,29389.7041,58472.4997,68883.2393,71800.0,56970.9362,65831.6687,36235.4965,23372.527,23314.3773,62354.3396,14758.9785,12298.0364,19168.9827,17357.1394,17062.9747,20811.343,19327.0756,42036.6167,30610.1048,21081.4449,11169.84,61529.0888,28204.3171,8226.3886,69579.1602,11470.6121,30706.8478,51745.7827,16380.936,1078.39
2023-05-31,16060.5258,14962.486,12074.71,8510.0,49990.7071,22951.836,17653.9177,12373.8888,26000.0,53500.0,24545.4055,28937.5548,58472.4997,68796.1556,72000.0,56970.9362,66404.118,36283.875,23665.906,23314.3773,62420.7447,14588.4953,12167.2062,19203.2743,17135.0865,16406.7064,20583.4816,19188.4309,41294.7941,31028.8997,21189.74,10704.43,61971.214,28101.1305,8226.3886,67858.7963,11470.6121,30706.8478,51914.6107,16380.936,1075.17
2023-05-30,16174.1616,15399.7015,12074.71,8640.0,50177.2395,22999.062,17709.2591,12412.8004,26200.0,54900.0,24875.9833,29208.8444,58826.3423,67925.3182,72800.0,56881.9191,66475.6742,36670.903,23519.2165,23171.7817,62752.7699,14710.269,12265.3288,19237.5658,17283.1218,16312.9538,20697.4123,19410.2625,41294.7941,30724.3216,21009.2482,10890.594,61897.5264,28204.3171,8345.6116,67380.9175,11470.6121,30986.0009,51661.3687,15714.27,1078.05
2023-05-29,16249.9188,15253.963,11802.0553,8800.0,48032.1159,22432.35,17349.5398,12412.8004,26350.0,55500.0,24752.0166,29027.9846,59357.1063,67620.5251,71600.0,56970.9362,67119.6796,36670.903,23176.941,22743.995,61823.0992,14710.269,12265.3288,19203.2743,17320.1306,15984.8197,20659.4354,19410.2625,41047.5199,30381.6712,20215.0842,10657.889,61234.3387,28307.5036,8435.0289,67189.7659,11428.5952,30567.2712,51914.6107,15761.889,1074.98
2023-05-26,15984.7686,14913.9065,11451.4992,8400.0,46912.921,22290.672,17432.5519,11945.8612,26000.0,55000.0,24628.0499,28937.5548,59357.1063,67707.6088,72000.0,57059.9533,67048.1234,36429.0105,23323.6305,22779.6439,61092.6437,14564.1405,12069.0836,19066.108,16690.9805,14953.541,20051.805,18855.6836,40882.6704,29848.6594,20215.0842,10657.889,61234.3387,27860.362,8345.6116,66807.4628,11428.5952,30613.7967,51914.6107,15761.889,1063.76
2023-05-25,16060.5258,15059.645,11568.3512,8100.0,47285.986,22101.768,17266.5276,11868.038,26300.0,55000.0,24297.4721,28304.5458,59357.1063,68796.1556,72000.0,57059.9533,67763.6851,36138.7395,23421.4235,22458.8038,61889.5043,14515.431,12069.0836,18928.9418,16653.9717,14859.7884,19747.9897,18855.6836,41047.5199,30077.093,20684.3629,10704.43,61308.0262,27997.944,8375.4174,68241.0994,11302.5445,30613.7967,51492.5407,15571.413,1064.63
2023-05-24,16136.283,15156.804,11529.4005,8100.0,47379.2522,22243.446,17321.8691,11965.317,26300.0,54500.0,24173.5054,29073.1996,58649.421,69013.8649,71800.0,57148.9704,66189.4495,36090.361,22883.562,22244.9105,61491.074,14515.431,12167.2062,19031.8165,16802.007,15094.1699,19975.8512,18855.6836,41377.2188,29772.5148,20756.5596,10378.643,59907.9631,28032.3395,8435.0289,67572.069,11344.5614,30520.7457,51999.0247,15333.318,1061.79
2023-05-23,16439.3117,15496.8605,11763.1046,8250.0,47938.8497,22526.802,17626.247,12062.596,26300.0,53700.0,24132.1831,29480.1339,59268.6456,69231.5743,70400.0,57327.0045,66690.3426,36283.875,23274.734,22316.2083,61623.8841,14783.3333,12265.3288,19134.6912,16913.0335,15422.304,20241.6895,18772.4967,40882.6704,29544.0812,20106.7891,10192.479,60423.7758,27860.362,8435.0289,67763.2205,11470.6121,30520.7457,52843.1647,15523.794,1065.85
2023-05-22,16590.8261,15691.1785,11879.9566,8390.0,47006.1872,22196.22,17321.8691,11673.48,26050.0,54100.0,24462.761,30113.143,60330.1736,69971.7861,72000.0,57416.0216,67763.6851,36525.7675,23079.148,22387.506,61823.0992,14856.3975,12330.7439,19168.9827,16950.0423,15187.9225,19899.8974,18966.5993,40965.0951,29810.5871,19962.3956,10378.643,60792.2135,28066.735,8405.2231,65947.2809,11428.5952,30799.8988,51154.8847,15666.651,1070.64
2023-05-19,16515.0689,15108.2245,11373.5978,8250.0,46819.6547,22243.446,17792.2713,11692.9358,26250.0,54100.0,24338.7943,28937.5548,60684.0163,69971.7861,72400.0,57594.0558,67906.7974,36380.632,22932.4585,21959.7193,62553.5547,14442.3668,12199.9137,19203.2743,16950.0423,15094.1699,19558.1052,18827.9546,41542.0683,29658.298,19998.494,10239.02,61013.2761,28135.526,8464.8346,63749.0382,11344.5614,29543.7096,49551.0186,15380.937,1067.07
2023-05-18,16628.7047,15011.0655,11334.6472,8120.0,47006.1872,22574.028,18151.9906,11673.48,26600.0,55000.0,24214.8276,28756.6951,61214.7803,70668.456,73200.0,57683.0729,66547.2303,36235.4965,21905.632,21745.8259,63084.7951,14393.6573,12167.2062,19031.8165,16876.0247,14531.6543,19482.1514,18800.2257,42119.0415,30000.9485,20070.6907,10052.856,61086.9636,28204.3171,8494.6404,62793.2805,11260.5276,28752.7757,56304.1387,15095.223,1068.31
2023-05-17,16515.0689,15059.645,11295.6965,8080.0,47379.2522,22574.028,18262.6735,11615.1126,26600.0,53400.0,23553.6719,28621.0503,61037.859,70755.5398,73100.0,57683.0729,65760.1125,36283.875,21465.5635,21104.1458,61623.8841,14247.5288,12069.0836,18860.3587,16616.9629,14297.2728,19140.3593,17857.4415,41129.9446,30724.3216,19818.0022,10145.938,60055.3381,28204.3171,8256.1943,63080.0078,11176.4938,28520.148,56304.1387,15095.223,1060.44
2023-05-16,16666.5833,15351.122,11529.4005,8140.0,47752.3172,22574.028,18096.6491,11576.201,26450.0,52200.0,24338.7943,29977.4982,61657.0836,70973.2491,73300.0,57772.09,66117.8933,36816.0385,21856.7355,20818.9547,61491.074,14515.431,12298.0364,19168.9827,16950.0423,14625.4069,19482.1514,17968.3573,41294.7941,30876.6107,20034.5924,10099.397,60055.3381,28376.2946,8017.7483,63653.4624,11344.5614,28845.8267,56979.4507,15285.699,1065.91
2023-05-15,16742.3405,15448.281,11685.2033,8020.0,48032.1159,22526.802,18318.0149,11790.2148,27200.0,51700.0,24628.0499,29660.9937,61037.859,71452.2097,74100.0,57772.09,65974.781,36574.146,21367.7705,20676.3591,60893.4286,14564.1405,12330.7439,19271.8574,16950.0423,14531.6543,19482.1514,17940.6283,41171.157,31714.2006,20106.7891,10099.397,59686.9005,28479.4811,8077.3598,64226.9171,11176.4938,28659.7246,56641.7947,15285.699,1065.71
2023-05-12,16931.7335,15836.917,11996.8087,8250.0,48311.9147,22904.61,18428.6978,11848.5822,25850.0,51200.0,25041.2722,30610.5072,61568.6229,71365.1259,74400.0,57594.0558,66189.4495,36332.2535,21954.5285,20818.9547,61623.8841,14271.8835,12199.9137,19477.6068,17209.1041,14859.7884,19785.9667,18328.8336,40470.5467,31561.9115,20106.7891,10471.725,59318.4628,28479.4811,8405.2231,64226.9171,11260.5276,28985.4033,55797.6547,15999.984,1066.9
2023-05-11,16477.1903,15642.599,11841.006,7760.0,48684.9796,22999.062,18484.0392,11809.6706,25250.0,49150.0,24752.0166,30158.3579,61922.4656,71626.3772,73800.0,57683.0729,65974.781,36525.7675,21807.839,20605.0613,60428.5932,14174.4645,12101.7911,19443.3152,16579.9541,14578.5306,19406.1976,17968.3573,40800.2457,30800.4661,20178.9858,10425.184,58286.8374,28513.8766,8494.6404,63557.8867,11176.4938,28659.7246,56135.3107,15761.889,1057.12
2023-05-10,16439.3117,15496.8605,11802.0553,7260.0,47752.3172,22385.124,18235.0027,11751.3032,25300.0,49350.0,24628.0499,30610.5072,62364.7689,71931.1703,73600.0,57505.0387,66690.3426,36525.7675,21367.7705,20605.0613,61092.6437,14271.8835,12101.7911,19374.7321,16653.9717,14344.1491,19406.1976,18107.002,41542.0683,30533.9602,20215.0842,10425.184,58213.1499,28513.8766,8464.8346,62219.8259,11260.5276,29031.9288,56050.8967,15285.699,1058.26
2023-05-09,16515.0689,15496.8605,11724.1539,7250.0,48218.6484,22385.124,18262.6735,11615.1126,25300.0,49300.0,24380.1165,29841.8534,62541.6903,71887.6284,73600.0,57683.0729,67334.3481,36767.66,21416.667,20391.1679,61291.8588,14271.8835,11970.9609,19203.2743,16468.9276,14109.7675,19368.2207,18134.731,41789.3425,30762.3939,20215.0842,10611.348,58139.4623,28513.8766,8464.8346,62888.8563,11218.5107,28938.8778,56135.3107,15095.223,1053.77
2023-05-08,16363.5545,15156.804,11295.6965,7080.0,48218.6484,22243.446,18235.0027,11654.0242,25450.0,49400.0,24752.0166,30565.2922,62276.3083,72497.2146,74100.0,57683.0729,66618.7865,36574.146,20732.116,20569.4124,61756.6942,14320.593,11938.2534,19134.6912,16505.9364,14203.5201,19368.2207,18162.4599,41624.4931,30077.093,20359.4776,10239.02,57844.7122,28548.2721,8464.8346,62697.7048,11176.4938,28752.7757,56388.5527,15285.699,1053.44
2023-05-05,16249.9188,15108.2245,11295.6965,7080.0,47938.8497,21865.638,18096.6491,11498.3778,25350.0,49000.0,24958.6278,30836.5818,60860.9376,72061.7959,73000.0,57416.0216,65760.1125,36574.146,20096.4615,20533.7635,59631.7327,13979.6265,11840.1308,19100.3996,15876.7864,13828.5097,18950.4748,17691.0678,41212.3694,31143.1165,20467.7727,10192.479,57771.0247,28548.2721,8405.2231,61168.4924,10966.4094,28985.4033,55882.0687,15285.699,1040.31
2023-05-04,16136.283,15059.645,11217.7951,6960.0,47565.7847,22054.542,18151.9906,11634.5684,25650.0,49500.0,25165.2389,30700.937,60684.0163,72540.7565,70600.0,57237.9874,65831.6687,36235.4965,19851.979,20462.4657,58768.467,14150.1098,11905.5459,19374.7321,16098.8393,14062.8912,19292.2669,18023.8152,41789.3425,32285.2846,20359.4776,10378.643,57844.7122,28582.6677,8405.2231,60308.3105,10924.3925,29497.1841,56388.5527,15619.032,1040.61
2023-04-28,16401.4331,15059.645,11334.6472,7000.0,48032.1159,22385.124,18594.7221,12004.2286,26050.0,49500.0,24628.0499,30203.5728,61922.4656,74892.0175,73100.0,56881.9191,66404.118,36235.4965,20487.6335,20890.2525,60096.568,14369.3025,12069.0836,19786.2308,15950.804,13969.1386,18950.4748,17635.6099,43355.4126,31219.2611,20323.3793,9959.774,57107.8369,28617.0632,7868.7195,63557.8867,11008.4263,29357.6075,56135.3107,15238.08,1049.12
2023-04-27,16439.3117,14865.327,11295.6965,7060.0,48125.3822,22337.898,18622.3928,12179.3308,25250.0,47500.0,23760.2831,28304.5458,61480.1623,75762.8549,72300.0,56525.8507,65974.781,36235.4965,20292.0475,20890.2525,59764.5428,14564.1405,12036.376,19443.3152,15654.7334,13641.0045,18608.6826,17108.7599,44426.9342,31219.2611,20395.576,9727.069,57697.3371,28548.2721,7838.9138,63080.0078,10798.3418,28147.9438,54362.6167,15238.08,1039.63
2023-04-26,16666.5833,15253.963,11529.4005,7090.0,47938.8497,21818.412,17985.9663,11945.8612,25950.0,48000.0,23388.383,28123.6861,62807.0723,74456.5988,71400.0,56525.8507,66833.455,35703.333,20243.151,20712.008,59366.1125,14612.85,12003.6685,19477.6068,15802.7687,13734.7571,18912.4979,17247.4047,43685.1115,31828.4174,20431.6744,9680.528,57697.3371,28479.4811,7898.5253,63462.3109,10756.3249,28147.9438,54109.3747,14904.747,1040.8
2023-04-25,15946.89,14525.2705,10984.0911,6860.0,48032.1159,22054.542,18318.0149,12062.596,26250.0,50200.0,23429.7052,28123.6861,61834.0049,74456.5988,71300.0,56080.7653,65831.6687,35219.548,20047.565,20676.3591,58635.6569,14125.755,11938.2534,19546.1899,15617.7246,13687.8808,18684.6365,16637.3678,43520.262,31599.9838,20467.7727,9540.905,57771.0247,28410.6901,7749.4965,62315.4017,10756.3249,28101.4183,54869.1007,14333.319,1034.85
2023-04-24,15643.8612,14185.214,10789.3377,6760.0,47845.5834,22054.542,18345.6856,11965.317,26300.0,50500.0,23347.0607,28485.4055,62364.7689,74500.1406,73300.0,56080.7653,66618.7865,35558.1975,19949.772,20783.3058,58370.0368,14369.3025,11938.2534,19820.5224,15913.7952,14016.0149,19254.29,17275.1336,43190.5631,29544.0812,20215.0842,8945.1802,58286.8374,28548.2721,7987.9425,59734.8559,10924.3925,28101.4183,55291.1707,14619.033,1041.36
2023-04-21,15681.7398,14525.2705,11023.0417,6820.0,48498.4471,22479.576,18650.0635,11984.7728,26350.0,50300.0,23471.0274,27581.1069,62718.6116,74238.8894,76400.0,56080.7653,68264.5782,35558.1975,19851.979,20890.2525,58104.4166,13979.6265,11807.4232,19614.773,16024.8217,14109.7675,19444.1745,17524.6941,43602.6868,28820.7081,20720.4613,9215.118,58434.2125,28651.4587,8077.3598,60499.4621,10756.3249,27543.112,56304.1387,13999.986,1042.91
2023-04-20,15757.497,14865.327,11412.5485,6990.0,49990.7071,23046.288,18871.4292,12043.1402,26300.0,50700.0,23512.3497,27219.3875,63603.2182,74238.8894,78000.0,55635.6799,68693.9152,35267.9265,20047.565,20890.2525,58635.6569,14052.6908,11872.8383,19717.6477,15617.7246,13922.2623,19254.29,17358.3205,43602.6868,28744.5636,20864.8547,9215.118,58507.9,28651.4587,8017.7483,60881.7651,11050.4432,27310.4843,57063.8647,14095.224,1049.25
2023-04-19,15757.497,14865.327,11412.5485,7000.0,50363.772,22999.062,18982.1121,11945.8612,26300.0,50400.0,23512.3497,26812.4531,63691.6789,74195.3475,78700.0,55279.6115,68407.6905,35219.548,20145.358,20319.8701,58768.467,14125.755,11840.1308,19683.3561,15765.7599,13969.1386,19444.1745,17441.5073,43437.8373,29315.6476,20251.1825,9149.9606,58434.2125,28754.6452,7749.4965,61264.0682,11092.4601,27357.0098,57063.8647,14095.224,1048.98
2023-04-18,15871.1328,15253.963,11607.3019,6950.0,50363.772,23093.514,18982.1121,11770.759,26400.0,50800.0,23966.8942,27445.4621,64576.2856,72192.4215,78200.0,55279.6115,69266.3645,35606.576,20145.358,20284.2212,58436.4418,14198.8193,11872.8383,19957.6886,16098.8393,14250.3964,20013.8281,17857.4415,43685.1115,28858.7804,20395.576,9215.118,58507.9,28754.6452,7689.885,61837.5228,11344.5614,27263.9588,57401.5207,14333.319,1055.02
2023-04-17,15795.3756,15156.804,11529.4005,6920.0,49710.9083,22951.836,18926.7707,11906.9496,26450.0,50300.0,24132.1831,27445.4621,63426.2969,71408.6678,78100.0,55279.6115,69552.5891,34929.277,19900.8755,19856.4345,58702.062,14344.9478,11938.2534,20026.2718,15802.7687,13969.1386,19406.1976,17275.1336,44509.3589,28249.6241,20215.0842,9215.118,58655.2751,28789.0407,7511.0505,61550.7955,11218.5107,26938.2801,57232.6927,14285.7,1053.81
2023-04-14,15643.8612,14913.9065,11412.5485,6900.0,50643.5708,23235.192,18982.1121,12043.1402,26450.0,50000.0,23636.3164,26767.2382,64399.3642,72714.9239,78100.0,55190.5944,70196.5946,35316.305,20047.565,19892.0834,58702.062,14077.0455,11970.9609,19957.6886,15691.7422,13922.2623,19178.3362,17081.031,44344.5094,29163.3585,20395.576,9103.4196,58655.2751,28789.0407,7779.3023,61168.4924,11008.4263,26984.8056,57401.5207,14285.7,1052.89
2023-04-13,15492.3468,14671.009,11373.5978,7030.0,50923.3695,23801.904,19452.5143,12140.4192,26500.0,50500.0,24586.7277,28756.6951,65018.5889,73803.4707,79200.0,54745.509,71556.1616,35993.604,20536.53,20177.2746,58569.2519,14710.269,12134.4987,20163.438,16098.8393,14250.3964,19520.1283,17580.152,44921.4826,28934.9249,20251.1825,9727.069,58655.2751,28789.0407,7987.9425,62506.5532,11302.5445,27868.7906,58245.6607,14619.033,1064.3
2023-04-12,15719.6184,15108.2245,11451.4992,7130.0,49431.1096,23329.644,19231.1486,11362.1872,26550.0,51600.0,24669.3721,28937.5548,65726.2742,74456.5988,79500.0,54567.4748,71413.0493,35800.09,20683.2195,20141.6257,58635.6569,14953.8165,12232.6213,20232.0211,16283.8835,14625.4069,19216.3131,18051.5441,43685.1115,30305.5266,20431.6744,10052.856,59171.0878,28548.2721,8136.9713,62315.4017,11470.6121,27822.2651,58920.9728,14857.128,1069.45
2023-04-11,15757.497,15351.122,11607.3019,7070.0,49244.5771,23187.966,19203.4778,11323.2756,26800.0,51500.0,23553.6719,27083.7427,65814.7349,76198.2736,77900.0,54567.4748,71484.6055,35751.7115,20683.2195,20533.7635,58569.2519,14807.688,12265.3288,20300.6042,16727.9894,14906.6647,19672.0359,18356.5625,43685.1115,29467.9367,20503.8711,9587.446,59171.0878,28720.2497,8196.5828,63462.3109,11260.5276,27729.2141,58076.8327,14238.081,1069.46
2023-04-10,15681.7398,15156.804,11256.7458,6970.0,49151.3109,22999.062,19175.8071,11148.1734,26900.0,49800.0,23429.7052,26857.668,65814.7349,76894.9435,77200.0,54478.4577,71198.3808,36090.361,20340.944,20391.1679,59100.4923,14710.269,12167.2062,20129.1464,16579.9541,14906.6647,19444.1745,17774.2546,42860.8641,28668.419,20576.0678,9308.2,59171.0878,28617.0632,8226.3886,60786.1894,11218.5107,27217.4333,59089.8008,13904.748,1065.35
2023-04-07,16060.5258,15739.758,11529.4005,7130.0,49058.0446,23471.322,19867.5751,11167.6292,27200.0,50700.0,23181.7718,26495.9486,66080.1169,77069.111,77600.0,53944.3552,72414.8356,36477.389,20340.944,19749.4878,59764.5428,14393.6573,12167.2062,20232.0211,16653.9717,14812.9121,19899.8974,18273.3757,43272.9878,28516.1299,20864.8547,9494.364,59318.4628,28617.0632,8196.5828,61168.4924,10966.4094,27124.3822,58583.3168,13857.129,1069.71
2023-04-06,16287.7973,15934.076,11802.0553,7350.0,49524.3758,23518.548,20476.3308,11284.364,27250.0,51200.0,23553.6719,26405.5187,65726.2742,77025.5691,77000.0,53855.3381,72629.5041,36138.7395,20536.53,19749.4878,60561.4033,14418.012,12101.7911,20266.3127,16172.857,14672.2832,19558.1052,17746.5257,42860.8641,28287.6963,21225.8384,9122.036,59171.0878,28513.8766,8196.5828,62697.7048,11050.4432,27450.0609,58498.9028,13904.748,1070.91
2023-04-05,16287.7973,16225.553,12035.7594,7400.0,50550.3045,23471.322,19424.8436,11381.643,27750.0,52200.0,23966.8942,26767.2382,65903.1955,76851.4016,78400.0,53766.321,72915.7287,36816.0385,20927.702,19678.19,61159.0487,14369.3025,12298.0364,20574.9367,16653.9717,15187.9225,20317.6433,18356.5625,43849.961,28516.1299,21117.5433,9633.987,59392.1504,28823.4362,8196.5828,61359.644,11302.5445,28380.5714,59174.2148,14238.081,1080.86
2023-04-04,15984.7686,15982.6555,11918.9073,7410.0,49804.1746,23235.192,19231.1486,11109.2618,28400.0,51000.0,24090.8609,26089.0142,65637.8135,77504.5297,78400.0,54211.4065,72915.7287,36719.2815,20634.323,19606.8922,61092.6437,14369.3025,12265.3288,20334.8958,16653.9717,15187.9225,20279.6664,18467.4783,44014.8105,28211.5518,21298.0351,9447.823,59318.4628,27894.7575,8256.1943,59639.2801,11344.5614,27822.2651,58920.9728,13999.986,1078.45
2023-04-03,15909.0114,15739.758,11802.0553,7180.0,48498.4471,22715.706,18954.4414,10895.248,29000.0,52600.0,24214.8276,25908.1545,65814.7349,78810.7858,76800.0,54211.4065,73345.0657,36283.875,20683.2195,19678.19,61623.8841,14271.8835,12232.6213,20540.6452,16283.8835,14906.6647,19823.9436,18107.002,43190.5631,26384.0828,21081.4449,8842.79,59613.213,27929.153,8286.0001,59734.8559,11092.4601,27124.3822,57485.9347,13952.367,1079.28
2023-03-31,15757.497,15642.599,11996.8087,7080.0,47845.5834,22621.254,18428.6978,10661.7784,27500.0,51500.0,22809.8717,24235.2021,65814.7349,80421.835,77800.0,54211.4065,72987.2849,36235.4965,19851.979,19535.5944,60694.2134,13809.1433,11938.2534,20026.2718,15913.7952,14531.6543,19368.2207,17801.9836,42448.7404,26041.4324,21298.0351,8647.3178,58286.8374,27447.6159,8136.9713,58301.2194,11092.4601,26798.7035,57063.8647,13380.939,1064.64
